marker	lg	cM	cml_chr	cml_pos	b73v5_chr	b73v5_pos	cml_allele	maf	p121
4768631|F|0-19:G>T-19:G>T	1	0	1	4719243	1	2515486	alt	0.497311827956989	0.952764903464587
4776291|F|0-27:G>A-27:G>A	1	0.2517	1	5095417	1	2869382	alt	0.497311827956989	0.837428531171625
16727327|F|0-53:A>G-53:A>G	1	1.524	1	5337537	1	3100439	alt	0.491935483870968	0.952764903464587
4767674|F|0-54:C>T-54:C>T	1	3.7785	1	6157405	1	3836481	alt	0.486559139784946	0.874232778221061
4588536|F|0-9:A>C-9:A>C	1	6.1149	1	6510670	1	4207578	alt	0.469945355191257	0.0181661243029268
5585233|F|0-63:G>C-63:G>C	1	12.3089	1	7788614	1	5486081	ref	0.489247311827957	0.832938308547367
2428289|F|0-59:C>T-59:C>T	1	13.8397	1	8261084	1	5840477	ref	0.478378378378378	0.510189541161003
4584330|F|0-17:T>C-17:T>C	1	15.808	1	8480971	1	6040167	ref	0.478494623655914	0.418546308380413
4584830|F|0-35:A>G-35:A>G	1	20.1389	1	10111140	1	7711977	alt	0.478494623655914	0.418546308380413
16727321|F|0-16:A>G-16:A>G	1	21.0116	1	11778414	1	8489079	alt	0.486559139784946	0.593626244102037
4589206|F|0-21:C>A-21:C>A	1	21.9053	1	12354383	1	9045581	alt	0.483695652173913	0.0242972694236218
4779655|F|0-63:C>A-63:C>A	1	22.8015	1	12471497	1	9198293	ref	0.486559139784946	0.298293487617287
7047646|F|0-49:G>T-49:G>T	1	23.1053	1	12894852	1	9514197	alt	0.489071038251366	0.0467546515381576
4773036|F|0-63:A>G-63:A>G	1	23.1053	1	12911270	1	9536986	ref	0.470430107526882	0.262183752030587
2381728|F|0-52:A>G-52:A>G	1	23.5334	1	12965775	1	9666573	alt	0.483695652173913	0.0242972694236218
9695102|F|0-11:A>C-11:A>C	1	27.2799	1	14657885	1	11386201	alt	0.497282608695652	0.0429920901403125
2452582|F|0-7:C>G-7:C>G	1	31.6069	1	15564556	1	12263970	ref	0.494594594594595	0.234253515301872
7048603|F|0-42:A>C-42:A>C	1	38.8307	1	18717108	1	15016084	ref	0.497311827956989	0.339376502417677
4776131|F|0-32:C>T-32:C>T	1	40.6348	1	19037604	1	15402098	alt	0.472972972972973	0.0212509994590359
4779338|F|0-21:T>C-21:T>C	1	40.6348	1	19106275	1	15470733	ref	0.483783783783784	0.3102830696429
7059923|F|0-35:A>C-35:A>C	1	43.7356	1	22470813	1	18826199	alt	0.462365591397849	0.20584225390236
7059259|F|0-55:T>A-55:T>A	1	44.0871	1	22639671	1	19048495	alt	0.480978260869565	0.0664067532739058
2385584|F|0-38:C>T-38:C>T	1	46.079	1	23395966	1	19685555	alt	0.481182795698925	0.38611775038491
2605404|F|0-35:C>A-35:C>A	1	46.3645	1	25493943	1	21833878	ref	0.486486486486487	0.701837029193334
2595801|F|0-36:C>T-36:C>T	1	48.6225	1	25554016	1	21905942	ref	0.489189189189189	0.127868005167133
4776894|F|0-9:G>A-9:G>A	1	48.6225	1	26383242	1	22776168	alt	0.478494623655914	0.296694062571553
4582891|F|0-52:T>C-52:T>C	1	48.9442	1	26385040	1	22778092	ref	0.486559139784946	0.0557377973511586
2588000|F|0-44:G>A-44:G>A	1	48.9442	1	26526979	1	22817480	alt	0.462162162162162	0.0483286981714339
2441296|F|0-44:G>A-44:G>A	1	49.5037	1	27099222	1	23311601	ref	0.467741935483871	0.0749152466224337
4774130|F|0-50:G>A-50:G>A	1	51.1821	1	29673766	1	25899264	alt	0.478494623655914	0.192981434245681
4585128|F|0-47:G>T-47:G>T	1	51.1821	1	30206471	1	26375315	ref	0.481182795698925	0.38611775038491
4576703|F|0-46:A>C-46:A>C	1	51.7855	1	30287658	1	26535050	alt	0.456521739130435	0.124064148350173
4577292|F|0-22:A>G-22:A>G	1	52.9589	1	31385025	1	27590198	alt	0.470430107526882	0.262183752030587
2576717|F|0-25:A>G-25:A>G	1	57.4945	1	36469211	1	32551595	ref	0.462365591397849	0.20584225390236
2402770|F|0-23:A>G-23:A>G	1	58.6986	1	37836188	1	34134978	alt	0.467032967032967	0.0382452364493742
4768748|F|0-5:C>T-5:C>T	1	58.6986	1	38586314	1	34883570	ref	0.470430107526882	0.43929652200499
2536008|F|0-49:C>T-49:C>T	1	64.592	1	42194052	1	39176671	alt	0.491935483870968	0.325089121586258
4776302|F|0-40:T>C-40:T>C	1	66.3541	1	42673152	1	39677555	alt	0.483783783783784	0.197044768592305
2541593|F|0-52:A>G-52:A>G	1	69.3478	1	46792554	1	43538195	ref	0.486559139784946	0.837428531171625
2580172|F|0-63:C>T-63:C>T	1	69.8773	1	47186147	1	43997930	ref	0.491935483870968	0.952764903464587
9718145|F|0-9:T>A-9:T>A	1	69.8773	1	47654627	1	44545215	alt	0.494623655913979	0.968256677143911
7061327|F|0-15:G>C-15:G>C	1	69.8773	1	48247340	1	45133515	alt	0.483870967741936	0.748022231161506
2396879|F|0-20:G>T-20:G>T	1	70.1496	1	48791811	1	45592675	alt	0.491935483870968	0.952764903464587
4774751|F|0-66:C>G-66:C>G	1	70.4223	1	48950710	1	45776522	ref	0.494565217391304	0.329989101054725
4773083|F|0-27:G>A-27:G>A	1	70.4223	1	49205580	1	45962389	ref	0.497311827956989	0.994638082586014
4580629|F|0-8:G>A-8:G>A	1	72.6824	1	52568146	1	49170435	alt	0.481182795698925	0.646951550257369
4772007|F|0-48:T>C-48:T>C	1	73.2481	1	55145260	1	51627910	ref	0.489247311827957	0.907760961273883
4576860|F|0-68:A>G-68:A>G	1	74.9389	1	56635471	1	53044058	ref	0.489130434782609	0.457211727974754
4769352|F|0-6:T>C-6:T>C	1	75.3221	1	57247969	1	53726972	ref	0.491935483870968	0.802173702806343
4584043|F|0-6:T>G-6:T>G	1	78.2196	1	60964376	1	57418655	alt	0.491891891891892	0.890282708927171
9687408|F|0-35:C>T-35:C>T	1	79.2182	1	63932161	1	60405299	ref	0.494623655913979	0.266446809301152
4578598|F|0-55:T>C-55:T>C	1	81.0191	1	71027794	1	67356078	alt	0.494623655913979	0.577881125449419
2567649|F|0-53:T>C-53:T>C	1	81.866	1	74934092	1	71095728	ref	0.491891891891892	0.603260960592009
4578234|F|0-15:C>T-15:C>T	1	83.998	1	77475833	1	73994912	alt	0.486486486486487	0.0460338456345505
4589049|F|0-9:T>C-9:T>C	1	84.6801	1	81240880	1	77608325	alt	0.481182795698925	0.163355257332149
4766175|F|0-43:C>A-43:C>A	1	85.246	1	83797058	1	80520997	ref	0.473118279569893	0.094908813173276
4583453|F|0-40:A>T-40:A>T	1	87.0131	1	91381947	1	87635090	alt	0.470430107526882	0.262183752030587
4585333|F|0-37:A>G-37:A>G	1	88.1429	1	93805855	1	90035826	ref	0.478260869565217	0.593487497756028
9693845|F|0-60:A>G-60:A>G	1	88.1429	1	93951472	1	90099107	alt	0.475806451612903	0.43929652200499
2417226|F|0-35:G>A-35:G>A	1	89.2518	1	98423750	1	94618007	ref	0.478494623655914	0.418546308380413
4778154|F|0-59:A>G-59:A>G	1	90.3551	1	104297436	1	100275005	alt	0.451351351351351	0.0415407219487549
4593873|F|0-30:G>A-30:G>A	1	90.3551	1	104905562	1	101310765	ref	0.464673913043478	0.165478658609774
2576635|F|0-41:G>A-41:G>A	1	90.3551	1	105647890	1	102372594	ref	0.467741935483871	0.272238905589854
4578577|F|0-46:C>T-46:C>T	1	90.5309	1	108473671	1	105054824	alt	0.461748633879781	0.0344291235134017
4589270|F|0-33:G>A-33:G>A	1	90.5309	1	112247554	1	108553691	alt	0.470430107526882	0.354291801064451
7060634|F|0-30:T>A-30:T>A	1	91.155	1	115466323	1	112107706	alt	0.462365591397849	0.20584225390236
2404574|F|0-58:A>T-58:A>T	1	91.155	1	153824283	1	151498300	ref	0.473118279569893	0.094908813173276
9708466|F|0-39:C>T-39:C>T	1	91.2213	1	155450607	1	153057981	alt	0.483516483516484	0.0342651535184394
2598217|F|0-65:T>C-65:T>C	1	91.2213	1	155687214	1	153302084	ref	0.467741935483871	0.272238905589854
4578423|F|0-21:A>G-21:A>G	1	92.3936	1	166010086	1	164295878	alt	0.462365591397849	0.094908813173276
4581181|F|0-23:A>G-23:A>G	1	92.9598	1	166789275	1	165031290	alt	0.460893854748603	0.0583799877782148
2599524|F|0-19:C>A-19:C>A	1	93.1599	1	166964312	1	165220560	alt	0.478494623655914	0.0630743644746373
2472134|F|0-62:A>G-62:A>G	1	93.4423	1	168345674	1	166415640	alt	0.475806451612903	0.325089121586258
2436871|F|0-62:G>A-62:G>A	1	95.6597	1	176274982	1	173777468	ref	0.451351351351351	0.0241947013657461
4590765|F|0-28:C>G-28:C>G	1	97.6342	1	180637344	1	178107411	alt	0.459677419354839	0.202548848665534
4583398|F|0-16:G>A-16:G>A	1	99.0636	1	182107903	1	179729019	ref	0.478260869565217	0.0208674402532628
4586060|F|0-31:A>G-31:A>G	1	101.1893	1	183129392	1	180863145	alt	0.481081081081081	0.0790371062171528
7051404|F|0-46:C>A-46:C>A	1	101.9639	1	184763786	1	182404945	alt	0.478494623655914	0.0630743644746373
100002318|F|0-62:C>G-62:C>G	1	103.1844	1	185214551	1	182821838	alt	0.483695652173913	0.277312930996881
7049163|F|0-29:C>G-29:C>G	1	105.122	1	186603047	1	184438029	alt	0.470430107526882	0.110922365621807
4581998|F|0-54:A>G-54:A>G	1	106.7853	1	188396335	1	185943419	ref	0.483870967741936	0.224333015249428
4771091|F|0-12:C>T-12:C>T	1	106.7853	1	188636355	1	186161666	alt	0.489247311827957	0.249799477193405
9711731|F|0-19:T>C-19:T>C	1	107.7054	1	190841559	1	187918943	ref	0.5	0.162479359933193
2409670|F|0-52:C>T-52:C>T	1	109.2909	1	193732863	1	191862039	ref	0.486559139784946	0.0557377973511586
2522419|F|0-19:C>T-19:C>T	1	110.961	1	195122008	1	193149695	ref	0.491891891891892	0.0981143521761903
4771573|F|0-20:T>C-20:T>C	1	115.2458	1	198819509	1	196895289	ref	0.483870967741936	0.344894698930182
4593833|F|0-5:T>C-5:T>C	1	119.3305	1	200780600	1	199466693	alt	0.5	0.544379803187306
4590536|F|0-20:C>G-20:C>G	1	121.2074	1	201996603	1	200525524	ref	0.5	0.418546308380413
2532917|F|0-54:A>G-54:A>G	1	122.0781	1	202756462	1	201434403	alt	0.491935483870968	0.478758425452881
2463399|F|0-20:C>T-20:C>T	1	122.4704	1	203447666	1	201945966	alt	0.491666666666667	0.0383457679297449
2523279|F|0-37:A>T-37:A>T	1	124.3239	1	205451096	1	203757125	ref	0.497311827956989	0.499799436967876
2484692|F|0-20:G>A-20:G>A	1	128.2658	1	206536236	1	204870846	ref	0.486559139784946	0.736054132840265
2447783|F|0-59:C>T-59:C>T	1	131.9648	1	208195411	1	206316627	alt	0.478378378378378	0.705641014644214
7060886|F|0-49:A>T-49:A>T	1	138.1826	1	208542500	1	206549079	alt	0.488439306358382	0.110867224945321
4583163|F|0-60:T>A-60:T>A	1	144.7545	1	211526144	1	209513016	ref	0.47554347826087	0.63693545407818
2378278|F|0-27:T>C-27:T>C	1	145.5922	1	211628901	1	209758710	ref	0.481182795698925	0.521765182423908
4583474|F|0-58:G>C-58:G>C	1	146.7212	1	213463309	1	211756958	ref	0.478494623655914	0.701286544820265
2377062|F|0-25:C>G-25:C>G	1	147.7301	1	214962365	1	213004398	alt	0.470108695652174	0.0825323272126156
4581682|F|0-24:G>A-24:G>A	1	148.0906	1	216484708	1	214615579	ref	0.481081081081081	0.183673676237225
4587991|F|0-20:G>A-20:G>A	1	149.5562	1	218025207	1	216090303	ref	0.477401129943503	0.0888412726557658
9712279|F|0-8:T>C-8:T>C	1	150.7292	1	218519928	1	216351087	ref	0.489247311827957	0.832938308547367
7059407|F|0-59:T>C-59:T>C	1	150.7292	1	219459017	1	217340249	alt	0.491891891891892	0.890282708927171
7059300|F|0-55:C>T-55:C>T	1	150.7292	1	219902619	1	217813904	ref	0.489010989010989	0.829598701887429
4768930|F|0-5:C>G-5:C>G	1	150.7292	1	220041115	1	217941983	alt	0.486559139784946	0.736054132840265
9709070|F|0-11:T>C-11:T>C	1	150.7292	1	221934051	1	219729814	alt	0.486559139784946	0.593626244102037
4775090|F|0-50:G>T-50:G>T	1	152.6876	1	226457264	1	223716427	ref	0.489189189189189	0.736824601157433
9689055|F|0-51:G>A-51:G>A	1	152.9608	1	226960325	1	224266587	ref	0.46505376344086	0.137535808855372
16726934|F|0-44:T>A-44:T>A	1	152.9608	1	227043027	1	224373027	ref	0.464864864864865	0.374905576363752
4582259|F|0-25:T>G-25:T>G	1	152.9608	1	227220973	1	224507937	alt	0.5	0.907760961273883
9715231|F|0-56:C>T-56:C>T	1	152.9608	1	227711913	1	224974330	ref	0.483695652173913	0.787312182781628
2631184|F|0-9:A>T-9:A>T	1	152.9608	1	227758579	1	224998154	ref	0.478494623655914	0.643482649474039
4575780|F|0-28:C>T-28:C>T	1	152.9608	1	229202824	1	226240930	ref	0.481182795698925	0.38611775038491
2575631|F|0-31:C>G-31:C>G	1	153.2307	1	229365274	1	226507457	ref	0.472826086956522	0.556016937681773
9698727|F|0-42:G>A-42:G>A	1	153.2307	1	229492307	1	226687126	alt	0.491935483870968	0.802173702806343
4578757|F|0-58:G>A-58:G>A	1	153.2307	1	230802424	1	227442920	alt	0.5	0.907760961273883
4584651|F|0-47:A>T-47:A>T	1	153.2307	1	230966007	1	227684943	ref	0.491935483870968	0.646951550257369
4591941|F|0-8:G>A-8:G>A	1	153.2307	1	231003071	1	227818732	ref	0.478494623655914	0.643482649474039
9709079|F|0-6:T>G-6:T>G	1	153.5007	1	231609570	1	228339969	ref	0.489247311827957	0.907760961273883
2395961|F|0-59:A>G-59:A>G	1	153.5007	1	232390614	1	229280790	ref	0.494594594594595	0.914672511053449
2407075|F|0-38:G>A-38:G>A	1	153.5007	1	233746307	1	230459533	alt	0.486559139784946	0.593626244102037
2621039|F|0-17:G>C-17:G>C	1	153.5007	1	234484933	1	231194978	alt	0.478142076502732	0.211264408586712
4584396|F|0-52:C>T-52:C>T	1	153.5007	1	235071978	1	231721315	ref	0.483870967741936	0.629792051292316
2418802|F|0-7:C>T-7:C>T	1	153.5007	1	235074521	1	231723848	alt	0.485207100591716	0.0150222198282584
9713876|F|0-63:C>G-63:C>G	1	153.5007	1	235143309	1	231757529	ref	0.437837837837838	0.0173988467907562
4591851|F|0-48:A>G-48:A>G	1	153.5007	1	236783133	1	233326452	alt	0.483870967741936	0.629792051292316
7061565|F|0-23:A>G-23:A>G	1	153.5007	1	238555648	1	235012692	alt	0.480874316939891	0.285332999736851
4771938|F|0-7:C>A-7:C>A	1	153.5007	1	239717987	1	236193248	alt	0.486486486486487	0.701837029193334
4778085|F|0-15:T>C-15:T>C	1	153.5007	1	240434398	1	236928869	ref	0.486559139784946	0.593626244102037
4773320|F|0-63:C>G-63:C>G	1	153.5007	1	241644720	1	238007352	ref	0.481182795698925	0.736054132840265
2441981|F|0-19:C>T-19:C>T	1	153.5007	1	242185935	1	238611055	ref	0.486559139784946	0.736054132840265
2485755|F|0-54:G>C-54:G>C	1	153.5007	1	249635744	1	245697664	alt	0.483870967741936	0.486542945167257
4773217|F|0-52:A>G-52:A>G	1	153.5007	1	251375443	1	247463076	alt	0.486486486486487	0.765238623563582
4589239|F|0-8:C>G-8:C>G	1	153.7517	1	258623211	1	254845320	ref	0.489247311827957	0.541775686471234
4583778|F|0-12:G>A-12:G>A	1	160.3852	1	259160254	1	255372351	ref	0.491712707182321	0.0932073985557817
4583756|F|0-11:A>C-11:A>C	1	170.6112	1	259972963	1	256217255	ref	0.446927374301676	0.0485510399249655
2582998|F|0-50:A>G-50:A>G	1	180.8857	1	262885436	1	259130315	alt	0.484848484848485	0.357981944835825
2419963|F|0-15:A>G-15:A>G	1	194.6061	1	278020566	1	274549133	ref	0.475806451612903	0.0786293096544757
2376882|F|0-46:C>T-46:C>T	1	194.6061	1	278029258	1	274557804	ref	0.494594594594595	0.448116201118646
4775647|F|0-36:T>C-36:T>C	1	194.6061	1	278092494	1	274691575	ref	0.475274725274725	0.613232588137251
2615096|F|0-31:A>C-31:A>C	1	195.4724	1	278774249	1	275452980	alt	0.475806451612903	0.137535808855372
2461858|F|0-18:C>G-18:C>G	1	196.9793	1	282467035	1	278825124	ref	0.481182795698925	0.163355257332149
2541820|F|0-23:A>G-23:A>G	1	201.2954	1	285080735	1	281616426	ref	0.489130434782609	0.619860473156371
4584887|F|0-7:G>C-7:G>C	1	210.3485	1	286070114	1	282541249	ref	0.459537572254335	0.0391684229786397
4585467|F|0-14:G>C-14:G>C	1	218.2215	1	287568374	1	284114145	ref	0.478494623655914	0.192981434245681
4590322|F|0-15:G>C-15:G>C	1	219.1275	1	287776249	1	284316147	alt	0.497297297297297	0.717177125140792
4771461|F|0-5:G>A-5:G>A	1	219.438	1	288678768	1	285340053	alt	0.489247311827957	0.0816448656403503
4581362|F|0-28:T>C-28:T>C	1	219.438	1	289704286	1	286294504	alt	0.473118279569893	0.344894698930182
4771177|F|0-6:A>G-6:A>G	1	221.0123	1	290264044	1	286555550	alt	0.480769230769231	0.378126125932978
100002726|F|0-18:G>C-18:G>C	1	221.9649	1	290573120	1	286892679	alt	0.481182795698925	0.163355257332149
2376383|F|0-6:G>A-6:G>A	1	224.6031	1	292284628	1	288430923	alt	0.483695652173913	0.556016937681773
4765731|F|0-13:G>A-13:G>A	1	224.9683	1	292306664	1	288444665	alt	0.472826086956522	0.289635965829174
2531740|F|0-22:T>G-22:T>G	1	225.8331	1	293759780	1	289970409	ref	0.483870967741936	0.0733213659792947
4582153|F|0-28:T>C-28:T>C	1	226.5784	1	293776991	1	289982970	ref	0.454054054054054	0.0636692188311409
2590989|F|0-43:A>T-43:A>T	1	228.138	1	294080705	1	290351386	ref	0.475675675675676	0.243286987612719
4582284|F|0-49:A>G-49:A>G	1	234.9712	1	296074784	1	292569137	alt	0.475	0.259240260645892
4593596|F|0-10:G>A-10:G>A	1	237.7689	1	296788048	1	293272462	alt	0.46505376344086	0.202548848665534
2508654|F|0-66:T>A-66:T>A	1	243.0661	1	298485032	1	295345205	ref	0.480769230769231	0.0886484329819298
2401131|F|0-26:C>G-26:C>G	1	247.2242	1	299544663	1	296337042	alt	0.451612903225806	0.159022484085046
7061615|F|0-29:C>T-29:C>T	1	248.7609	1	301255348	1	297606040	alt	0.451612903225806	0.103434449581013
2604051|F|0-41:T>C-41:T>C	1	249.5838	1	301490722	1	297956337	ref	0.443548387096774	0.0894586747810248
4770804|F|0-48:C>T-48:C>T	1	249.9992	1	301550102	1	298114604	alt	0.448648648648649	0.11414676226519
2482592|F|0-42:C>A-42:C>A	1	256.3094	1	304040305	1	300180766	alt	0.432795698924731	0.0332657877024605
2393962|F|0-58:A>G-58:A>G	1	258.1228	1	305306659	1	301080553	ref	0.440860215053763	0.0733213659792948
2379410|F|0-57:A>G-57:A>G	1	260.028	1	306564719	1	302449854	ref	0.435483870967742	0.0410260360957335
2473141|F|0-12:C>T-12:C>T	1	267.8826	1	309688219	1	305368648	ref	0.43010752688172	0.0155874321227476
2403420|F|0-14:T>C-14:T>C	2	0	2	390867	2	104961	alt	0.494594594594595	0.234253515301872
4589626|F|0-34:C>G-34:C>G	2	4.7074	2	669379	2	831889	ref	0.486559139784946	0.837428531171625
4771281|F|0-24:G>C-24:G>C	2	5.2684	2	1269373	2	1526515	alt	0.5	0.590443269206387
2409901|F|0-60:T>C-60:T>C	2	5.5517	2	1274971	2	1532209	ref	0.497311827956989	0.994638082586014
2403720|F|0-9:G>T-9:G>T	2	5.5517	2	1308843	2	1586965	ref	0.497311827956989	0.837428531171625
2605825|F|0-19:G>A-19:G>A	2	6.2268	2	1391493	2	1690825	alt	0.5	0.239373609071917
2562737|F|0-31:T>C-31:T>C	2	7.0885	2	1574974	2	1818523	ref	0.489247311827957	0.249799477193405
4582469|F|0-42:C>G-42:C>G	2	8.101	2	1833142	2	1987025	alt	0.5	0.997300946310108
4575816|F|0-48:G>A-48:G>A	2	8.6675	2	2084745	2	2240111	ref	0.489247311827957	0.907760961273883
4591179|F|0-19:T>C-19:T>C	2	9.347	2	2507672	2	2628229	alt	0.486559139784946	0.185853658179936
2513589|F|0-60:T>C-60:T>C	2	9.7261	2	2648627	2	2772987	alt	0.486559139784946	0.874232778221061
7049594|F|0-42:C>T-42:C>T	2	14.3482	2	3364113	2	3376736	ref	0.473118279569893	0.446439398775816
2445440|F|0-49:T>A-49:T>A	2	16.8893	2	3641731	2	3680669	ref	0.494505494505495	0.258813293527588
100008949|F|0-22:A>G-22:A>G	2	18.837	2	3840946	2	3836866	ref	0.483870967741936	0.748022231161506
4583942|F|0-11:A>T-11:A>T	2	22.4399	2	4502672	2	4583005	ref	0.483870967741936	0.815216892590299
4586930|F|0-21:T>C-21:T>C	2	23.1593	2	5051640	2	5073003	alt	0.478494623655914	0.643482649474039
2537547|F|0-9:T>A-9:T>A	2	23.788	2	5094197	2	5121343	alt	0.491847826086957	0.86351921391826
2592933|F|0-33:C>T-33:C>T	2	24.5697	2	5298475	2	5328911	alt	0.467567567567568	0.331076634774154
4578928|F|0-20:T>G-20:T>G	2	24.8636	2	5353155	2	5456386	ref	0.473118279569893	0.577881125449419
2486378|F|0-14:A>T-14:A>T	2	26.9995	2	6117487	2	6050249	ref	0.470430107526882	0.43929652200499
4774029|F|0-8:G>T-8:G>T	2	29.1169	2	6927916	2	6686772	alt	0.467741935483871	0.418546308380413
2452223|F|0-34:G>A-34:G>A	2	30.2076	2	7209354	2	7004740	alt	0.456989247311828	0.249799477193405
2564417|F|0-45:C>G-45:C>G	2	30.2076	2	7226978	2	7038646	alt	0.470108695652174	0.469806306707357
2517745|F|0-63:C>T-63:C>T	2	32.3543	2	7557193	2	7353587	alt	0.46448087431694	0.387481399863135
4766380|F|0-7:A>G-7:A>G	2	38.7465	2	9281628	2	9395277	ref	0.442934782608696	0.0825323272126156
2405447|F|0-38:G>T-38:G>T	2	46.985	2	10556147	2	10925931	alt	0.478494623655914	0.296694062571553
4577860|F|0-19:C>A-19:C>A	2	58.5815	2	11810699	2	12055794	alt	0.494350282485876	0.0307135655480452
4771377|F|0-65:A>G-65:A>G	2	68.023	2	12067487	2	12217815	alt	0.459677419354839	0.0634143871815634
16727492|F|0-5:G>C-5:G>C	2	70.0387	2	12669059	2	12844848	ref	0.472677595628415	0.416008668861812
4770697|F|0-29:C>A-29:C>A	2	71.3326	2	12870424	2	13149340	ref	0.467567567567568	0.457910705020315
4773994|F|0-22:C>G-22:C>G	2	72.6937	2	13368850	2	13638586	ref	0.478142076502732	0.658340643131853
4584468|F|0-8:C>T-8:C>T	2	74.9383	2	14181593	2	14328706	ref	0.46505376344086	0.137535808855372
4583982|F|0-33:C>T-33:C>T	2	75.9377	2	14440364	2	14549293	alt	0.47027027027027	0.455442189693754
4587305|F|0-49:C>G-49:C>G	2	78.9653	2	16488048	2	16501897	ref	0.440540540540541	0.058710591434069
4577156|F|0-12:A>C-12:A>C	2	79.8712	2	17011245	2	16753206	ref	0.443548387096774	0.0469280460739708
4589813|F|0-35:T>A-35:T>A	2	81.8128	2	18723418	2	18297954	alt	0.454301075268817	0.0449524264858237
2432670|F|0-52:G>A-52:G>A	2	81.8128	2	19002862	2	18616674	ref	0.443548387096774	0.0198538995808052
2439192|F|0-24:C>T-24:C>T	2	81.8128	2	19025876	2	18654156	ref	0.45945945945946	0.289227836306576
2386169|F|0-17:G>A-17:G>A	2	82.6889	2	19401564	2	19011539	ref	0.443548387096774	0.0318653342998933
4584860|F|0-17:C>A-17:C>A	2	84.3279	2	19964522	2	19534169	alt	0.432795698924731	0.0292388181309347
9693498|F|0-53:T>G-53:T>G	2	87.5148	2	21052733	2	20455405	alt	0.448924731182796	0.0974947265363924
7058436|F|0-19:A>G-19:A>G	2	96.917	2	24617948	2	24206251	ref	0.448648648648649	0.0198089460696742
2399590|F|0-17:C>T-17:C>T	2	102.4041	2	25155553	2	24582331	ref	0.435754189944134	0.04540292398968
4777736|F|0-6:A>G-6:A>G	2	109.9833	2	26054900	2	25695749	ref	0.443243243243243	0.0919521922470303
4590147|F|0-66:A>G-66:A>G	2	116.7229	2	34387505	2	34060462	ref	0.435483870967742	0.0189160987175015
9709388|F|0-55:C>G-55:C>G	2	120.6762	2	41438803	2	41775582	ref	0.446236559139785	0.0487278094302259
7060893|F|0-39:C>T-39:C>T	2	121.3527	2	41452714	2	41788575	alt	0.437158469945355	0.0349981870854287
4579690|F|0-53:T>C-53:T>C	2	122.5352	2	43258659	2	43693640	alt	0.445945945945946	0.052694550057917
2623957|F|0-35:A>C-35:A>C	2	122.6774	2	44940594	2	45243317	alt	0.432795698924731	0.0347277897997411
2514903|F|0-59:G>A-59:G>A	2	123.539	2	47934185	2	47771755	ref	0.454301075268817	0.0256993308963684
4772436|F|0-49:T>G-49:T>G	2	124.3624	2	49880174	2	49649317	ref	0.486338797814208	0.814714093518342
2585874|F|0-9:T>A-9:T>A	2	124.3624	2	50299203	8	154518078	ref	0.456989247311828	0.0224671974479545
4581429|F|0-14:A>C-14:A>C	2	128.0864	2	64310047	2	64124891	ref	0.462365591397849	0.20584225390236
9705594|F|0-33:G>T-33:G>T	2	128.3778	2	66478989	2	66223132	ref	0.46505376344086	0.202548848665534
4594094|F|0-21:C>T-21:C>T	2	128.6716	2	67546603	2	67297816	ref	0.470430107526882	0.178029421751036
4592838|F|0-11:A>G-11:A>G	2	128.6716	2	67935747	2	67750905	alt	0.47027027027027	0.283041383052441
4587932|F|0-39:C>T-39:C>T	2	128.9458	2	74425671	2	74220498	ref	0.456989247311828	0.192981434245681
2625900|F|0-41:G>C-41:G>C	2	129.3568	2	74429572	2	74224399	ref	0.46505376344086	0.273706497223639
5585641|F|0-15:G>T-15:G>T	2	129.6868	2	75606462	2	75462040	ref	0.444444444444444	0.0421438435092764
4764590|F|0-8:C>A-8:C>A	2	130.3928	2	80557085	2	80627737	ref	0.462365591397849	0.14591497604052
4591311|F|0-8:A>T-8:A>T	2	130.3928	2	83047316	2	83034562	ref	0.456989247311828	0.0687403198288364
2409258|F|0-22:A>G-22:A>G	2	130.3928	2	83166225	2	83163179	alt	0.470430107526882	0.43929652200499
7057226|F|0-52:G>A-52:G>A	2	130.3928	2	83625841	2	84076316	alt	0.46505376344086	0.403087285749865
4583407|F|0-62:G>A-62:G>A	2	130.3928	2	85504313	2	85686164	ref	0.456989247311828	0.105682936973725
4582454|F|0-13:C>T-13:C>T	2	130.3928	2	89621359	2	89576738	ref	0.453804347826087	0.122057764162085
7061691|F|0-37:G>C-37:G>C	2	130.3928	2	90380337	2	90335755	ref	0.46505376344086	0.0856925620826932
7059405|F|0-38:G>A-38:G>A	2	130.3928	2	92435324	2	92355612	ref	0.467741935483871	0.192981434245681
100003191|F|0-52:A>G-52:A>G	2	130.3928	2	95054468	2	94912936	ref	0.472972972972973	0.107557495801285
4587251|F|0-10:G>T-10:G>T	2	130.3928	2	99046143	2	97847404	ref	0.462365591397849	0.14591497604052
4576126|F|0-43:C>A-43:C>A	2	130.3928	2	105362348	2	104341471	alt	0.455555555555556	0.201896517994655
4581713|F|0-10:C>A-10:C>A	2	130.3928	2	107845813	2	106793057	ref	0.46505376344086	0.403087285749865
4582318|F|0-51:T>C-51:T>C	2	130.3928	2	111259098	2	110308945	ref	0.462162162162162	0.219541013071149
4583980|F|0-29:G>A-29:G>A	2	130.5878	2	111419565	2	110497545	ref	0.467741935483871	0.125522680301493
4777889|F|0-45:C>T-45:C>T	2	130.5878	2	113655903	2	112713029	alt	0.462365591397849	0.14591497604052
100002310|F|0-15:C>A-15:C>A	2	130.7911	2	129614227	2	129802671	ref	0.437837837837838	0.0262381573440578
2414551|F|0-50:A>G-50:A>G	2	130.7911	2	131727632	2	131688302	alt	0.470430107526882	0.110922365621807
2430968|F|0-9:A>G-9:A>G	2	131.1088	2	134709792	2	134682318	ref	0.480874316939891	0.104396112425553
2412768|F|0-7:C>T-7:C>T	2	131.7061	2	137898906	2	137747920	ref	0.470430107526882	0.110922365621807
7059382|F|0-33:A>G-33:A>G	2	131.7061	2	140505608	2	140328506	alt	0.47027027027027	0.195982535222445
9694486|F|0-13:G>A-13:G>A	2	131.7061	2	145104055	2	144712386	ref	0.470430107526882	0.0634143871815634
2499444|F|0-9:G>T-9:G>T	2	131.7061	2	151381441	2	151628434	alt	0.47027027027027	0.455442189693754
4585104|F|0-28:C>T-28:C>T	2	131.7061	2	151461491	2	151668336	ref	0.46505376344086	0.0489904924045697
4582607|F|0-47:T>C-47:T>C	2	131.7061	2	152273290	2	152850578	ref	0.483783783783784	0.0203516234351053
2506492|F|0-59:G>T-59:G>T	2	131.7061	2	155635841	2	156232612	alt	0.46978021978022	0.254582108544156
9703977|F|0-45:A>C-45:A>C	2	132.2488	2	159890610	2	160350100	alt	0.477900552486188	0.37714025876957
4769998|F|0-34:G>A-34:G>A	2	132.2488	2	160780865	2	161286902	ref	0.478494623655914	0.0316944750090082
4583358|F|0-20:C>G-20:C>G	2	132.2488	2	162934446	2	163117425	ref	0.470430107526882	0.110922365621807
2621141|F|0-35:C>T-35:C>T	2	133.1355	2	168393356	2	168293301	ref	0.478378378378378	0.323995054554484
4772164|F|0-28:A>C-28:A>C	2	133.5027	2	169507213	2	169346899	ref	0.481182795698925	0.0933903048184557
4778240|F|0-18:A>G-18:A>G	2	133.6308	2	170912994	2	170767558	alt	0.475806451612903	0.0412472001766387
5588960|F|0-42:G>A-42:G>A	2	133.6308	2	170946995	2	170827061	alt	0.467741935483871	0.0749152466224337
7048813|F|0-40:T>C-40:T>C	2	133.6308	2	171693705	2	171859282	alt	0.469613259668508	0.321306714224274
9707687|F|0-40:A>G-40:A>G	2	134.1719	2	171810335	2	171943832	alt	0.494623655913979	0.0437601252764778
9696352|F|0-22:T>G-22:T>G	2	134.1719	2	171831776	2	171960239	ref	0.483870967741936	0.13388786092361
4770806|F|0-14:T>C-14:T>C	2	135.5637	2	174824229	2	175262147	ref	0.489247311827957	0.249799477193405
2408634|F|0-30:G>A-30:G>A	2	135.841	2	177291468	2	177940189	alt	0.491891891891892	0.518530330314252
9717735|F|0-11:T>C-11:T>C	2	135.841	2	177455922	2	178137419	ref	0.481182795698925	0.521765182423908
4771599|F|0-14:T>A-14:T>A	2	136.3263	2	178219755	2	178842937	alt	0.486559139784946	0.736054132840265
4583124|F|0-22:A>C-22:A>C	2	136.3263	2	178219906	2	178843088	ref	0.491847826086957	0.941969287259621
4593795|F|0-19:C>T-19:C>T	2	137.4053	2	179811889	2	180842360	ref	0.475806451612903	0.220743764193297
2541247|F|0-28:C>G-28:C>G	2	138.5762	2	183258968	2	184009535	ref	0.489189189189189	0.857225683235678
9682460|F|0-63:C>A-63:C>A	2	139.4307	2	184435548	2	185116785	alt	0.480978260869565	0.757922673009091
4583597|F|0-14:A>G-14:A>G	2	139.4307	2	184436650	2	185117860	alt	0.481081081081081	0.672134172253363
4578718|F|0-13:T>C-13:T>C	2	140.5326	2	184915702	2	185573792	ref	0.475806451612903	0.325089121586258
2439096|F|0-9:A>G-9:A>G	2	141.0724	2	186530366	2	187221512	alt	0.441988950276243	0.0393678167653854
9712433|F|0-9:T>G-9:T>G	2	141.0724	2	186799668	2	187464609	ref	0.483870967741936	0.224333015249428
4581405|F|0-33:T>C-33:T>C	2	141.0724	2	186850260	2	187677778	ref	0.483870967741936	0.224333015249428
2434503|F|0-41:A>G-41:A>G	2	142.8755	2	188162053	2	188990103	ref	0.483870967741936	0.224333015249428
4772728|F|0-5:G>A-5:G>A	2	142.8755	2	188166741	2	188994791	alt	0.470108695652174	0.469806306707357
4582009|F|0-26:T>C-26:T>C	2	144.4248	2	189078962	2	189402525	alt	0.472826086956522	0.488023702140795
16726826|F|0-26:T>C-26:T>C	2	144.7809	2	189755659	2	190140734	alt	0.483783783783784	0.82094653184396
7050077|F|0-34:G>A-34:G>A	2	145.3202	2	190365705	2	190816229	ref	0.486486486486487	0.209116270219415
16727623|F|0-12:G>A-12:G>A	2	145.3202	2	190440153	2	190907794	alt	0.478494623655914	0.701286544820265
4588167|F|0-40:C>T-40:C>T	2	146.1372	2	191357010	2	191747757	ref	0.478494623655914	0.418546308380413
9688309|F|0-30:C>T-30:C>T	2	146.1372	2	191524902	2	191803199	ref	0.478142076502732	0.687758899052031
7048510|F|0-13:A>G-13:A>G	2	146.1372	2	191686482	2	191939288	alt	0.486559139784946	0.185853658179936
4771078|F|0-22:C>T-22:C>T	2	148.5468	2	192722028	2	193348844	alt	0.481182795698925	0.38611775038491
2497322|F|0-45:T>A-45:T>A	2	154.0196	2	196874523	2	198179278	ref	0.488950276243094	0.337687165102583
4593853|F|0-39:C>A-39:C>A	2	154.0196	2	196881659	2	198186418	ref	0.497311827956989	0.837428531171625
4584166|F|0-60:A>G-60:A>G	2	154.5641	2	198055699	7	146377634	alt	0.497297297297297	0.87123996244718
2624603|F|0-16:T>A-16:T>A	2	154.5641	2	198063455	2	199612784	alt	0.497297297297297	0.799055939062432
4582254|F|0-47:T>C-47:T>C	2	154.834	2	198524182	2	200123700	alt	0.491935483870968	0.802173702806343
2538723|F|0-66:G>C-66:G>C	2	155.6707	2	198972900	2	200691385	ref	0.491935483870968	0.912654539542409
4584706|F|0-18:G>A-18:G>A	2	156.8424	2	199442115	2	201152847	alt	0.497311827956989	0.499799436967876
4581906|F|0-49:T>C-49:T>C	2	158.3165	2	200780086	2	202499706	ref	0.494623655913979	0.577881125449419
2566077|F|0-34:T>C-34:T>C	2	159.7922	2	201852410	2	203402989	ref	0.494623655913979	0.888447634681452
2444247|F|0-19:T>C-19:T>C	2	160.3861	2	202199246	2	203907233	alt	0.480874316939891	0.0553852136238142
2446118|F|0-6:C>A-6:C>A	2	160.7792	2	203337551	2	205022921	alt	0.497297297297297	0.929625954712071
4577206|F|0-52:G>C-52:G>C	2	160.7792	2	203426164	2	205136199	alt	0.494623655913979	0.577881125449419
2513547|F|0-19:G>A-19:G>A	2	161.7306	2	204145987	2	205756953	ref	0.494565217391304	0.488023702140795
4590732|F|0-29:C>G-29:C>G	2	162.8091	2	204420039	2	205960121	ref	0.491935483870968	0.802173702806343
4774286|F|0-20:A>G-20:A>G	2	163.3005	2	205047218	2	206699689	alt	0.494623655913979	0.748022231161507
2509558|F|0-64:A>C-64:A>C	2	163.4741	2	207111989	2	208930761	alt	0.497282608695652	0.583889528099519
4583297|F|0-31:T>C-31:T>C	2	164.3439	2	207123924	2	208942979	alt	0.486559139784946	0.837428531171625
4773199|F|0-64:G>C-64:G>C	2	165.8786	2	207778180	2	209691742	ref	0.489247311827957	0.541775686471234
2476219|F|0-50:C>A-50:C>A	2	171.7383	2	217817235	2	210833864	ref	0.491573033707865	0.0249467622198001
7060885|F|0-20:C>T-20:C>T	2	177.6008	2	217995367	2	211045833	alt	0.489130434782609	0.916716952025486
4772794|F|0-50:G>A-50:G>A	2	180.367	2	219622835	2	212765855	alt	0.489189189189189	0.41997186100027
4583437|F|0-30:G>C-30:G>C	2	181.7633	2	220616491	2	213713532	alt	0.497311827956989	0.339376502417677
4771503|F|0-62:C>A-62:C>A	2	182.7515	2	221307331	2	214430619	alt	0.486263736263736	0.73111331820157
4583581|F|0-15:T>A-15:T>A	2	183.3597	2	221823365	2	214969165	ref	0.489247311827957	0.701286544820265
4583027|F|0-13:T>C-13:T>C	2	183.3597	2	221853727	2	215002304	ref	0.497222222222222	0.0816302352550046
4581153|F|0-18:A>G-18:A>G	2	183.3597	2	221947578	2	215033895	ref	0.491935483870968	0.646951550257369
9699866|F|0-11:G>A-11:G>A	2	185.4173	2	222641965	2	215739403	alt	0.488700564971751	0.0605016436973771
7059391|F|0-20:T>C-20:T>C	2	185.4173	2	222740724	2	215848564	alt	0.489130434782609	0.770381397592146
4579732|F|0-32:C>T-32:C>T	2	186.6412	2	223222174	2	216327092	alt	0.483870967741936	0.748022231161506
4771152|F|0-63:T>C-63:T>C	2	187.1872	2	223349934	2	216478440	ref	0.481182795698925	0.521765182423908
4592221|F|0-26:G>A-26:G>A	2	187.1872	2	223510805	2	216657526	ref	0.497311827956989	0.994638082586014
4593775|F|0-33:G>A-33:G>A	2	188.0133	2	223766968	2	216930977	ref	0.489071038251366	0.577422913929535
2385427|F|0-64:C>G-64:C>G	2	188.0133	2	223910173	2	217107364	ref	0.472677595628415	0.104968144490964
9706154|F|0-64:G>A-64:G>A	2	188.4709	2	224125856	2	217264658	ref	0.494623655913979	0.968256677143911
4770114|F|0-29:C>G-29:C>G	2	188.7753	2	224214399	2	217455010	alt	0.478494623655914	0.192981434245681
2485490|F|0-33:T>C-33:T>C	2	189.6537	2	224323640	2	217575687	alt	0.491935483870968	0.912654539542409
4772563|F|0-48:T>C-48:T>C	2	191.0273	2	225346999	2	218515007	alt	0.5	0.989304915330382
4582650|F|0-39:T>C-39:T>C	2	191.7095	2	226252074	2	219439915	alt	0.497311827956989	0.675384501605916
4591639|F|0-50:A>G-50:A>G	2	192.6916	2	227090358	2	220124205	ref	0.497311827956989	0.120886495686852
2559185|F|0-57:G>A-57:G>A	2	193.6778	2	227139569	2	220185519	alt	0.483870967741936	0.629792051292316
16727586|F|0-49:G>A-49:G>A	2	196.2058	2	227746893	2	220779958	ref	0.497311827956989	0.675384501605916
4575993|F|0-21:A>G-21:A>G	2	204.2338	2	229920156	2	223233864	ref	0.494565217391304	0.0289125864645511
4582945|F|0-16:A>G-16:A>G	2	209.5949	2	230219530	2	223575369	alt	0.5	0.360676439763685
7060697|F|0-33:C>T-33:C>T	2	210.9734	2	230427251	2	223777167	alt	0.491935483870968	0.802173702806343
2398024|F|0-31:T>C-31:T>C	2	211.4799	2	230651867	2	223986255	ref	0.486559139784946	0.736054132840265
4592005|F|0-12:G>A-12:G>A	2	211.4799	2	230795418	2	224080698	alt	0.497297297297297	0.455442189693754
4576419|F|0-12:T>C-12:T>C	2	212.2541	2	231235120	2	224401753	alt	0.491935483870968	0.912654539542409
4583807|F|0-14:A>G-14:A>G	2	215.1713	2	234165198	2	226849426	ref	0.491935483870968	0.802173702806343
4771115|F|0-16:G>C-16:G>C	2	218.7013	2	236943576	2	228950441	alt	0.483783783783784	0.114765442392998
4774097|F|0-37:C>G-37:C>G	2	219.9922	2	237603415	2	229350172	ref	0.483695652173913	0.05088124608605
2515397|F|0-20:G>A-20:G>A	2	221.5356	2	239231108	2	230937667	ref	0.491935483870968	0.202548848665534
2551407|F|0-21:G>A-21:G>A	2	222.3054	2	239231146	2	230937705	ref	0.5	0.0237437210933884
4779635|F|0-18:T>C-18:T>C	2	225.9561	2	242866460	2	234525504	alt	0.497311827956989	0.339376502417677
4776406|F|0-21:C>G-21:C>G	2	228.4408	2	244928519	2	236343246	ref	0.497311827956989	0.339376502417677
9679170|F|0-30:C>A-30:C>A	2	231.4993	2	246369897	2	237551406	ref	0.497311827956989	0.0305238384590801
2461074|F|0-10:G>A-10:G>A	2	237.7355	2	249770223	2	239339942	alt	0.494623655913979	0.409641407318725
7057316|F|0-46:C>A-46:C>A	2	240.3074	2	250422207	2	239955524	alt	0.486559139784946	0.43929652200499
4588524|F|0-37:C>T-37:C>T	2	240.6183	2	250676696	2	240131931	ref	0.489247311827957	0.701286544820265
4772516|F|0-18:G>A-18:G>A	2	242.8597	2	251269600	2	240665063	alt	0.5	0.418546308380413
2559750|F|0-46:T>G-46:T>G	2	244.5629	2	251584034	2	241395319	ref	0.480978260869565	0.0664067532739058
9713686|F|0-65:C>A-65:C>A	2	245.1957	2	251894294	2	241714466	alt	0.497311827956989	0.837428531171625
2527793|F|0-8:C>T-8:C>T	2	246.1275	2	252362643	2	242116320	alt	0.489130434782609	0.0567235836468991
4588274|F|0-27:T>C-27:T>C	2	251.1774	2	252783252	2	242789541	alt	0.483240223463687	0.0178609294358887
2573593|F|0-32:T>C-32:T>C	3	0	3	5806655	3	5719824	ref	0.497297297297297	0.455442189693754
5589077|F|0-20:A>C-20:A>C	3	3.2685	3	6169506	3	5932124	ref	0.489247311827957	0.701286544820265
4587869|F|0-5:T>A-5:T>A	3	13.2721	3	8847256	3	8565015	ref	0.5	0.989304915330382
7062044|F|0-12:C>T-12:C>T	3	14.8274	3	9110577	3	8834451	ref	0.5	0.957453368068381
2528749|F|0-10:G>T-10:G>T	3	18.8818	3	10345998	3	9924774	alt	0.489247311827957	0.907760961273883
2400214|F|0-18:T>A-18:T>A	3	19.9247	3	10635987	3	10266632	alt	0.483695652173913	0.556016937681773
2408753|F|0-7:A>G-7:A>G	3	22.7979	3	12294466	3	12117390	alt	0.486559139784946	0.43929652200499
4773709|F|0-23:C>T-23:C>T	3	24.236	3	12447810	3	12249737	ref	0.472527472527473	0.237031925644033
2390763|F|0-7:C>T-7:C>T	3	25.8722	3	14065836	3	13571731	alt	0.475806451612903	0.544696303063967
2458231|F|0-25:C>T-25:C>T	3	26.5148	3	14598884	3	14359663	alt	0.475806451612903	0.619715595168681
7060704|F|0-27:T>C-27:T>C	3	28.6282	3	17324042	3	17604216	alt	0.462365591397849	0.344894698930182
2433510|F|0-28:C>G-28:C>G	3	30.1836	3	17549971	3	17830837	alt	0.459677419354839	0.101779533977145
16726781|F|0-31:G>A-31:G>A	3	36.7985	3	21459362	3	21796276	ref	0.462365591397849	0.0566440831923019
4587800|F|0-9:G>A-9:G>A	3	39.8281	3	25774164	3	25906778	alt	0.46505376344086	0.339376502417677
4764453|F|0-33:G>A-33:G>A	3	40.1162	3	27401589	3	27543529	ref	0.478494623655914	0.418546308380413
9691904|F|0-47:G>A-47:G>A	3	41.409	3	31327771	3	31562490	alt	0.451612903225806	0.0733213659792948
4584777|F|0-30:T>A-30:T>A	3	41.409	3	32056900	3	32336451	ref	0.475806451612903	0.619715595168681
4772109|F|0-36:G>A-36:G>A	3	41.5825	3	36015098	3	35677390	alt	0.481182795698925	0.0933903048184557
7049586|F|0-43:C>T-43:C>T	3	41.5825	3	36851931	3	36491271	ref	0.470430107526882	0.499799436967876
2455066|F|0-19:A>C-19:A>C	3	41.5825	3	43034775	3	43122126	alt	0.473118279569893	0.577881125449419
4592381|F|0-54:T>A-54:T>A	3	41.5825	3	48018403	3	47876180	alt	0.46505376344086	0.38611775038491
7060114|F|0-33:C>A-33:C>A	3	41.9918	3	54435255	3	53144217	alt	0.467741935483871	0.456144225009472
2435437|F|0-7:G>A-7:G>A	3	42.3992	3	67619180	3	65907451	alt	0.464864864864865	0.121796287385638
4778193|F|0-15:T>C-15:T>C	3	42.3992	3	68833222	4	74974662	ref	0.494565217391304	0.329989101054725
16727639|F|0-17:T>C-17:T>C	3	42.3992	3	69756490	3	67863456	alt	0.478494623655914	0.701286544820265
2567768|F|0-11:T>C-11:T>C	3	42.3992	3	81465381	3	79636163	alt	0.483870967741936	0.815216892590299
100003335|F|0-28:A>G-28:A>G	3	42.3992	3	108380806	3	106976177	ref	0.469945355191257	0.0704391921193451
2504629|F|0-38:G>A-38:G>A	3	42.6691	3	114594660	3	113115325	ref	0.461748633879781	0.274624731279955
2506381|F|0-32:C>T-32:C>T	3	42.6691	3	114993553	3	113526720	ref	0.473118279569893	0.577881125449419
9706064|F|0-17:A>G-17:A>G	3	42.6691	3	115109154	3	113653807	ref	0.494565217391304	0.329989101054725
2427874|F|0-7:A>G-7:A>G	3	42.6691	3	118631233	3	115534079	alt	0.467741935483871	0.456144225009472
9699121|F|0-6:G>A-6:G>A	3	42.6691	3	118952021	3	115892754	ref	0.478378378378378	0.266702460631569
9708758|F|0-14:T>C-14:T>C	3	42.6691	3	118954694	3	115895426	ref	0.478378378378378	0.0986461359845049
4591875|F|0-34:T>C-34:T>C	3	42.6691	3	119933292	3	116789438	alt	0.475806451612903	0.43929652200499
9698270|F|0-59:G>C-59:G>C	3	43.2111	3	126910852	3	123494388	ref	0.462365591397849	0.14591497604052
4770837|F|0-29:G>C-29:G>C	3	43.2111	3	126912312	3	123495813	alt	0.475806451612903	0.619715595168681
4582659|F|0-9:T>G-9:T>G	3	43.2111	3	129578816	3	126379211	alt	0.473118279569893	0.577881125449419
2384883|F|0-10:T>C-10:T>C	3	43.502	3	130569417	3	127564482	alt	0.489189189189189	0.34570752593372
7061213|F|0-13:G>T-13:G>T	3	44.1543	3	132696062	3	129569435	alt	0.470430107526882	0.521765182423908
2457338|F|0-49:C>T-49:C>T	3	44.1543	3	133822882	3	130594252	alt	0.473118279569893	0.577881125449419
2567888|F|0-62:A>G-62:A>G	3	45.5903	3	140433301	3	136492191	ref	0.462365591397849	0.316466580310655
4587946|F|0-23:A>C-23:A>C	3	45.5903	3	140752197	3	136720145	ref	0.462365591397849	0.20584225390236
2401604|F|0-56:T>G-56:T>G	3	46.821	3	143298273	3	139393848	alt	0.467741935483871	0.418546308380413
7059151|F|0-5:G>T-5:G>T	3	47.1007	3	144263023	3	140514985	alt	0.480662983425414	0.0376656957860431
4581463|F|0-33:A>T-33:A>T	3	47.1007	3	144850961	3	141162849	alt	0.456756756756757	0.136437056958152
9704343|F|0-5:T>A-5:T>A	3	48.2598	3	146675542	3	143326499	alt	0.454301075268817	0.143580386629878
2474555|F|0-62:A>C-62:A>C	3	49.1391	3	151449147	3	147671360	alt	0.481182795698925	0.163355257332149
4583681|F|0-39:A>G-39:A>G	3	49.1391	3	151482142	3	147721142	ref	0.475806451612903	0.325089121586258
4592123|F|0-15:G>A-15:G>A	3	49.6964	3	152916176	3	148923724	alt	0.475806451612903	0.619715595168681
2535380|F|0-13:T>C-13:T>C	3	49.9681	3	155197601	3	151300997	alt	0.481182795698925	0.736054132840265
4766871|F|0-52:A>G-52:A>G	3	49.9681	3	155227296	3	151306416	alt	0.47554347826087	0.0558062412652821
4581544|F|0-51:A>G-51:A>G	3	49.9681	3	155404720	3	151462064	alt	0.478494623655914	0.643482649474039
2437882|F|0-36:T>G-36:T>G	3	51.4209	3	161069206	3	157894639	alt	0.483870967741936	0.815216892590299
2422163|F|0-44:C>G-44:C>G	3	53.5278	3	162676131	3	159280741	alt	0.481182795698925	0.646951550257369
2444568|F|0-11:A>G-11:A>G	3	58.1082	3	165247833	3	161995186	ref	0.489247311827957	0.249799477193405
4576086|F|0-6:G>A-6:G>A	3	62.3524	3	165358885	3	162055262	ref	0.480769230769231	0.254582108544156
4582473|F|0-30:G>A-30:G>A	3	65.8429	3	166217677	3	163068439	ref	0.47554347826087	0.0558062412652821
4584664|F|0-33:T>C-33:T>C	3	67.5995	3	166700386	3	163927978	alt	0.481081081081081	0.351359295227036
9706127|F|0-7:G>A-7:G>A	3	68.7864	3	167360825	3	164627665	alt	0.486413043478261	0.5124878575326
7049625|F|0-28:A>G-28:A>G	3	69.5047	3	168241629	3	168343397	ref	0.473118279569893	0.446439398775816
2425080|F|0-68:A>C-68:A>C	3	70.5051	3	169147206	3	169864208	ref	0.494623655913979	0.748022231161507
2426353|F|0-45:G>A-45:G>A	3	72.549	3	169943650	3	170684203	alt	0.494594594594595	0.705641014644214
4589170|F|0-55:T>C-55:T>C	3	77.0909	3	171311775	3	172067926	ref	0.467213114754098	0.0457437799650399
9714163|F|0-14:T>C-14:T>C	3	80.5447	3	171374677	3	172131494	ref	0.494594594594595	0.786202771716692
4775035|F|0-18:C>T-18:C>T	3	80.5447	3	171613571	3	172309510	ref	0.494623655913979	0.888447634681452
2566024|F|0-28:G>A-28:G>A	3	82.2283	3	172855293	3	173660932	alt	0.486559139784946	0.874232778221061
2513931|F|0-13:G>C-13:G>C	3	82.2283	3	172887452	3	173695182	ref	0.478378378378378	0.705641014644214
4769786|F|0-18:G>A-18:G>A	3	83.6287	3	173893982	3	174735757	ref	0.478494623655914	0.701286544820265
2431163|F|0-67:C>T-67:C>T	3	86.3717	3	180304709	3	181063782	alt	0.481182795698925	0.521765182423908
4581058|F|0-6:A>G-6:A>G	3	87.8526	3	181051638	3	181671397	alt	0.481182795698925	0.521765182423908
4779313|F|0-26:C>T-26:C>T	3	87.8526	3	181508767	3	182102961	ref	0.494623655913979	0.968256677143911
7062045|F|0-21:A>G-21:A>G	3	88.9049	3	183188941	3	183636967	ref	0.483870967741936	0.815216892590299
2447699|F|0-54:T>C-54:T>C	3	88.9049	3	184083345	3	184504649	ref	0.470430107526882	0.354291801064451
2404886|F|0-7:A>C-7:A>C	3	89.241	3	184449962	3	184867603	ref	0.478378378378378	0.661322597528194
5583628|F|0-7:A>G-7:A>G	3	89.241	3	184582556	3	185094995	ref	0.491891891891892	0.436167153407268
4766808|F|0-13:G>A-13:G>A	3	90.0597	3	185254787	3	185910137	alt	0.481182795698925	0.768403064287479
4773613|F|0-33:T>C-33:T>C	3	90.4924	3	187439929	3	187692543	ref	0.480555555555556	0.116484157773497
9698061|F|0-33:T>C-33:T>C	3	90.4924	3	188125336	3	188373684	alt	0.489247311827957	0.907760961273883
9687608|F|0-61:G>T-61:G>T	3	90.9322	3	198783625	3	190588260	ref	0.481182795698925	0.768403064287479
4771759|F|0-49:G>A-49:G>A	3	91.7575	3	200399357	3	192267755	ref	0.478494623655914	0.701286544820265
4578574|F|0-22:G>A-22:G>A	3	91.7575	3	201350020	3	193132328	ref	0.478494623655914	0.701286544820265
2388259|F|0-5:A>G-5:A>G	3	91.7575	3	201418513	3	193292479	ref	0.461748633879781	0.102698652368619
4589067|F|0-35:T>C-35:T>C	3	91.7575	3	201920095	3	193852001	alt	0.494623655913979	0.968256677143911
5586739|F|0-29:A>C-29:A>C	3	91.7575	3	201931435	3	193863126	ref	0.486413043478261	0.139063295393197
4589897|F|0-16:C>T-16:C>T	3	92.126	3	203648800	3	195626818	alt	0.475806451612903	0.646951550257369
4587209|F|0-25:C>A-25:C>A	3	92.126	3	207068423	3	199138027	ref	0.473118279569893	0.530248983716829
4581700|F|0-6:G>T-6:G>T	3	92.5078	3	211048995	3	201152940	alt	0.489189189189189	0.895108077682395
2544782|F|0-7:G>A-7:G>A	3	92.7891	3	211415595	3	201595350	ref	0.47027027027027	0.485963567627192
4581907|F|0-56:A>G-56:A>G	3	93.2719	3	212245850	3	202542671	alt	0.494623655913979	0.748022231161507
4766086|F|0-24:A>G-24:A>G	3	93.2719	3	213165711	3	203536050	alt	0.478494623655914	0.643482649474039
4587446|F|0-44:G>T-44:G>T	3	93.5351	3	213580192	3	203941801	ref	0.478260869565217	0.238167133851208
4774168|F|0-9:G>A-9:G>A	3	93.5351	3	213937121	3	204156490	ref	0.478494623655914	0.701286544820265
4579224|F|0-23:T>A-23:T>A	3	94.0826	3	215096076	3	205302373	alt	0.481081081081081	0.717177125140792
7060855|F|0-10:T>A-10:T>A	3	95.7607	3	217794027	3	207889668	alt	0.481182795698925	0.521765182423908
2515704|F|0-12:G>T-12:G>T	3	96.7488	3	218200937	3	208172127	ref	0.494505494505495	0.0408518897595596
4586076|F|0-25:A>C-25:A>C	3	97.1526	3	219416704	3	209459326	alt	0.497297297297297	0.183673676237225
2550340|F|0-33:T>C-33:T>C	3	99.7252	3	221684482	3	211540132	ref	0.478494623655914	0.296694062571553
7059446|F|0-21:T>C-21:T>C	3	101.9765	3	225254574	3	214451485	alt	0.481182795698925	0.521765182423908
4583678|F|0-23:T>C-23:T>C	3	105.0632	3	226926906	3	215949122	ref	0.478378378378378	0.510189541161003
4585244|F|0-30:C>T-30:C>T	3	107.723	3	228593754	3	217488023	ref	0.483870967741936	0.486542945167257
4588162|F|0-35:C>G-35:C>G	3	109.0877	3	229194903	3	218170654	ref	0.473118279569893	0.446439398775816
5587892|F|0-14:T>C-14:T>C	3	111.8176	3	230235666	3	219196520	ref	0.472972972972973	0.41997186100027
4586601|F|0-45:T>C-45:T>C	3	117.3362	3	231565050	3	220370890	alt	0.464673913043478	0.304155136197371
2483011|F|0-25:C>A-25:C>A	3	120.19	3	232145068	3	220999569	alt	0.478494623655914	0.701286544820265
2446511|F|0-13:T>C-13:T>C	3	121.6617	3	233818098	3	222505400	ref	0.481081081081081	0.141698452393847
2608749|F|0-11:T>A-11:T>A	3	121.6617	3	233878369	3	222596731	ref	0.467741935483871	0.192981434245681
2385503|F|0-29:T>A-29:T>A	3	123.7227	3	234911847	3	223335505	ref	0.467741935483871	0.456144225009472
4765620|F|0-22:G>A-22:G>A	3	124.6964	3	235775358	3	224274341	alt	0.473118279569893	0.530248983716829
2574316|F|0-9:G>A-9:G>A	3	125.061	3	235986031	3	224442800	ref	0.494623655913979	0.577881125449419
16727276|F|0-50:T>G-50:T>G	3	126.5373	3	236801767	3	225414897	alt	0.475806451612903	0.619715595168681
4779601|F|0-45:C>T-45:C>T	3	126.5373	3	236822637	3	225466203	alt	0.480978260869565	0.122057764162085
5586842|F|0-65:G>C-65:G>C	3	127.0792	3	237624712	3	226320335	alt	0.473118279569893	0.577881125449419
4583469|F|0-10:A>T-10:A>T	3	127.0792	3	237662907	3	226340640	ref	0.464864864864865	0.074073109838993
100004301|F|0-57:C>T-57:C>T	3	127.778	3	237852734	3	226461538	alt	0.478494623655914	0.418546308380413
4590900|F|0-30:C>T-30:C>T	3	131.6233	3	238620101	3	227254747	ref	0.464864864864865	0.351359295227036
2520269|F|0-37:G>A-37:G>A	3	135.272	3	239468891	3	228232805	alt	0.45945945945946	0.0899853762371477
2555867|F|0-51:A>G-51:A>G	3	142.0655	3	240680715	3	229612697	alt	0.46505376344086	0.339376502417677
4591643|F|0-28:T>C-28:T>C	3	146.6778	3	241816548	3	230994119	ref	0.480978260869565	0.317670965857053
4585365|F|0-46:C>A-46:C>A	3	147.1189	3	241818352	3	230995903	alt	0.467567567567568	0.08479085639169
4591974|F|0-22:A>T-22:A>T	3	150.8299	3	242124696	3	231208684	ref	0.459677419354839	0.202548848665534
4770708|F|0-9:G>A-9:G>A	3	160.3263	3	243505966	3	232827397	ref	0.455555555555556	0.118441829013804
9716508|F|0-16:C>A-16:C>A	3	164.9011	3	243546861	3	232837634	alt	0.46505376344086	0.0489904924045697
2585677|F|0-58:A>T-58:A>T	3	166.8511	3	243867964	3	233066781	alt	0.489189189189189	0.278488537520235
4579268|F|0-6:A>G-6:A>G	3	167.1526	3	243883384	3	233141733	alt	0.478494623655914	0.296694062571553
4576453|F|0-48:A>T-48:A>T	3	169.522	3	245563996	3	234925362	alt	0.486486486486487	0.209116270219415
2468661|F|0-65:G>C-65:G>C	3	174.4549	3	247473426	3	236263872	alt	0.483870967741936	0.344894698930182
4584647|F|0-57:T>G-57:T>G	4	0	4	853854	4	1150252	ref	0.467391304347826	0.228033924469032
9702900|F|0-56:G>A-56:G>A	4	3.561	4	1217049	4	1698246	alt	0.491758241758242	0.0571179207735079
4582841|F|0-46:G>T-46:G>T	4	6.1874	4	1417938	4	2021163	alt	0.489189189189189	0.803386854987637
9699733|F|0-43:C>A-43:C>A	4	7.2955	4	1684579	4	2854746	ref	0.494623655913979	0.968256677143911
5588713|F|0-47:A>G-47:A>G	4	10.2444	4	2100882	4	3442947	ref	0.491935483870968	0.478758425452881
2385506|F|0-21:G>C-21:G>C	4	14.3054	4	3069691	4	4440410	alt	0.494594594594595	0.234253515301872
2545522|F|0-15:G>A-15:G>A	4	17.8012	4	3351423	4	4866381	alt	0.494623655913979	0.888447634681452
4765642|F|0-50:C>T-50:C>T	4	19.193	4	3824478	4	5384764	alt	0.494623655913979	0.577881125449419
16727340|F|0-22:C>T-22:C>T	4	24.7023	4	6710841	4	7270879	alt	0.494594594594595	0.136437056958152
4764990|F|0-45:A>C-45:A>C	4	27.4298	4	7843124	4	8029791	ref	0.489247311827957	0.832938308547367
4578554|F|0-37:C>A-37:C>A	4	32.3678	4	11297917	4	11078828	ref	0.5	0.975969127895119
4766921|F|0-31:G>C-31:G>C	4	36.0337	4	12182966	4	11860560	ref	0.497237569060774	0.176922375536177
2470372|F|0-63:G>T-63:G>T	4	36.137	4	12199449	4	11870096	alt	0.494623655913979	0.888447634681452
2573698|F|0-28:A>G-28:A>G	4	37.9532	4	12775808	4	12567185	alt	0.5	0.875962118736344
9714068|F|0-53:C>T-53:C>T	4	40.6264	4	12892907	4	12664420	ref	0.481182795698925	0.262183752030587
4592604|F|0-36:C>G-36:C>G	4	50.6669	4	17553661	4	17279918	ref	0.497297297297297	0.799055939062432
2543703|F|0-58:C>G-58:C>G	4	52.7237	4	18891735	4	18626650	alt	0.491935483870968	0.802173702806343
4588992|F|0-6:T>A-6:T>A	4	58.2023	4	21795400	4	21107940	ref	0.489247311827957	0.832938308547367
2493307|F|0-55:A>C-55:A>C	4	58.5628	4	22880087	4	22107792	alt	0.497297297297297	0.629920182440321
4779016|F|0-24:C>T-24:C>T	4	61.5385	4	26044023	4	25422774	ref	0.489189189189189	0.914672511053449
2391051|F|0-13:G>A-13:G>A	4	63.2051	4	29871323	4	29107358	ref	0.497297297297297	0.541445148301746
2547064|F|0-34:A>T-34:A>T	4	63.7838	4	32500789	4	31496621	ref	0.494565217391304	0.822298201707718
4592393|F|0-5:T>C-5:T>C	4	63.7838	4	36049363	4	34191210	alt	0.491935483870968	0.325089121586258
4771351|F|0-65:A>T-65:A>T	4	64.1345	4	40485611	4	38758489	ref	0.47027027027027	0.0387218456413978
4773090|F|0-30:G>A-30:G>A	4	65.653	4	43470124	4	41383114	ref	0.491847826086957	0.86351921391826
3038879|F|0-10:T>A-10:T>A	4	65.9754	4	46498624	4	44649144	ref	0.497311827956989	0.952764903464587
4586815|F|0-6:G>A-6:G>A	4	65.9754	4	51987824	4	50131360	ref	0.486559139784946	0.43929652200499
4576725|F|0-49:A>G-49:A>G	4	66.2462	4	53782341	4	51918430	alt	0.497311827956989	0.675384501605916
4773738|F|0-15:T>C-15:T>C	4	66.2462	4	54461288	4	52560112	ref	0.497311827956989	0.211450692331448
2506711|F|0-44:G>A-44:G>A	4	66.2462	4	61942269	4	59942930	alt	0.467391304347826	0.0282908346341982
4583889|F|0-27:C>T-27:C>T	4	66.5169	4	67153082	4	65090302	alt	0.489247311827957	0.541775686471234
2398334|F|0-35:T>A-35:T>A	4	66.7944	4	71635454	4	69593545	alt	0.486413043478261	0.86351921391826
7048167|F|0-6:C>G-6:C>G	4	67.0719	4	73522895	4	71581860	ref	0.462162162162162	0.0258161050061667
4774869|F|0-20:G>A-20:G>A	4	67.0719	4	75381188	4	73774568	alt	0.486486486486487	0.816520954817858
4772875|F|0-14:G>A-14:G>A	4	67.0719	4	75760280	4	74117276	alt	0.494623655913979	0.409641407318725
4773825|F|0-51:T>C-51:T>C	4	67.6188	4	77590458	4	75775649	ref	0.489247311827957	0.541775686471234
2474596|F|0-25:T>G-25:T>G	4	67.9087	4	79365791	4	77566325	ref	0.494565217391304	0.822298201707718
2440807|F|0-43:T>C-43:T>C	4	68.3709	4	81002884	4	78991748	ref	0.489189189189189	0.580861319586967
4587000|F|0-37:C>A-37:C>A	4	68.3709	4	87271905	4	84752369	ref	0.483695652173913	0.787312182781628
2537000|F|0-30:T>C-30:T>C	4	68.835	4	88268709	4	85397892	alt	0.491935483870968	0.912654539542409
100005483|F|0-27:C>T-27:C>T	4	69.9223	4	93643493	4	90643229	ref	0.456043956043956	0.0648120499907882
4765947|F|0-11:A>G-11:A>G	4	69.9223	4	127177266	4	124258959	ref	0.489071038251366	0.855783628772242
4583029|F|0-20:C>T-20:C>T	4	69.9223	4	129706532	4	126441755	ref	0.497222222222222	0.576949810380487
4579533|F|0-6:A>G-6:A>G	4	70.4359	4	134830812	4	131393143	alt	0.489189189189189	0.580861319586967
2474880|F|0-5:C>T-5:C>T	4	70.7128	4	145256514	4	141123555	ref	0.491935483870968	0.478758425452881
4582611|F|0-10:T>C-10:T>C	4	70.7128	4	147113996	4	143089808	alt	0.497267759562842	0.537826866960765
4771551|F|0-36:A>G-36:A>G	4	71.5326	4	154180495	4	149654371	alt	0.497311827956989	0.499799436967876
4577825|F|0-46:A>T-46:A>T	4	72.1729	4	160726085	4	155663879	alt	0.489189189189189	0.278488537520235
4581952|F|0-17:T>A-17:T>A	4	73.1356	4	164259090	4	158780347	ref	0.494623655913979	0.888447634681452
4779191|F|0-62:C>T-62:C>T	4	74.7984	4	165316918	4	159826810	alt	0.475806451612903	0.544696303063967
4582733|F|0-55:C>A-55:C>A	4	76.1562	4	167492074	4	161709392	alt	0.483783783783784	0.82094653184396
4591213|F|0-27:G>T-27:G>T	4	77.5252	4	167726301	4	161830481	alt	0.478494623655914	0.192981434245681
4583353|F|0-54:C>T-54:C>T	4	79.2163	4	170139415	4	163795753	ref	0.483695652173913	0.556016937681773
4582038|F|0-38:G>A-38:G>A	4	79.6022	4	170358754	4	164080320	ref	0.470430107526882	0.0332657877024605
4767196|F|0-36:G>A-36:G>A	4	81.549	4	172556719	4	166212567	ref	0.442934782608696	0.0825323272126156
4773535|F|0-48:C>T-48:C>T	4	81.549	4	172578204	4	166239621	alt	0.473118279569893	0.094908813173276
4579573|F|0-33:G>A-33:G>A	4	83.7856	4	174773032	4	168338726	alt	0.483870967741936	0.0368435293960284
4577947|F|0-29:T>C-29:T>C	4	84.9458	4	175342264	4	168922405	alt	0.497311827956989	0.499799436967876
4766275|F|0-60:C>T-60:C>T	4	85.5751	4	175856112	4	169358682	ref	0.489247311827957	0.0410260360957335
4586895|F|0-29:A>G-29:A>G	4	86.1568	4	177652269	4	171861135	ref	0.489247311827957	0.249799477193405
4583134|F|0-50:A>G-50:A>G	4	89.0232	4	181066754	4	175331001	ref	0.5	0.162479359933193
2410102|F|0-60:C>A-60:C>A	4	89.0232	4	181763289	4	175951886	ref	0.486486486486487	0.475569025619308
4580696|F|0-65:T>C-65:T>C	4	89.0232	4	181895501	4	176063553	alt	0.494623655913979	0.159022484085046
4775355|F|0-6:G>T-6:G>T	4	89.31	4	182204907	4	176364824	ref	0.489247311827957	0.907760961273883
2420012|F|0-46:C>A-46:C>A	4	89.31	4	182710055	4	176823365	ref	0.497311827956989	0.211450692331448
4580074|F|0-45:T>C-45:T>C	4	90.0973	4	182824606	4	176936051	alt	0.494594594594595	0.914672511053449
4586323|F|0-39:C>T-39:C>T	4	92.855	4	183853743	4	177901570	ref	0.497311827956989	0.339376502417677
4583327|F|0-31:A>G-31:A>G	4	103.3739	4	190687540	4	184745559	ref	0.481182795698925	0.38611775038491
2583306|F|0-56:G>A-56:G>A	4	104.7362	4	191591807	4	185607127	ref	0.486559139784946	0.1062526549345
7060626|F|0-24:A>G-24:A>G	4	105.0434	4	191827136	4	185839684	ref	0.491935483870968	0.912654539542409
2522624|F|0-28:C>T-28:C>T	4	105.3249	4	192606997	4	186618217	ref	0.475806451612903	0.43929652200499
2554247|F|0-37:T>C-37:T>C	4	106.1851	4	192898452	4	186903493	alt	0.483695652173913	0.171895324620107
4587979|F|0-10:C>G-10:C>G	4	107.0552	4	193595947	4	187515462	ref	0.475806451612903	0.619715595168681
4770926|F|0-5:G>C-5:G>C	4	108.5126	4	195436382	4	189304620	ref	0.5	0.759780825551785
4582833|F|0-46:C>G-46:C>G	4	108.8445	4	196191014	4	189942913	alt	0.481182795698925	0.521765182423908
4767805|F|0-22:C>A-22:C>A	4	109.1168	4	196335029	4	190286101	alt	0.481182795698925	0.38611775038491
7057385|F|0-9:G>A-9:G>A	4	109.4479	4	196450311	4	190347953	ref	0.483870967741936	0.748022231161506
4771972|F|0-53:A>G-53:A>G	4	111.0534	4	196876786	4	190976718	ref	0.467741935483871	0.125522680301493
2626164|F|0-62:G>C-62:G>C	4	113.6236	4	198597007	4	192612673	ref	0.486559139784946	0.874232778221061
9666742|F|0-29:C>T-29:C>T	4	114.3007	4	199362307	4	193272714	alt	0.467741935483871	0.456144225009472
4771727|F|0-42:T>C-42:T>C	4	115.4715	4	200162509	4	194474200	alt	0.473118279569893	0.577881125449419
4770915|F|0-34:A>G-34:A>G	4	115.4715	4	200354976	4	194787933	alt	0.497222222222222	0.404317202029039
4582813|F|0-18:C>A-18:C>A	4	115.4715	4	200374600	4	194828274	alt	0.483695652173913	0.691034715207807
4581910|F|0-50:G>A-50:G>A	4	117.1634	4	201189844	4	195466092	ref	0.491935483870968	0.802173702806343
4770600|F|0-34:G>T-34:G>T	4	118.8903	4	202882918	4	197409643	alt	0.494623655913979	0.888447634681452
7049076|F|0-20:C>A-20:C>A	4	122.0286	4	203685176	4	198414786	ref	0.494623655913979	0.888447634681452
2376053|F|0-43:A>G-43:A>G	4	122.5158	4	204716175	4	199689027	alt	0.494565217391304	0.0605462449807965
2375926|F|0-15:C>T-15:C>T	4	123.108	4	206173481	4	201140879	ref	0.494594594594595	0.705641014644214
9711925|F|0-22:G>A-22:G>A	4	123.5983	4	208250641	4	203127087	ref	0.472972972972973	0.139419170265756
4778735|F|0-31:C>T-31:C>T	4	124.1411	4	209462722	4	204054228	alt	0.478378378378378	0.619787638367294
4779579|F|0-46:G>A-46:G>A	4	124.1411	4	210197343	4	204565876	alt	0.473118279569893	0.0519751662124817
9708140|F|0-55:G>A-55:G>A	4	126.0099	4	213148691	4	207615331	ref	0.486338797814208	0.119025764542297
4582850|F|0-49:C>T-49:C>T	4	126.0099	4	213508979	4	208134773	alt	0.478142076502732	0.0708251593322779
9704234|F|0-12:G>A-12:G>A	4	128.3006	4	218219752	4	212983213	ref	0.497311827956989	0.952764903464587
4767956|F|0-31:C>G-31:C>G	4	128.7	4	218427675	4	213193081	ref	0.486187845303867	0.0430062923712612
2405978|F|0-28:G>A-28:G>A	4	129.1597	4	225171503	4	217497793	ref	0.472972972972973	0.510189541161003
9679553|F|0-53:C>G-53:C>G	4	129.9011	4	225320768	4	217615540	alt	0.486559139784946	0.736054132840265
2539586|F|0-11:C>T-11:C>T	4	129.9011	4	229382052	4	221197674	alt	0.491935483870968	0.478758425452881
2457280|F|0-13:C>T-13:C>T	4	129.9011	4	231203459	4	222850069	ref	0.489247311827957	0.701286544820265
4772384|F|0-41:A>G-41:A>G	4	130.8945	4	233373173	4	224643455	alt	0.491847826086957	0.0411629215051417
7049350|F|0-58:T>C-58:T>C	4	130.8945	4	234123113	4	224735575	ref	0.494623655913979	0.087085906624415
4766241|F|0-43:T>A-43:T>A	4	131.341	4	235094023	4	226691805	ref	0.483870967741936	0.748022231161506
4771449|F|0-39:T>C-39:T>C	4	131.622	4	236339319	4	227841974	alt	0.486559139784946	0.736054132840265
4583188|F|0-55:T>C-55:T>C	4	132.0922	4	238459317	4	230074717	alt	0.481182795698925	0.646951550257369
4580604|F|0-5:C>G-5:C>G	4	132.4281	4	239643136	4	231103307	alt	0.494594594594595	0.532735764190507
2466226|F|0-59:C>T-59:C>T	4	132.8981	4	239802028	4	231293629	ref	0.5	0.907760961273883
4770928|F|0-27:G>A-27:G>A	4	136.4768	4	244814462	4	237501724	ref	0.494594594594595	0.955093587475828
4766816|F|0-51:C>T-51:C>T	4	138.6494	4	246466665	4	239160023	ref	0.497311827956989	0.952764903464587
4583111|F|0-33:G>C-33:G>C	4	139.8882	4	246839763	3	144696203	alt	0.5	0.0545252757774352
2597641|F|0-40:T>C-40:T>C	4	141.3701	4	247529705	4	240212982	ref	0.494623655913979	0.577881125449419
9713824|F|0-22:G>T-22:G>T	4	142.8198	4	248698348	4	241494598	alt	0.483870967741936	0.815216892590299
4580975|F|0-26:T>C-26:T>C	4	144.3988	4	249273973	4	242065447	alt	0.489247311827957	0.149086917162304
2386824|F|0-62:C>T-62:C>T	4	148.9863	4	250843639	4	243364303	ref	0.475675675675676	0.629920182440321
2564259|F|0-9:T>C-9:T>C	4	153.5576	4	251738636	4	244317063	ref	0.483870967741936	0.815216892590299
4584457|F|0-12:A>T-12:A>T	4	155.0663	4	252256627	4	244659178	alt	0.461538461538462	0.289486976138103
4590400|F|0-12:G>T-12:G>T	4	156.1703	4	252324274	4	244759647	ref	0.462365591397849	0.344894698930182
4770497|F|0-27:C>T-27:C>T	4	158.6886	4	253327107	4	245619355	alt	0.462365591397849	0.266446809301152
4773377|F|0-23:G>A-23:G>A	4	161.2289	4	254245389	4	246562165	alt	0.467741935483871	0.418546308380413
7050071|F|0-12:C>T-12:C>T	4	162.1592	4	254571296	4	246861706	alt	0.46505376344086	0.0856925620826932
4579943|F|0-25:C>T-25:C>T	4	170.8086	4	256069505	4	248204736	ref	0.442622950819672	0.048577726095011
9712822|F|0-19:A>G-19:A>G	4	171.9329	4	256077578	4	248212846	ref	0.440860215053763	0.0566440831923019
4772519|F|0-31:G>A-31:G>A	4	173.9938	4	256794603	4	248929168	ref	0.456989247311828	0.192981434245681
4590893|F|0-10:T>G-10:T>G	5	0	5	773083	5	961663	alt	0.427027027027027	0.0193852416280871
4580290|F|0-6:C>T-6:C>T	5	1.5079	5	1216358	5	1369261	ref	0.432795698924731	0.0174504979177171
4578833|F|0-66:T>C-66:T>C	5	3.1174	5	1512303	5	1640700	alt	0.440217391304348	0.0359334394321764
4579192|F|0-9:A>G-9:A>G	5	5.7058	5	1842748	5	2156559	ref	0.448924731182796	0.120886495686852
2557745|F|0-13:G>A-13:G>A	5	5.9763	5	1870616	5	2180846	ref	0.443548387096774	0.0198538995808052
4776760|F|0-43:A>G-43:A>G	5	6.2901	5	1984816	5	2242592	alt	0.432795698924731	0.0174504979177171
2509734|F|0-44:C>T-44:C>T	5	11.5789	5	2641764	5	2925252	ref	0.43010752688172	0.0155874321227476
2433702|F|0-51:A>G-51:A>G	5	29.7574	5	5549870	5	5912663	ref	0.431693989071038	0.0236143278390496
2403069|F|0-38:G>A-38:G>A	5	35.916	5	6034031	5	6581294	alt	0.426229508196721	0.0181661243029268
4583073|F|0-44:G>A-44:G>A	5	38.2608	5	6136420	5	6807477	alt	0.43010752688172	0.0201767201610338
4582265|F|0-42:G>T-42:G>T	5	58.6997	5	9992084	5	11291362	ref	0.42741935483871	0.0198538995808052
4584673|F|0-13:T>C-13:T>C	5	61.496	5	11210699	5	12518058	alt	0.43010752688172	0.0239644739901181
2444011|F|0-15:G>T-15:G>T	5	64.3694	5	12527159	5	13804165	alt	0.423913043478261	0.0141100274848961
4773886|F|0-36:A>G-36:A>G	5	69.7082	5	14852899	5	16032966	ref	0.443548387096774	0.0894586747810248
16727410|F|0-6:A>G-6:A>G	5	72.7623	5	15636008	5	17057389	alt	0.454301075268817	0.211450692331448
2632008|F|0-27:C>A-27:C>A	5	75.8603	5	17059636	5	18742714	ref	0.454301075268817	0.178029421751036
4585542|F|0-19:C>G-19:C>G	5	77.5517	5	19168462	5	20480503	alt	0.454301075268817	0.178029421751036
4770893|F|0-17:G>A-17:G>A	5	78.545	5	19606574	5	20990781	ref	0.480446927374302	0.0248342699651887
7049238|F|0-22:C>G-22:C>G	5	79.0108	5	19772821	5	21129419	ref	0.451612903225806	0.173307436500254
4583854|F|0-53:G>A-53:G>A	5	79.5423	5	21428730	5	22946227	ref	0.440860215053763	0.0672778155974808
4779379|F|0-55:T>C-55:T>C	5	83.2858	5	35418246	5	36222847	ref	0.462365591397849	0.266446809301152
4583612|F|0-42:G>T-42:G>T	5	84.3243	5	44947183	5	45676800	ref	0.467213114754098	0.169784712132119
4770782|F|0-26:G>A-26:G>A	5	84.4026	5	49240599	5	50142042	ref	0.467567567567568	0.290795463028358
9703740|F|0-35:G>C-35:G>C	5	84.4026	5	49242053	5	50143496	alt	0.467741935483871	0.125522680301493
2430996|F|0-59:G>C-59:G>C	5	84.8405	5	51527714	5	52474455	ref	0.453804347826087	0.20566189620436
2567263|F|0-64:G>A-64:G>A	5	84.8405	5	51889480	5	53124180	ref	0.464088397790055	0.383443293080895
4771438|F|0-51:C>T-51:C>T	5	85.5021	5	55727787	5	57375774	ref	0.464673913043478	0.394811111934969
4768352|F|0-59:T>C-59:T>C	5	85.7979	5	56168905	5	57789470	alt	0.467391304347826	0.384227006181641
7060118|F|0-15:G>T-15:G>T	5	85.7979	5	57899592	5	59321437	alt	0.470430107526882	0.110922365621807
9688552|F|0-29:G>A-29:G>A	5	86.075	5	59767548	5	60986239	ref	0.483695652173913	0.41012046399123
4764568|F|0-13:T>C-13:T>C	5	86.3515	5	61746896	5	62644832	alt	0.467741935483871	0.192981434245681
16727628|F|0-23:G>A-23:G>A	5	86.3515	5	62775891	5	63490427	alt	0.486486486486487	0.629920182440321
7049689|F|0-49:A>G-49:A>G	5	86.3515	5	62915150	5	63657646	alt	0.46505376344086	0.137535808855372
9680519|F|0-31:G>C-31:G>C	5	86.3515	5	64149578	5	64863878	alt	0.464864864864865	0.40002980737372
4578088|F|0-9:A>G-9:A>G	5	86.3515	5	64839942	5	65488138	ref	0.46505376344086	0.137535808855372
2594170|F|0-43:C>T-43:C>T	5	86.3515	5	66401016	5	67178570	ref	0.470430107526882	0.354291801064451
4764263|F|0-31:T>C-31:T>C	5	86.3515	5	67393175	5	68088622	alt	0.478494623655914	0.0630743644746373
4770733|F|0-38:G>A-38:G>A	5	88.031	5	72275141	5	73156700	ref	0.454054054054054	0.183673676237225
4580883|F|0-30:G>A-30:G>A	5	88.3873	5	72699334	5	73706184	ref	0.456989247311828	0.192981434245681
5590100|F|0-38:G>T-38:G>T	5	88.602	5	72893807	5	73856203	ref	0.454301075268817	0.0449524264858237
2448259|F|0-62:C>A-62:C>A	5	88.602	5	75079596	5	76185226	ref	0.451612903225806	0.0733213659792948
4773059|F|0-27:A>T-27:A>T	5	88.602	5	75537819	5	76690113	ref	0.454054054054054	0.0790371062171528
2462206|F|0-39:T>C-39:T>C	5	88.602	5	75659609	5	76810544	alt	0.4375	0.0331203064877015
4774524|F|0-9:G>A-9:G>A	5	88.602	5	78174744	5	78711009	ref	0.461748633879781	0.185297553308291
4579865|F|0-24:A>G-24:A>G	5	88.602	5	78662855	5	79026874	ref	0.459677419354839	0.0634143871815634
4770703|F|0-27:T>A-27:T>A	5	89.7023	5	86242631	5	86096634	alt	0.464673913043478	0.0345920831157764
7049599|F|0-51:G>A-51:G>A	5	89.7023	5	90106644	5	89428656	ref	0.448648648648649	0.0773465380851276
2470714|F|0-31:C>T-31:C>T	5	89.7023	5	90487356	5	89812741	ref	0.467741935483871	0.0206153274247853
9693372|F|0-26:G>A-26:G>A	5	90.251	5	92810077	5	91741553	ref	0.467741935483871	0.0206153274247853
5587690|F|0-13:A>G-13:A>G	5	90.251	5	96122824	5	94458685	ref	0.475806451612903	0.619715595168681
4587552|F|0-43:A>C-43:A>C	5	90.251	5	98010477	5	96363310	ref	0.467741935483871	0.0410260360957335
4773642|F|0-40:C>A-40:C>A	5	90.251	5	137333864	5	136351386	ref	0.459677419354839	0.0190180720492025
2540084|F|0-33:G>A-33:G>A	5	90.251	5	143265355	5	142266854	ref	0.462365591397849	0.094908813173276
2508099|F|0-12:G>A-12:G>A	5	95.4207	5	147150460	5	145894478	alt	0.448484848484848	0.0722753081673079
2623150|F|0-9:G>A-9:G>A	5	100.2883	5	159267714	5	158038069	alt	0.442934782608696	0.0825323272126156
4776977|F|0-30:T>C-30:T>C	5	101.9667	5	160150563	5	158770810	ref	0.456756756756757	0.0132067525017318
4593947|F|0-10:G>C-10:G>C	5	105.3726	5	171463597	5	169766099	ref	0.46505376344086	0.0256993308963684
9700979|F|0-28:C>T-28:C>T	5	105.3726	5	171962905	5	170112683	ref	0.435135135135135	0.0203516234351053
4769641|F|0-29:G>T-29:G>T	5	105.3726	5	172913430	5	170957054	ref	0.462365591397849	0.0155874321227476
4583203|F|0-56:G>A-56:G>A	5	105.3726	5	173283528	5	171386208	ref	0.451612903225806	0.173307436500254
7049542|F|0-7:A>G-7:A>G	5	105.6434	5	174031172	5	172178616	ref	0.470430107526882	0.0332657877024605
4593832|F|0-33:C>T-33:C>T	5	105.9302	5	174907157	5	173108103	alt	0.464673913043478	0.0345920831157764
2436240|F|0-12:C>G-12:C>G	5	105.9302	5	175372649	5	173501306	alt	0.46505376344086	0.0256993308963684
4582804|F|0-41:A>C-41:A>C	5	110.4881	5	181834912	5	180980945	ref	0.481182795698925	0.262183752030587
2638048|F|0-12:C>T-12:C>T	5	110.4881	5	181849009	5	180992713	ref	0.461956521739131	0.329989101054725
4577562|F|0-26:C>T-26:C>T	5	110.7465	5	181900674	5	181063416	alt	0.475806451612903	0.220743764193297
2488338|F|0-8:T>C-8:T>C	5	111.286	5	182334862	5	181397917	ref	0.473118279569893	0.24448479734764
4586170|F|0-12:A>G-12:A>G	5	112.9481	5	184234443	5	183595751	alt	0.467741935483871	0.272238905589854
2437035|F|0-65:A>T-65:A>T	5	114.3244	5	184716242	5	184255028	alt	0.475806451612903	0.43929652200499
4584692|F|0-14:G>A-14:G>A	5	114.76	5	186137914	5	185755001	alt	0.469945355191257	0.370907238480135
4773290|F|0-34:G>A-34:G>A	5	114.76	5	186256871	5	185845780	ref	0.473118279569893	0.344894698930182
4772248|F|0-28:A>G-28:A>G	5	115.2342	5	186695566	5	186302389	ref	0.483783783783784	0.721064254540155
4580893|F|0-51:T>A-51:T>A	5	115.2342	5	186697246	5	186304069	ref	0.47027027027027	0.507439199908879
2592032|F|0-65:A>C-65:A>C	5	117.1887	5	188530906	5	188133195	alt	0.481081081081081	0.141698452393847
4578224|F|0-63:G>A-63:G>A	5	118.0415	5	189622969	5	189357093	ref	0.478494623655914	0.701286544820265
7059370|F|0-6:C>T-6:C>T	5	120.1995	5	190645343	5	190442868	alt	0.481182795698925	0.521765182423908
9698688|F|0-18:G>A-18:G>A	5	122.3034	5	191182408	5	191018103	ref	0.486559139784946	0.593626244102037
4774027|F|0-48:G>A-48:G>A	5	122.3034	5	191802503	5	191708941	alt	0.497252747252747	0.951752221643095
4583542|F|0-61:T>C-61:T>C	5	125.3258	5	193341876	5	193379233	alt	0.472375690607735	0.212306613962805
4580271|F|0-5:C>T-5:C>T	5	126.6532	5	193870429	5	193902210	ref	0.497311827956989	0.499799436967876
2593319|F|0-62:G>T-62:G>T	5	127.5487	5	195068596	5	195295378	ref	0.467741935483871	0.192981434245681
2498766|F|0-46:T>C-46:T>C	5	128.1184	5	195562002	5	195919965	ref	0.491935483870968	0.325089121586258
4591098|F|0-23:C>T-23:C>T	5	131.2506	5	196374322	5	196693508	alt	0.491935483870968	0.912654539542409
4770897|F|0-24:C>G-24:C>G	5	131.2506	5	196375433	5	196694612	alt	0.469945355191257	0.370907238480135
4589634|F|0-42:C>A-42:C>A	5	131.2506	5	197954688	5	198023211	ref	0.486559139784946	0.298293487617287
2574690|F|0-59:C>T-59:C>T	5	131.2506	5	198465752	5	198487368	ref	0.483783783783784	0.721064254540155
4593114|F|0-33:G>A-33:G>A	5	131.2506	5	198471942	5	198499201	ref	0.486559139784946	0.298293487617287
4769504|F|0-21:G>T-21:G>T	5	131.6984	5	198647363	5	198649619	alt	0.489130434782609	0.457211727974754
4580285|F|0-14:G>A-14:G>A	5	132.1382	5	204103023	5	204077146	alt	0.491935483870968	0.646951550257369
5583533|F|0-24:C>G-24:C>G	5	132.5803	5	204422862	5	204454242	alt	0.5	0.174503574053767
2425893|F|0-17:G>T-17:G>T	5	133.92	5	204736512	5	204704072	ref	0.483870967741936	0.344894698930182
9718075|F|0-23:G>C-23:G>C	5	134.593	5	205565005	5	205711175	alt	0.483783783783784	0.82094653184396
4577178|F|0-18:C>T-18:C>T	5	134.7824	5	205795499	5	205872561	ref	0.478494623655914	0.418546308380413
2442730|F|0-38:G>T-38:G>T	5	136.2856	5	207153054	5	207315031	ref	0.483870967741936	0.748022231161506
4589249|F|0-30:G>A-30:G>A	5	138.4205	5	208902812	5	208979472	alt	0.464285714285714	0.266022117762037
4773590|F|0-44:G>C-44:G>C	5	139.6876	5	209629367	5	209751235	ref	0.462162162162162	0.188705521261633
4579153|F|0-45:C>A-45:C>A	5	141.3681	5	210393936	5	210448397	ref	0.475806451612903	0.646951550257369
9717503|F|0-28:G>T-28:G>T	5	143.7145	5	212702003	5	212793150	ref	0.489130434782609	0.191632862294872
9708751|F|0-41:G>A-41:G>A	5	144.8382	5	213482685	5	213463996	ref	0.489247311827957	0.907760961273883
4583014|F|0-63:A>G-63:A>G	5	145.4151	5	214459662	5	214247267	alt	0.475806451612903	0.646951550257369
2458140|F|0-43:A>C-43:A>C	5	147.2881	5	214757324	5	214822491	alt	0.483333333333333	0.165298888221587
2419880|F|0-31:T>C-31:T>C	5	148.9825	5	214911576	5	214975904	ref	0.467741935483871	0.418546308380413
4583326|F|0-6:C>A-6:C>A	5	153.4892	5	216491763	5	216690039	alt	0.467741935483871	0.352392117686691
2439576|F|0-41:C>G-41:C>G	5	156.8291	5	216564766	5	216712101	ref	0.469613259668508	0.0253039294745176
4773747|F|0-11:T>A-11:T>A	5	161.5093	5	217615114	5	217891630	ref	0.470430107526882	0.262183752030587
2442635|F|0-30:G>T-30:G>T	5	161.5093	5	217887167	5	218117087	alt	0.467741935483871	0.272238905589854
2484298|F|0-18:A>G-18:A>G	5	162.6958	5	218840202	5	218958592	ref	0.456756756756757	0.0599938325117957
4766817|F|0-10:T>C-10:T>C	5	163.5946	5	219110022	5	219148851	alt	0.46505376344086	0.38611775038491
9699975|F|0-9:G>T-9:G>T	5	166.2213	5	219842044	5	219924687	ref	0.459677419354839	0.28573565692848
4591881|F|0-50:G>A-50:G>A	5	167.6516	5	220185547	5	220075121	alt	0.454301075268817	0.178029421751036
4774780|F|0-12:T>C-12:T>C	5	169.7154	5	221033216	5	220535983	ref	0.481081081081081	0.553279548853082
2559961|F|0-46:G>A-46:G>A	5	170.6314	5	221291330	5	220749982	alt	0.481182795698925	0.646951550257369
2442306|F|0-27:G>A-27:G>A	5	173.9476	5	221837797	5	221122034	ref	0.483870967741936	0.815216892590299
9698023|F|0-51:G>A-51:G>A	5	176.6321	5	222025685	5	221375356	ref	0.486486486486487	0.629920182440321
2485772|F|0-47:G>T-47:G>T	5	182.0501	5	223173707	5	222740210	ref	0.5	0.454018430323387
2384267|F|0-63:T>C-63:T>C	5	187.5525	5	223817189	5	223475299	alt	0.478494623655914	0.701286544820265
4772046|F|0-51:A>T-51:A>T	5	189.8614	5	224379941	5	223907069	alt	0.5	0.989304915330382
7060158|F|0-26:A>G-26:A>G	5	189.8614	5	224380438	5	223907571	ref	0.483870967741936	0.13388786092361
4582723|F|0-39:A>G-39:A>G	5	192.9067	5	225535854	5	225018910	alt	0.481182795698925	0.736054132840265
9707265|F|0-20:T>G-20:T>G	6	0	6	34301509	6	34321578	alt	0.448924731182796	0.017450497917717
2447639|F|0-13:G>T-13:G>T	6	2.9978	6	36639020	6	36575679	ref	0.448924731182796	0.0721482493518312
4584456|F|0-8:G>T-8:G>T	6	3.6657	6	44957807	6	44066827	alt	0.475	0.0257039369239386
9707702|F|0-31:T>C-31:T>C	6	4.8591	6	65147598	6	64424258	ref	0.443548387096774	0.0894586747810248
4775235|F|0-54:A>G-54:A>G	6	4.8591	6	65563134	6	64903099	alt	0.438172043010753	0.0395107380086477
4583574|F|0-24:G>A-24:G>A	6	4.8591	6	66120897	6	65182830	ref	0.448924731182796	0.120886495686852
4771159|F|0-66:G>A-66:G>A	6	4.8591	6	67411676	6	66881159	alt	0.446236559139785	0.105682936973725
4588416|F|0-63:G>T-63:G>T	6	4.8591	6	77958883	6	75661677	alt	0.443243243243243	0.0861770523016985
2523753|F|0-53:T>A-53:T>A	6	5.6921	6	84554757	6	82204524	ref	0.443548387096774	0.0894586747810248
7058166|F|0-7:C>G-7:C>G	6	6.2122	6	89807368	6	88103848	alt	0.440860215053763	0.0733213659792948
2433345|F|0-40:C>G-40:C>G	6	6.2122	6	93329406	6	91644549	ref	0.451612903225806	0.173307436500254
2602430|F|0-40:A>G-40:A>G	6	8.5366	6	96847476	6	95496753	alt	0.445945945945946	0.0626450713535947
4575883|F|0-8:T>C-8:T>C	6	10.94	6	97999914	6	96836774	ref	0.43010752688172	0.0201767201610338
4586923|F|0-8:G>A-8:G>A	6	12.7887	6	100057834	6	98705062	alt	0.438172043010753	0.0489904924045697
4773803|F|0-41:C>T-41:C>T	6	13.8427	6	101415191	6	100185105	alt	0.43010752688172	0.026117197063047
7049255|F|0-59:A>T-59:A>T	6	16.1884	6	104245968	6	103621251	ref	0.437837837837838	0.0173988467907562
2578398|F|0-12:C>A-12:C>A	6	20.8868	6	107733950	6	106796947	ref	0.448924731182796	0.0974947265363924
2440305|F|0-42:C>T-42:C>T	6	23.9237	6	111336744	6	112406802	alt	0.47027027027027	0.157875908157321
4767242|F|0-36:T>C-36:T>C	6	25.8359	6	114004126	6	112666867	alt	0.473118279569893	0.577881125449419
2453668|F|0-42:G>T-42:G>T	6	25.8359	6	114429099	6	113076498	alt	0.456989247311828	0.0687403198288364
4580844|F|0-28:C>G-28:C>G	6	26.3066	6	114554908	6	112967044	ref	0.467741935483871	0.352392117686691
2604407|F|0-51:A>C-51:A>C	6	28.0118	6	116088765	6	114828465	ref	0.478494623655914	0.541775686471234
2456053|F|0-29:G>A-29:G>A	6	29.2494	6	118677987	6	117473278	ref	0.467741935483871	0.456144225009472
4584319|F|0-36:G>A-36:G>A	6	29.5593	6	119559868	6	118456044	ref	0.467567567567568	0.173070880580873
4588174|F|0-18:C>A-18:C>A	6	32.9288	6	123425523	6	122237028	alt	0.486559139784946	0.593626244102037
7048909|F|0-16:G>A-16:G>A	6	34.4301	6	124475955	6	123380152	ref	0.5	0.544379803187306
4583535|F|0-32:G>C-32:G>C	6	35.6685	6	124711013	6	123756495	alt	0.497311827956989	0.675384501605916
9699837|F|0-17:G>A-17:G>A	6	36.2313	6	126484484	6	125761685	ref	0.497297297297297	0.455442189693754
9708019|F|0-23:G>A-23:G>A	6	36.7843	6	126690566	6	125977444	alt	0.497311827956989	0.211450692331448
4774095|F|0-20:T>C-20:T>C	6	36.7843	6	126691341	6	125978219	alt	0.494594594594595	0.955093587475828
2386619|F|0-32:T>A-32:T>A	6	37.8781	6	127697931	6	127199527	ref	0.5	0.764282950516115
7061218|F|0-41:A>G-41:A>G	6	40.1619	6	129614949	6	129052950	ref	0.494623655913979	0.266446809301152
2596456|F|0-46:C>T-46:C>T	6	41.1733	6	131497617	6	130946616	ref	0.491935483870968	0.202548848665534
4767212|F|0-31:A>G-31:A>G	6	42.1314	6	133437068	6	132737286	alt	0.486486486486487	0.816520954817858
4773275|F|0-25:C>G-25:C>G	6	42.404	6	134938332	6	134077170	ref	0.494623655913979	0.888447634681452
4771662|F|0-9:C>T-9:C>T	6	42.9643	6	138937112	6	138003073	alt	0.489247311827957	0.701286544820265
9710865|F|0-24:C>T-24:C>T	6	47.1296	6	140105576	6	139143795	alt	0.445652173913043	0.0383550313112507
4583167|F|0-36:C>G-36:C>G	6	55.9492	6	151264258	6	149958592	alt	0.467567567567568	0.249951973272075
2596923|F|0-22:T>C-22:T>C	6	56.6249	6	151366234	6	150029791	ref	0.464864864864865	0.254038291276079
4773438|F|0-31:A>T-31:A>T	6	57.5834	6	154015610	6	152446005	alt	0.470430107526882	0.499799436967876
4583473|F|0-25:C>T-25:C>T	6	57.5834	6	155301382	6	153633656	alt	0.456989247311828	0.149086917162304
2469423|F|0-40:C>A-40:C>A	6	57.8604	6	159934211	6	153902868	alt	0.462365591397849	0.344894698930182
4581551|F|0-24:C>A-24:C>A	6	58.7596	6	161299522	6	155436733	ref	0.464673913043478	0.23431545890856
9705354|F|0-13:G>A-13:G>A	6	59.0386	6	161319346	6	155487657	alt	0.473118279569893	0.446439398775816
4581818|F|0-35:C>G-35:C>G	6	60.8439	6	162275123	6	156444881	ref	0.462365591397849	0.316466580310655
2532553|F|0-49:T>G-49:T>G	6	60.8439	6	162280043	6	156449605	alt	0.448648648648649	0.132798953941293
2570376|F|0-55:C>T-55:C>T	6	61.9972	6	164082402	6	158522036	ref	0.462365591397849	0.266446809301152
4582822|F|0-44:G>T-44:G>T	6	67.06	6	166789657	6	161389306	ref	0.443243243243243	0.0899853762371477
7049276|F|0-17:C>G-17:C>G	6	67.4831	6	166789715	6	161389364	ref	0.443548387096774	0.0894586747810248
4583067|F|0-56:T>C-56:T>C	6	68.8883	6	167556400	6	161993348	ref	0.42972972972973	0.0252639101383975
4585972|F|0-33:C>T-33:C>T	6	68.8883	6	167706513	6	162212024	ref	0.437837837837838	0.0559227623637209
2435435|F|0-56:A>G-56:A>G	6	68.8883	6	167808140	6	162322736	ref	0.443243243243243	0.0899853762371477
4582538|F|0-13:C>T-13:C>T	6	68.8883	6	168141022	6	162654180	alt	0.448924731182796	0.137535808855372
2464193|F|0-11:G>A-11:G>A	6	69.7233	6	168759191	6	163330368	alt	0.440860215053763	0.0566440831923019
2380093|F|0-53:G>A-53:G>A	6	70.8602	6	169400520	6	163831204	ref	0.454301075268817	0.178029421751036
2533366|F|0-23:A>T-23:A>T	6	71.1463	6	169887520	6	164265104	ref	0.440860215053763	0.0672778155974808
4581974|F|0-54:A>G-54:A>G	6	71.4296	6	169928074	6	164321978	alt	0.470430107526882	0.499799436967876
4584494|F|0-10:A>T-10:A>T	6	71.9923	6	170067388	6	164432178	ref	0.454301075268817	0.178029421751036
4583215|F|0-29:C>T-29:C>T	6	72.3096	6	170348785	6	164667688	alt	0.462365591397849	0.344894698930182
4776557|F|0-47:C>T-47:C>T	6	72.3096	6	170901025	6	165277711	alt	0.456989247311828	0.192981434245681
9705058|F|0-13:G>T-13:G>T	6	76.0981	6	172926782	6	166897010	ref	0.462365591397849	0.316466580310655
4771733|F|0-42:C>T-42:C>T	6	77.9282	6	173245209	6	167120738	ref	0.454301075268817	0.143580386629878
2377110|F|0-41:A>G-41:A>G	6	83.3794	6	175586925	6	169254486	ref	0.454301075268817	0.0449524264858237
2430774|F|0-64:C>T-64:C>T	6	88.3176	6	176122213	6	169769090	alt	0.472677595628415	0.364876360437654
7061757|F|0-52:G>T-52:G>T	6	96.5373	6	177347596	6	171074110	ref	0.462365591397849	0.316466580310655
4774368|F|0-28:A>C-28:A>C	6	101.9105	6	178009451	6	171800828	ref	0.481182795698925	0.768403064287479
2468430|F|0-23:G>A-23:G>A	6	106.1682	6	179207560	6	173155177	alt	0.483783783783784	0.448116201118646
2562309|F|0-30:A>G-30:A>G	6	108.8601	6	179451527	6	173371580	ref	0.478494623655914	0.541775686471234
4578964|F|0-49:A>T-49:A>T	6	109.8663	6	179645414	6	173524506	alt	0.467741935483871	0.418546308380413
4772609|F|0-37:A>G-37:A>G	6	113.6056	6	179958126	6	173796865	alt	0.473118279569893	0.24448479734764
4582239|F|0-40:A>T-40:A>T	6	116.4726	6	180840168	6	174636928	ref	0.46505376344086	0.202548848665534
2461491|F|0-54:G>A-54:G>A	6	116.7116	6	180896723	6	174718163	ref	0.462365591397849	0.344894698930182
4583563|F|0-22:G>C-22:G>C	6	116.8961	6	181130873	6	174952251	ref	0.467741935483871	0.456144225009472
9714907|F|0-6:G>C-6:G>C	6	118.2433	6	181368115	6	175189481	ref	0.439226519337017	0.0370465477211707
2485248|F|0-7:A>G-7:A>G	6	119.7067	6	181513476	6	175322932	alt	0.464864864864865	0.40002980737372
4582497|F|0-43:A>G-43:A>G	6	136.5372	6	185117188	6	178557287	alt	0.475806451612903	0.0786293096544757
4577733|F|0-62:T>C-62:T>C	6	140.4266	6	185829789	6	179360061	ref	0.475675675675676	0.0340106665645071
4583598|F|0-36:G>A-36:G>A	7	0	7	1475337	7	1399876	alt	0.5	0.989304915330382
2402369|F|0-60:C>G-60:C>G	7	2.7937	7	2139152	7	2082423	alt	0.491935483870968	0.912654539542409
4584974|F|0-44:G>C-44:G>C	7	8.1694	7	2646152	7	2412453	alt	0.481182795698925	0.521765182423908
9715819|F|0-38:A>G-38:A>G	7	12.3429	7	3057414	7	2848465	alt	0.491935483870968	0.646951550257369
4773115|F|0-41:C>T-41:C>T	7	18.4348	7	3459609	7	3279817	alt	0.5	0.721064254540155
2627929|F|0-60:C>T-60:C>T	7	28.2888	7	5254512	7	5109660	ref	0.489247311827957	0.832938308547367
4584815|F|0-24:T>C-24:T>C	7	31.3622	7	5678671	7	5283270	alt	0.494623655913979	0.748022231161507
2539853|F|0-36:T>C-36:T>C	7	39.2481	7	8388277	7	7730136	alt	0.497311827956989	0.952764903464587
4584386|F|0-40:C>G-40:C>G	7	42.2294	7	8756800	7	8223748	alt	0.494565217391304	0.204547200316227
4584420|F|0-9:G>T-9:G>T	7	49.218	7	14479271	7	14188778	ref	0.486559139784946	0.837428531171625
9691580|F|0-38:G>A-38:G>A	7	55.2227	7	16241253	7	15817516	alt	0.472972972972973	0.107557495801285
9687360|F|0-6:T>C-6:T>C	7	58.7288	7	17625978	7	17122643	ref	0.467741935483871	0.456144225009472
2571313|F|0-11:T>C-11:T>C	7	59.8622	7	18193385	7	17805712	ref	0.467741935483871	0.352392117686691
4772941|F|0-16:A>C-16:A>C	7	60.6684	7	18588565	7	17979770	alt	0.46448087431694	0.285332999736851
4588651|F|0-21:G>T-21:G>T	7	60.6684	7	18786269	7	18195574	alt	0.473118279569893	0.530248983716829
4778821|F|0-53:A>G-53:A>G	7	62.2099	7	22823933	7	22064112	alt	0.470430107526882	0.43929652200499
2484008|F|0-33:G>A-33:G>A	7	62.2099	7	23232464	7	22382633	ref	0.472972972972973	0.219541013071149
4577996|F|0-35:C>T-35:C>T	7	64.019	7	25955973	7	24845103	ref	0.470430107526882	0.354291801064451
100002839|F|0-52:T>C-52:T>C	7	64.019	7	28098130	7	27386207	alt	0.483695652173913	0.556016937681773
2397919|F|0-38:A>G-38:A>G	7	64.019	7	29095183	7	28561133	alt	0.470430107526882	0.354291801064451
4774530|F|0-32:C>T-32:C>T	7	64.019	7	32870464	7	32438016	ref	0.461956521739131	0.233045459538761
4593047|F|0-5:T>G-5:T>G	7	64.019	7	33193877	7	32856838	ref	0.470430107526882	0.354291801064451
2462324|F|0-33:C>T-33:C>T	7	64.8356	7	48764293	7	49113014	alt	0.459677419354839	0.28573565692848
4584101|F|0-63:A>G-63:A>G	7	64.8356	7	53188616	7	53979374	alt	0.481182795698925	0.262183752030587
4586377|F|0-29:A>G-29:A>G	7	64.8356	7	83079603	7	86656874	ref	0.485955056179775	0.172315709161684
4765437|F|0-31:G>C-31:G>C	7	64.8356	7	85226486	7	88683821	alt	0.470430107526882	0.262183752030587
4585815|F|0-58:A>G-58:A>G	7	64.8356	7	94357496	7	97879943	alt	0.475806451612903	0.619715595168681
7049295|F|0-50:T>A-50:T>A	7	65.6525	7	102841387	7	105762303	ref	0.467741935483871	0.418546308380413
4770847|F|0-51:T>A-51:T>A	7	65.6525	7	107556580	7	110025953	alt	0.477142857142857	0.303786972542985
2401164|F|0-65:A>G-65:A>G	7	67.0234	7	110903117	7	112629401	ref	0.483870967741936	0.629792051292316
2456170|F|0-21:G>C-21:G>C	7	69.0481	7	115072587	7	117181078	alt	0.489247311827957	0.907760961273883
4582053|F|0-16:C>T-16:C>T	7	70.3151	7	118255651	7	119860562	ref	0.481182795698925	0.521765182423908
4584597|F|0-17:T>G-17:T>G	7	71.6206	7	120514585	7	122708400	ref	0.454054054054054	0.0636692188311409
2510684|F|0-5:T>A-5:T>A	7	72.1985	7	120711876	7	122849333	ref	0.470430107526882	0.521765182423908
4773583|F|0-17:T>G-17:T>G	7	75.8906	7	123737095	7	125771309	ref	0.473118279569893	0.530248983716829
4765137|F|0-40:C>T-40:C>T	7	76.1677	7	124459210	7	126385500	alt	0.472826086956522	0.19584440587173
2444019|F|0-5:A>G-5:A>G	7	76.1677	7	124662820	7	126574598	ref	0.470430107526882	0.43929652200499
2474843|F|0-54:A>C-54:A>C	7	79.3005	7	126950542	7	128952086	alt	0.462365591397849	0.316466580310655
4577406|F|0-25:C>G-25:C>G	7	84.0559	7	127898327	7	130001214	alt	0.483606557377049	0.517642750577246
4773898|F|0-60:C>T-60:C>T	7	91.5927	7	129020011	7	131735278	alt	0.464673913043478	0.304155136197371
9708774|F|0-38:C>A-38:C>A	7	92.6597	7	129568092	7	132223826	alt	0.462365591397849	0.344894698930182
4772167|F|0-32:T>C-32:T>C	7	97.2101	7	132502829	7	135309681	ref	0.454301075268817	0.143580386629878
9715803|F|0-42:G>A-42:G>A	7	103.2793	7	134748649	7	137426911	alt	0.473118279569893	0.24448479734764
2426931|F|0-46:A>T-46:A>T	7	105.8537	7	135865691	7	138501024	alt	0.46505376344086	0.202548848665534
2491139|F|0-64:T>C-64:T>C	7	108.5689	7	137949470	7	140631127	ref	0.497311827956989	0.994638082586014
4764759|F|0-55:G>A-55:G>A	7	109.0655	7	138185422	7	140874619	ref	0.481182795698925	0.38611775038491
2385490|F|0-49:C>T-49:C>T	7	111.9864	7	140412522	7	143198030	ref	0.475806451612903	0.43929652200499
100009843|F|0-6:T>C-6:T>C	7	113.8334	7	142649706	7	145178122	ref	0.486559139784946	0.837428531171625
2478790|F|0-12:A>T-12:A>T	7	114.4983	7	143246599	7	145924229	ref	0.491847826086957	0.255602842721344
7049281|F|0-60:C>T-60:C>T	7	114.8396	7	144109822	7	147106809	ref	0.481182795698925	0.646951550257369
4579420|F|0-63:C>G-63:C>G	7	115.9759	7	146336529	7	149015682	alt	0.475806451612903	0.544696303063967
4587611|F|0-6:T>A-6:T>A	7	116.0576	7	146654668	7	149475550	alt	0.464673913043478	0.165478658609774
2457877|F|0-49:A>G-49:A>G	7	116.3424	7	147477918	7	150340579	alt	0.478494623655914	0.418546308380413
4772090|F|0-34:C>T-34:C>T	7	116.9898	7	148985388	7	151865118	ref	0.481182795698925	0.736054132840265
4578400|F|0-51:G>A-51:G>A	7	117.2611	7	150516504	7	153524431	alt	0.473118279569893	0.577881125449419
4773208|F|0-25:G>A-25:G>A	7	117.2611	7	150955631	7	153813206	ref	0.472677595628415	0.364876360437654
4771437|F|0-35:G>A-35:G>A	7	117.339	7	150955841	7	153780532	ref	0.470430107526882	0.262183752030587
2456772|F|0-23:G>C-23:G>C	7	117.6156	7	150957939	7	153815720	alt	0.467567567567568	0.173070880580873
7049420|F|0-45:G>A-45:G>A	7	118.254	7	152090645	7	155025652	alt	0.475806451612903	0.619715595168681
4590380|F|0-40:C>T-40:C>T	7	118.254	7	153322440	7	156175555	alt	0.467741935483871	0.418546308380413
4777880|F|0-5:A>G-5:A>G	7	119.634	7	158216060	7	160841672	alt	0.473118279569893	0.344894698930182
9712329|F|0-57:C>T-57:C>T	7	119.634	7	158252317	7	160877928	ref	0.467741935483871	0.456144225009472
2581778|F|0-15:A>G-15:A>G	7	120.3536	7	159803435	7	162225385	alt	0.473118279569893	0.446439398775816
4592935|F|0-60:T>A-60:T>A	7	121.2022	7	162097535	7	164531412	ref	0.475806451612903	0.544696303063967
2604427|F|0-12:A>T-12:A>T	7	121.7109	7	162729258	7	165181552	alt	0.475675675675676	0.408773283952618
2516640|F|0-15:C>T-15:C>T	7	123.4513	7	164073915	7	166627734	alt	0.462365591397849	0.344894698930182
9713543|F|0-22:C>T-22:C>T	7	125.1576	7	165275895	7	167771036	alt	0.46505376344086	0.339376502417677
2532070|F|0-64:A>C-64:A>C	7	125.5611	7	165823335	7	168447300	alt	0.467741935483871	0.272238905589854
2536527|F|0-27:T>A-27:T>A	7	126.5034	7	166303167	7	168907746	alt	0.456989247311828	0.249799477193405
9702438|F|0-7:A>T-7:A>T	7	129.4633	7	168502516	7	170709674	ref	0.459677419354839	0.28573565692848
7059146|F|0-30:A>G-30:A>G	7	132.2168	7	169394881	7	171354808	ref	0.456989247311828	0.249799477193405
2445150|F|0-43:C>T-43:C>T	7	134.7868	7	170450016	7	172266167	alt	0.464864864864865	0.391473349823919
4592847|F|0-32:C>A-32:C>A	7	135.1241	7	170472531	7	172279745	alt	0.475806451612903	0.619715595168681
4773959|F|0-33:A>G-33:A>G	7	137.0345	7	171956122	7	173775823	ref	0.481182795698925	0.38611775038491
2418053|F|0-46:G>A-46:G>A	7	141.241	7	172791232	7	174595795	alt	0.473118279569893	0.446439398775816
2390925|F|0-36:C>A-36:C>A	7	141.241	7	172807693	7	174632956	alt	0.478494623655914	0.541775686471234
9705933|F|0-68:T>C-68:T>C	7	142.6783	7	173220596	7	175030635	ref	0.480978260869565	0.694800562671903
4581109|F|0-5:A>T-5:A>T	7	144.1486	7	174006271	7	175804482	alt	0.481182795698925	0.736054132840265
4584822|F|0-54:T>C-54:T>C	7	146.6843	7	174324981	7	176041261	alt	0.475675675675676	0.629920182440321
4592214|F|0-23:G>T-23:G>T	7	149.8188	7	174491181	7	176253617	alt	0.491891891891892	0.890282708927171
2539376|F|0-28:T>C-28:T>C	7	161.8243	7	176353566	7	178196663	alt	0.489189189189189	0.736824601157433
4770932|F|0-38:C>G-38:C>G	7	165.7926	7	177479909	7	179339946	alt	0.447802197802198	0.115401184652568
4593485|F|0-62:C>T-62:C>T	7	167.531	7	177556029	7	179443339	ref	0.473118279569893	0.344894698930182
7048914|F|0-41:A>T-41:A>T	7	170.3755	7	178141397	7	180075531	ref	0.473118279569893	0.446439398775816
2461041|F|0-46:G>T-46:G>T	7	170.3755	7	178214215	7	180107006	ref	0.475806451612903	0.544696303063967
4770264|F|0-66:C>T-66:C>T	7	171.5536	7	178384623	7	180307503	alt	0.473118279569893	0.530248983716829
2474041|F|0-34:A>G-34:A>G	7	172.269	7	178842197	7	180765706	alt	0.462365591397849	0.316466580310655
2431611|F|0-65:C>T-65:C>T	7	178.2417	7	180055631	7	181841837	ref	0.451612903225806	0.173307436500254
4578632|F|0-58:A>G-58:A>G	7	181.6882	7	180500870	7	182262777	alt	0.497222222222222	0.259240260645892
7059414|F|0-8:G>A-8:G>A	7	181.6882	7	180661224	7	182451045	ref	0.446236559139785	0.115176410393256
7047100|F|0-20:T>C-20:T>C	7	185.4593	7	181556476	7	183322840	alt	0.456989247311828	0.0687403198288364
2471700|F|0-41:G>A-41:G>A	7	188.1799	7	181968377	7	183674564	alt	0.448648648648649	0.102450207555596
2565813|F|0-57:G>A-57:G>A	7	189.7786	7	182490870	7	184177813	ref	0.454301075268817	0.178029421751036
4771709|F|0-33:A>G-33:A>G	8	0	8	3999719	8	4101178	ref	0.443548387096774	0.0933903048184557
4779170|F|0-19:C>T-19:C>T	8	1.5105	8	4849318	8	4965136	alt	0.453804347826087	0.20566189620436
7047754|F|0-27:T>C-27:T>C	8	2.117	8	4943448	8	5062032	ref	0.443548387096774	0.0634143871815634
4584344|F|0-20:G>A-20:G>A	8	2.4398	8	5567927	8	5536812	ref	0.454054054054054	0.0790371062171528
4577950|F|0-12:G>T-12:G>T	8	3.9583	8	6309039	8	6262213	ref	0.448648648648649	0.124458396474819
2422033|F|0-17:T>C-17:T>C	8	5.4773	8	6488709	8	6465416	ref	0.440860215053763	0.0566440831923019
4773688|F|0-25:G>C-25:G>C	8	8.5367	8	8522140	8	8138590	ref	0.445355191256831	0.0336847393483599
2501621|F|0-39:A>G-39:A>G	8	8.5367	8	8830771	8	8515601	ref	0.440540540540541	0.0683042161949845
7049359|F|0-8:C>T-8:C>T	8	11.2138	8	9532210	8	9250394	alt	0.451351351351351	0.162201008624681
4773198|F|0-68:C>T-68:C>T	8	12.3508	8	10347807	8	10264063	alt	0.456989247311828	0.0410260360957335
2462600|F|0-50:C>G-50:C>G	8	25.3698	8	14079249	8	13769486	alt	0.451086956521739	0.164581757512729
9712176|F|0-9:A>T-9:A>T	8	31.3637	8	14571549	8	14005255	ref	0.454301075268817	0.0256993308963684
4769546|F|0-29:A>C-29:A>C	8	32.3257	8	15655868	8	15036301	alt	0.456756756756757	0.114765442392998
4578134|F|0-17:T>C-17:T>C	8	34.4558	8	18614361	8	17929993	ref	0.470430107526882	0.178029421751036
2410846|F|0-28:G>T-28:G>T	8	40.0939	8	19957125	8	19518379	alt	0.451612903225806	0.13388786092361
9710513|F|0-10:C>G-10:C>G	8	46.9477	8	21239622	8	20694026	ref	0.461748633879781	0.102698652368619
3039623|F|0-43:T>G-43:T>G	8	51.9367	8	21565680	8	21302219	ref	0.459677419354839	0.101779533977145
4775903|F|0-13:C>T-13:C>T	8	52.6063	8	22093542	8	21892741	ref	0.443243243243243	0.0899853762371477
4579312|F|0-9:T>C-9:T>C	8	52.9123	8	22775817	8	22457655	ref	0.459677419354839	0.101779533977145
100002481|F|0-44:C>G-44:C>G	8	54.0318	8	27737794	8	27576686	ref	0.453804347826087	0.122057764162085
7057260|F|0-60:G>A-60:G>A	8	54.3567	8	41982104	8	41940757	ref	0.454301075268817	0.178029421751036
4771609|F|0-28:G>A-28:G>A	8	54.6773	8	54380977	8	54526813	alt	0.454301075268817	0.0449524264858237
4591155|F|0-5:G>A-5:G>A	8	54.6773	8	58476239	8	58588776	ref	0.451612903225806	0.0733213659792948
7061508|F|0-21:C>T-21:C>T	8	54.6773	8	63129418	8	63621280	ref	0.454301075268817	0.0449524264858237
7049591|F|0-47:C>T-47:C>T	8	54.6773	8	63632318	8	64067147	ref	0.461748633879781	0.299716565438026
2380713|F|0-41:T>A-41:T>A	8	55.0383	8	64667214	8	65068609	ref	0.454301075268817	0.0449524264858237
9702132|F|0-65:A>T-65:A>T	8	55.0383	8	64922712	8	65324110	ref	0.43956043956044	0.0634031484776173
4778223|F|0-21:A>G-21:A>G	8	55.0383	8	65621227	8	66004049	ref	0.456989247311828	0.0410260360957335
2551074|F|0-13:C>A-13:C>A	8	55.0383	8	65986303	8	66369104	ref	0.459239130434783	0.29121435956747
4778402|F|0-68:G>C-68:G>C	8	55.0383	8	67756478	8	67930333	alt	0.454301075268817	0.0449524264858237
2475377|F|0-60:A>C-60:A>C	8	55.0383	8	68669460	8	68994263	ref	0.448087431693989	0.135705557378692
4577065|F|0-54:G>T-54:G>T	8	55.736	8	73852773	8	72966943	ref	0.451086956521739	0.0579702061807569
4775874|F|0-9:T>G-9:T>G	8	55.736	8	77570987	8	76552299	ref	0.450549450549451	0.166758471611707
2579460|F|0-35:C>T-35:C>T	8	56.7258	8	77572800	8	76554074	alt	0.448924731182796	0.0489904924045697
2480910|F|0-34:A>G-34:A>G	8	57.014	8	78152690	8	77205955	ref	0.459239130434783	0.266961140088745
16728198|F|0-33:G>C-33:G>C	8	57.014	8	80653135	8	79789392	ref	0.464864864864865	0.0960157303386492
4583497|F|0-37:T>C-37:T>C	8	57.2954	8	89124540	8	89477667	alt	0.456989247311828	0.105682936973725
4579549|F|0-44:C>T-44:C>T	8	57.5817	8	91610473	8	92273028	alt	0.456284153005465	0.112081993561091
4773812|F|0-10:A>G-10:A>G	8	57.6272	8	96691189	8	97459570	alt	0.472972972972973	0.176853701668089
9684972|F|0-32:G>C-32:G>C	8	57.6272	8	97063182	8	97869033	alt	0.462365591397849	0.20584225390236
4583752|F|0-7:T>C-7:T>C	8	60.0268	8	102173767	8	103145819	alt	0.451351351351351	0.173070880580873
2409353|F|0-16:C>T-16:C>T	8	61.0196	8	104698788	8	105581739	ref	0.467741935483871	0.418546308380413
4592165|F|0-22:G>C-22:G>C	8	63.132	8	111727937	8	112763968	ref	0.475806451612903	0.43929652200499
7060235|F|0-38:A>C-38:A>C	8	63.7072	8	112787723	8	113729554	ref	0.485955056179775	0.172315709161684
2597024|F|0-49:G>C-49:G>C	8	63.7072	8	112789023	8	113730849	ref	0.473118279569893	0.446439398775816
4777676|F|0-50:A>G-50:A>G	8	64.2753	8	113689849	8	115218104	ref	0.473118279569893	0.446439398775816
2457605|F|0-18:C>T-18:C>T	8	64.2753	8	114803544	8	116157599	alt	0.470430107526882	0.521765182423908
4580047|F|0-23:T>A-23:T>A	8	64.5507	8	115650032	8	116991998	alt	0.475675675675676	0.629920182440321
4776180|F|0-31:T>C-31:T>C	8	64.5507	8	116062996	8	117405018	ref	0.475806451612903	0.544696303063967
4582104|F|0-49:T>C-49:T>C	8	64.8258	8	117688337	8	118909795	ref	0.478494623655914	0.541775686471234
4581699|F|0-42:T>C-42:T>C	8	65.3804	8	118608026	8	119990958	alt	0.483870967741936	0.629792051292316
2380530|F|0-53:C>T-53:C>T	8	65.5238	8	118745339	8	120138446	ref	0.491935483870968	0.646951550257369
9679215|F|0-62:G>A-62:G>A	8	65.5238	8	119048578	8	120439234	alt	0.470430107526882	0.521765182423908
4581976|F|0-25:A>T-25:A>T	8	66.4101	8	120211065	8	121484149	alt	0.486559139784946	0.736054132840265
4584475|F|0-50:A>G-50:A>G	8	66.7051	8	121620868	8	122775577	alt	0.491935483870968	0.912654539542409
7062070|F|0-12:T>A-12:T>A	8	67.4535	8	122025433	8	123010981	ref	0.481182795698925	0.736054132840265
2520101|F|0-5:G>A-5:G>A	8	67.4535	8	122217856	8	123364790	ref	0.475806451612903	0.619715595168681
2388429|F|0-60:C>A-60:C>A	8	67.4535	8	122535813	8	123664536	alt	0.483870967741936	0.748022231161506
4585941|F|0-38:G>A-38:G>A	8	67.6269	8	123949346	8	125156168	ref	0.486559139784946	0.736054132840265
4583170|F|0-10:C>T-10:C>T	8	67.9619	8	124126570	8	125333906	alt	0.483516483516484	0.478899873268632
2382472|F|0-34:A>G-34:A>G	8	67.9619	8	125589073	8	126501529	ref	0.497297297297297	0.970707851571928
2421064|F|0-36:C>G-36:C>G	8	69.1927	8	127364452	8	128376089	alt	0.481182795698925	0.768403064287479
4771052|F|0-35:A>G-35:A>G	8	69.4635	8	127535749	8	128499274	ref	0.481182795698925	0.736054132840265
2584433|F|0-5:A>C-5:A>C	8	70.1707	8	127546849	8	128510490	ref	0.475409836065574	0.0226042466307808
4582233|F|0-8:A>G-8:A>G	8	70.1707	8	129371537	8	130585668	ref	0.5	0.139419170265756
4772571|F|0-14:C>T-14:C>T	8	70.6432	8	130560747	8	131931346	ref	0.478494623655914	0.643482649474039
4584753|F|0-56:T>G-56:T>G	8	70.6432	8	131225595	8	132339590	alt	0.491891891891892	0.17590031475588
4773277|F|0-54:T>A-54:T>A	8	70.6432	8	132166754	8	133085721	alt	0.470430107526882	0.43929652200499
4772264|F|0-32:C>T-32:C>T	8	70.9663	8	132424257	8	133360526	ref	0.47554347826087	0.490683225288737
4580645|F|0-63:C>T-63:C>T	8	72.0731	8	134003258	8	135182714	alt	0.486559139784946	0.837428531171625
4581859|F|0-52:G>C-52:G>C	8	72.5705	8	134563029	8	135785976	ref	0.491935483870968	0.802173702806343
7060392|F|0-50:A>G-50:A>G	8	73.1459	8	135937033	8	137177823	ref	0.483870967741936	0.748022231161506
4772637|F|0-39:C>T-39:C>T	8	73.6788	8	137296546	8	138669500	ref	0.475675675675676	0.408773283952618
2435451|F|0-20:T>C-20:T>C	8	74.2687	8	137919887	8	139361432	ref	0.483783783783784	0.803386854987637
4765186|F|0-6:G>A-6:G>A	8	74.5573	8	140916507	8	142493505	ref	0.5	0.590443269206387
4583176|F|0-12:G>C-12:G>C	8	76.7001	8	142204315	8	143842831	ref	0.489189189189189	0.499276816481919
2532253|F|0-33:G>A-33:G>A	8	77.9141	8	144367492	8	146077407	ref	0.497311827956989	0.837428531171625
4582420|F|0-20:C>G-20:C>G	8	79.5117	8	148772608	8	149862734	alt	0.497311827956989	0.675384501605916
4593195|F|0-21:A>G-21:A>G	8	80.449	8	149490754	8	150432453	alt	0.489247311827957	0.541775686471234
4777524|F|0-21:A>G-21:A>G	8	80.7721	8	150276827	8	151330693	alt	0.489189189189189	0.219541013071149
9708583|F|0-32:A>T-32:A>T	8	81.3411	8	151328646	8	152354244	ref	0.486559139784946	0.593626244102037
2479230|F|0-51:A>G-51:A>G	8	81.3411	8	151662303	8	152683953	ref	0.494565217391304	0.488023702140795
4580279|F|0-46:A>T-46:A>T	8	83.2846	8	152526029	8	153688398	ref	0.486559139784946	0.736054132840265
4583802|F|0-48:A>G-48:A>G	8	83.2846	8	152696666	8	153828804	ref	0.489247311827957	0.701286544820265
9693350|F|0-33:A>G-33:A>G	8	83.2846	8	152707986	8	153840881	alt	0.494623655913979	0.968256677143911
4581844|F|0-59:C>T-59:C>T	8	83.8366	8	153251305	8	154266913	ref	0.491935483870968	0.952764903464587
4771077|F|0-33:G>A-33:G>A	8	84.3909	8	153935820	8	154806584	ref	0.497311827956989	0.952764903464587
2428597|F|0-57:C>G-57:C>G	8	85.8135	8	154744154	8	155588872	ref	0.489247311827957	0.701286544820265
4771628|F|0-20:T>C-20:T>C	8	85.8135	8	154880318	8	155684314	ref	0.5	0.764282950516115
2430395|F|0-47:T>A-47:T>A	8	86.4639	8	157918983	8	159054385	alt	0.494594594594595	0.532735764190507
4591047|F|0-5:T>C-5:T>C	8	89.434	8	161970321	8	162646407	alt	0.497297297297297	0.183673676237225
9696354|F|0-28:C>T-28:C>T	8	90.2368	8	162916465	8	163585588	alt	0.5	0.764282950516115
100003154|F|0-27:A>G-27:A>G	8	91.3727	8	163648353	8	164308280	alt	0.494623655913979	0.159022484085046
4774819|F|0-25:A>G-25:A>G	8	93.8468	8	165316389	8	165716599	ref	0.494565217391304	0.0605462449807965
4769757|F|0-36:G>C-36:G>C	8	94.4819	8	165477378	8	165949762	ref	0.472972972972973	0.043376483575173
4773792|F|0-52:A>G-52:A>G	8	100.1241	8	167755519	8	168099315	alt	0.494623655913979	0.266446809301152
4584964|F|0-58:T>C-58:T>C	8	100.49	8	167797221	8	168108456	alt	0.486486486486487	0.40002980737372
4774287|F|0-29:C>T-29:C>T	8	102.7737	8	175996074	8	170342600	alt	0.497311827956989	0.675384501605916
7061687|F|0-20:C>T-20:C>T	8	107.8738	8	176978630	8	171405436	ref	0.486486486486487	0.816520954817858
4584709|F|0-38:T>C-38:T>C	8	113.7403	8	178373831	8	172896534	ref	0.467741935483871	0.456144225009472
4583023|F|0-36:A>G-36:A>G	8	115.8453	8	178753184	8	173320993	ref	0.47554347826087	0.63693545407818
4586143|F|0-43:G>C-43:G>C	8	117.2748	8	178972805	8	173612384	alt	0.489247311827957	0.907760961273883
2518137|F|0-62:C>A-62:C>A	8	118.6241	8	179508872	8	173993885	alt	0.486559139784946	0.736054132840265
4772877|F|0-65:A>G-65:A>G	8	122.1506	8	180893243	8	175181661	ref	0.489247311827957	0.832938308547367
4576551|F|0-52:G>A-52:G>A	8	125.18	8	181423616	8	175673161	alt	0.491935483870968	0.802173702806343
4583066|F|0-10:A>T-10:A>T	8	129.6452	8	183084915	8	177347854	alt	0.486338797814208	0.471721683827258
4587930|F|0-54:G>A-54:G>A	8	131.7218	8	183730396	8	178015615	ref	0.473118279569893	0.344894698930182
7050005|F|0-18:C>T-18:C>T	8	132.2614	8	183770917	8	178067951	alt	0.478378378378378	0.619787638367294
2500700|F|0-5:C>T-5:C>T	8	137.0321	8	184123446	8	178297312	ref	0.475806451612903	0.43929652200499
2563858|F|0-23:C>G-23:C>G	8	145.4772	8	185690416	8	179698647	ref	0.491666666666667	0.0383457679297449
4775357|F|0-37:T>C-37:T>C	8	145.8597	8	185778860	8	179776585	alt	0.481182795698925	0.646951550257369
4587639|F|0-48:C>T-48:C>T	8	146.4009	8	186043042	8	179955255	alt	0.483870967741936	0.486542945167257
7061745|F|0-21:C>G-21:C>G	8	146.4009	8	186045629	8	179957869	alt	0.483695652173913	0.556016937681773
4580834|F|0-30:G>A-30:G>A	8	148.046	8	186173756	8	180087745	ref	0.478494623655914	0.643482649474039
100005971|F|0-7:A>G-7:A>G	9	0	9	1888903	9	1889511	ref	0.486486486486487	0.765238623563582
2442892|F|0-19:G>A-19:G>A	9	3.7802	9	4340109	9	4110217	ref	0.486559139784946	0.874232778221061
7049212|F|0-18:C>G-18:C>G	9	6.73	9	6147170	9	6146387	ref	0.481182795698925	0.736054132840265
4591479|F|0-65:T>C-65:T>C	9	8.5567	9	6662576	9	6640297	ref	0.478378378378378	0.0986461359845049
7048065|F|0-30:A>G-30:A>G	9	8.5567	9	6662668	9	6640389	ref	0.491935483870968	0.952764903464587
4584078|F|0-53:G>T-53:G>T	9	11.7298	9	8085959	9	8046928	alt	0.470430107526882	0.521765182423908
2525450|F|0-28:A>C-28:A>C	9	13.8726	9	8945166	9	8912761	alt	0.459677419354839	0.251146101850372
4778602|F|0-34:G>A-34:G>A	9	20.6541	9	10537007	9	10321733	alt	0.481081081081081	0.351359295227036
4576610|F|0-28:C>A-28:C>A	9	25.4616	9	13146714	9	12906653	alt	0.483870967741936	0.344894698930182
2604848|F|0-45:G>A-45:G>A	9	28.3176	9	13671911	9	13374529	ref	0.486559139784946	0.837428531171625
4590104|F|0-5:A>G-5:A>G	9	33.0534	9	15471798	9	15320680	ref	0.467741935483871	0.352392117686691
4776658|F|0-37:C>T-37:C>T	9	33.2508	9	15511196	9	15358931	ref	0.472826086956522	0.0359334394321764
2466045|F|0-22:C>G-22:C>G	9	33.607	9	15694054	9	15484350	ref	0.462365591397849	0.094908813173276
2478663|F|0-62:A>G-62:A>G	9	37.5186	9	16283448	9	16112147	ref	0.47027027027027	0.329291859405843
7059689|F|0-15:A>G-15:A>G	9	50.3271	9	21103130	9	20698135	ref	0.486338797814208	0.0631466751275245
4582056|F|0-60:A>G-60:A>G	9	55.6551	9	21173003	9	20724781	ref	0.491935483870968	0.646951550257369
4584175|F|0-18:C>T-18:C>T	9	56.726	9	22946286	9	22312606	ref	0.481182795698925	0.521765182423908
2522111|F|0-43:T>C-43:T>C	9	57.4758	9	23037868	9	22453823	ref	0.483783783783784	0.0300345946886576
4580810|F|0-66:G>A-66:G>A	9	59.9131	9	25112436	9	24502095	ref	0.483870967741936	0.344894698930182
4584722|F|0-28:C>A-28:C>A	9	61.3512	9	26026083	9	25342100	ref	0.46448087431694	0.028748194092981
2445804|F|0-35:G>T-35:G>T	9	65.1142	9	26757783	9	26118098	ref	0.489071038251366	0.166113835900601
7060129|F|0-50:C>T-50:C>T	9	65.8769	9	27604150	9	27053479	ref	0.480555555555556	0.062522910449181
4775468|F|0-5:A>C-5:A>C	9	65.8769	9	27830973	9	27236512	ref	0.497311827956989	0.675384501605916
2456770|F|0-32:G>C-32:G>C	9	65.8769	9	28336998	9	27597226	ref	0.481081081081081	0.141698452393847
4588615|F|0-18:C>T-18:C>T	9	67.8361	9	34817565	9	34631776	ref	0.486559139784946	0.593626244102037
4770603|F|0-28:G>A-28:G>A	9	67.8361	9	37184291	9	37033453	alt	0.486413043478261	0.0377347479386578
4771297|F|0-45:T>C-45:T>C	9	67.8361	9	37363316	9	37176651	ref	0.497267759562842	0.537826866960765
4778622|F|0-46:A>G-46:A>G	9	68.2	9	47397772	9	47332219	ref	0.5	0.272238905589854
2430929|F|0-6:G>T-6:G>T	9	68.2	9	48661572	9	48726448	ref	0.483783783783784	0.0613051214702087
4590664|F|0-22:G>A-22:G>A	9	68.2	9	49296004	9	49342892	ref	0.486486486486487	0.0460338456345505
4770800|F|0-23:G>A-23:G>A	9	68.2	9	51038328	9	51240863	alt	0.497311827956989	0.675384501605916
4771388|F|0-31:G>T-31:G>T	9	68.2	9	66731821	9	65181245	alt	0.481182795698925	0.38611775038491
7048874|F|0-65:T>A-65:T>A	9	68.2	9	78111732	9	76762004	alt	0.489247311827957	0.384047418895272
4577509|F|0-9:A>G-9:A>G	9	68.2	9	80034567	9	79780647	alt	0.486559139784946	0.43929652200499
16726942|F|0-20:G>T-20:G>T	9	68.2	9	83330978	9	82702463	alt	0.481182795698925	0.262183752030587
4770552|F|0-51:T>G-51:T>G	9	68.8551	9	85435898	9	84613265	ref	0.489247311827957	0.0816448656403503
7060204|F|0-38:A>T-38:A>T	9	68.8551	9	87309568	9	85429818	ref	0.494594594594595	0.234253515301872
4776883|F|0-8:G>A-8:G>A	9	69.8718	9	96296824	9	94263142	ref	0.494623655913979	0.409641407318725
2563672|F|0-27:A>G-27:A>G	9	69.8718	9	101698344	9	100152299	alt	0.483870967741936	0.486542945167257
4765711|F|0-10:A>G-10:A>G	9	69.8718	9	102296756	9	100755156	alt	0.494535519125683	0.0232303635577483
2383196|F|0-46:C>T-46:C>T	9	71.8071	9	106345014	9	104901250	alt	0.486559139784946	0.185853658179936
2434420|F|0-46:C>T-46:C>T	9	73.202	9	112317050	9	110482488	alt	0.480978260869565	0.20566189620436
7049511|F|0-6:A>T-6:A>T	9	74.0694	9	114518195	9	112845216	ref	0.486559139784946	0.43929652200499
2476818|F|0-46:C>T-46:C>T	9	74.488	9	115334383	9	113776146	ref	0.473118279569893	0.0519751662124817
2439291|F|0-50:G>T-50:G>T	9	76.9259	9	118689712	9	117520388	ref	0.5	0.036486578045173
4772633|F|0-6:G>A-6:G>A	9	77.8604	9	120377398	9	119205592	ref	0.497311827956989	0.499799436967876
2378675|F|0-54:A>T-54:A>T	9	79.1015	9	125029974	9	123747325	alt	0.5	0.764282950516115
2434428|F|0-47:G>A-47:G>A	9	81.0831	9	131079423	9	130243571	alt	0.494565217391304	0.661633515527889
2416485|F|0-29:C>T-29:C>T	9	82.2454	9	132497662	9	131722444	ref	0.5	0.989304915330382
2392955|F|0-48:T>C-48:T>C	9	82.2454	9	132500674	9	131725456	ref	0.494594594594595	0.532735764190507
7048852|F|0-40:C>T-40:C>T	9	82.2454	9	133114195	9	132318599	alt	0.491758241758242	0.110438474682111
2384065|F|0-65:A>T-65:A>T	9	82.5373	9	133187265	9	132404832	alt	0.497297297297297	0.991924673940474
4582089|F|0-6:T>G-6:T>G	9	83.4328	9	133750723	9	133021843	ref	0.5	0.239373609071917
4773349|F|0-34:A>T-34:A>T	9	84.9129	9	135359240	9	134356005	alt	0.491803278688525	0.224352788112246
16726079|F|0-40:C>A-40:C>A	9	85.5678	9	137598824	9	136469476	alt	0.494623655913979	0.968256677143911
2437037|F|0-53:G>C-53:G>C	9	86.5526	9	140233064	9	139162980	ref	0.497297297297297	0.0524104830924189
4585357|F|0-29:T>G-29:T>G	9	86.8865	9	140360759	9	139336859	ref	0.497311827956989	0.952764903464587
4592220|F|0-5:C>G-5:C>G	9	88.4273	9	143336570	9	142049338	ref	0.497311827956989	0.499799436967876
9715153|F|0-29:A>G-29:A>G	9	88.8412	9	143783359	9	142460897	alt	0.494623655913979	0.968256677143911
4576060|F|0-18:C>T-18:C>T	9	90.065	9	144790771	9	143153929	ref	0.491803278688525	0.355042021644272
2567597|F|0-40:T>C-40:T>C	9	90.2725	9	144791266	9	143154415	ref	0.494623655913979	0.748022231161507
2570979|F|0-10:T>C-10:T>C	9	91.1218	9	145381512	9	143811379	ref	0.497311827956989	0.837428531171625
2431877|F|0-8:C>T-8:C>T	9	92.8673	9	146195003	9	144834342	ref	0.497297297297297	0.629920182440321
4767785|F|0-12:A>T-12:A>T	9	93.1871	9	146318460	9	144970671	alt	0.497311827956989	0.994638082586014
4774113|F|0-28:G>A-28:G>A	9	93.3981	9	147120769	9	145736824	alt	0.489071038251366	0.855783628772242
4579625|F|0-46:G>A-46:G>A	9	94.8716	9	147375487	9	146061848	ref	0.481182795698925	0.163355257332149
2644079|F|0-48:T>C-48:T>C	9	96.1949	9	148354107	9	147113772	ref	0.491935483870968	0.952764903464587
4593274|F|0-29:A>G-29:A>G	9	100.0724	9	149115919	9	147987494	ref	0.489247311827957	0.832938308547367
4765885|F|0-64:C>G-64:C>G	9	101.029	9	149363000	9	148230450	alt	0.494594594594595	0.975969127895119
9709178|F|0-46:A>G-46:A>G	9	106.6101	9	152184468	9	151031826	ref	0.481081081081081	0.748870513794519
2493351|F|0-55:T>C-55:T>C	9	107.3945	9	152745850	9	151551766	ref	0.491935483870968	0.115797305984708
2444734|F|0-28:C>G-28:C>G	9	109.1215	9	154385989	9	152474560	alt	0.491935483870968	0.646951550257369
4767208|F|0-15:G>C-15:G>C	9	113.3888	9	154604956	9	152701648	ref	0.47093023255814	0.0284917834041352
9693148|F|0-27:C>T-27:C>T	9	119.1062	9	155070622	9	153166663	alt	0.497282608695652	0.086199840081111
2439625|F|0-62:T>A-62:T>A	9	124.3308	9	155452132	9	153545078	ref	0.5	0.418546308380413
4774035|F|0-63:G>T-63:G>T	9	128.1525	9	156229768	9	154040756	ref	0.464673913043478	0.394811111934969
7050143|F|0-57:C>G-57:C>G	9	133.9823	9	158242047	9	155905705	ref	0.489189189189189	0.736824601157433
2608672|F|0-47:C>G-47:C>G	9	139.4041	9	158608522	9	156114113	alt	0.494623655913979	0.0437601252764778
9709123|F|0-59:G>C-59:G>C	9	145.7008	9	160544559	9	157691855	alt	0.5	0.590443269206387
4579621|F|0-17:G>C-17:G>C	9	146.8335	9	160880578	9	157842550	ref	0.497311827956989	0.339376502417677
4589328|F|0-12:C>T-12:C>T	9	152.8286	9	162152951	9	159151452	ref	0.497311827956989	0.837428531171625
9716832|F|0-17:A>G-17:A>G	9	154.1945	9	162218837	9	159218466	alt	0.5	0.418546308380413
2546284|F|0-11:T>C-11:T>C	9	161.6022	9	163313858	9	160231250	alt	0.486413043478261	0.66523913886602
2612304|F|0-38:C>T-38:C>T	9	164.2144	9	163409042	9	160353744	alt	0.483783783783784	0.803386854987637
4592319|F|0-26:A>G-26:A>G	9	166.961	9	163845108	9	160814484	alt	0.491935483870968	0.325089121586258
4773956|F|0-67:G>A-67:G>A	9	167.5316	9	164308020	9	161191740	ref	0.494623655913979	0.577881125449419
4768609|F|0-32:G>T-32:G>T	9	168.2303	9	164610077	9	161592779	ref	0.489189189189189	0.580861319586967
2601572|F|0-29:G>C-29:G>C	10	0	10	974239	10	859417	ref	0.470430107526882	0.499799436967876
2414090|F|0-28:T>C-28:T>C	10	0.3907	10	1380777	10	1256882	alt	0.472067039106145	0.166876244313339
4773562|F|0-55:A>G-55:A>G	10	0.3907	10	1381744	10	1257847	ref	0.478494623655914	0.541775686471234
4580298|F|0-61:A>T-61:A>T	10	2.5868	10	1554719	10	1413104	ref	0.467741935483871	0.456144225009472
2438784|F|0-17:G>T-17:G>T	10	5.5631	10	1687360	10	1462306	alt	0.468926553672316	0.0863667476535313
4586463|F|0-7:A>G-7:A>G	10	12.7529	10	3233948	10	2610659	ref	0.456989247311828	0.249799477193405
2411567|F|0-46:T>G-46:T>G	10	20.8411	10	5409147	10	4207122	alt	0.462365591397849	0.316466580310655
2432428|F|0-7:G>A-7:G>A	10	49.7977	10	15210651	10	14026701	alt	0.497237569060774	0.176922375536177
2398513|F|0-29:G>A-29:G>A	10	54.5415	10	17222014	10	16326525	ref	0.491758241758242	0.0571179207735079
2390780|F|0-45:T>C-45:T>C	10	57.6392	10	19632210	10	18762912	ref	0.475806451612903	0.619715595168681
2516808|F|0-23:G>A-23:G>A	10	58.477	10	19919482	10	19033609	alt	0.483606557377049	0.517642750577246
4764975|F|0-45:C>T-45:C>T	10	59.8083	10	20871914	10	20064152	ref	0.473118279569893	0.577881125449419
4584435|F|0-23:A>G-23:A>G	10	60.9013	10	24079601	10	23094287	alt	0.47027027027027	0.329291859405843
2387172|F|0-10:C>G-10:C>G	10	61.4096	10	52260023	10	50783126	alt	0.481081081081081	0.616446473228002
2594719|F|0-29:T>C-29:T>C	10	61.6241	10	57882944	10	57112091	ref	0.464864864864865	0.322248454728079
4773557|F|0-8:A>G-8:A>G	10	61.6241	10	58006681	10	57216315	alt	0.472972972972973	0.139419170265756
4584672|F|0-13:C>A-13:C>A	10	61.6241	10	58349829	10	57755500	ref	0.472375690607735	0.309117705963061
2541333|F|0-61:G>A-61:G>A	10	61.6241	10	64345111	10	63627608	alt	0.475675675675676	0.295549507257334
2516529|F|0-32:A>G-32:A>G	10	63.6767	10	88105988	10	87120312	ref	0.473118279569893	0.344894698930182
4580209|F|0-24:C>T-24:C>T	10	64.8462	10	89785138	10	88966466	ref	0.475806451612903	0.43929652200499
9705971|F|0-12:A>C-12:A>C	10	64.8462	10	91281197	10	90503780	alt	0.475409836065574	0.461522697738889
2419698|F|0-26:T>G-26:T>G	10	64.9398	10	92541737	10	91764324	alt	0.483783783783784	0.0613051214702087
4771620|F|0-24:C>A-24:C>A	10	64.9398	10	93768559	10	92974861	alt	0.473118279569893	0.577881125449419
9691286|F|0-27:C>T-27:C>T	10	65.7529	10	98728756	10	97750987	ref	0.486559139784946	0.736054132840265
4589960|F|0-56:G>T-56:G>T	10	66.3148	10	115326346	10	113924883	alt	0.489189189189189	0.803386854987637
4585464|F|0-9:T>C-9:T>C	10	68.0089	10	118474949	10	117495178	ref	0.473118279569893	0.446439398775816
7059351|F|0-55:A>T-55:A>T	10	68.4746	10	121042661	10	120178562	alt	0.475806451612903	0.137535808855372
2393695|F|0-51:C>T-51:C>T	10	68.7687	10	123244271	10	122735464	alt	0.478378378378378	0.169368972334287
4584616|F|0-19:C>T-19:C>T	10	69.2411	10	123859428	10	123400137	alt	0.483870967741936	0.224333015249428
2466625|F|0-56:A>G-56:A>G	10	69.5267	10	124375199	10	124025340	alt	0.483870967741936	0.486542945167257
4581113|F|0-40:T>A-40:T>A	10	70.9116	10	127867008	10	126878155	ref	0.491935483870968	0.802173702806343
4583379|F|0-20:C>G-20:C>G	10	72.803	10	129770769	10	128977339	alt	0.475806451612903	0.43929652200499
4578866|F|0-67:A>T-67:A>T	10	73.223	10	130188956	10	129395236	alt	0.486559139784946	0.874232778221061
2492096|F|0-63:A>G-63:A>G	10	74.3316	10	131645524	10	130473672	ref	0.483870967741936	0.815216892590299
16726156|F|0-50:A>G-50:A>G	10	74.3316	10	131782167	10	130560934	alt	0.489247311827957	0.907760961273883
4767264|F|0-59:C>G-59:C>G	10	74.3316	10	132490811	10	131203986	alt	0.491573033707865	0.309079330084034
4584770|F|0-8:C>G-8:C>G	10	75.1539	10	134269579	10	132843191	ref	0.486559139784946	0.837428531171625
9708104|F|0-33:C>T-33:C>T	10	76.0173	10	134295215	10	132868008	ref	0.486486486486487	0.816520954817858
2418777|F|0-64:C>T-64:C>T	10	76.791	10	134601489	10	133171083	alt	0.486033519553073	0.0593666685061972
4772111|F|0-24:C>G-24:C>G	10	77.1949	10	134601574	10	133171168	alt	0.486559139784946	0.736054132840265
4771895|F|0-55:G>A-55:G>A	10	85.4482	10	137424157	10	136008696	alt	0.5	0.272238905589854
2442149|F|0-7:C>T-7:C>T	10	89.3272	10	137757469	10	136348631	ref	0.489247311827957	0.907760961273883
2606195|F|0-20:T>C-20:T>C	10	103.019	10	142112621	10	140411322	ref	0.489247311827957	0.907760961273883
2460242|F|0-19:G>A-19:G>A	10	104.2606	10	142483092	10	140742538	ref	0.5	0.989304915330382
4764693|F|0-15:G>A-15:G>A	10	109.2424	10	143652215	10	141832034	ref	0.494623655913979	0.968256677143911
2480018|F|0-31:C>T-31:C>T	10	109.5819	10	143679475	10	141971619	ref	0.458563535911602	0.0513231552283271
4770462|F|0-6:G>T-6:G>T	10	109.5819	10	143720677	10	142018900	alt	0.497297297297297	0.717177125140792
5589596|F|0-5:C>T-5:C>T	10	111.9942	10	144614327	10	142894928	ref	0.497282608695652	0.266961140088745
16727840|F|0-35:A>G-35:A>G	10	115.2838	10	145288196	10	143514283	alt	0.478494623655914	0.296694062571553
4773453|F|0-30:C>T-30:C>T	10	115.6038	10	145302896	10	143532503	ref	0.470430107526882	0.43929652200499
2391139|F|0-38:C>G-38:C>G	10	115.8913	10	145557403	10	143815191	alt	0.481182795698925	0.521765182423908
4582155|F|0-24:C>G-24:C>G	10	118.1474	10	146106758	10	144343662	ref	0.478494623655914	0.418546308380413
7049691|F|0-6:C>T-6:C>T	10	118.1474	10	146151458	10	144443658	alt	0.462365591397849	0.316466580310655
9705542|F|0-17:C>T-17:C>T	10	118.1474	10	146174617	10	144505064	ref	0.478494623655914	0.418546308380413
7059441|F|0-32:A>G-32:A>G	10	119.8664	10	146595488	10	144824148	alt	0.483870967741936	0.629792051292316
2624333|F|0-21:A>G-21:A>G	10	120.7464	10	146987062	10	145203426	alt	0.483783783783784	0.521340785947552
4584150|F|0-60:G>A-60:G>A	10	123.2402	10	147377317	10	145673023	ref	0.47027027027027	0.157875908157321
7050091|F|0-34:G>C-34:G>C	10	125.8368	10	147562043	10	145908703	ref	0.480978260869565	0.449817630696726
2391237|F|0-21:C>T-21:C>T	10	131.8474	10	148590088	10	146905388	alt	0.486413043478261	0.86351921391826
2376164|F|0-20:T>A-20:T>A	10	134.6795	10	149020515	10	147214287	ref	0.47554347826087	0.63693545407818
4775772|F|0-37:T>A-37:T>A	10	137.8373	10	149838468	10	148256487	ref	0.481182795698925	0.521765182423908
4582143|F|0-14:G>C-14:G>C	10	138.7095	10	149940657	10	148394535	alt	0.475806451612903	0.43929652200499
4584606|F|0-38:G>C-38:G>C	10	142.2239	10	150671517	10	149224552	ref	0.483870967741936	0.748022231161506
4584567|F|0-56:G>T-56:G>T	10	144.8725	10	150946812	10	149586244	ref	0.470430107526882	0.43929652200499
2439491|F|0-59:G>A-59:G>A	10	145.4218	10	151326001	10	150090682	alt	0.475806451612903	0.43929652200499
2445714|F|0-21:A>T-21:A>T	10	146.2158	10	151448888	10	150178538	ref	0.467741935483871	0.352392117686691
2389820|F|0-16:G>T-16:G>T	10	146.2158	10	151536036	10	150361272	ref	0.46505376344086	0.403087285749865
4580458|F|0-12:C>T-12:C>T	10	148.2919	10	152418461	10	151154778	alt	0.462162162162162	0.278488537520235
4584976|F|0-51:G>C-51:G>C	10	151.4759	10	153089228	10	151771835	alt	0.441988950276243	0.054841124624238
