trait	chr	pos_cM	lod
EH	1	0	0.4533
EH	1	0.25	0.4745
EH	1	1	0.3838
EH	1	1.52	0.3236
EH	1	2	0.3337
EH	1	3	0.3546
EH	1	3.78	0.3576
EH	1	4	0.3558
EH	1	5	0.3446
EH	1	6	0.3291
EH	1	6.11	0.327
EH	1	7	0.3932
EH	1	8	0.4747
EH	1	9	0.5622
EH	1	10	0.6545
EH	1	11	0.7504
EH	1	12	0.8486
EH	1	12.31	0.8791
EH	1	13	0.8528
EH	1	13.84	0.8132
EH	1	14	0.8062
EH	1	15	0.7426
EH	1	15.81	0.6758
EH	1	16	0.6799
EH	1	17	0.6981
EH	1	18	0.7092
EH	1	19	0.7123
EH	1	20	0.7068
EH	1	20.14	0.7054
EH	1	21	0.6898
EH	1	21.01	0.6895
EH	1	21.91	0.6795
EH	1	22	0.69
EH	1	22.8	0.7803
EH	1	23	0.8379
EH	1	23.11	0.8661
EH	1	23.11	0.8661
EH	1	23.53	0.8808
EH	1	24	0.8904
EH	1	25	0.9005
EH	1	26	0.8957
EH	1	27	0.8771
EH	1	27.28	0.8697
EH	1	28	0.9137
EH	1	29	0.9786
EH	1	30	1.0447
EH	1	31	1.1089
EH	1	31.61	1.1458
EH	1	32	1.1723
EH	1	33	1.2364
EH	1	34	1.2949
EH	1	35	1.347
EH	1	36	1.3923
EH	1	37	1.4303
EH	1	38	1.4612
EH	1	38.83	1.4813
EH	1	39	1.467
EH	1	40	1.3836
EH	1	40.63	1.3323
EH	1	40.63	1.3323
EH	1	41	1.3068
EH	1	42	1.2328
EH	1	43	1.1538
EH	1	43.74	1.0938
EH	1	44	1.154
EH	1	44.09	1.1732
EH	1	45	1.1821
EH	1	46	1.1697
EH	1	46.08	1.1678
EH	1	46.36	1.2015
EH	1	47	1.2385
EH	1	48	1.2862
EH	1	48.62	1.3094
EH	1	48.62	1.3094
EH	1	48.94	1.3003
EH	1	48.94	1.3003
EH	1	49	1.2909
EH	1	49.5	1.2073
EH	1	50	1.131
EH	1	51	0.9819
EH	1	51.18	0.9559
EH	1	51.18	0.9559
EH	1	51.79	0.8732
EH	1	52	0.8795
EH	1	52.96	0.9198
EH	1	53	0.918
EH	1	54	0.8752
EH	1	55	0.8321
EH	1	56	0.788
EH	1	57	0.7417
EH	1	57.49	0.7176
EH	1	58	0.7279
EH	1	58.7	0.7432
EH	1	58.7	0.7432
EH	1	59	0.796
EH	1	60	0.9797
EH	1	61	1.1691
EH	1	62	1.3551
EH	1	63	1.5307
EH	1	64	1.6921
EH	1	64.59	1.7802
EH	1	65	1.7788
EH	1	66	1.7706
EH	1	66.35	1.7661
EH	1	67	1.6545
EH	1	68	1.4613
EH	1	69	1.2539
EH	1	69.35	1.1828
EH	1	69.88	1.038
EH	1	69.88	1.038
EH	1	69.88	1.038
EH	1	70	1.1024
EH	1	70.15	1.1778
EH	1	70.42	1.1422
EH	1	70.42	1.1422
EH	1	71	1.0195
EH	1	72	0.786
EH	1	72.68	0.6161
EH	1	73	0.6707
EH	1	73.25	0.7135
EH	1	74	0.6036
EH	1	74.94	0.5339
EH	1	75	0.538
EH	1	75.32	0.5595
EH	1	76	0.5202
EH	1	77	0.4726
EH	1	78	0.4405
EH	1	78.22	0.4352
EH	1	79	0.4599
EH	1	79.22	0.4671
EH	1	80	0.5169
EH	1	81	0.6272
EH	1	81.02	0.6296
EH	1	81.87	0.3457
EH	1	82	0.3646
EH	1	83	0.5162
EH	1	84	0.675
EH	1	84	0.675
EH	1	84.68	0.6574
EH	1	85	0.6245
EH	1	85.25	0.5997
EH	1	86	0.5452
EH	1	87	0.4614
EH	1	87.01	0.4603
EH	1	88	0.4665
EH	1	88.14	0.4675
EH	1	88.14	0.4675
EH	1	89	0.2943
EH	1	89.25	0.2504
EH	1	90	0.2907
EH	1	90.36	0.3101
EH	1	90.36	0.3101
EH	1	90.36	0.3101
EH	1	90.53	0.3789
EH	1	90.53	0.3789
EH	1	91	0.4226
EH	1	91.16	0.4353
EH	1	91.16	0.4353
EH	1	91.22	0.4654
EH	1	91.22	0.4654
EH	1	92	0.6604
EH	1	92.39	0.7477
EH	1	92.96	0.8955
EH	1	93	0.8947
EH	1	93.16	0.8914
EH	1	93.44	0.9033
EH	1	94	0.8579
EH	1	95	0.773
EH	1	95.66	0.7149
EH	1	96	0.7895
EH	1	97	1.0148
EH	1	97.63	1.1493
EH	1	98	1.1344
EH	1	99	1.0646
EH	1	99.06	1.0586
EH	1	100	0.8933
EH	1	101	0.6193
EH	1	101.19	0.566
EH	1	101.96	0.6555
EH	1	102	0.656
EH	1	103	0.6362
EH	1	103.18	0.6265
EH	1	104	0.547
EH	1	105	0.4002
EH	1	105.12	0.3799
EH	1	106	0.4595
EH	1	106.79	0.5077
EH	1	106.79	0.5077
EH	1	107	0.5078
EH	1	107.71	0.4963
EH	1	108	0.4778
EH	1	109	0.3975
EH	1	109.29	0.3697
EH	1	110	0.3426
EH	1	110.96	0.3001
EH	1	111	0.3031
EH	1	112	0.3818
EH	1	113	0.4618
EH	1	114	0.5382
EH	1	115	0.6071
EH	1	115.25	0.6225
EH	1	116	0.6132
EH	1	117	0.5855
EH	1	118	0.5401
EH	1	119	0.4806
EH	1	119.33	0.4589
EH	1	120	0.4081
EH	1	121	0.323
EH	1	121.21	0.3054
EH	1	122	0.1869
EH	1	122.08	0.1764
EH	1	122.47	0.158
EH	1	123	0.2341
EH	1	124	0.4
EH	1	124.32	0.455
EH	1	125	0.4301
EH	1	126	0.3892
EH	1	127	0.3446
EH	1	128	0.2983
EH	1	128.27	0.2859
EH	1	129	0.2578
EH	1	130	0.2197
EH	1	131	0.183
EH	1	131.96	0.1499
EH	1	132	0.1489
EH	1	133	0.1224
EH	1	134	0.0969
EH	1	135	0.0732
EH	1	136	0.0518
EH	1	137	0.0335
EH	1	138	0.0188
EH	1	138.18	0.0165
EH	1	139	0.0335
EH	1	140	0.0638
EH	1	141	0.1042
EH	1	142	0.1533
EH	1	143	0.2087
EH	1	144	0.2679
EH	1	144.75	0.3139
EH	1	145	0.283
EH	1	145.59	0.204
EH	1	146	0.2331
EH	1	146.72	0.2792
EH	1	147	0.2619
EH	1	147.73	0.2178
EH	1	148	0.1608
EH	1	148.09	0.1429
EH	1	149	0.11
EH	1	149.56	0.0899
EH	1	150	0.0822
EH	1	150.73	0.0735
EH	1	150.73	0.0735
EH	1	150.73	0.0735
EH	1	150.73	0.0735
EH	1	150.73	0.0735
EH	1	151	0.0837
EH	1	152	0.1319
EH	1	152.69	0.173
EH	1	152.96	0.1715
EH	1	152.96	0.1715
EH	1	152.96	0.1715
EH	1	152.96	0.1715
EH	1	152.96	0.1715
EH	1	152.96	0.1715
EH	1	153	0.1714
EH	1	153.23	0.1735
EH	1	153.23	0.1735
EH	1	153.23	0.1735
EH	1	153.23	0.1735
EH	1	153.23	0.1735
EH	1	153.5	0.1715
EH	1	153.5	0.1715
EH	1	153.5	0.1715
EH	1	153.5	0.1715
EH	1	153.5	0.1715
EH	1	153.5	0.1715
EH	1	153.5	0.1715
EH	1	153.5	0.1715
EH	1	153.5	0.1715
EH	1	153.5	0.1715
EH	1	153.5	0.1715
EH	1	153.5	0.1715
EH	1	153.5	0.1715
EH	1	153.5	0.1715
EH	1	153.5	0.1715
EH	1	153.75	0.1726
EH	1	154	0.169
EH	1	155	0.1542
EH	1	156	0.1399
EH	1	157	0.1267
EH	1	158	0.1154
EH	1	159	0.1065
EH	1	160	0.1007
EH	1	160.39	0.0992
EH	1	161	0.0919
EH	1	162	0.0812
EH	1	163	0.0729
EH	1	164	0.0678
EH	1	165	0.0668
EH	1	166	0.0704
EH	1	167	0.0788
EH	1	168	0.0919
EH	1	169	0.1094
EH	1	170	0.1305
EH	1	170.61	0.1449
EH	1	171	0.1359
EH	1	172	0.1135
EH	1	173	0.0938
EH	1	174	0.0786
EH	1	175	0.0698
EH	1	176	0.0687
EH	1	177	0.0759
EH	1	178	0.0907
EH	1	179	0.1118
EH	1	180	0.1373
EH	1	180.89	0.1619
EH	1	181	0.1665
EH	1	182	0.2131
EH	1	183	0.2705
EH	1	184	0.3392
EH	1	185	0.4189
EH	1	186	0.5089
EH	1	187	0.6079
EH	1	188	0.714
EH	1	189	0.8254
EH	1	190	0.9402
EH	1	191	1.0566
EH	1	192	1.1728
EH	1	193	1.2874
EH	1	194	1.3991
EH	1	194.61	1.4649
EH	1	194.61	1.4649
EH	1	194.61	1.4649
EH	1	195	1.514
EH	1	195.47	1.5537
EH	1	196	1.6144
EH	1	196.98	1.6171
EH	1	197	1.6177
EH	1	198	1.6417
EH	1	199	1.6502
EH	1	200	1.6433
EH	1	201	1.6215
EH	1	201.3	1.6124
EH	1	202	1.6362
EH	1	203	1.664
EH	1	204	1.6841
EH	1	205	1.6962
EH	1	206	1.7
EH	1	207	1.6957
EH	1	208	1.6836
EH	1	209	1.6643
EH	1	210	1.6383
EH	1	210.35	1.6279
EH	1	211	1.6145
EH	1	212	1.5837
EH	1	213	1.5396
EH	1	214	1.4812
EH	1	215	1.4081
EH	1	216	1.3206
EH	1	217	1.2202
EH	1	218	1.1098
EH	1	218.22	1.0844
EH	1	219	1.1347
EH	1	219.13	1.1412
EH	1	219.44	1.2769
EH	1	219.44	1.2769
EH	1	220	1.2857
EH	1	221	1.2961
EH	1	221.01	1.2962
EH	1	221.96	1.1402
EH	1	222	1.137
EH	1	223	1.0327
EH	1	224	0.9
EH	1	224.6	0.8126
EH	1	224.97	0.8218
EH	1	225	0.826
EH	1	225.83	0.927
EH	1	226	0.9107
EH	1	226.58	0.8553
EH	1	227	0.883
EH	1	228	0.9484
EH	1	228.14	0.9574
EH	1	229	0.9543
EH	1	230	0.9422
EH	1	231	0.921
EH	1	232	0.8911
EH	1	233	0.8532
EH	1	234	0.8081
EH	1	234.97	0.7588
EH	1	235	0.76
EH	1	236	0.8006
EH	1	237	0.8364
EH	1	237.77	0.859
EH	1	238	0.846
EH	1	239	0.7907
EH	1	240	0.7375
EH	1	241	0.6874
EH	1	242	0.641
EH	1	243	0.5981
EH	1	243.07	0.5954
EH	1	244	0.6213
EH	1	245	0.6306
EH	1	246	0.6182
EH	1	247	0.5852
EH	1	247.22	0.5754
EH	1	248	0.5678
EH	1	248.76	0.5535
EH	1	249	0.5757
EH	1	249.58	0.6338
EH	1	250	0.6792
EH	1	250	0.6792
EH	1	251	0.6101
EH	1	252	0.5266
EH	1	253	0.4318
EH	1	254	0.3332
EH	1	255	0.2415
EH	1	256	0.1668
EH	1	256.31	0.148
EH	1	257	0.1327
EH	1	258	0.104
EH	1	258.12	0.1013
EH	1	259	0.0813
EH	1	260	0.0574
EH	1	260.03	0.0567
EH	1	261	0.0711
EH	1	262	0.0875
EH	1	263	0.105
EH	1	264	0.123
EH	1	265	0.1407
EH	1	266	0.1575
EH	1	267	0.1728
EH	1	267.88	0.1847
EH	2	0	0.2849
EH	2	1	0.3298
EH	2	2	0.3732
EH	2	3	0.4129
EH	2	4	0.4471
EH	2	4.71	0.4675
EH	2	5	0.4635
EH	2	5.27	0.4617
EH	2	5.55	0.3885
EH	2	5.55	0.3885
EH	2	6	0.583
EH	2	6.23	0.6826
EH	2	7	0.9593
EH	2	7.09	0.988
EH	2	8	1.1635
EH	2	8.1	1.1828
EH	2	8.67	1.0602
EH	2	9	1.1267
EH	2	9.35	1.1799
EH	2	9.73	1.0938
EH	2	10	1.0936
EH	2	11	1.0832
EH	2	12	1.0575
EH	2	13	1.018
EH	2	14	0.9673
EH	2	14.35	0.9477
EH	2	15	1.0325
EH	2	16	1.1489
EH	2	16.89	1.2328
EH	2	17	1.2109
EH	2	18	0.9903
EH	2	18.84	0.7822
EH	2	19	0.7962
EH	2	20	0.8578
EH	2	21	0.8725
EH	2	22	0.8451
EH	2	22.44	0.8233
EH	2	23	1.0241
EH	2	23.16	1.0681
EH	2	23.79	1.1327
EH	2	24	1.0155
EH	2	24.57	0.7041
EH	2	24.86	0.6452
EH	2	25	0.6254
EH	2	26	0.5018
EH	2	27	0.4247
EH	2	27	0.4247
EH	2	28	0.4748
EH	2	29	0.4931
EH	2	29.12	0.492
EH	2	30	0.7355
EH	2	30.21	0.7851
EH	2	30.21	0.7851
EH	2	31	0.728
EH	2	32	0.6498
EH	2	32.35	0.6204
EH	2	33	0.6184
EH	2	34	0.6147
EH	2	35	0.6106
EH	2	36	0.6069
EH	2	37	0.6042
EH	2	38	0.6027
EH	2	38.75	0.6025
EH	2	39	0.5986
EH	2	40	0.5822
EH	2	41	0.5641
EH	2	42	0.5443
EH	2	43	0.5226
EH	2	44	0.4992
EH	2	45	0.4742
EH	2	46	0.4478
EH	2	46.99	0.421
EH	2	47	0.4202
EH	2	48	0.3714
EH	2	49	0.3247
EH	2	50	0.2806
EH	2	51	0.239
EH	2	52	0.2002
EH	2	53	0.1646
EH	2	54	0.1326
EH	2	55	0.1048
EH	2	56	0.0819
EH	2	57	0.0644
EH	2	58	0.0525
EH	2	58.58	0.0482
EH	2	59	0.0432
EH	2	60	0.0352
EH	2	61	0.0336
EH	2	62	0.0396
EH	2	63	0.0541
EH	2	64	0.0777
EH	2	65	0.1106
EH	2	66	0.1524
EH	2	67	0.2024
EH	2	68	0.2594
EH	2	68.02	0.2607
EH	2	69	0.1877
EH	2	70	0.1206
EH	2	70.04	0.1183
EH	2	71	0.1296
EH	2	71.33	0.1374
EH	2	72	0.1259
EH	2	72.69	0.1188
EH	2	73	0.1269
EH	2	74	0.1555
EH	2	74.94	0.1852
EH	2	75	0.1844
EH	2	75.94	0.1748
EH	2	76	0.1756
EH	2	77	0.1889
EH	2	78	0.2032
EH	2	78.97	0.2197
EH	2	79	0.2206
EH	2	79.87	0.2377
EH	2	80	0.2304
EH	2	81	0.1849
EH	2	81.81	0.1664
EH	2	81.81	0.1664
EH	2	81.81	0.1664
EH	2	82	0.1733
EH	2	82.69	0.1997
EH	2	83	0.1968
EH	2	84	0.1863
EH	2	84.33	0.1825
EH	2	85	0.1382
EH	2	86	0.0819
EH	2	87	0.0396
EH	2	87.51	0.0238
EH	2	88	0.0257
EH	2	89	0.0336
EH	2	90	0.0476
EH	2	91	0.0679
EH	2	92	0.0943
EH	2	93	0.126
EH	2	94	0.1616
EH	2	95	0.1996
EH	2	96	0.2382
EH	2	96.92	0.2728
EH	2	97	0.2699
EH	2	98	0.2318
EH	2	99	0.1893
EH	2	100	0.1458
EH	2	101	0.1058
EH	2	102	0.0728
EH	2	102.4	0.0619
EH	2	103	0.071
EH	2	104	0.0902
EH	2	105	0.114
EH	2	106	0.1416
EH	2	107	0.1725
EH	2	108	0.2057
EH	2	109	0.2407
EH	2	109.98	0.2762
EH	2	110	0.2751
EH	2	111	0.2115
EH	2	112	0.1533
EH	2	113	0.1037
EH	2	114	0.0655
EH	2	115	0.0402
EH	2	116	0.0275
EH	2	116.72	0.0252
EH	2	117	0.0199
EH	2	118	0.0104
EH	2	119	0.0182
EH	2	120	0.0432
EH	2	120.68	0.0679
EH	2	121	0.0724
EH	2	121.35	0.0792
EH	2	122	0.0413
EH	2	122.54	0.0206
EH	2	122.68	0.0305
EH	2	123	0.0255
EH	2	123.54	0.0262
EH	2	124	0.0462
EH	2	124.36	0.0664
EH	2	124.36	0.0664
EH	2	125	0.126
EH	2	126	0.278
EH	2	127	0.4814
EH	2	128	0.707
EH	2	128.09	0.7267
EH	2	128.38	0.5868
EH	2	128.67	0.5513
EH	2	128.67	0.5513
EH	2	128.95	0.71
EH	2	129	0.7074
EH	2	129.36	0.6854
EH	2	129.69	0.6842
EH	2	130	0.6522
EH	2	130.39	0.6046
EH	2	130.39	0.6046
EH	2	130.39	0.6046
EH	2	130.39	0.6046
EH	2	130.39	0.6046
EH	2	130.39	0.6046
EH	2	130.39	0.6046
EH	2	130.39	0.6046
EH	2	130.39	0.6046
EH	2	130.39	0.6046
EH	2	130.39	0.6046
EH	2	130.39	0.6046
EH	2	130.39	0.6046
EH	2	130.59	0.6195
EH	2	130.59	0.6195
EH	2	130.79	0.6718
EH	2	130.79	0.6718
EH	2	131	0.6432
EH	2	131.11	0.6289
EH	2	131.71	0.8479
EH	2	131.71	0.8479
EH	2	131.71	0.8479
EH	2	131.71	0.8479
EH	2	131.71	0.8479
EH	2	131.71	0.8479
EH	2	131.71	0.8479
EH	2	132	0.8025
EH	2	132.25	0.761
EH	2	132.25	0.761
EH	2	132.25	0.761
EH	2	133	0.8085
EH	2	133.14	0.8141
EH	2	133.5	0.8362
EH	2	133.63	0.9139
EH	2	133.63	0.9139
EH	2	133.63	0.9139
EH	2	134	0.7885
EH	2	134.17	0.7267
EH	2	134.17	0.7267
EH	2	135	0.5842
EH	2	135.56	0.4789
EH	2	135.84	0.5463
EH	2	135.84	0.5463
EH	2	136	0.511
EH	2	136.33	0.4074
EH	2	136.33	0.4074
EH	2	137	0.4192
EH	2	137.41	0.422
EH	2	138	0.4088
EH	2	138.58	0.3939
EH	2	139	0.3282
EH	2	139.43	0.2597
EH	2	139.43	0.2597
EH	2	140	0.3315
EH	2	140.53	0.3931
EH	2	141	0.4033
EH	2	141.07	0.4049
EH	2	141.07	0.4049
EH	2	141.07	0.4049
EH	2	142	0.3015
EH	2	142.88	0.1845
EH	2	142.88	0.1845
EH	2	143	0.1926
EH	2	144	0.2679
EH	2	144.42	0.304
EH	2	144.78	0.2957
EH	2	145	0.2897
EH	2	145.32	0.2813
EH	2	145.32	0.2813
EH	2	146	0.2011
EH	2	146.14	0.1836
EH	2	146.14	0.1836
EH	2	146.14	0.1836
EH	2	147	0.2081
EH	2	148	0.2639
EH	2	148.55	0.2992
EH	2	149	0.2671
EH	2	150	0.2013
EH	2	151	0.146
EH	2	152	0.1052
EH	2	153	0.0809
EH	2	154	0.073
EH	2	154.02	0.073
EH	2	154.02	0.073
EH	2	154.56	0.0953
EH	2	154.56	0.0953
EH	2	154.83	0.0724
EH	2	155	0.068
EH	2	155.67	0.0599
EH	2	156	0.0506
EH	2	156.84	0.0349
EH	2	157	0.0358
EH	2	158	0.0607
EH	2	158.32	0.0752
EH	2	159	0.0395
EH	2	159.79	0.0093
EH	2	160	0.0238
EH	2	160.39	0.0737
EH	2	160.78	0.107
EH	2	160.78	0.107
EH	2	161	0.0887
EH	2	161.73	0.0421
EH	2	162	0.0488
EH	2	162.81	0.0738
EH	2	163	0.0861
EH	2	163.3	0.1078
EH	2	163.47	0.1157
EH	2	164	0.0992
EH	2	164.34	0.0928
EH	2	165	0.1013
EH	2	165.88	0.1257
EH	2	166	0.1263
EH	2	167	0.1366
EH	2	168	0.158
EH	2	169	0.1928
EH	2	170	0.2416
EH	2	171	0.3033
EH	2	171.74	0.3555
EH	2	172	0.3578
EH	2	173	0.3641
EH	2	174	0.3666
EH	2	175	0.3654
EH	2	176	0.3609
EH	2	177	0.3534
EH	2	177.6	0.3477
EH	2	178	0.3378
EH	2	179	0.3215
EH	2	180	0.3207
EH	2	180.37	0.3247
EH	2	181	0.249
EH	2	181.76	0.1947
EH	2	182	0.1941
EH	2	182.75	0.1536
EH	2	183	0.1317
EH	2	183.36	0.1016
EH	2	183.36	0.1016
EH	2	183.36	0.1016
EH	2	184	0.0725
EH	2	185	0.0394
EH	2	185.42	0.0323
EH	2	185.42	0.0323
EH	2	186	0.0179
EH	2	186.64	0.018
EH	2	187	0.0025
EH	2	187.19	0.0013
EH	2	187.19	0.0013
EH	2	188	0.0109
EH	2	188.01	0.0112
EH	2	188.01	0.0112
EH	2	188.47	0.0141
EH	2	188.78	0.0142
EH	2	189	0.0136
EH	2	189.65	0.0136
EH	2	190	0.0225
EH	2	191	0.0717
EH	2	191.03	0.0734
EH	2	191.71	0.2085
EH	2	192	0.1987
EH	2	192.69	0.1742
EH	2	193	0.1644
EH	2	193.68	0.1475
EH	2	194	0.1412
EH	2	195	0.1178
EH	2	196	0.0916
EH	2	196.21	0.0863
EH	2	197	0.1131
EH	2	198	0.1539
EH	2	199	0.2008
EH	2	200	0.2504
EH	2	201	0.2988
EH	2	202	0.3426
EH	2	203	0.3799
EH	2	204	0.41
EH	2	204.23	0.416
EH	2	205	0.4088
EH	2	206	0.3931
EH	2	207	0.3707
EH	2	208	0.343
EH	2	209	0.3118
EH	2	209.59	0.2924
EH	2	210	0.2703
EH	2	210.97	0.2391
EH	2	211	0.2425
EH	2	211.48	0.3038
EH	2	211.48	0.3038
EH	2	212	0.2451
EH	2	212.25	0.2117
EH	2	213	0.1996
EH	2	214	0.1823
EH	2	215	0.1655
EH	2	215.17	0.1628
EH	2	216	0.1553
EH	2	217	0.1425
EH	2	218	0.1263
EH	2	218.7	0.1139
EH	2	219	0.1269
EH	2	219.99	0.2064
EH	2	220	0.2064
EH	2	221	0.2095
EH	2	221.54	0.211
EH	2	222	0.3461
EH	2	222.31	0.4241
EH	2	223	0.4576
EH	2	224	0.4952
EH	2	225	0.5171
EH	2	225.96	0.5217
EH	2	226	0.5304
EH	2	227	0.7265
EH	2	228	0.8806
EH	2	228.44	0.9249
EH	2	229	0.9406
EH	2	230	0.9955
EH	2	231	1.0839
EH	2	231.5	1.1369
EH	2	232	1.1302
EH	2	233	1.1096
EH	2	234	1.0833
EH	2	235	1.0568
EH	2	236	1.0347
EH	2	237	1.0201
EH	2	237.74	1.0148
EH	2	238	1.0123
EH	2	239	1.0036
EH	2	240	0.9957
EH	2	240.31	0.9934
EH	2	240.62	0.9966
EH	2	241	1.0807
EH	2	242	1.2426
EH	2	242.86	1.3193
EH	2	243	1.3313
EH	2	244	1.4105
EH	2	244.56	1.4504
EH	2	245	1.5079
EH	2	245.2	1.5324
EH	2	246	1.7299
EH	2	246.13	1.7512
EH	2	247	1.8823
EH	2	248	2.0369
EH	2	249	2.1899
EH	2	250	2.334
EH	2	251	2.4629
EH	2	251.18	2.4838
EH	3	35	0.0288
EH	3	36	0.0469
EH	3	37	0.0682
EH	3	38	0.0909
EH	3	38.27	0.097
EH	3	39	0.087
EH	3	40	0.0743
EH	3	41	0.0628
EH	3	42	0.0529
EH	3	43	0.0446
EH	3	44	0.0379
EH	3	45	0.033
EH	3	46	0.0296
EH	3	47	0.0278
EH	3	48	0.0272
EH	3	48.27	0.0273
EH	3	49	0.0151
EH	3	49.83	0.0141
EH	3	50	0.0134
EH	3	51	0.0097
EH	3	52	0.0065
EH	3	53	0.0039
EH	3	53.88	0.0022
EH	3	54	0.0031
EH	3	54.92	0.0229
EH	3	55	0.0219
EH	3	56	0.0108
EH	3	57	0.0039
EH	3	57.8	0.0019
EH	3	58	6e-04
EH	3	59	0.005
EH	3	59.24	0.0086
EH	3	60	0.0268
EH	3	60.87	0.0659
EH	3	61	0.0617
EH	3	61.51	0.0457
EH	3	62	0.0458
EH	3	63	0.0507
EH	3	63.63	0.0563
EH	3	64	0.0452
EH	3	65	0.0216
EH	3	65.18	0.0183
EH	3	66	0.011
EH	3	67	0.005
EH	3	68	0.0027
EH	3	69	0.0041
EH	3	70	0.0089
EH	3	71	0.0166
EH	3	71.8	0.0243
EH	3	72	0.0256
EH	3	73	0.059
EH	3	74	0.1351
EH	3	74.83	0.2215
EH	3	75	0.1959
EH	3	75.12	0.1796
EH	3	76	0.1558
EH	3	76.41	0.1435
EH	3	76.41	0.1435
EH	3	76.58	0.1676
EH	3	76.58	0.1676
EH	3	76.58	0.1676
EH	3	76.58	0.1676
EH	3	76.99	0.3392
EH	3	77	0.342
EH	3	77.4	0.4702
EH	3	77.4	0.4702
EH	3	77.4	0.4702
EH	3	77.4	0.4702
EH	3	77.4	0.4702
EH	3	77.67	0.409
EH	3	77.67	0.409
EH	3	77.67	0.409
EH	3	77.67	0.409
EH	3	77.67	0.409
EH	3	77.67	0.409
EH	3	77.67	0.409
EH	3	78	0.4067
EH	3	78.21	0.4052
EH	3	78.21	0.4052
EH	3	78.21	0.4052
EH	3	78.5	0.5559
EH	3	79	0.6279
EH	3	79.15	0.65
EH	3	79.15	0.65
EH	3	80	0.8675
EH	3	80.59	1.0263
EH	3	80.59	1.0263
EH	3	81	0.9262
EH	3	81.82	0.6982
EH	3	82	0.7337
EH	3	82.1	0.753
EH	3	82.1	0.753
EH	3	83	0.6372
EH	3	83.26	0.6011
EH	3	84	0.6715
EH	3	84.14	0.6832
EH	3	84.14	0.6832
EH	3	84.7	0.4821
EH	3	84.97	0.4153
EH	3	84.97	0.4153
EH	3	84.97	0.4153
EH	3	85	0.4131
EH	3	86	0.3456
EH	3	86.42	0.3193
EH	3	87	0.2865
EH	3	88	0.2247
EH	3	88.53	0.1911
EH	3	89	0.2128
EH	3	90	0.2641
EH	3	91	0.3193
EH	3	92	0.374
EH	3	93	0.4243
EH	3	93.11	0.4293
EH	3	94	0.4288
EH	3	95	0.4248
EH	3	96	0.4179
EH	3	97	0.4091
EH	3	97.35	0.4057
EH	3	98	0.424
EH	3	99	0.4464
EH	3	100	0.4601
EH	3	100.84	0.4643
EH	3	101	0.4623
EH	3	102	0.4483
EH	3	102.6	0.4396
EH	3	103	0.5559
EH	3	103.79	0.7712
EH	3	104	0.7203
EH	3	104.5	0.6171
EH	3	105	0.7082
EH	3	105.51	0.7979
EH	3	106	0.803
EH	3	107	0.7665
EH	3	107.55	0.715
EH	3	108	0.7566
EH	3	109	0.8374
EH	3	110	0.9047
EH	3	111	0.9651
EH	3	112	1.0261
EH	3	112.09	1.0319
EH	3	113	1.0106
EH	3	114	1.0052
EH	3	115	1.0132
EH	3	115.54	1.0197
EH	3	115.54	1.0197
EH	3	116	1.0334
EH	3	117	1.0644
EH	3	117.23	1.0705
EH	3	117.23	1.0705
EH	3	118	1.0321
EH	3	118.63	0.9088
EH	3	119	0.8438
EH	3	120	0.6575
EH	3	121	0.4663
EH	3	121.37	0.3987
EH	3	122	0.3193
EH	3	122.85	0.2301
EH	3	122.85	0.2301
EH	3	123	0.2211
EH	3	123.9	0.1686
EH	3	123.9	0.1686
EH	3	124	0.1608
EH	3	124.24	0.1789
EH	3	124.24	0.1789
EH	3	125	0.0942
EH	3	125.06	0.0887
EH	3	125.49	0.0598
EH	3	125.49	0.0598
EH	3	125.93	0.076
EH	3	126	0.0764
EH	3	126.76	0.081
EH	3	126.76	0.081
EH	3	126.76	0.081
EH	3	126.76	0.081
EH	3	126.76	0.081
EH	3	127	0.0885
EH	3	127.13	0.0926
EH	3	127.13	0.0926
EH	3	127.51	0.1418
EH	3	127.79	0.2418
EH	3	128	0.2185
EH	3	128.27	0.1892
EH	3	128.27	0.1892
EH	3	128.54	0.1541
EH	3	128.54	0.1541
EH	3	129	0.0672
EH	3	129.08	0.0569
EH	3	130	0.1055
EH	3	130.76	0.1615
EH	3	131	0.1581
EH	3	131.75	0.1471
EH	3	132	0.1554
EH	3	132.15	0.1613
EH	3	133	0.1606
EH	3	134	0.1602
EH	3	134.73	0.1599
EH	3	135	0.1483
EH	3	136	0.1122
EH	3	136.98	0.0871
EH	3	137	0.0876
EH	3	138	0.1257
EH	3	139	0.1883
EH	3	140	0.2536
EH	3	140.06	0.2573
EH	3	141	0.2372
EH	3	142	0.2123
EH	3	142.72	0.1929
EH	3	143	0.1623
EH	3	144	0.0724
EH	3	144.09	0.0663
EH	3	145	0.0786
EH	3	146	0.0971
EH	3	146.82	0.1129
EH	3	147	0.1131
EH	3	148	0.1131
EH	3	149	0.1115
EH	3	150	0.1081
EH	3	151	0.1031
EH	3	152	0.0967
EH	3	152.34	0.0943
EH	3	153	0.0625
EH	3	154	0.0281
EH	3	155	0.0113
EH	3	155.19	0.01
EH	3	156	0.0393
EH	3	156.66	0.077
EH	3	156.66	0.077
EH	3	157	0.0689
EH	3	158	0.0638
EH	3	158.72	0.0777
EH	3	159	0.0536
EH	3	159.7	0.0115
EH	3	160	0.0116
EH	3	160.06	0.0116
EH	3	161	9e-04
EH	3	161.54	0.0024
EH	3	161.54	0.0024
EH	3	162	0.0091
EH	3	162.08	0.0142
EH	3	162.08	0.0142
EH	3	162.78	0.0524
EH	3	163	0.0704
EH	3	164	0.1874
EH	3	165	0.3503
EH	3	166	0.5308
EH	3	166.62	0.6419
EH	3	167	0.6969
EH	3	168	0.8466
EH	3	169	0.961
EH	3	170	1.0152
EH	3	170.27	1.019
EH	3	171	1.0486
EH	3	172	1.0785
EH	3	173	1.0944
EH	3	174	1.0959
EH	3	175	1.0837
EH	3	176	1.0599
EH	3	177	1.027
EH	3	177.07	1.0246
EH	3	178	1.0291
EH	3	179	1.0193
EH	3	180	0.9947
EH	3	181	0.9592
EH	3	181.68	0.9325
EH	3	182	0.9372
EH	3	182.12	0.9388
EH	3	183	0.9472
EH	3	184	0.9361
EH	3	185	0.901
EH	3	185.83	0.8548
EH	3	186	0.8548
EH	3	187	0.8533
EH	3	188	0.8484
EH	3	189	0.8393
EH	3	190	0.826
EH	3	191	0.8088
EH	3	192	0.7882
EH	3	193	0.7653
EH	3	194	0.7405
EH	3	195	0.7146
EH	3	195.33	0.7059
EH	3	196	0.656
EH	3	197	0.5717
EH	3	198	0.4803
EH	3	199	0.3886
EH	3	199.9	0.3113
EH	3	200	0.3107
EH	3	201	0.3154
EH	3	201.85	0.3384
EH	3	202	0.3514
EH	3	202.15	0.3657
EH	3	203	0.3683
EH	3	204	0.357
EH	3	204.52	0.3431
EH	3	205	0.3293
EH	3	206	0.3008
EH	3	207	0.2748
EH	3	208	0.254
EH	3	209	0.241
EH	3	209.45	0.238
EH	4	0	0.2348
EH	4	1	0.3048
EH	4	2	0.375
EH	4	3	0.4382
EH	4	3.56	0.4685
EH	4	4	0.4943
EH	4	5	0.533
EH	4	6	0.5427
EH	4	6.19	0.5418
EH	4	7	0.4019
EH	4	7.3	0.347
EH	4	8	0.2869
EH	4	9	0.2074
EH	4	10	0.1398
EH	4	10.24	0.1257
EH	4	11	0.1335
EH	4	12	0.1435
EH	4	13	0.1515
EH	4	14	0.1561
EH	4	14.31	0.1567
EH	4	15	0.1783
EH	4	16	0.2091
EH	4	17	0.2374
EH	4	17.8	0.2569
EH	4	18	0.2617
EH	4	19	0.2855
EH	4	19.19	0.29
EH	4	20	0.3279
EH	4	21	0.3729
EH	4	22	0.4085
EH	4	23	0.4298
EH	4	24	0.4352
EH	4	24.7	0.4306
EH	4	25	0.4298
EH	4	26	0.4223
EH	4	27	0.408
EH	4	27.43	0.4006
EH	4	28	0.3505
EH	4	29	0.2732
EH	4	30	0.2119
EH	4	31	0.1661
EH	4	32	0.133
EH	4	32.37	0.1234
EH	4	33	0.1565
EH	4	34	0.2167
EH	4	35	0.2831
EH	4	36	0.3521
EH	4	36.03	0.3544
EH	4	36.14	0.3688
EH	4	37	0.6198
EH	4	37.95	0.7519
EH	4	38	0.7539
EH	4	39	0.7908
EH	4	40	0.8129
EH	4	40.63	0.8173
EH	4	41	0.809
EH	4	42	0.7803
EH	4	43	0.7447
EH	4	44	0.7073
EH	4	45	0.6738
EH	4	46	0.6498
EH	4	47	0.6393
EH	4	48	0.6442
EH	4	49	0.664
EH	4	50	0.6963
EH	4	50.67	0.7232
EH	4	51	0.7159
EH	4	52	0.6935
EH	4	52.72	0.6748
EH	4	53	0.6875
EH	4	54	0.7345
EH	4	55	0.7815
EH	4	56	0.8259
EH	4	57	0.8653
EH	4	58	0.898
EH	4	58.2	0.9037
EH	4	58.56	0.8528
EH	4	59	0.8217
EH	4	60	0.7385
EH	4	61	0.645
EH	4	61.54	0.5937
EH	4	62	0.6681
EH	4	63	0.8393
EH	4	63.21	0.8741
EH	4	63.78	0.9192
EH	4	63.78	0.9192
EH	4	64	0.9275
EH	4	64.13	0.9327
EH	4	65	0.9895
EH	4	65.65	1.0134
EH	4	65.98	0.8112
EH	4	65.98	0.8112
EH	4	66	0.8105
EH	4	66.25	0.8045
EH	4	66.25	0.8045
EH	4	66.25	0.8045
EH	4	66.52	0.7838
EH	4	66.79	0.7471
EH	4	67	0.7555
EH	4	67.07	0.7603
EH	4	67.07	0.7603
EH	4	67.07	0.7603
EH	4	67.62	0.9524
EH	4	67.91	1.0696
EH	4	68	1.0731
EH	4	68.37	1.0878
EH	4	68.37	1.0878
EH	4	68.83	1.0711
EH	4	69	1.0521
EH	4	69.92	0.9364
EH	4	69.92	0.9364
EH	4	69.92	0.9364
EH	4	70	0.9405
EH	4	70.44	0.9656
EH	4	70.71	0.9396
EH	4	70.71	0.9396
EH	4	71	0.8499
EH	4	71.53	0.662
EH	4	72	0.7103
EH	4	72.17	0.7395
EH	4	73	0.6585
EH	4	73.14	0.6449
EH	4	74	0.6295
EH	4	74.8	0.6408
EH	4	75	0.6788
EH	4	76	0.8593
EH	4	76.16	0.8858
EH	4	77	0.964
EH	4	77.53	1.0106
EH	4	78	0.963
EH	4	79	0.8634
EH	4	79.22	0.8425
EH	4	79.6	0.927
EH	4	80	1.0371
EH	4	81	1.2954
EH	4	81.55	1.4184
EH	4	81.55	1.4184
EH	4	82	1.4257
EH	4	83	1.408
EH	4	83.79	1.3576
EH	4	84	1.3552
EH	4	84.95	1.3351
EH	4	85	1.3299
EH	4	85.58	1.2803
EH	4	86	1.3491
EH	4	86.16	1.3729
EH	4	87	1.1934
EH	4	88	0.9485
EH	4	89	0.6821
EH	4	89.02	0.676
EH	4	89.02	0.676
EH	4	89.02	0.676
EH	4	89.31	0.68
EH	4	89.31	0.68
EH	4	90	0.6741
EH	4	90.1	0.6745
EH	4	91	0.4997
EH	4	92	0.3605
EH	4	92.86	0.3172
EH	4	93	0.3149
EH	4	94	0.2976
EH	4	95	0.2774
EH	4	96	0.2545
EH	4	97	0.2293
EH	4	98	0.2025
EH	4	99	0.1752
EH	4	100	0.1483
EH	4	101	0.1227
EH	4	102	0.0993
EH	4	103	0.0786
EH	4	103.37	0.0715
EH	4	104	0.0735
EH	4	104.74	0.0749
EH	4	105	0.0605
EH	4	105.04	0.0584
EH	4	105.32	0.084
EH	4	106	0.0501
EH	4	106.19	0.0429
EH	4	107	0.0588
EH	4	107.06	0.0603
EH	4	108	0.0257
EH	4	108.51	0.0237
EH	4	108.84	2e-04
EH	4	109	0.0013
EH	4	109.12	0.0049
EH	4	109.45	0.004
EH	4	110	0.0098
EH	4	111	0.0678
EH	4	111.05	0.072
EH	4	112	0.1138
EH	4	113	0.1662
EH	4	113.62	0.2014
EH	4	114	0.2074
EH	4	114.3	0.2123
EH	4	115	0.2492
EH	4	115.47	0.2919
EH	4	115.47	0.2919
EH	4	115.47	0.2919
EH	4	116	0.2854
EH	4	117	0.266
EH	4	117.16	0.2616
EH	4	118	0.2233
EH	4	118.89	0.2098
EH	4	119	0.2102
EH	4	120	0.2146
EH	4	121	0.221
EH	4	122	0.2292
EH	4	122.03	0.2295
EH	4	122.52	0.1824
EH	4	123	0.1727
EH	4	123.11	0.1717
EH	4	123.6	0.3032
EH	4	124	0.245
EH	4	124.14	0.225
EH	4	124.14	0.225
EH	4	125	0.3629
EH	4	126	0.5505
EH	4	126.01	0.5525
EH	4	126.01	0.5525
EH	4	127	0.593
EH	4	128	0.5404
EH	4	128.3	0.5122
EH	4	128.7	0.4782
EH	4	129	0.4442
EH	4	129.16	0.4257
EH	4	129.9	0.3503
EH	4	129.9	0.3503
EH	4	129.9	0.3503
EH	4	130	0.3504
EH	4	130.89	0.3541
EH	4	130.89	0.3541
EH	4	131	0.3555
EH	4	131.34	0.3623
EH	4	131.62	0.649
EH	4	132	0.6472
EH	4	132.09	0.6467
EH	4	132.43	0.6006
EH	4	132.9	0.7185
EH	4	133	0.7083
EH	4	134	0.6027
EH	4	135	0.49
EH	4	136	0.3762
EH	4	136.48	0.3244
EH	4	137	0.346
EH	4	138	0.3839
EH	4	138.65	0.4039
EH	4	139	0.39
EH	4	139.89	0.3619
EH	4	140	0.3695
EH	4	141	0.4353
EH	4	141.37	0.4583
EH	4	142	0.4492
EH	4	142.82	0.4365
EH	4	143	0.4434
EH	4	144	0.4938
EH	4	144.4	0.5174
EH	4	145	0.5569
EH	4	146	0.6222
EH	4	147	0.6809
EH	4	148	0.727
EH	4	148.99	0.7572
EH	4	149	0.7567
EH	4	150	0.7109
EH	4	151	0.6537
EH	4	152	0.586
EH	4	153	0.5099
EH	4	153.56	0.4654
EH	4	154	0.4494
EH	4	155	0.3823
EH	4	155.07	0.3765
EH	4	156	0.3037
EH	4	156.17	0.2894
EH	4	157	0.3148
EH	4	158	0.3436
EH	4	158.69	0.3611
EH	4	159	0.3806
EH	4	160	0.4382
EH	4	161	0.4841
EH	4	161.23	0.4926
EH	4	162	0.4907
EH	4	162.16	0.4896
EH	4	163	0.4425
EH	4	164	0.3852
EH	4	165	0.3283
EH	4	166	0.2741
EH	4	167	0.2248
EH	4	168	0.1821
EH	4	169	0.1473
EH	4	170	0.121
EH	4	170.81	0.1058
EH	4	171	0.0889
EH	4	171.93	0.0366
EH	4	172	0.0369
EH	4	173	0.0566
EH	4	173.99	0.1012
EH	5	0	1.741
EH	5	1	1.4471
EH	5	1.51	1.2761
EH	5	2	1.3532
EH	5	3	1.4377
EH	5	3.12	1.4424
EH	5	4	1.4908
EH	5	5	1.525
EH	5	5.71	1.5369
EH	5	5.98	1.522
EH	5	6	1.506
EH	5	6.29	1.238
EH	5	7	1.2657
EH	5	8	1.3044
EH	5	9	1.3422
EH	5	10	1.3784
EH	5	11	1.4121
EH	5	11.58	1.4303
EH	5	12	1.4319
EH	5	13	1.4333
EH	5	14	1.4307
EH	5	15	1.424
EH	5	16	1.4128
EH	5	17	1.3969
EH	5	18	1.3763
EH	5	19	1.351
EH	5	20	1.321
EH	5	21	1.2865
EH	5	22	1.2478
EH	5	23	1.2055
EH	5	24	1.1599
EH	5	25	1.1119
EH	5	26	1.0621
EH	5	27	1.0114
EH	5	28	0.9604
EH	5	29	0.9099
EH	5	29.76	0.8724
EH	5	30	0.9126
EH	5	31	1.0882
EH	5	32	1.2683
EH	5	33	1.4393
EH	5	34	1.5925
EH	5	35	1.7243
EH	5	35.92	1.8257
EH	5	36	1.8265
EH	5	37	1.809
EH	5	38	1.7393
EH	5	38.26	1.7121
EH	5	39	1.7544
EH	5	40	1.8092
EH	5	41	1.8602
EH	5	42	1.9067
EH	5	43	1.948
EH	5	44	1.9834
EH	5	45	2.0127
EH	5	46	2.0356
EH	5	47	2.0519
EH	5	48	2.0615
EH	5	49	2.0642
EH	5	50	2.0601
EH	5	51	2.0492
EH	5	52	2.0313
EH	5	53	2.0067
EH	5	54	1.9755
EH	5	55	1.938
EH	5	56	1.8946
EH	5	57	1.8459
EH	5	58	1.7925
EH	5	58.7	1.7528
EH	5	59	1.8174
EH	5	60	2.0277
EH	5	61	2.2278
EH	5	61.5	2.3229
EH	5	62	2.3284
EH	5	63	2.3244
EH	5	64	2.3014
EH	5	64.37	2.2884
EH	5	65	2.2168
EH	5	66	2.0856
EH	5	67	1.9277
EH	5	68	1.738
EH	5	69	1.5162
EH	5	69.71	1.3462
EH	5	70	1.336
EH	5	71	1.2927
EH	5	72	1.2252
EH	5	72.76	1.1478
EH	5	73	1.1602
EH	5	74	1.2259
EH	5	75	1.2919
EH	5	75.86	1.3288
EH	5	76	1.3911
EH	5	77	1.7727
EH	5	77.55	1.9386
EH	5	78	2.0357
EH	5	78.54	2.1038
EH	5	79	1.9719
EH	5	79.01	1.9674
EH	5	79.54	1.8506
EH	5	80	1.8731
EH	5	81	1.8421
EH	5	82	1.711
EH	5	83	1.5447
EH	5	83.29	1.5062
EH	5	84	1.19
EH	5	84.32	1.0383
EH	5	84.4	1.003
EH	5	84.4	1.003
EH	5	84.84	1.0114
EH	5	84.84	1.0114
EH	5	85	0.9862
EH	5	85.5	0.8935
EH	5	85.8	0.7975
EH	5	85.8	0.7975
EH	5	86	0.8958
EH	5	86.07	0.9282
EH	5	86.35	1.0709
EH	5	86.35	1.0709
EH	5	86.35	1.0709
EH	5	86.35	1.0709
EH	5	86.35	1.0709
EH	5	86.35	1.0709
EH	5	86.35	1.0709
EH	5	87	1.1463
EH	5	88	1.1915
EH	5	88.03	1.1916
EH	5	88.39	1.1741
EH	5	88.6	1.176
EH	5	88.6	1.176
EH	5	88.6	1.176
EH	5	88.6	1.176
EH	5	88.6	1.176
EH	5	88.6	1.176
EH	5	89	1.1216
EH	5	89.7	1.0116
EH	5	89.7	1.0116
EH	5	89.7	1.0116
EH	5	90	0.921
EH	5	90.25	0.8558
EH	5	90.25	0.8558
EH	5	90.25	0.8558
EH	5	90.25	0.8558
EH	5	90.25	0.8558
EH	5	91	0.7806
EH	5	92	0.6745
EH	5	93	0.5635
EH	5	94	0.4511
EH	5	95	0.3432
EH	5	95.42	0.3009
EH	5	96	0.3123
EH	5	97	0.3314
EH	5	98	0.3497
EH	5	99	0.3672
EH	5	100	0.384
EH	5	100.29	0.3887
EH	5	101	0.5423
EH	5	101.97	0.7466
EH	5	102	0.7481
EH	5	103	0.7896
EH	5	104	0.8265
EH	5	105	0.8571
EH	5	105.37	0.8666
EH	5	105.37	0.8666
EH	5	105.37	0.8666
EH	5	105.37	0.8666
EH	5	105.64	0.8717
EH	5	105.93	0.5649
EH	5	105.93	0.5649
EH	5	106	0.5606
EH	5	107	0.5097
EH	5	108	0.4786
EH	5	109	0.4581
EH	5	110	0.4401
EH	5	110.49	0.432
EH	5	110.49	0.432
EH	5	110.75	0.5129
EH	5	111	0.4661
EH	5	111.29	0.4125
EH	5	112	0.3482
EH	5	112.95	0.2435
EH	5	113	0.2474
EH	5	114	0.3233
EH	5	114.32	0.3471
EH	5	114.76	0.1671
EH	5	114.76	0.1671
EH	5	115	0.1381
EH	5	115.23	0.1118
EH	5	115.23	0.1118
EH	5	116	0.1423
EH	5	117	0.1756
EH	5	117.19	0.1796
EH	5	118	0.0881
EH	5	118.04	0.0877
EH	5	119	0.0925
EH	5	120	0.0904
EH	5	120.2	0.0893
EH	5	121	0.0682
EH	5	122	0.0476
EH	5	122.3	0.0427
EH	5	122.3	0.0427
EH	5	123	0.0421
EH	5	124	0.052
EH	5	125	0.0733
EH	5	125.33	0.0821
EH	5	126	0.0892
EH	5	126.65	0.1024
EH	5	127	0.1078
EH	5	127.55	0.1142
EH	5	128	0.1209
EH	5	128.12	0.1227
EH	5	129	0.0756
EH	5	130	0.0289
EH	5	131	0.005
EH	5	131.25	0.0032
EH	5	131.25	0.0032
EH	5	131.25	0.0032
EH	5	131.25	0.0032
EH	5	131.25	0.0032
EH	5	131.7	0.0138
EH	5	132	0.0327
EH	5	132.14	0.045
EH	5	132.58	0.051
EH	5	133	0.0413
EH	5	133.92	0.1023
EH	5	134	0.097
EH	5	134.59	0.0633
EH	5	134.78	0.0633
EH	5	135	0.0681
EH	5	136	0.1198
EH	5	136.29	0.1432
EH	5	137	0.1675
EH	5	138	0.204
EH	5	138.42	0.2198
EH	5	139	0.2422
EH	5	139.69	0.2705
EH	5	140	0.3094
EH	5	141	0.4396
EH	5	141.37	0.4876
EH	5	142	0.5862
EH	5	143	0.751
EH	5	143.71	0.8659
EH	5	144	0.8541
EH	5	144.84	0.8194
EH	5	145	0.8912
EH	5	145.42	1.0788
EH	5	146	0.864
EH	5	147	0.457
EH	5	147.29	0.3525
EH	5	148	0.3209
EH	5	148.98	0.2766
EH	5	149	0.2745
EH	5	150	0.1661
EH	5	151	0.0904
EH	5	152	0.0571
EH	5	153	0.0669
EH	5	153.49	0.0853
EH	5	154	0.1078
EH	5	155	0.1726
EH	5	156	0.248
EH	5	156.83	0.3116
EH	5	157	0.3168
EH	5	158	0.3475
EH	5	159	0.3791
EH	5	160	0.4115
EH	5	161	0.4443
EH	5	161.51	0.4611
EH	5	161.51	0.4611
EH	5	162	0.4832
EH	5	162.7	0.5035
EH	5	163	0.5739
EH	5	163.59	0.7147
EH	5	164	0.6563
EH	5	165	0.5158
EH	5	166	0.4104
EH	5	166.22	0.3954
EH	5	167	0.3276
EH	5	167.65	0.2685
EH	5	168	0.2811
EH	5	169	0.3499
EH	5	169.72	0.4227
EH	5	170	0.4032
EH	5	170.63	0.3608
EH	5	171	0.3634
EH	5	172	0.37
EH	5	173	0.3711
EH	5	173.95	0.3606
EH	5	174	0.3637
EH	5	175	0.4466
EH	5	176	0.5696
EH	5	176.63	0.6595
EH	5	177	0.6786
EH	5	178	0.7271
EH	5	179	0.7671
EH	5	180	0.7961
EH	5	181	0.8137
EH	5	182	0.8208
EH	5	182.05	0.8209
EH	5	183	0.8497
EH	5	184	0.8775
EH	5	185	0.9029
EH	5	186	0.9259
EH	5	187	0.9467
EH	5	187.55	0.9572
EH	5	188	0.9757
EH	5	189	1.0193
EH	5	189.86	1.0594
EH	5	189.86	1.0594
EH	5	190	1.0648
EH	5	191	1.1436
EH	5	192	1.2992
EH	5	192.91	1.491
EH	6	5	0.9545
EH	6	6	1.0602
EH	6	7	1.1728
EH	6	8	1.2827
EH	6	8	1.2836
EH	6	8.67	1.5095
EH	6	9	1.4296
EH	6	9.86	1.1555
EH	6	9.86	1.1555
EH	6	9.86	1.1555
EH	6	9.86	1.1555
EH	6	9.86	1.1555
EH	6	10	1.2359
EH	6	10.69	1.5194
EH	6	11	1.6374
EH	6	11.21	1.7086
EH	6	11.21	1.7086
EH	6	12	1.5283
EH	6	13	1.2293
EH	6	13.54	1.0357
EH	6	14	1.0253
EH	6	15	1.0107
EH	6	15.94	1.0052
EH	6	16	0.9923
EH	6	17	0.779
EH	6	17.79	0.622
EH	6	18	0.6061
EH	6	18.84	0.5383
EH	6	19	0.5216
EH	6	20	0.4212
EH	6	21	0.3343
EH	6	21.19	0.3196
EH	6	22	0.3186
EH	6	23	0.3156
EH	6	24	0.3107
EH	6	25	0.3039
EH	6	25.89	0.2964
EH	6	26	0.2938
EH	6	27	0.2687
EH	6	28	0.2403
EH	6	28.92	0.2118
EH	6	29	0.2123
EH	6	30	0.2245
EH	6	30.84	0.2422
EH	6	30.84	0.2422
EH	6	31	0.2671
EH	6	31.31	0.3189
EH	6	32	0.403
EH	6	33	0.5341
EH	6	33.01	0.5357
EH	6	34	0.5465
EH	6	34.25	0.5482
EH	6	34.56	0.4449
EH	6	35	0.4834
EH	6	36	0.5834
EH	6	37	0.692
EH	6	37.93	0.7925
EH	6	38	0.7952
EH	6	39	0.8379
EH	6	39.43	0.8584
EH	6	40	0.9082
EH	6	40.67	0.9697
EH	6	41	0.9584
EH	6	41.23	0.9522
EH	6	41.78	1.1239
EH	6	41.78	1.1239
EH	6	42	1.0934
EH	6	42.88	0.9084
EH	6	43	0.9124
EH	6	44	0.9344
EH	6	45	0.9419
EH	6	45.16	0.9422
EH	6	46	0.738
EH	6	46.17	0.6927
EH	6	47	0.5868
EH	6	47.13	0.5695
EH	6	47.4	0.5828
EH	6	47.96	0.6619
EH	6	48	0.6662
EH	6	49	0.7914
EH	6	50	0.9201
EH	6	51	1.0465
EH	6	52	1.1661
EH	6	52.13	1.181
EH	6	53	1.1876
EH	6	54	1.1871
EH	6	55	1.1781
EH	6	56	1.1609
EH	6	57	1.1365
EH	6	58	1.1061
EH	6	59	1.0714
EH	6	60	1.0341
EH	6	60.95	0.9977
EH	6	61	0.9969
EH	6	61.62	0.9779
EH	6	62	0.9729
EH	6	62.58	0.9562
EH	6	62.58	0.9562
EH	6	62.86	0.9936
EH	6	63	1.0138
EH	6	63.76	1.1189
EH	6	64	1.0552
EH	6	64.04	1.0444
EH	6	65	1.1137
EH	6	65.84	1.1554
EH	6	65.84	1.1554
EH	6	66	1.156
EH	6	67	0.9895
EH	6	67	0.9898
EH	6	68	1.0758
EH	6	69	1.1554
EH	6	70	1.224
EH	6	71	1.2773
EH	6	72	1.3111
EH	6	72.06	1.3124
EH	6	72.48	1.3102
EH	6	73	1.2496
EH	6	73.89	1.1219
EH	6	73.89	1.1219
EH	6	73.89	1.1219
EH	6	73.89	1.1219
EH	6	74	1.0841
EH	6	74.72	0.8473
EH	6	75	0.8231
EH	6	75.86	0.7512
EH	6	76	0.7834
EH	6	76.15	0.8162
EH	6	76.43	0.8379
EH	6	76.99	0.8105
EH	6	77	0.8126
EH	6	77.31	0.9049
EH	6	77.31	0.9049
EH	6	78	0.9911
EH	6	79	1.1061
EH	6	80	1.2059
EH	6	81	1.2894
EH	6	81.1	1.2968
EH	6	82	1.668
EH	6	82.93	2.0453
EH	6	83	2.0405
EH	6	84	1.9616
EH	6	85	1.8578
EH	6	86	1.7302
EH	6	87	1.586
EH	6	88	1.4404
EH	6	88.38	1.3881
EH	6	89	1.3752
EH	6	90	1.3527
EH	6	91	1.3289
EH	6	92	1.3047
EH	6	93	1.281
EH	6	93.32	1.2737
EH	6	94	1.2551
EH	6	95	1.2191
EH	6	96	1.173
EH	6	97	1.1174
EH	6	98	1.0533
EH	6	99	0.9824
EH	6	100	0.9067
EH	6	101	0.829
EH	6	101.54	0.7872
EH	6	102	0.7918
EH	6	103	0.7981
EH	6	104	0.7986
EH	6	105	0.7924
EH	6	106	0.7793
EH	6	106.91	0.7616
EH	6	107	0.7559
EH	6	108	0.6921
EH	6	109	0.6307
EH	6	110	0.5787
EH	6	111	0.5432
EH	6	111.17	0.5391
EH	6	112	0.5842
EH	6	113	0.6341
EH	6	113.86	0.6722
EH	6	114	0.6639
EH	6	114.87	0.6053
EH	6	115	0.598
EH	6	116	0.54
EH	6	117	0.4774
EH	6	118	0.4111
EH	6	118.61	0.3701
EH	6	119	0.4366
EH	6	120	0.6207
EH	6	121	0.8041
EH	6	121.47	0.8861
EH	6	121.71	0.7104
EH	6	121.9	0.707
EH	6	122	0.7047
EH	6	123	0.6485
EH	6	123.24	0.6273
EH	6	124	0.5835
EH	6	124.71	0.541
EH	6	125	0.5358
EH	6	126	0.5158
EH	6	127	0.4922
EH	6	128	0.465
EH	6	129	0.4346
EH	6	130	0.4017
EH	6	131	0.3674
EH	6	132	0.3328
EH	6	133	0.2996
EH	6	134	0.2695
EH	6	135	0.244
EH	6	136	0.2244
EH	6	137	0.2114
EH	6	138	0.2048
EH	6	139	0.2041
EH	6	140	0.2083
EH	6	141	0.2164
EH	6	141.54	0.2219
EH	6	142	0.2081
EH	6	143	0.1768
EH	6	144	0.1449
EH	6	145	0.1141
EH	6	145.43	0.1016
EH	7	0	0.9306
EH	7	1	0.8454
EH	7	2	0.7457
EH	7	2.79	0.6596
EH	7	3	0.6672
EH	7	4	0.7006
EH	7	5	0.7248
EH	7	6	0.7358
EH	7	7	0.7293
EH	7	8	0.7036
EH	7	8.17	0.6975
EH	7	9	0.6937
EH	7	10	0.6861
EH	7	11	0.6751
EH	7	12	0.6607
EH	7	12.34	0.655
EH	7	13	0.6708
EH	7	14	0.7108
EH	7	15	0.769
EH	7	16	0.8402
EH	7	17	0.9167
EH	7	18	0.9915
EH	7	18.43	1.0221
EH	7	19	1.0523
EH	7	20	1.1151
EH	7	21	1.1892
EH	7	22	1.2734
EH	7	23	1.3654
EH	7	24	1.4613
EH	7	25	1.5566
EH	7	26	1.6465
EH	7	27	1.7273
EH	7	28	1.7964
EH	7	28.29	1.8139
EH	7	29	1.8945
EH	7	30	1.9863
EH	7	31	2.0275
EH	7	31.36	2.0275
EH	7	32	2.1106
EH	7	33	2.1987
EH	7	34	2.2335
EH	7	35	2.216
EH	7	36	2.1481
EH	7	37	2.0341
EH	7	38	1.8814
EH	7	39	1.7027
EH	7	39.25	1.6561
EH	7	40	1.6411
EH	7	41	1.5806
EH	7	42	1.4685
EH	7	42.23	1.4354
EH	7	43	1.4431
EH	7	44	1.4316
EH	7	45	1.3923
EH	7	46	1.3233
EH	7	47	1.2254
EH	7	48	1.103
EH	7	49	0.9651
EH	7	49.22	0.9342
EH	7	50	0.9307
EH	7	51	0.9142
EH	7	52	0.8837
EH	7	53	0.8399
EH	7	54	0.7842
EH	7	55	0.7191
EH	7	55.22	0.7036
EH	7	56	0.7564
EH	7	57	0.7996
EH	7	58	0.8085
EH	7	58.73	0.793
EH	7	59	0.8624
EH	7	59.86	1.0685
EH	7	60	1.0645
EH	7	60.67	1.013
EH	7	60.67	1.013
EH	7	61	0.8783
EH	7	62	0.6873
EH	7	62.21	0.679
EH	7	62.21	0.679
EH	7	63	0.6569
EH	7	64	0.6251
EH	7	64.02	0.6245
EH	7	64.02	0.6245
EH	7	64.02	0.6245
EH	7	64.02	0.6245
EH	7	64.02	0.6245
EH	7	64.84	0.4354
EH	7	64.84	0.4354
EH	7	64.84	0.4354
EH	7	64.84	0.4354
EH	7	64.84	0.4354
EH	7	65	0.4196
EH	7	65.65	0.3584
EH	7	65.65	0.3584
EH	7	66	0.3605
EH	7	67	0.3562
EH	7	67.02	0.3559
EH	7	68	0.3675
EH	7	69	0.38
EH	7	69.05	0.3805
EH	7	70	0.3211
EH	7	70.32	0.3134
EH	7	71	0.3278
EH	7	71.62	0.345
EH	7	72	0.3335
EH	7	72.2	0.3292
EH	7	73	0.3622
EH	7	74	0.4045
EH	7	75	0.447
EH	7	75.89	0.4844
EH	7	76	0.507
EH	7	76.17	0.5559
EH	7	76.17	0.5559
EH	7	77	0.5399
EH	7	78	0.4483
EH	7	79	0.2916
EH	7	79.3	0.2391
EH	7	80	0.2662
EH	7	81	0.3048
EH	7	82	0.3422
EH	7	83	0.377
EH	7	84	0.4086
EH	7	84.06	0.4103
EH	7	85	0.3487
EH	7	86	0.2827
EH	7	87	0.2186
EH	7	88	0.1602
EH	7	89	0.1117
EH	7	90	0.0771
EH	7	91	0.0583
EH	7	91.59	0.0545
EH	7	92	0.0603
EH	7	92.66	0.0706
EH	7	93	0.06
EH	7	94	0.0352
EH	7	95	0.0213
EH	7	96	0.0192
EH	7	97	0.0286
EH	7	97.21	0.0319
EH	7	98	0.0299
EH	7	99	0.0353
EH	7	100	0.0503
EH	7	101	0.0741
EH	7	102	0.1043
EH	7	103	0.1379
EH	7	103.28	0.1476
EH	7	104	0.1575
EH	7	105	0.1756
EH	7	105.85	0.1952
EH	7	106	0.2064
EH	7	107	0.2851
EH	7	108	0.3596
EH	7	108.57	0.3966
EH	7	109	0.344
EH	7	109.07	0.3356
EH	7	110	0.346
EH	7	111	0.3505
EH	7	111.99	0.346
EH	7	112	0.3476
EH	7	113	0.4673
EH	7	113.83	0.5667
EH	7	114	0.5937
EH	7	114.5	0.6705
EH	7	114.84	0.6681
EH	7	115	0.6613
EH	7	115.98	0.619
EH	7	116	0.6211
EH	7	116.06	0.6262
EH	7	116.34	0.6022
EH	7	116.99	0.5316
EH	7	117	0.5316
EH	7	117.26	0.5312
EH	7	117.26	0.5312
EH	7	117.34	0.512
EH	7	117.62	0.5361
EH	7	118	0.6412
EH	7	118.25	0.706
EH	7	118.25	0.706
EH	7	119	0.741
EH	7	119.63	0.7617
EH	7	119.63	0.7617
EH	7	120	0.7517
EH	7	120.35	0.7433
EH	7	121	0.6458
EH	7	121.2	0.6138
EH	7	121.71	0.631
EH	7	122	0.6534
EH	7	123	0.7432
EH	7	123.45	0.7888
EH	7	124	0.7402
EH	7	125	0.6833
EH	7	125.16	0.6763
EH	7	125.56	0.7198
EH	7	126	0.8068
EH	7	126.5	0.9143
EH	7	127	0.9081
EH	7	128	0.8526
EH	7	129	0.7495
EH	7	129.46	0.6905
EH	7	130	0.7228
EH	7	131	0.7555
EH	7	132	0.7484
EH	7	132.22	0.743
EH	7	133	0.7035
EH	7	134	0.6476
EH	7	134.79	0.6008
EH	7	135	0.5881
EH	7	135.12	0.5803
EH	7	136	0.5353
EH	7	137	0.4829
EH	7	137.03	0.4814
EH	7	138	0.4239
EH	7	139	0.3644
EH	7	140	0.3064
EH	7	141	0.2518
EH	7	141.24	0.2393
EH	7	141.24	0.2393
EH	7	142	0.1607
EH	7	142.68	0.0987
EH	7	143	0.0876
EH	7	144	0.0524
EH	7	144.15	0.0476
EH	7	145	0.0262
EH	7	146	0.0084
EH	7	146.68	0.002
EH	7	147	9e-04
EH	7	148	0.0047
EH	7	149	0.0194
EH	7	149.82	0.0388
EH	7	150	0.039
EH	7	151	0.0407
EH	7	152	0.0431
EH	7	153	0.0466
EH	7	154	0.0514
EH	7	155	0.058
EH	7	156	0.0666
EH	7	157	0.0771
EH	7	158	0.0894
EH	7	159	0.1033
EH	7	160	0.1184
EH	7	161	0.1342
EH	7	161.82	0.1477
EH	7	162	0.1597
EH	7	163	0.2378
EH	7	164	0.3292
EH	7	165	0.4278
EH	7	165.79	0.5069
EH	7	166	0.4967
EH	7	167	0.4472
EH	7	167.53	0.4212
EH	7	168	0.4572
EH	7	169	0.5245
EH	7	170	0.573
EH	7	170.38	0.5858
EH	7	170.38	0.5858
EH	7	171	0.7305
EH	7	171.55	0.861
EH	7	172	1.0912
EH	7	172.27	1.195
EH	7	173	1.0967
EH	7	174	0.9472
EH	7	175	0.7845
EH	7	176	0.616
EH	7	177	0.4532
EH	7	178	0.3097
EH	7	178.24	0.2792
EH	7	179	0.1962
EH	7	180	0.1014
EH	7	181	0.0349
EH	7	181.69	0.01
EH	7	181.69	0.01
EH	7	182	0.0171
EH	7	183	0.0654
EH	7	184	0.1477
EH	7	185	0.2463
EH	7	185.46	0.2929
EH	7	186	0.2985
EH	7	187	0.2972
EH	7	188	0.2794
EH	7	188.18	0.2747
EH	7	189	0.2781
EH	7	189.78	0.2817
EH	8	10	0.152
EH	8	11	0.0265
EH	8	11.51	0.0297
EH	8	12	0.0297
EH	8	12.12	0.0296
EH	8	12.44	0.0295
EH	8	13	0.0205
EH	8	13.96	0.0174
EH	8	14	0.017
EH	8	15	0.0098
EH	8	15.48	0.0072
EH	8	16	0.0083
EH	8	17	0.0306
EH	8	18	0.078
EH	8	18.54	0.1122
EH	8	18.54	0.1122
EH	8	19	0.1062
EH	8	20	0.0885
EH	8	21	0.0695
EH	8	21.21	0.066
EH	8	22	0.0751
EH	8	22.35	0.0816
EH	8	23	0.0748
EH	8	24	0.0643
EH	8	25	0.0539
EH	8	26	0.044
EH	8	27	0.0348
EH	8	28	0.0267
EH	8	29	0.02
EH	8	30	0.0147
EH	8	31	0.0112
EH	8	32	0.0093
EH	8	33	0.0091
EH	8	34	0.0102
EH	8	35	0.0124
EH	8	35.37	0.0135
EH	8	36	0.0255
EH	8	37	0.0535
EH	8	38	0.0918
EH	8	39	0.1377
EH	8	40	0.1878
EH	8	41	0.2388
EH	8	41.36	0.257
EH	8	42	0.2726
EH	8	42.33	0.2789
EH	8	43	0.3318
EH	8	44	0.4162
EH	8	44.46	0.4554
EH	8	45	0.4175
EH	8	46	0.3424
EH	8	47	0.2646
EH	8	48	0.1905
EH	8	49	0.1268
EH	8	50	0.079
EH	8	50.09	0.0755
EH	8	51	0.0578
EH	8	52	0.0403
EH	8	53	0.0273
EH	8	54	0.0209
EH	8	55	0.023
EH	8	56	0.0344
EH	8	56.95	0.0536
EH	8	57	0.0514
EH	8	58	0.0187
EH	8	59	0.0081
EH	8	60	0.0195
EH	8	61	0.0496
EH	8	61.94	0.09
EH	8	62	0.0923
EH	8	62.61	0.1162
EH	8	62.91	0.0794
EH	8	63	0.0838
EH	8	64	0.1358
EH	8	64.03	0.1374
EH	8	64.36	0.1562
EH	8	64.68	0.115
EH	8	64.68	0.115
EH	8	64.68	0.115
EH	8	64.68	0.115
EH	8	65	0.1432
EH	8	65.04	0.1467
EH	8	65.04	0.1467
EH	8	65.04	0.1467
EH	8	65.04	0.1467
EH	8	65.04	0.1467
EH	8	65.04	0.1467
EH	8	65.74	0.1069
EH	8	65.74	0.1069
EH	8	66	0.1169
EH	8	66.73	0.1457
EH	8	67	0.1264
EH	8	67.01	0.1257
EH	8	67.01	0.1257
EH	8	67.3	0.1269
EH	8	67.58	0.1309
EH	8	67.63	0.1311
EH	8	67.63	0.1311
EH	8	68	0.1487
EH	8	69	0.1966
EH	8	70	0.2416
EH	8	70.03	0.2428
EH	8	71	0.2922
EH	8	71.02	0.2933
EH	8	72	0.3857
EH	8	73	0.469
EH	8	73.13	0.4789
EH	8	73.71	0.4614
EH	8	73.71	0.4614
EH	8	74	0.4103
EH	8	74.28	0.3624
EH	8	74.28	0.3624
EH	8	74.55	0.3541
EH	8	74.55	0.3541
EH	8	74.83	0.3543
EH	8	75	0.3763
EH	8	75.38	0.4229
EH	8	75.52	0.4241
EH	8	75.52	0.4241
EH	8	76	0.4621
EH	8	76.41	0.5005
EH	8	76.71	0.4488
EH	8	77	0.442
EH	8	77.45	0.4408
EH	8	77.45	0.4408
EH	8	77.45	0.4408
EH	8	77.63	0.4385
EH	8	77.96	0.4803
EH	8	77.96	0.4803
EH	8	78	0.4976
EH	8	79	0.9715
EH	8	79.19	1.0585
EH	8	79.46	1.0859
EH	8	80	1.0863
EH	8	80.17	1.0864
EH	8	80.17	1.0864
EH	8	80.64	1.0843
EH	8	80.64	1.0843
EH	8	80.64	1.0843
EH	8	80.97	1.0944
EH	8	81	1.0966
EH	8	82	1.1544
EH	8	82.07	1.1583
EH	8	82.57	1.072
EH	8	83	0.8792
EH	8	83.15	0.8094
EH	8	83.68	0.8707
EH	8	84	0.9047
EH	8	84.27	0.89
EH	8	84.56	0.8916
EH	8	85	0.939
EH	8	86	1.0233
EH	8	86.7	1.0655
EH	8	87	1.062
EH	8	87.91	1.0558
EH	8	88	1.0758
EH	8	89	1.2873
EH	8	89.51	1.3785
EH	8	90	1.3109
EH	8	90.45	1.2334
EH	8	90.77	1.1969
EH	8	91	1.1837
EH	8	91.34	1.1647
EH	8	91.34	1.1647
EH	8	92	1.0413
EH	8	93	0.8851
EH	8	93.28	0.8503
EH	8	93.28	0.8503
EH	8	93.28	0.8503
EH	8	93.84	0.8912
EH	8	94	0.9309
EH	8	94.39	1.0161
EH	8	95	0.92
EH	8	95.81	0.758
EH	8	95.81	0.758
EH	8	96	0.7459
EH	8	96.46	0.7251
EH	8	97	0.8085
EH	8	98	0.9364
EH	8	99	1.0129
EH	8	99.43	1.0281
EH	8	100	1.0819
EH	8	100.24	1.1251
EH	8	101	1.1842
EH	8	101.37	1.2117
EH	8	102	1.1075
EH	8	103	0.9044
EH	8	103.85	0.6972
EH	8	104	0.688
EH	8	104.48	0.6548
EH	8	105	0.6413
EH	8	106	0.6125
EH	8	107	0.5804
EH	8	108	0.5451
EH	8	109	0.507
EH	8	110	0.4669
EH	8	110.12	0.4619
EH	8	110.49	0.4813
EH	8	111	0.436
EH	8	112	0.3542
EH	8	112.77	0.3005
EH	8	113	0.3331
EH	8	114	0.5079
EH	8	115	0.7112
EH	8	116	0.9132
EH	8	117	1.0989
EH	8	117.87	1.2439
EH	8	118	1.2535
EH	8	119	1.3171
EH	8	120	1.3569
EH	8	121	1.3724
EH	8	122	1.3652
EH	8	123	1.3379
EH	8	123.74	1.3069
EH	8	124	1.3262
EH	8	125	1.3981
EH	8	125.85	1.4567
EH	8	126	1.4195
EH	8	127	1.1471
EH	8	127.27	1.0623
EH	8	128	0.8578
EH	8	128.62	0.6714
EH	8	129	0.6612
EH	8	130	0.6177
EH	8	131	0.5516
EH	8	132	0.4686
EH	8	132.15	0.4552
EH	8	133	0.4356
EH	8	134	0.416
EH	8	135	0.4009
EH	8	135.18	0.3985
EH	8	136	0.4156
EH	8	137	0.4338
EH	8	138	0.4476
EH	8	139	0.4561
EH	8	139.65	0.4584
EH	8	140	0.4506
EH	8	141	0.4284
EH	8	141.72	0.4122
EH	8	142	0.4282
EH	8	142.26	0.4454
EH	8	143	0.4414
EH	8	144	0.4577
EH	8	145	0.5062
EH	8	146	0.5903
EH	8	147	0.7024
EH	8	147.03	0.7063
EH	8	148	0.7395
EH	8	149	0.7748
EH	8	150	0.8105
EH	8	151	0.8461
EH	8	152	0.8803
EH	8	153	0.9117
EH	8	154	0.9381
EH	8	155	0.9575
EH	8	155.48	0.9636
EH	8	155.86	0.9857
EH	8	156	0.9766
EH	8	156.4	0.9218
EH	8	156.4	0.9218
EH	8	157	0.9829
EH	8	158	1.0419
EH	8	158.05	1.0432
EH	9	0	0.6925
EH	9	1	0.6857
EH	9	2	0.6709
EH	9	3	0.6484
EH	9	3.78	0.6258
EH	9	4	0.6499
EH	9	5	0.7551
EH	9	6	0.8516
EH	9	6.73	0.9167
EH	9	7	0.8904
EH	9	8	0.7851
EH	9	8.56	0.722
EH	9	8.56	0.722
EH	9	9	0.7248
EH	9	10	0.7195
EH	9	11	0.6966
EH	9	11.73	0.6685
EH	9	12	0.7098
EH	9	13	0.8724
EH	9	13.87	1.023
EH	9	14	1.0297
EH	9	15	1.0774
EH	9	16	1.1135
EH	9	17	1.1332
EH	9	18	1.1321
EH	9	19	1.1062
EH	9	20	1.0535
EH	9	20.65	1.0057
EH	9	21	0.999
EH	9	22	0.9752
EH	9	23	0.9448
EH	9	24	0.908
EH	9	25	0.8652
EH	9	25.46	0.8436
EH	9	26	0.8201
EH	9	27	0.7654
EH	9	28	0.696
EH	9	28.32	0.6711
EH	9	29	0.6264
EH	9	30	0.5594
EH	9	31	0.4913
EH	9	32	0.423
EH	9	33	0.3559
EH	9	33.05	0.3524
EH	9	33.25	0.3503
EH	9	33.61	0.4042
EH	9	34	0.4427
EH	9	35	0.5385
EH	9	36	0.6229
EH	9	37	0.6925
EH	9	37.52	0.7227
EH	9	38	0.7311
EH	9	39	0.7485
EH	9	40	0.7662
EH	9	41	0.7849
EH	9	42	0.8053
EH	9	43	0.8283
EH	9	44	0.8545
EH	9	45	0.8843
EH	9	46	0.9178
EH	9	47	0.9547
EH	9	48	0.9945
EH	9	49	1.0367
EH	9	50	1.0803
EH	9	50.33	1.0948
EH	9	51	1.0385
EH	9	52	0.9515
EH	9	53	0.8612
EH	9	54	0.7686
EH	9	55	0.6748
EH	9	55.66	0.6135
EH	9	56	0.5517
EH	9	56.73	0.3873
EH	9	57	0.403
EH	9	57.48	0.4346
EH	9	58	0.3805
EH	9	59	0.2776
EH	9	59.91	0.1972
EH	9	60	0.2033
EH	9	61	0.2963
EH	9	61.35	0.3347
EH	9	62	0.296
EH	9	63	0.2342
EH	9	64	0.1716
EH	9	65	0.1136
EH	9	65.11	0.1077
EH	9	65.88	0.0317
EH	9	65.88	0.0317
EH	9	65.88	0.0317
EH	9	66	0.0255
EH	9	67	0.0116
EH	9	67.84	0.0517
EH	9	67.84	0.0517
EH	9	67.84	0.0517
EH	9	68	0.0486
EH	9	68.2	0.0449
EH	9	68.2	0.0449
EH	9	68.2	0.0449
EH	9	68.2	0.0449
EH	9	68.2	0.0449
EH	9	68.2	0.0449
EH	9	68.2	0.0449
EH	9	68.2	0.0449
EH	9	68.86	0.0573
EH	9	68.86	0.0573
EH	9	69	0.0478
EH	9	69.87	0.0187
EH	9	69.87	0.0187
EH	9	69.87	0.0187
EH	9	70	0.0186
EH	9	71	0.0233
EH	9	71.81	0.0342
EH	9	72	0.0289
EH	9	73	0.0097
EH	9	73.2	0.0077
EH	9	74	0.0246
EH	9	74.07	0.0265
EH	9	74.49	0.0384
EH	9	75	0.0327
EH	9	76	0.0358
EH	9	76.93	0.0556
EH	9	77	0.0559
EH	9	77.86	0.063
EH	9	78	0.0605
EH	9	79	0.0513
EH	9	79.1	0.0513
EH	9	80	0.1658
EH	9	81	0.35
EH	9	81.08	0.3663
EH	9	82	0.3166
EH	9	82.25	0.3053
EH	9	82.25	0.3053
EH	9	82.25	0.3053
EH	9	82.54	0.3276
EH	9	83	0.315
EH	9	83.43	0.2975
EH	9	84	0.2813
EH	9	84.91	0.2618
EH	9	85	0.2775
EH	9	85.57	0.3834
EH	9	86	0.4071
EH	9	86.55	0.4574
EH	9	86.89	0.5621
EH	9	87	0.5496
EH	9	88	0.4594
EH	9	88.43	0.4348
EH	9	88.84	0.45
EH	9	89	0.4602
EH	9	90	0.5339
EH	9	90.07	0.5392
EH	9	90.27	0.519
EH	9	91	0.5271
EH	9	91.12	0.5285
EH	9	92	0.5339
EH	9	92.87	0.5326
EH	9	93	0.531
EH	9	93.19	0.5287
EH	9	93.4	0.5294
EH	9	94	0.5627
EH	9	94.87	0.5801
EH	9	95	0.5821
EH	9	96	0.5978
EH	9	96.19	0.601
EH	9	97	0.6463
EH	9	98	0.6829
EH	9	99	0.6905
EH	9	100	0.6688
EH	9	100.07	0.6664
EH	9	101	0.6542
EH	9	101.03	0.6539
EH	9	102	0.7507
EH	9	103	0.8421
EH	9	104	0.9195
EH	9	105	0.9809
EH	9	106	1.0258
EH	9	106.61	1.0452
EH	9	107	1.0007
EH	9	107.39	0.9551
EH	9	108	0.9086
EH	9	109	0.8046
EH	9	109.12	0.7896
EH	9	110	0.7618
EH	9	111	0.7269
EH	9	112	0.6915
EH	9	113	0.6592
EH	9	113.39	0.6483
EH	9	114	0.6991
EH	9	115	0.784
EH	9	116	0.8684
EH	9	117	0.9496
EH	9	118	1.0257
EH	9	119	1.0958
EH	9	119.11	1.1029
EH	9	120	1.087
EH	9	121	1.0528
EH	9	122	1.0026
EH	9	123	0.9393
EH	9	124	0.8667
EH	9	124.33	0.8412
EH	9	125	0.8364
EH	9	126	0.8313
EH	9	127	0.8273
EH	9	128	0.823
EH	9	128.15	0.8221
EH	9	129	0.8267
EH	9	130	0.8329
EH	9	131	0.8395
EH	9	132	0.8452
EH	9	133	0.8485
EH	9	133.98	0.8481
EH	9	134	0.8485
EH	9	135	0.8655
EH	9	136	0.8782
EH	9	137	0.8867
EH	9	138	0.8919
EH	9	139	0.8951
EH	9	139.4	0.8962
EH	9	140	0.9037
EH	9	141	0.9143
EH	9	142	0.9214
EH	9	143	0.9238
EH	9	144	0.9206
EH	9	145	0.9114
EH	9	145.7	0.9014
EH	9	146	0.9192
EH	9	146.83	0.9682
EH	9	147	0.9839
EH	9	148	1.0791
EH	9	149	1.1749
EH	9	150	1.2695
EH	9	151	1.3615
EH	9	152	1.4499
EH	9	152.83	1.5198
EH	9	153	1.4777
EH	9	154	1.2164
EH	9	154.19	1.1653
EH	9	155	1.1242
EH	9	156	1.0629
EH	9	157	0.9919
EH	9	158	0.9134
EH	9	159	0.8301
EH	9	160	0.7448
EH	9	161	0.6604
EH	9	161.6	0.6109
EH	9	162	0.6009
EH	9	163	0.5687
EH	9	164	0.5267
EH	9	164.21	0.5166
EH	9	165	0.4741
EH	9	166	0.4195
EH	9	166.96	0.3681
EH	9	167	0.3661
EH	9	167.53	0.3389
EH	9	168	0.2843
EH	9	168.23	0.2668
EH	10	0	0.2744
EH	10	0.39	0.2237
EH	10	0.39	0.2237
EH	10	1	0.1907
EH	10	2	0.1447
EH	10	2.59	0.1226
EH	10	3	0.1187
EH	10	4	0.1078
EH	10	5	0.0961
EH	10	5.56	0.0898
EH	10	6	0.0948
EH	10	7	0.108
EH	10	8	0.1239
EH	10	9	0.1422
EH	10	10	0.1629
EH	10	11	0.1858
EH	10	12	0.2108
EH	10	12.75	0.2307
EH	10	13	0.2358
EH	10	14	0.2569
EH	10	15	0.2781
EH	10	16	0.2991
EH	10	17	0.3196
EH	10	18	0.3393
EH	10	19	0.3578
EH	10	20	0.3749
EH	10	20.84	0.388
EH	10	21	0.392
EH	10	22	0.4193
EH	10	23	0.4491
EH	10	24	0.4813
EH	10	25	0.5158
EH	10	26	0.552
EH	10	27	0.5896
EH	10	28	0.6279
EH	10	29	0.6662
EH	10	30	0.7037
EH	10	31	0.7396
EH	10	32	0.7732
EH	10	33	0.8039
EH	10	34	0.8309
EH	10	35	0.8539
EH	10	36	0.8724
EH	10	37	0.8863
EH	10	38	0.8954
EH	10	39	0.8998
EH	10	40	0.8996
EH	10	41	0.8951
EH	10	42	0.8866
EH	10	43	0.8745
EH	10	44	0.8592
EH	10	45	0.8413
EH	10	46	0.8212
EH	10	47	0.7994
EH	10	48	0.7765
EH	10	49	0.7528
EH	10	49.8	0.7335
EH	10	50	0.7399
EH	10	51	0.7825
EH	10	52	0.8423
EH	10	53	0.9145
EH	10	54	0.9925
EH	10	54.54	1.0348
EH	10	55	1.0479
EH	10	56	1.0605
EH	10	57	1.0542
EH	10	57.64	1.0421
EH	10	58	1.0167
EH	10	58.48	0.9886
EH	10	59	1.0047
EH	10	59.81	1.0162
EH	10	60	1.0629
EH	10	60.9	1.2464
EH	10	61	1.1781
EH	10	61.41	0.8394
EH	10	61.62	0.9059
EH	10	61.62	0.9059
EH	10	61.62	0.9059
EH	10	61.62	0.9059
EH	10	62	0.9118
EH	10	63	0.9103
EH	10	63.68	0.9096
EH	10	64	0.9153
EH	10	64.85	0.9435
EH	10	64.85	0.9435
EH	10	64.94	0.9737
EH	10	64.94	0.9737
EH	10	65	0.9736
EH	10	65.75	0.9715
EH	10	66	0.9658
EH	10	66.31	0.9777
EH	10	67	0.9671
EH	10	68	0.9153
EH	10	68.01	0.9146
EH	10	68.47	0.8989
EH	10	68.77	0.6956
EH	10	69	0.6929
EH	10	69.24	0.6921
EH	10	69.53	0.6897
EH	10	70	0.683
EH	10	70.91	0.6283
EH	10	71	0.6263
EH	10	72	0.5602
EH	10	72.8	0.4572
EH	10	73	0.4329
EH	10	73.22	0.4051
EH	10	74	0.5758
EH	10	74.33	0.649
EH	10	74.33	0.649
EH	10	74.33	0.649
EH	10	75	0.6042
EH	10	75.15	0.5911
EH	10	76	0.7156
EH	10	76.02	0.7181
EH	10	76.79	0.6971
EH	10	77	0.6695
EH	10	77.19	0.6422
EH	10	78	0.67
EH	10	79	0.7022
EH	10	80	0.7307
EH	10	81	0.7546
EH	10	82	0.7728
EH	10	83	0.7841
EH	10	84	0.7867
EH	10	85	0.7793
EH	10	85.45	0.7724
EH	10	86	0.7762
EH	10	87	0.7797
EH	10	88	0.7775
EH	10	89	0.7689
EH	10	89.33	0.7645
EH	10	90	0.7861
EH	10	91	0.8168
EH	10	92	0.8456
EH	10	93	0.8725
EH	10	94	0.8975
EH	10	95	0.921
EH	10	96	0.943
EH	10	97	0.9637
EH	10	98	0.9834
EH	10	99	1.002
EH	10	100	1.0194
EH	10	101	1.0355
EH	10	102	1.0503
EH	10	103	1.0636
EH	10	103.02	1.0638
EH	10	104	1.1603
EH	10	104.26	1.1836
EH	10	105	1.2858
EH	10	106	1.4236
EH	10	107	1.5562
EH	10	108	1.6796
EH	10	109	1.7913
EH	10	109.24	1.8164
EH	10	109.58	1.7959
EH	10	109.58	1.7959
EH	10	110	1.8885
EH	10	111	2.0956
EH	10	111.99	2.2768
EH	10	112	2.2769
EH	10	113	2.2846
EH	10	114	2.2723
EH	10	115	2.2345
EH	10	115.28	2.2188
EH	10	115.6	2.2358
EH	10	115.89	2.3531
EH	10	116	2.3736
EH	10	117	2.506
EH	10	118	2.5468
EH	10	118.15	2.5468
EH	10	118.15	2.5468
EH	10	118.15	2.5468
EH	10	119	2.5837
EH	10	119.87	2.5442
EH	10	120	2.4986
EH	10	120.75	2.1419
EH	10	121	2.1332
EH	10	122	2.0722
EH	10	123	1.9738
EH	10	123.24	1.9452
EH	10	124	2.0005
EH	10	125	2.0651
EH	10	125.84	2.1118
EH	10	126	2.1208
EH	10	127	2.1629
EH	10	128	2.181
EH	10	129	2.1736
EH	10	130	2.1385
EH	10	131	2.0735
EH	10	131.85	1.9941
EH	10	132	2.017
EH	10	133	2.1636
EH	10	134	2.3024
EH	10	134.68	2.3917
EH	10	135	2.3482
EH	10	136	2.2022
EH	10	137	2.04
EH	10	137.84	1.8917
EH	10	138	1.9557
EH	10	138.71	2.2004
EH	10	139	2.2497
EH	10	140	2.4017
EH	10	141	2.5276
EH	10	142	2.6316
EH	10	142.22	2.6525
EH	10	143	2.6846
EH	10	144	2.7071
EH	10	144.87	2.705
EH	10	145	2.7234
EH	10	145.42	2.786
EH	10	146	2.3225
EH	10	146.22	2.037
EH	10	146.22	2.037
EH	10	147	2.011
EH	10	148	1.9655
EH	10	148.29	1.9493
EH	10	149	2.0153
EH	10	150	2.086
EH	10	151	2.1292
EH	10	151.48	2.1401
EW	1	0	0.5047
EW	1	0.25	0.5429
EW	1	1	0.4048
EW	1	1.52	0.3114
EW	1	2	0.3133
EW	1	3	0.3
EW	1	3.78	0.2765
EW	1	4	0.2824
EW	1	5	0.3062
EW	1	6	0.3234
EW	1	6.11	0.3249
EW	1	7	0.3486
EW	1	8	0.3742
EW	1	9	0.3982
EW	1	10	0.4199
EW	1	11	0.439
EW	1	12	0.4551
EW	1	12.31	0.4595
EW	1	13	0.5773
EW	1	13.84	0.7165
EW	1	14	0.7218
EW	1	15	0.7477
EW	1	15.81	0.7578
EW	1	16	0.7225
EW	1	17	0.5331
EW	1	18	0.3484
EW	1	19	0.199
EW	1	20	0.1117
EW	1	20.14	0.1047
EW	1	21	0.2059
EW	1	21.01	0.2075
EW	1	21.91	0.2358
EW	1	22	0.2274
EW	1	22.8	0.1563
EW	1	23	0.1518
EW	1	23.11	0.1496
EW	1	23.11	0.1496
EW	1	23.53	0.2299
EW	1	24	0.2089
EW	1	25	0.1818
EW	1	26	0.1818
EW	1	27	0.2093
EW	1	27.28	0.2215
EW	1	28	0.1905
EW	1	29	0.1529
EW	1	30	0.1232
EW	1	31	0.1024
EW	1	31.61	0.0942
EW	1	32	0.0964
EW	1	33	0.1096
EW	1	34	0.1346
EW	1	35	0.1701
EW	1	36	0.2132
EW	1	37	0.26
EW	1	38	0.3065
EW	1	38.83	0.343
EW	1	39	0.3535
EW	1	40	0.4151
EW	1	40.63	0.4531
EW	1	40.63	0.4531
EW	1	41	0.4991
EW	1	42	0.6128
EW	1	43	0.6899
EW	1	43.74	0.7175
EW	1	44	0.7585
EW	1	44.09	0.7717
EW	1	45	0.4403
EW	1	46	0.1548
EW	1	46.08	0.1412
EW	1	46.36	0.1683
EW	1	47	0.1665
EW	1	48	0.1645
EW	1	48.62	0.1646
EW	1	48.62	0.1646
EW	1	48.94	0.1365
EW	1	48.94	0.1365
EW	1	49	0.1335
EW	1	49.5	0.104
EW	1	50	0.072
EW	1	51	0.0449
EW	1	51.18	0.0458
EW	1	51.18	0.0458
EW	1	51.79	0.0804
EW	1	52	0.0726
EW	1	52.96	0.0481
EW	1	53	0.0468
EW	1	54	0.0218
EW	1	55	0.0066
EW	1	56	0.0025
EW	1	57	0.0101
EW	1	57.49	0.018
EW	1	58	0.0175
EW	1	58.7	0.0288
EW	1	58.7	0.0288
EW	1	59	0.024
EW	1	60	0.0109
EW	1	61	0.003
EW	1	62	0.001
EW	1	63	0.0052
EW	1	64	0.0153
EW	1	64.59	0.0237
EW	1	65	0.0199
EW	1	66	0.0123
EW	1	66.35	0.0102
EW	1	67	0.0027
EW	1	68	0.0015
EW	1	69	0.0133
EW	1	69.35	0.0201
EW	1	69.88	0.0537
EW	1	69.88	0.0537
EW	1	69.88	0.0537
EW	1	70	0.0502
EW	1	70.15	0.0461
EW	1	70.42	0.0454
EW	1	70.42	0.0454
EW	1	71	0.0714
EW	1	72	0.1367
EW	1	72.68	0.1941
EW	1	73	0.2386
EW	1	73.25	0.2744
EW	1	74	0.5201
EW	1	74.94	0.8388
EW	1	75	0.863
EW	1	75.32	0.9803
EW	1	76	1.1699
EW	1	77	1.4143
EW	1	78	1.5721
EW	1	78.22	1.5937
EW	1	79	1.7003
EW	1	79.22	1.7272
EW	1	80	1.8083
EW	1	81	1.7962
EW	1	81.02	1.7949
EW	1	81.87	1.6536
EW	1	82	1.6684
EW	1	83	1.7426
EW	1	84	1.7285
EW	1	84	1.7281
EW	1	84.68	1.5959
EW	1	85	1.6364
EW	1	85.25	1.6244
EW	1	86	1.3591
EW	1	87	0.8877
EW	1	87.01	0.8812
EW	1	88	1.0952
EW	1	88.14	1.1188
EW	1	88.14	1.1188
EW	1	89	1.053
EW	1	89.25	1.03
EW	1	90	0.9584
EW	1	90.36	0.9212
EW	1	90.36	0.9212
EW	1	90.36	0.9212
EW	1	90.53	0.969
EW	1	90.53	0.969
EW	1	91	0.9163
EW	1	91.16	0.8972
EW	1	91.16	0.8972
EW	1	91.22	0.9153
EW	1	91.22	0.9153
EW	1	92	1.0317
EW	1	92.39	1.0854
EW	1	92.96	0.7768
EW	1	93	0.7653
EW	1	93.16	0.7177
EW	1	93.44	0.715
EW	1	94	0.832
EW	1	95	1.0136
EW	1	95.66	1.0918
EW	1	96	1.0811
EW	1	97	1.0333
EW	1	97.63	0.9899
EW	1	98	0.9957
EW	1	99	0.9612
EW	1	99.06	0.9566
EW	1	100	0.9169
EW	1	101	0.89
EW	1	101.19	0.89
EW	1	101.96	0.8759
EW	1	102	0.8811
EW	1	103	1.0475
EW	1	103.18	1.0825
EW	1	104	1.2123
EW	1	105	1.2865
EW	1	105.12	1.2883
EW	1	106	1.3333
EW	1	106.79	1.3546
EW	1	106.79	1.3546
EW	1	107	1.3239
EW	1	107.71	1.2054
EW	1	108	1.2261
EW	1	109	1.3411
EW	1	109.29	1.3864
EW	1	110	1.4904
EW	1	110.96	1.6282
EW	1	111	1.6334
EW	1	112	1.7611
EW	1	113	1.8698
EW	1	114	1.9543
EW	1	115	2.0109
EW	1	115.25	2.0199
EW	1	116	1.9917
EW	1	117	1.9378
EW	1	118	1.8664
EW	1	119	1.7796
EW	1	119.33	1.748
EW	1	120	1.9725
EW	1	121	2.2348
EW	1	121.21	2.2824
EW	1	122	2.8349
EW	1	122.08	2.8759
EW	1	122.47	2.8466
EW	1	123	2.93
EW	1	124	2.9778
EW	1	124.32	2.9591
EW	1	125	2.9408
EW	1	126	2.908
EW	1	127	2.8692
EW	1	128	2.8241
EW	1	128.27	2.8109
EW	1	129	2.874
EW	1	130	2.9399
EW	1	131	2.9839
EW	1	131.96	3.0061
EW	1	132	3.0058
EW	1	133	2.9927
EW	1	134	2.97
EW	1	135	2.9381
EW	1	136	2.897
EW	1	137	2.8465
EW	1	138	2.7863
EW	1	138.18	2.7743
EW	1	139	2.8886
EW	1	140	3.0267
EW	1	141	3.1633
EW	1	142	3.2986
EW	1	143	3.4329
EW	1	144	3.5659
EW	1	144.75	3.665
EW	1	145	3.6906
EW	1	145.59	3.7557
EW	1	146	3.7609
EW	1	146.72	3.7821
EW	1	147	3.7017
EW	1	147.73	3.252
EW	1	148	3.2598
EW	1	148.09	3.2627
EW	1	149	3.1263
EW	1	149.56	3.0695
EW	1	150	3.1123
EW	1	150.73	3.1822
EW	1	150.73	3.1822
EW	1	150.73	3.1822
EW	1	150.73	3.1822
EW	1	150.73	3.1822
EW	1	151	3.2061
EW	1	152	3.3133
EW	1	152.69	3.404
EW	1	152.96	3.451
EW	1	152.96	3.451
EW	1	152.96	3.451
EW	1	152.96	3.451
EW	1	152.96	3.451
EW	1	152.96	3.451
EW	1	153	3.4548
EW	1	153.23	3.4779
EW	1	153.23	3.4779
EW	1	153.23	3.4779
EW	1	153.23	3.4779
EW	1	153.23	3.4779
EW	1	153.5	3.451
EW	1	153.5	3.451
EW	1	153.5	3.451
EW	1	153.5	3.451
EW	1	153.5	3.451
EW	1	153.5	3.451
EW	1	153.5	3.451
EW	1	153.5	3.451
EW	1	153.5	3.451
EW	1	153.5	3.451
EW	1	153.5	3.451
EW	1	153.5	3.451
EW	1	153.5	3.451
EW	1	153.5	3.451
EW	1	153.5	3.451
EW	1	153.75	3.4835
EW	1	154	3.4523
EW	1	155	3.322
EW	1	156	3.1851
EW	1	157	3.0439
EW	1	158	2.9008
EW	1	159	2.7588
EW	1	160	2.6208
EW	1	160.39	2.5692
EW	1	161	2.5304
EW	1	162	2.4588
EW	1	163	2.3761
EW	1	164	2.2816
EW	1	165	2.1748
EW	1	166	2.0557
EW	1	167	1.925
EW	1	168	1.7839
EW	1	169	1.6346
EW	1	170	1.4801
EW	1	170.61	1.3846
EW	1	171	1.4185
EW	1	172	1.5033
EW	1	173	1.582
EW	1	174	1.6508
EW	1	175	1.7064
EW	1	176	1.7458
EW	1	177	1.7667
EW	1	178	1.7678
EW	1	179	1.7486
EW	1	180	1.7098
EW	1	180.89	1.6605
EW	1	181	1.6657
EW	1	182	1.7122
EW	1	183	1.7605
EW	1	184	1.8111
EW	1	185	1.8644
EW	1	186	1.9207
EW	1	187	1.9799
EW	1	188	2.0415
EW	1	189	2.1044
EW	1	190	2.1667
EW	1	191	2.2263
EW	1	192	2.2813
EW	1	193	2.3302
EW	1	194	2.3723
EW	1	194.61	2.3942
EW	1	194.61	2.3942
EW	1	194.61	2.3942
EW	1	195	2.5506
EW	1	195.47	2.7217
EW	1	196	2.7877
EW	1	196.98	2.8843
EW	1	197	2.8858
EW	1	198	2.8661
EW	1	199	2.7114
EW	1	200	2.4427
EW	1	201	2.0416
EW	1	201.3	1.8973
EW	1	202	1.992
EW	1	203	2.1081
EW	1	204	2.1993
EW	1	205	2.2646
EW	1	206	2.3046
EW	1	207	2.321
EW	1	208	2.3154
EW	1	209	2.29
EW	1	210	2.2471
EW	1	210.35	2.2284
EW	1	211	2.4299
EW	1	212	2.7074
EW	1	213	2.9375
EW	1	214	3.1276
EW	1	215	3.2877
EW	1	216	3.4322
EW	1	217	3.581
EW	1	218	3.7538
EW	1	218.22	3.7964
EW	1	219	4.0718
EW	1	219.13	4.107
EW	1	219.44	3.9841
EW	1	219.44	3.9841
EW	1	220	3.9609
EW	1	221	3.935
EW	1	221.01	3.9348
EW	1	221.96	3.6092
EW	1	222	3.5956
EW	1	223	3.1589
EW	1	224	2.5658
EW	1	224.6	2.0389
EW	1	224.97	1.8038
EW	1	225	1.8017
EW	1	225.83	1.755
EW	1	226	1.7463
EW	1	226.58	1.7176
EW	1	227	1.673
EW	1	228	1.5166
EW	1	228.14	1.4868
EW	1	229	1.4562
EW	1	230	1.4199
EW	1	231	1.3837
EW	1	232	1.348
EW	1	233	1.3131
EW	1	234	1.2786
EW	1	234.97	1.245
EW	1	235	1.2455
EW	1	236	1.2583
EW	1	237	1.2615
EW	1	237.77	1.2564
EW	1	238	1.2537
EW	1	239	1.2412
EW	1	240	1.2295
EW	1	241	1.2203
EW	1	242	1.2141
EW	1	243	1.2105
EW	1	243.07	1.2103
EW	1	244	1.3408
EW	1	245	1.4856
EW	1	246	1.6335
EW	1	247	1.7822
EW	1	247.22	1.8154
EW	1	248	1.688
EW	1	248.76	1.5468
EW	1	249	1.5357
EW	1	249.58	1.4962
EW	1	250	1.5694
EW	1	250	1.5692
EW	1	251	1.3853
EW	1	252	1.1854
EW	1	253	0.9754
EW	1	254	0.7654
EW	1	255	0.5703
EW	1	256	0.4052
EW	1	256.31	0.3619
EW	1	257	0.374
EW	1	258	0.3615
EW	1	258.12	0.3579
EW	1	259	0.3849
EW	1	260	0.4142
EW	1	260.03	0.415
EW	1	261	0.3843
EW	1	262	0.353
EW	1	263	0.3222
EW	1	264	0.2923
EW	1	265	0.2636
EW	1	266	0.2365
EW	1	267	0.2111
EW	1	267.88	0.1903
EW	2	0	0.0701
EW	2	1	0.0515
EW	2	2	0.0349
EW	2	3	0.0211
EW	2	4	0.0104
EW	2	4.71	0.005
EW	2	5	0.001
EW	2	5.27	0.0076
EW	2	5.55	0.0089
EW	2	5.55	0.0089
EW	2	6	0.0116
EW	2	6.23	0.0396
EW	2	7	0.0229
EW	2	7.09	0.0223
EW	2	8	0.1686
EW	2	8.1	0.1932
EW	2	8.67	0.1954
EW	2	9	0.2604
EW	2	9.35	0.3332
EW	2	9.73	0.2762
EW	2	10	0.2669
EW	2	11	0.2291
EW	2	12	0.1869
EW	2	13	0.1438
EW	2	14	0.1037
EW	2	14.35	0.0911
EW	2	15	0.0912
EW	2	16	0.0904
EW	2	16.89	0.0888
EW	2	17	0.0912
EW	2	18	0.1133
EW	2	18.84	0.1309
EW	2	19	0.1448
EW	2	20	0.2462
EW	2	21	0.3648
EW	2	22	0.4852
EW	2	22.44	0.5359
EW	2	23	0.6216
EW	2	23.16	0.6457
EW	2	23.79	0.5195
EW	2	24	0.4905
EW	2	24.57	0.4136
EW	2	24.86	0.3535
EW	2	25	0.344
EW	2	26	0.2722
EW	2	27	0.2002
EW	2	27	0.2002
EW	2	28	0.1674
EW	2	29	0.1259
EW	2	29.12	0.121
EW	2	30	0.2329
EW	2	30.21	0.2658
EW	2	30.21	0.2658
EW	2	31	0.225
EW	2	32	0.1771
EW	2	32.35	0.1623
EW	2	33	0.1911
EW	2	34	0.2398
EW	2	35	0.2916
EW	2	36	0.3444
EW	2	37	0.3961
EW	2	38	0.4452
EW	2	38.75	0.4794
EW	2	39	0.4887
EW	2	40	0.5249
EW	2	41	0.5596
EW	2	42	0.5919
EW	2	43	0.6213
EW	2	44	0.6474
EW	2	45	0.6701
EW	2	46	0.6897
EW	2	46.99	0.706
EW	2	47	0.7053
EW	2	48	0.6583
EW	2	49	0.6086
EW	2	50	0.5559
EW	2	51	0.5003
EW	2	52	0.4422
EW	2	53	0.3823
EW	2	54	0.322
EW	2	55	0.2632
EW	2	56	0.2083
EW	2	57	0.1595
EW	2	58	0.1183
EW	2	58.58	0.0981
EW	2	59	0.1006
EW	2	60	0.1063
EW	2	61	0.1118
EW	2	62	0.1171
EW	2	63	0.1224
EW	2	64	0.1279
EW	2	65	0.134
EW	2	66	0.1408
EW	2	67	0.1485
EW	2	68	0.1573
EW	2	68.02	0.1575
EW	2	69	0.2046
EW	2	70	0.263
EW	2	70.04	0.2654
EW	2	71	0.3692
EW	2	71.33	0.4071
EW	2	72	0.3916
EW	2	72.69	0.3764
EW	2	73	0.4218
EW	2	74	0.5793
EW	2	74.94	0.7148
EW	2	75	0.7027
EW	2	75.94	0.48
EW	2	76	0.4833
EW	2	77	0.5357
EW	2	78	0.5844
EW	2	78.97	0.6236
EW	2	79	0.6182
EW	2	79.87	0.4676
EW	2	80	0.4514
EW	2	81	0.3282
EW	2	81.81	0.2369
EW	2	81.81	0.2369
EW	2	81.81	0.2369
EW	2	82	0.2657
EW	2	82.69	0.3738
EW	2	83	0.3951
EW	2	84	0.4648
EW	2	84.33	0.4871
EW	2	85	0.5727
EW	2	86	0.7026
EW	2	87	0.8292
EW	2	87.51	0.8913
EW	2	88	0.9064
EW	2	89	0.9313
EW	2	90	0.9456
EW	2	91	0.947
EW	2	92	0.9345
EW	2	93	0.9082
EW	2	94	0.8693
EW	2	95	0.8199
EW	2	96	0.7626
EW	2	96.92	0.706
EW	2	97	0.709
EW	2	98	0.7356
EW	2	99	0.7409
EW	2	100	0.7189
EW	2	101	0.6684
EW	2	102	0.596
EW	2	102.4	0.5639
EW	2	103	0.5514
EW	2	104	0.5205
EW	2	105	0.4775
EW	2	106	0.425
EW	2	107	0.3673
EW	2	108	0.3095
EW	2	109	0.2565
EW	2	109.98	0.2125
EW	2	110	0.2133
EW	2	111	0.2658
EW	2	112	0.3274
EW	2	113	0.3969
EW	2	114	0.4733
EW	2	115	0.5555
EW	2	116	0.6427
EW	2	116.72	0.7082
EW	2	117	0.7753
EW	2	118	1.0253
EW	2	119	1.2688
EW	2	120	1.4933
EW	2	120.68	1.6328
EW	2	121	1.5866
EW	2	121.35	1.5371
EW	2	122	1.4723
EW	2	122.54	1.3559
EW	2	122.68	1.4185
EW	2	123	1.4293
EW	2	123.54	1.45
EW	2	124	1.8798
EW	2	124.36	2.1266
EW	2	124.36	2.1266
EW	2	125	2.1122
EW	2	126	2.0022
EW	2	127	1.8177
EW	2	128	1.5811
EW	2	128.09	1.5591
EW	2	128.38	1.6465
EW	2	128.67	1.6151
EW	2	128.67	1.6151
EW	2	128.95	1.5072
EW	2	129	1.5077
EW	2	129.36	1.5113
EW	2	129.69	1.5146
EW	2	130	1.5275
EW	2	130.39	1.5436
EW	2	130.39	1.5436
EW	2	130.39	1.5436
EW	2	130.39	1.5436
EW	2	130.39	1.5436
EW	2	130.39	1.5436
EW	2	130.39	1.5436
EW	2	130.39	1.5436
EW	2	130.39	1.5436
EW	2	130.39	1.5436
EW	2	130.39	1.5436
EW	2	130.39	1.5436
EW	2	130.39	1.5436
EW	2	130.59	1.7504
EW	2	130.59	1.7504
EW	2	130.79	1.8431
EW	2	130.79	1.8431
EW	2	131	1.844
EW	2	131.11	1.8459
EW	2	131.71	1.7595
EW	2	131.71	1.7595
EW	2	131.71	1.7595
EW	2	131.71	1.7595
EW	2	131.71	1.7595
EW	2	131.71	1.7595
EW	2	131.71	1.7595
EW	2	132	1.7686
EW	2	132.25	1.7931
EW	2	132.25	1.7931
EW	2	132.25	1.7931
EW	2	133	1.5916
EW	2	133.14	1.5466
EW	2	133.5	1.4616
EW	2	133.63	1.4073
EW	2	133.63	1.4073
EW	2	133.63	1.4073
EW	2	134	1.5431
EW	2	134.17	1.6017
EW	2	134.17	1.6017
EW	2	135	1.6253
EW	2	135.56	1.6493
EW	2	135.84	1.5942
EW	2	135.84	1.5942
EW	2	136	1.7953
EW	2	136.33	2.1215
EW	2	136.33	2.1215
EW	2	137	1.8974
EW	2	137.41	1.7352
EW	2	138	1.9095
EW	2	138.58	1.9853
EW	2	139	2.0115
EW	2	139.43	2.0382
EW	2	139.43	2.0382
EW	2	140	1.9014
EW	2	140.53	1.7282
EW	2	141	1.5287
EW	2	141.07	1.4897
EW	2	141.07	1.4897
EW	2	141.07	1.4897
EW	2	142	1.5012
EW	2	142.88	1.2978
EW	2	142.88	1.2978
EW	2	143	1.2744
EW	2	144	1.0803
EW	2	144.42	0.9871
EW	2	144.78	0.978
EW	2	145	1.1208
EW	2	145.32	1.2787
EW	2	145.32	1.2787
EW	2	146	1.2273
EW	2	146.14	1.2165
EW	2	146.14	1.2165
EW	2	146.14	1.2165
EW	2	147	1.4195
EW	2	148	1.6234
EW	2	148.55	1.7203
EW	2	149	1.7031
EW	2	150	1.6565
EW	2	151	1.598
EW	2	152	1.5277
EW	2	153	1.4465
EW	2	154	1.356
EW	2	154.02	1.3541
EW	2	154.02	1.3541
EW	2	154.56	1.362
EW	2	154.56	1.362
EW	2	154.83	1.3625
EW	2	155	1.3882
EW	2	155.67	1.5036
EW	2	156	1.5673
EW	2	156.84	1.7253
EW	2	157	1.7413
EW	2	158	1.6397
EW	2	158.32	1.5424
EW	2	159	1.5146
EW	2	159.79	1.5818
EW	2	160	1.5391
EW	2	160.39	1.4502
EW	2	160.78	1.6112
EW	2	160.78	1.6112
EW	2	161	1.6253
EW	2	161.73	1.6654
EW	2	162	1.6374
EW	2	162.81	1.6024
EW	2	163	1.5605
EW	2	163.3	1.486
EW	2	163.47	1.4884
EW	2	164	1.5002
EW	2	164.34	1.5693
EW	2	165	1.604
EW	2	165.88	1.6321
EW	2	166	1.654
EW	2	167	1.8329
EW	2	168	2.0046
EW	2	169	2.1652
EW	2	170	2.3124
EW	2	171	2.4446
EW	2	171.74	2.5323
EW	2	172	2.5281
EW	2	173	2.4979
EW	2	174	2.4453
EW	2	175	2.37
EW	2	176	2.2725
EW	2	177	2.1543
EW	2	177.6	2.0747
EW	2	178	2.0087
EW	2	179	1.8325
EW	2	180	1.6404
EW	2	180.37	1.5658
EW	2	181	1.5082
EW	2	181.76	1.3815
EW	2	182	1.3736
EW	2	182.75	1.3466
EW	2	183	1.3067
EW	2	183.36	1.2526
EW	2	183.36	1.2526
EW	2	183.36	1.2526
EW	2	184	1.1396
EW	2	185	0.9593
EW	2	185.42	0.8841
EW	2	185.42	0.8841
EW	2	186	0.9826
EW	2	186.64	1.096
EW	2	187	1.1285
EW	2	187.19	1.1478
EW	2	187.19	1.1478
EW	2	188	1.0794
EW	2	188.01	1.0783
EW	2	188.01	1.0783
EW	2	188.47	1.1502
EW	2	188.78	1.1481
EW	2	189	1.0854
EW	2	189.65	0.8874
EW	2	190	0.7872
EW	2	191	0.4727
EW	2	191.03	0.4641
EW	2	191.71	0.5121
EW	2	192	0.5159
EW	2	192.69	0.5275
EW	2	193	0.4822
EW	2	193.68	0.3741
EW	2	194	0.3865
EW	2	195	0.4554
EW	2	196	0.5623
EW	2	196.21	0.5877
EW	2	197	0.6194
EW	2	198	0.6685
EW	2	199	0.7239
EW	2	200	0.7788
EW	2	201	0.8252
EW	2	202	0.8562
EW	2	203	0.8671
EW	2	204	0.8568
EW	2	204.23	0.8517
EW	2	205	0.7481
EW	2	206	0.6178
EW	2	207	0.5015
EW	2	208	0.4081
EW	2	209	0.344
EW	2	209.59	0.3206
EW	2	210	0.3086
EW	2	210.97	0.2778
EW	2	211	0.2776
EW	2	211.48	0.2734
EW	2	211.48	0.2734
EW	2	212	0.3147
EW	2	212.25	0.3403
EW	2	213	0.3151
EW	2	214	0.2695
EW	2	215	0.218
EW	2	215.17	0.2094
EW	2	216	0.23
EW	2	217	0.255
EW	2	218	0.2792
EW	2	218.7	0.2953
EW	2	219	0.295
EW	2	219.99	0.2636
EW	2	220	0.2642
EW	2	221	0.29
EW	2	221.54	0.2542
EW	2	222	0.3199
EW	2	222.31	0.3667
EW	2	223	0.4377
EW	2	224	0.5415
EW	2	225	0.6374
EW	2	225.96	0.716
EW	2	226	0.7136
EW	2	227	0.6585
EW	2	228	0.609
EW	2	228.44	0.5919
EW	2	229	0.7177
EW	2	230	0.9167
EW	2	231	1.0672
EW	2	231.5	1.1244
EW	2	232	1.1108
EW	2	233	1.072
EW	2	234	1.0186
EW	2	235	0.9522
EW	2	236	0.876
EW	2	237	0.7935
EW	2	237.74	0.7311
EW	2	238	0.7298
EW	2	239	0.7118
EW	2	240	0.6753
EW	2	240.31	0.6612
EW	2	240.62	0.656
EW	2	241	0.6937
EW	2	242	0.8056
EW	2	242.86	0.9086
EW	2	243	0.8991
EW	2	244	0.7924
EW	2	244.56	0.6987
EW	2	245	0.7914
EW	2	245.2	0.8272
EW	2	246	0.8968
EW	2	246.13	0.9074
EW	2	247	1.1264
EW	2	248	1.3372
EW	2	249	1.4895
EW	2	250	1.5887
EW	2	251	1.6432
EW	2	251.18	1.6488
EW	3	35	0.0192
EW	3	36	1e-04
EW	3	37	0.0154
EW	3	38	0.0628
EW	3	38.27	0.08
EW	3	39	0.0546
EW	3	40	0.0274
EW	3	41	0.0117
EW	3	42	0.0106
EW	3	43	0.0256
EW	3	44	0.0565
EW	3	45	0.1007
EW	3	46	0.1546
EW	3	47	0.214
EW	3	48	0.2752
EW	3	48.27	0.2918
EW	3	49	0.3472
EW	3	49.83	0.4077
EW	3	50	0.4292
EW	3	51	0.5597
EW	3	52	0.6927
EW	3	53	0.8184
EW	3	53.88	0.9183
EW	3	54	0.8806
EW	3	54.92	0.495
EW	3	55	0.4877
EW	3	56	0.3916
EW	3	57	0.3032
EW	3	57.8	0.2446
EW	3	58	0.236
EW	3	59	0.1921
EW	3	59.24	0.1815
EW	3	60	0.1838
EW	3	60.87	0.1763
EW	3	61	0.1868
EW	3	61.51	0.2318
EW	3	62	0.2092
EW	3	63	0.1634
EW	3	63.63	0.1372
EW	3	64	0.1069
EW	3	65	0.0421
EW	3	65.18	0.0333
EW	3	66	0.0526
EW	3	67	0.0828
EW	3	68	0.1194
EW	3	69	0.1605
EW	3	70	0.2035
EW	3	71	0.2456
EW	3	71.8	0.2769
EW	3	72	0.3034
EW	3	73	0.4508
EW	3	74	0.6112
EW	3	74.83	0.7408
EW	3	75	0.7695
EW	3	75.12	0.7886
EW	3	76	0.6575
EW	3	76.41	0.5737
EW	3	76.41	0.5737
EW	3	76.58	0.6563
EW	3	76.58	0.6563
EW	3	76.58	0.6563
EW	3	76.58	0.6563
EW	3	76.99	0.9
EW	3	77	0.9113
EW	3	77.4	1.3689
EW	3	77.4	1.3689
EW	3	77.4	1.3689
EW	3	77.4	1.3689
EW	3	77.4	1.3689
EW	3	77.67	1.2765
EW	3	77.67	1.2765
EW	3	77.67	1.2765
EW	3	77.67	1.2765
EW	3	77.67	1.2765
EW	3	77.67	1.2765
EW	3	77.67	1.2765
EW	3	78	1.1901
EW	3	78.21	1.1275
EW	3	78.21	1.1275
EW	3	78.21	1.1275
EW	3	78.5	1.1515
EW	3	79	1.0677
EW	3	79.15	1.0386
EW	3	79.15	1.0386
EW	3	80	1.1718
EW	3	80.59	1.2581
EW	3	80.59	1.2581
EW	3	81	1.293
EW	3	81.82	1.197
EW	3	82	1.1237
EW	3	82.1	1.078
EW	3	82.1	1.078
EW	3	83	1.0302
EW	3	83.26	1.0141
EW	3	84	1.1773
EW	3	84.14	1.2018
EW	3	84.14	1.2018
EW	3	84.7	1.2252
EW	3	84.97	1.0335
EW	3	84.97	1.0335
EW	3	84.97	1.0335
EW	3	85	1.0315
EW	3	86	0.9588
EW	3	86.42	0.9219
EW	3	87	0.9074
EW	3	88	0.8617
EW	3	88.53	0.8269
EW	3	89	0.9003
EW	3	90	1.0475
EW	3	91	1.1683
EW	3	92	1.2504
EW	3	93	1.2891
EW	3	93.11	1.2906
EW	3	94	1.2211
EW	3	95	1.1115
EW	3	96	0.9761
EW	3	97	0.8357
EW	3	97.35	0.7905
EW	3	98	0.9027
EW	3	99	1.0754
EW	3	100	1.2364
EW	3	100.84	1.3561
EW	3	101	1.4063
EW	3	102	1.6326
EW	3	102.6	1.7063
EW	3	103	1.7248
EW	3	103.79	1.7243
EW	3	104	1.6077
EW	3	104.5	1.2945
EW	3	105	1.2472
EW	3	105.51	1.1857
EW	3	106	1.153
EW	3	107	0.9909
EW	3	107.55	0.8504
EW	3	108	0.8676
EW	3	109	0.8927
EW	3	110	0.9024
EW	3	111	0.9012
EW	3	112	0.8948
EW	3	112.09	0.8942
EW	3	113	0.9349
EW	3	114	0.9814
EW	3	115	1.0241
EW	3	115.54	1.044
EW	3	115.54	1.044
EW	3	116	1.2611
EW	3	117	1.7681
EW	3	117.23	1.8779
EW	3	117.23	1.8779
EW	3	118	1.9451
EW	3	118.63	1.8927
EW	3	119	1.9236
EW	3	120	1.8531
EW	3	121	1.6245
EW	3	121.37	1.512
EW	3	122	1.4187
EW	3	122.85	1.2706
EW	3	122.85	1.2706
EW	3	123	1.2907
EW	3	123.9	1.3788
EW	3	123.9	1.3788
EW	3	124	1.3239
EW	3	124.24	1.168
EW	3	124.24	1.168
EW	3	125	1.1888
EW	3	125.06	1.1885
EW	3	125.49	0.6932
EW	3	125.49	0.6932
EW	3	125.93	0.6723
EW	3	126	0.6898
EW	3	126.76	0.8838
EW	3	126.76	0.8838
EW	3	126.76	0.8838
EW	3	126.76	0.8838
EW	3	126.76	0.8838
EW	3	127	0.8532
EW	3	127.13	0.8368
EW	3	127.13	0.8368
EW	3	127.51	0.7322
EW	3	127.79	0.67
EW	3	128	0.7074
EW	3	128.27	0.7553
EW	3	128.27	0.7553
EW	3	128.54	0.76
EW	3	128.54	0.76
EW	3	129	0.7612
EW	3	129.08	0.7604
EW	3	130	0.9599
EW	3	130.76	1.0832
EW	3	131	1.0902
EW	3	131.75	1.0813
EW	3	132	1.1039
EW	3	132.15	1.1176
EW	3	133	1.0663
EW	3	134	1.0159
EW	3	134.73	0.9964
EW	3	135	0.9784
EW	3	136	0.9091
EW	3	136.98	0.8347
EW	3	137	0.8362
EW	3	138	0.8865
EW	3	139	0.9021
EW	3	140	0.8709
EW	3	140.06	0.8672
EW	3	141	0.7695
EW	3	142	0.653
EW	3	142.72	0.5641
EW	3	143	0.5757
EW	3	144	0.6052
EW	3	144.09	0.6069
EW	3	145	0.526
EW	3	146	0.4493
EW	3	146.82	0.397
EW	3	147	0.4033
EW	3	148	0.44
EW	3	149	0.4802
EW	3	150	0.5217
EW	3	151	0.5622
EW	3	152	0.5998
EW	3	152.34	0.6115
EW	3	153	0.6219
EW	3	154	0.6376
EW	3	155	0.6529
EW	3	155.19	0.6558
EW	3	156	0.6043
EW	3	156.66	0.5615
EW	3	156.66	0.5615
EW	3	157	0.4655
EW	3	158	0.2997
EW	3	158.72	0.3148
EW	3	159	0.3224
EW	3	159.7	0.3401
EW	3	160	0.317
EW	3	160.06	0.3125
EW	3	161	0.3552
EW	3	161.54	0.3883
EW	3	161.54	0.3883
EW	3	162	0.4108
EW	3	162.08	0.4148
EW	3	162.08	0.4148
EW	3	162.78	0.4375
EW	3	163	0.4397
EW	3	164	0.4478
EW	3	165	0.4532
EW	3	166	0.4569
EW	3	166.62	0.4587
EW	3	167	0.4063
EW	3	168	0.2797
EW	3	169	0.1804
EW	3	170	0.1161
EW	3	170.27	0.1046
EW	3	171	0.1034
EW	3	172	0.1042
EW	3	173	0.1092
EW	3	174	0.1194
EW	3	175	0.135
EW	3	176	0.1547
EW	3	177	0.1771
EW	3	177.07	0.1786
EW	3	178	0.1616
EW	3	179	0.1414
EW	3	180	0.1197
EW	3	181	0.0978
EW	3	181.68	0.0835
EW	3	182	0.117
EW	3	182.12	0.1361
EW	3	183	0.1363
EW	3	184	0.1382
EW	3	185	0.1409
EW	3	185.83	0.1428
EW	3	186	0.1418
EW	3	187	0.1423
EW	3	188	0.1541
EW	3	189	0.1773
EW	3	190	0.2111
EW	3	191	0.2534
EW	3	192	0.3016
EW	3	193	0.3526
EW	3	194	0.4032
EW	3	195	0.4512
EW	3	195.33	0.4658
EW	3	196	0.4119
EW	3	197	0.3359
EW	3	198	0.2689
EW	3	199	0.2156
EW	3	199.9	0.1822
EW	3	200	0.1778
EW	3	201	0.1271
EW	3	201.85	0.1046
EW	3	202	0.0946
EW	3	202.15	0.0858
EW	3	203	0.0733
EW	3	204	0.0577
EW	3	204.52	0.0497
EW	3	205	0.0609
EW	3	206	0.0894
EW	3	207	0.124
EW	3	208	0.164
EW	3	209	0.2081
EW	3	209.45	0.2291
EW	4	0	0.1081
EW	4	1	0.1096
EW	4	2	0.1192
EW	4	3	0.1364
EW	4	3.56	0.149
EW	4	4	0.1388
EW	4	5	0.1182
EW	4	6	0.1021
EW	4	6.19	0.0997
EW	4	7	0.1344
EW	4	7.3	0.1499
EW	4	8	0.0951
EW	4	9	0.0375
EW	4	10	0.0077
EW	4	10.24	0.0048
EW	4	11	0.0084
EW	4	12	0.0201
EW	4	13	0.04
EW	4	14	0.0673
EW	4	14.31	0.0768
EW	4	15	0.0863
EW	4	16	0.099
EW	4	17	0.1092
EW	4	17.8	0.1149
EW	4	18	0.1275
EW	4	19	0.194
EW	4	19.19	0.2066
EW	4	20	0.2235
EW	4	21	0.2491
EW	4	22	0.2809
EW	4	23	0.3191
EW	4	24	0.3624
EW	4	24.7	0.3945
EW	4	25	0.3947
EW	4	26	0.3931
EW	4	27	0.3935
EW	4	27.43	0.3967
EW	4	28	0.3882
EW	4	29	0.3741
EW	4	30	0.3618
EW	4	31	0.3526
EW	4	32	0.3473
EW	4	32.37	0.3465
EW	4	33	0.3873
EW	4	34	0.4538
EW	4	35	0.521
EW	4	36	0.5868
EW	4	36.03	0.5889
EW	4	36.14	0.5894
EW	4	37	0.602
EW	4	37.95	0.6023
EW	4	38	0.6075
EW	4	39	0.7189
EW	4	40	0.8261
EW	4	40.63	0.8878
EW	4	41	0.868
EW	4	42	0.8134
EW	4	43	0.7567
EW	4	44	0.6986
EW	4	45	0.6396
EW	4	46	0.5803
EW	4	47	0.5214
EW	4	48	0.4635
EW	4	49	0.4076
EW	4	50	0.3546
EW	4	50.67	0.3214
EW	4	51	0.3152
EW	4	52	0.3301
EW	4	52.72	0.3714
EW	4	53	0.3852
EW	4	54	0.4366
EW	4	55	0.49
EW	4	56	0.5446
EW	4	57	0.5997
EW	4	58	0.6546
EW	4	58.2	0.6656
EW	4	58.56	0.5609
EW	4	59	0.5867
EW	4	60	0.6443
EW	4	61	0.6915
EW	4	61.54	0.71
EW	4	62	0.7228
EW	4	63	0.73
EW	4	63.21	0.7261
EW	4	63.78	0.7383
EW	4	63.78	0.7383
EW	4	64	0.7505
EW	4	64.13	0.7583
EW	4	65	0.8214
EW	4	65.65	0.8779
EW	4	65.98	0.7057
EW	4	65.98	0.7057
EW	4	66	0.7074
EW	4	66.25	0.7248
EW	4	66.25	0.7248
EW	4	66.25	0.7248
EW	4	66.52	0.763
EW	4	66.79	0.7313
EW	4	67	0.7351
EW	4	67.07	0.7365
EW	4	67.07	0.7365
EW	4	67.07	0.7365
EW	4	67.62	0.9185
EW	4	67.91	0.8187
EW	4	68	0.7946
EW	4	68.37	0.7148
EW	4	68.37	0.7148
EW	4	68.83	0.6959
EW	4	69	0.6852
EW	4	69.92	0.6331
EW	4	69.92	0.6331
EW	4	69.92	0.6331
EW	4	70	0.6383
EW	4	70.44	0.6671
EW	4	70.71	0.5804
EW	4	70.71	0.5804
EW	4	71	0.5171
EW	4	71.53	0.4036
EW	4	72	0.3849
EW	4	72.17	0.3878
EW	4	73	0.4979
EW	4	73.14	0.5179
EW	4	74	0.5606
EW	4	74.8	0.5753
EW	4	75	0.5341
EW	4	76	0.3141
EW	4	76.16	0.2804
EW	4	77	0.1817
EW	4	77.53	0.1287
EW	4	78	0.1662
EW	4	79	0.2945
EW	4	79.22	0.3249
EW	4	79.6	0.4039
EW	4	80	0.4521
EW	4	81	0.564
EW	4	81.55	0.6166
EW	4	81.55	0.6166
EW	4	82	0.5203
EW	4	83	0.3418
EW	4	83.79	0.2635
EW	4	84	0.2546
EW	4	84.95	0.2165
EW	4	85	0.2269
EW	4	85.58	0.3421
EW	4	86	0.3021
EW	4	86.16	0.2872
EW	4	87	0.348
EW	4	88	0.4183
EW	4	89	0.485
EW	4	89.02	0.4865
EW	4	89.02	0.4865
EW	4	89.02	0.4865
EW	4	89.31	0.4473
EW	4	89.31	0.4473
EW	4	90	0.4058
EW	4	90.1	0.3996
EW	4	91	0.3161
EW	4	92	0.2789
EW	4	92.86	0.3152
EW	4	93	0.3121
EW	4	94	0.2928
EW	4	95	0.2764
EW	4	96	0.2632
EW	4	97	0.2535
EW	4	98	0.2474
EW	4	99	0.2446
EW	4	100	0.245
EW	4	101	0.248
EW	4	102	0.2527
EW	4	103	0.2584
EW	4	103.37	0.2605
EW	4	104	0.2827
EW	4	104.74	0.3414
EW	4	105	0.3994
EW	4	105.04	0.409
EW	4	105.32	0.5061
EW	4	106	0.7278
EW	4	106.19	0.7873
EW	4	107	0.7247
EW	4	107.06	0.7199
EW	4	108	0.7741
EW	4	108.51	0.7938
EW	4	108.84	0.9106
EW	4	109	0.9158
EW	4	109.12	0.9198
EW	4	109.45	0.8867
EW	4	110	0.8727
EW	4	111	0.7836
EW	4	111.05	0.7764
EW	4	112	0.8558
EW	4	113	0.9043
EW	4	113.62	0.9117
EW	4	114	0.9249
EW	4	114.3	0.9355
EW	4	115	0.708
EW	4	115.47	0.5587
EW	4	115.47	0.5587
EW	4	115.47	0.5587
EW	4	116	0.6577
EW	4	117	0.9201
EW	4	117.16	0.9654
EW	4	118	0.9381
EW	4	118.89	0.9054
EW	4	119	0.9038
EW	4	120	0.8888
EW	4	121	0.871
EW	4	122	0.8462
EW	4	122.03	0.8453
EW	4	122.52	0.7063
EW	4	123	0.6839
EW	4	123.11	0.6793
EW	4	123.6	0.5775
EW	4	124	0.6337
EW	4	124.14	0.6503
EW	4	124.14	0.6503
EW	4	125	0.604
EW	4	126	0.527
EW	4	126.01	0.5261
EW	4	126.01	0.5261
EW	4	127	0.5495
EW	4	128	0.5702
EW	4	128.3	0.575
EW	4	128.7	0.5498
EW	4	129	0.5155
EW	4	129.16	0.4973
EW	4	129.9	0.5511
EW	4	129.9	0.5511
EW	4	129.9	0.5511
EW	4	130	0.5489
EW	4	130.89	0.5311
EW	4	130.89	0.5311
EW	4	131	0.531
EW	4	131.34	0.5307
EW	4	131.62	0.4936
EW	4	132	0.3661
EW	4	132.09	0.3357
EW	4	132.43	0.3693
EW	4	132.9	0.4078
EW	4	133	0.396
EW	4	134	0.2882
EW	4	135	0.2013
EW	4	136	0.1437
EW	4	136.48	0.1276
EW	4	137	0.1511
EW	4	138	0.2168
EW	4	138.65	0.2697
EW	4	139	0.2705
EW	4	139.89	0.3009
EW	4	140	0.3117
EW	4	141	0.4174
EW	4	141.37	0.4593
EW	4	142	0.4319
EW	4	142.82	0.3858
EW	4	143	0.3599
EW	4	144	0.2396
EW	4	144.4	0.2072
EW	4	145	0.2178
EW	4	146	0.2399
EW	4	147	0.2659
EW	4	148	0.2933
EW	4	148.99	0.3195
EW	4	149	0.3204
EW	4	150	0.3914
EW	4	151	0.4771
EW	4	152	0.5751
EW	4	153	0.6821
EW	4	153.56	0.7441
EW	4	154	0.6747
EW	4	155	0.5078
EW	4	155.07	0.4969
EW	4	156	0.3762
EW	4	156.17	0.3554
EW	4	157	0.344
EW	4	158	0.3535
EW	4	158.69	0.3717
EW	4	159	0.3188
EW	4	160	0.1764
EW	4	161	0.1128
EW	4	161.23	0.1102
EW	4	162	0.1637
EW	4	162.16	0.1742
EW	4	163	0.1731
EW	4	164	0.1715
EW	4	165	0.1695
EW	4	166	0.1671
EW	4	167	0.1645
EW	4	168	0.1616
EW	4	169	0.1586
EW	4	170	0.1556
EW	4	170.81	0.1532
EW	4	171	0.1528
EW	4	171.93	0.1527
EW	4	172	0.1532
EW	4	173	0.1565
EW	4	173.99	0.1526
EW	5	0	0.5658
EW	5	1	0.5168
EW	5	1.51	0.4874
EW	5	2	0.6309
EW	5	3	0.913
EW	5	3.12	0.9442
EW	5	4	0.9364
EW	5	5	0.9464
EW	5	5.71	0.9603
EW	5	5.98	1.0315
EW	5	6	1.0175
EW	5	6.29	0.8079
EW	5	7	0.8628
EW	5	8	0.948
EW	5	9	1.0445
EW	5	10	1.1542
EW	5	11	1.2772
EW	5	11.58	1.3535
EW	5	12	1.329
EW	5	13	1.268
EW	5	14	1.203
EW	5	15	1.1345
EW	5	16	1.0631
EW	5	17	0.9892
EW	5	18	0.9137
EW	5	19	0.8372
EW	5	20	0.761
EW	5	21	0.6861
EW	5	22	0.614
EW	5	23	0.546
EW	5	24	0.4837
EW	5	25	0.428
EW	5	26	0.3791
EW	5	27	0.337
EW	5	28	0.3011
EW	5	29	0.2707
EW	5	29.76	0.2508
EW	5	30	0.2568
EW	5	31	0.2841
EW	5	32	0.3157
EW	5	33	0.3515
EW	5	34	0.3908
EW	5	35	0.4326
EW	5	35.92	0.4721
EW	5	36	0.4794
EW	5	37	0.5607
EW	5	38	0.5995
EW	5	38.26	0.6005
EW	5	39	0.6128
EW	5	40	0.6288
EW	5	41	0.6436
EW	5	42	0.6571
EW	5	43	0.6688
EW	5	44	0.6784
EW	5	45	0.6857
EW	5	46	0.6903
EW	5	47	0.692
EW	5	48	0.6908
EW	5	49	0.6864
EW	5	50	0.679
EW	5	51	0.6684
EW	5	52	0.6548
EW	5	53	0.6384
EW	5	54	0.6193
EW	5	55	0.5978
EW	5	56	0.5743
EW	5	57	0.5492
EW	5	58	0.523
EW	5	58.7	0.5042
EW	5	59	0.5495
EW	5	60	0.6866
EW	5	61	0.791
EW	5	61.5	0.8305
EW	5	62	0.9075
EW	5	63	1.0612
EW	5	64	1.2045
EW	5	64.37	1.2523
EW	5	65	1.18
EW	5	66	1.0571
EW	5	67	0.9249
EW	5	68	0.7868
EW	5	69	0.65
EW	5	69.71	0.5594
EW	5	70	0.5473
EW	5	71	0.5024
EW	5	72	0.4522
EW	5	72.76	0.4116
EW	5	73	0.4142
EW	5	74	0.4229
EW	5	75	0.4278
EW	5	75.86	0.4287
EW	5	76	0.4589
EW	5	77	0.7039
EW	5	77.55	0.8488
EW	5	78	1.078
EW	5	78.54	1.3146
EW	5	79	1.1646
EW	5	79.01	1.16
EW	5	79.54	0.8717
EW	5	80	0.9379
EW	5	81	1.0546
EW	5	82	1.1236
EW	5	83	1.1469
EW	5	83.29	1.1462
EW	5	84	1.1234
EW	5	84.32	1.0901
EW	5	84.4	1.0431
EW	5	84.4	1.0431
EW	5	84.84	1.1753
EW	5	84.84	1.1753
EW	5	85	1.1109
EW	5	85.5	0.8896
EW	5	85.8	0.7802
EW	5	85.8	0.7802
EW	5	86	0.9222
EW	5	86.07	0.9667
EW	5	86.35	0.8649
EW	5	86.35	0.8649
EW	5	86.35	0.8649
EW	5	86.35	0.8649
EW	5	86.35	0.8649
EW	5	86.35	0.8649
EW	5	86.35	0.8649
EW	5	87	0.7555
EW	5	88	0.5765
EW	5	88.03	0.571
EW	5	88.39	0.544
EW	5	88.6	0.5443
EW	5	88.6	0.5443
EW	5	88.6	0.5443
EW	5	88.6	0.5443
EW	5	88.6	0.5443
EW	5	88.6	0.5443
EW	5	89	0.5423
EW	5	89.7	0.5409
EW	5	89.7	0.5409
EW	5	89.7	0.5409
EW	5	90	0.5341
EW	5	90.25	0.5392
EW	5	90.25	0.5392
EW	5	90.25	0.5392
EW	5	90.25	0.5392
EW	5	90.25	0.5392
EW	5	91	0.4924
EW	5	92	0.4272
EW	5	93	0.3605
EW	5	94	0.2945
EW	5	95	0.2314
EW	5	95.42	0.2063
EW	5	96	0.2235
EW	5	97	0.2515
EW	5	98	0.276
EW	5	99	0.2955
EW	5	100	0.3094
EW	5	100.29	0.3123
EW	5	101	0.3697
EW	5	101.97	0.4487
EW	5	102	0.4465
EW	5	103	0.3766
EW	5	104	0.305
EW	5	105	0.2425
EW	5	105.37	0.2244
EW	5	105.37	0.2244
EW	5	105.37	0.2244
EW	5	105.37	0.2244
EW	5	105.64	0.2703
EW	5	105.93	0.2204
EW	5	105.93	0.2204
EW	5	106	0.2176
EW	5	107	0.1757
EW	5	108	0.134
EW	5	109	0.0958
EW	5	110	0.0635
EW	5	110.49	0.0503
EW	5	110.49	0.0503
EW	5	110.75	0.1014
EW	5	111	0.0675
EW	5	111.29	0.0405
EW	5	112	0.0356
EW	5	112.95	0.036
EW	5	113	0.0371
EW	5	114	0.0606
EW	5	114.32	0.0694
EW	5	114.76	0.0743
EW	5	114.76	0.0743
EW	5	115	0.0674
EW	5	115.23	0.0725
EW	5	115.23	0.0725
EW	5	116	0.138
EW	5	117	0.2411
EW	5	117.19	0.2597
EW	5	118	0.1805
EW	5	118.04	0.1794
EW	5	119	0.2282
EW	5	120	0.2789
EW	5	120.2	0.2886
EW	5	121	0.2439
EW	5	122	0.2062
EW	5	122.3	0.2001
EW	5	122.3	0.2001
EW	5	123	0.2018
EW	5	124	0.2072
EW	5	125	0.2154
EW	5	125.33	0.2185
EW	5	126	0.1821
EW	5	126.65	0.1466
EW	5	127	0.1336
EW	5	127.55	0.1377
EW	5	128	0.1795
EW	5	128.12	0.1909
EW	5	129	0.1597
EW	5	130	0.1355
EW	5	131	0.1227
EW	5	131.25	0.1209
EW	5	131.25	0.1209
EW	5	131.25	0.1209
EW	5	131.25	0.1209
EW	5	131.25	0.1209
EW	5	131.7	0.0722
EW	5	132	0.0544
EW	5	132.14	0.0471
EW	5	132.58	0.0551
EW	5	133	0.034
EW	5	133.92	0.0375
EW	5	134	0.0357
EW	5	134.59	0.0236
EW	5	134.78	0.0112
EW	5	135	0.0059
EW	5	136	0.0095
EW	5	136.29	0.0187
EW	5	137	0.0164
EW	5	138	0.0147
EW	5	138.42	0.0145
EW	5	139	0.0155
EW	5	139.69	0.0168
EW	5	140	0.0156
EW	5	141	0.0115
EW	5	141.37	0.0098
EW	5	142	0.0179
EW	5	143	0.0366
EW	5	143.71	0.0529
EW	5	144	0.0504
EW	5	144.84	0.0467
EW	5	145	0.0816
EW	5	145.42	0.2135
EW	5	146	0.1986
EW	5	147	0.173
EW	5	147.29	0.1657
EW	5	148	0.1155
EW	5	148.98	0.0667
EW	5	149	0.0668
EW	5	150	0.0791
EW	5	151	0.1075
EW	5	152	0.1511
EW	5	153	0.2059
EW	5	153.49	0.2353
EW	5	154	0.2695
EW	5	155	0.3424
EW	5	156	0.4181
EW	5	156.83	0.4808
EW	5	157	0.4854
EW	5	158	0.5276
EW	5	159	0.5923
EW	5	160	0.6729
EW	5	161	0.7625
EW	5	161.51	0.8093
EW	5	161.51	0.8093
EW	5	162	0.8888
EW	5	162.7	0.9743
EW	5	163	1.0128
EW	5	163.59	1.037
EW	5	164	0.9914
EW	5	165	0.8454
EW	5	166	0.6746
EW	5	166.22	0.638
EW	5	167	0.6758
EW	5	167.65	0.6991
EW	5	168	0.7242
EW	5	169	0.7622
EW	5	169.72	0.7512
EW	5	170	0.7438
EW	5	170.63	0.7267
EW	5	171	0.7307
EW	5	172	0.7382
EW	5	173	0.7404
EW	5	173.95	0.7377
EW	5	174	0.74
EW	5	175	0.7858
EW	5	176	0.8249
EW	5	176.63	0.8394
EW	5	177	0.8549
EW	5	178	0.8877
EW	5	179	0.9068
EW	5	180	0.913
EW	5	181	0.908
EW	5	182	0.894
EW	5	182.05	0.8931
EW	5	183	0.8668
EW	5	184	0.8346
EW	5	185	0.798
EW	5	186	0.7572
EW	5	187	0.7129
EW	5	187.55	0.6872
EW	5	188	0.696
EW	5	189	0.7169
EW	5	189.86	0.7364
EW	5	189.86	0.7364
EW	5	190	0.7336
EW	5	191	0.7246
EW	5	192	0.7255
EW	5	192.91	0.7205
EW	6	5	0.9788
EW	6	6	1.0351
EW	6	7	1.0509
EW	6	8	1.0245
EW	6	8	1.0242
EW	6	8.67	0.9412
EW	6	9	0.9936
EW	6	9.86	1.1193
EW	6	9.86	1.1193
EW	6	9.86	1.1193
EW	6	9.86	1.1193
EW	6	9.86	1.1193
EW	6	10	1.0805
EW	6	10.69	0.9002
EW	6	11	0.8842
EW	6	11.21	0.8729
EW	6	11.21	0.8729
EW	6	12	0.8325
EW	6	13	0.747
EW	6	13.54	0.6826
EW	6	14	0.656
EW	6	15	0.5758
EW	6	15.94	0.4697
EW	6	16	0.4836
EW	6	17	0.787
EW	6	17.79	1.0662
EW	6	18	1.1503
EW	6	18.84	1.3666
EW	6	19	1.3112
EW	6	20	0.9282
EW	6	21	0.5283
EW	6	21.19	0.4598
EW	6	22	0.4171
EW	6	23	0.3633
EW	6	24	0.3129
EW	6	25	0.2719
EW	6	25.89	0.2474
EW	6	26	0.2418
EW	6	27	0.1962
EW	6	28	0.155
EW	6	28.92	0.123
EW	6	29	0.1221
EW	6	30	0.108
EW	6	30.84	0.095
EW	6	30.84	0.095
EW	6	31	0.0707
EW	6	31.31	0.0361
EW	6	32	0.0386
EW	6	33	0.0741
EW	6	33.01	0.0748
EW	6	34	0.1244
EW	6	34.25	0.1382
EW	6	34.56	0.1472
EW	6	35	0.1777
EW	6	36	0.256
EW	6	37	0.3423
EW	6	37.93	0.4252
EW	6	38	0.4149
EW	6	39	0.262
EW	6	39.43	0.1964
EW	6	40	0.3212
EW	6	40.67	0.4751
EW	6	41	0.4908
EW	6	41.23	0.5021
EW	6	41.78	0.3581
EW	6	41.78	0.3581
EW	6	42	0.2658
EW	6	42.88	0.0101
EW	6	43	0.0073
EW	6	44	0.0038
EW	6	45	0.0366
EW	6	45.16	0.0448
EW	6	46	0.0362
EW	6	46.17	0.0343
EW	6	47	0.0392
EW	6	47.13	0.0406
EW	6	47.4	0.0197
EW	6	47.96	0.0411
EW	6	48	0.0411
EW	6	49	0.0425
EW	6	50	0.0492
EW	6	51	0.0612
EW	6	52	0.0785
EW	6	52.13	0.0811
EW	6	53	0.0896
EW	6	54	0.1006
EW	6	55	0.1128
EW	6	56	0.1258
EW	6	57	0.1393
EW	6	58	0.1529
EW	6	59	0.1659
EW	6	60	0.1781
EW	6	60.95	0.1884
EW	6	61	0.188
EW	6	61.62	0.1859
EW	6	62	0.1821
EW	6	62.58	0.1742
EW	6	62.58	0.1742
EW	6	62.86	0.1436
EW	6	63	0.1571
EW	6	63.76	0.2332
EW	6	64	0.2322
EW	6	64.04	0.2331
EW	6	65	0.2282
EW	6	65.84	0.2432
EW	6	65.84	0.2432
EW	6	66	0.2182
EW	6	67	0.0786
EW	6	67	0.0786
EW	6	68	0.0734
EW	6	69	0.0712
EW	6	70	0.0728
EW	6	71	0.0788
EW	6	72	0.0896
EW	6	72.06	0.0904
EW	6	72.48	0.0897
EW	6	73	0.0919
EW	6	73.89	0.0958
EW	6	73.89	0.0958
EW	6	73.89	0.0958
EW	6	73.89	0.0958
EW	6	74	0.096
EW	6	74.72	0.1042
EW	6	75	0.1197
EW	6	75.86	0.1994
EW	6	76	0.1782
EW	6	76.15	0.1562
EW	6	76.43	0.1599
EW	6	76.99	0.186
EW	6	77	0.1863
EW	6	77.31	0.2007
EW	6	77.31	0.2007
EW	6	78	0.1259
EW	6	79	0.0537
EW	6	80	0.0429
EW	6	81	0.0965
EW	6	81.1	0.1047
EW	6	82	0.1562
EW	6	82.93	0.2166
EW	6	83	0.2168
EW	6	84	0.2194
EW	6	85	0.219
EW	6	86	0.2133
EW	6	87	0.2016
EW	6	88	0.1852
EW	6	88.38	0.1782
EW	6	89	0.1935
EW	6	90	0.2194
EW	6	91	0.2465
EW	6	92	0.2747
EW	6	93	0.3037
EW	6	93.32	0.3131
EW	6	94	0.338
EW	6	95	0.3758
EW	6	96	0.4139
EW	6	97	0.4512
EW	6	98	0.4866
EW	6	99	0.5195
EW	6	100	0.5493
EW	6	101	0.5758
EW	6	101.54	0.5886
EW	6	102	0.6399
EW	6	103	0.761
EW	6	104	0.8945
EW	6	105	1.0377
EW	6	106	1.1866
EW	6	106.91	1.3234
EW	6	107	1.3184
EW	6	108	1.2611
EW	6	109	1.201
EW	6	110	1.1406
EW	6	111	1.0824
EW	6	111.17	1.0729
EW	6	112	1.1601
EW	6	113	1.2624
EW	6	113.86	1.3477
EW	6	114	1.356
EW	6	114.87	1.4046
EW	6	115	1.3962
EW	6	116	1.3155
EW	6	117	1.2036
EW	6	118	1.0598
EW	6	118.61	0.9584
EW	6	119	0.982
EW	6	120	1.0409
EW	6	121	1.0994
EW	6	121.47	1.1271
EW	6	121.71	1.1053
EW	6	121.9	1.1042
EW	6	122	1.095
EW	6	123	1.007
EW	6	123.24	0.986
EW	6	124	0.8574
EW	6	124.71	0.7344
EW	6	125	0.7013
EW	6	126	0.5907
EW	6	127	0.485
EW	6	128	0.386
EW	6	129	0.2959
EW	6	130	0.2171
EW	6	131	0.1522
EW	6	132	0.1034
EW	6	133	0.0724
EW	6	134	0.0598
EW	6	135	0.0647
EW	6	136	0.0853
EW	6	137	0.1191
EW	6	138	0.1635
EW	6	139	0.216
EW	6	140	0.2746
EW	6	141	0.3376
EW	6	141.54	0.3728
EW	6	142	0.3772
EW	6	143	0.3819
EW	6	144	0.3827
EW	6	145	0.3847
EW	6	145.43	0.3869
EW	7	0	0.3226
EW	7	1	0.4052
EW	7	2	0.4881
EW	7	2.79	0.5504
EW	7	3	0.5429
EW	7	4	0.5033
EW	7	5	0.4602
EW	7	6	0.4172
EW	7	7	0.3789
EW	7	8	0.3489
EW	7	8.17	0.3448
EW	7	9	0.3679
EW	7	10	0.3957
EW	7	11	0.4238
EW	7	12	0.4527
EW	7	12.34	0.4628
EW	7	13	0.3917
EW	7	14	0.2854
EW	7	15	0.1878
EW	7	16	0.1072
EW	7	17	0.0505
EW	7	18	0.0202
EW	7	18.43	0.0148
EW	7	19	0.0182
EW	7	20	0.026
EW	7	21	0.0364
EW	7	22	0.0492
EW	7	23	0.0645
EW	7	24	0.0818
EW	7	25	0.1007
EW	7	26	0.1208
EW	7	27	0.1414
EW	7	28	0.1622
EW	7	28.29	0.1682
EW	7	29	0.22
EW	7	30	0.2985
EW	7	31	0.3769
EW	7	31.36	0.4043
EW	7	32	0.3974
EW	7	33	0.3943
EW	7	34	0.3997
EW	7	35	0.4119
EW	7	36	0.4293
EW	7	37	0.4507
EW	7	38	0.4761
EW	7	39	0.5061
EW	7	39.25	0.5144
EW	7	40	0.5204
EW	7	41	0.5123
EW	7	42	0.4793
EW	7	42.23	0.4684
EW	7	43	0.4758
EW	7	44	0.4706
EW	7	45	0.4482
EW	7	46	0.4106
EW	7	47	0.3617
EW	7	48	0.3068
EW	7	49	0.2518
EW	7	49.22	0.2402
EW	7	50	0.2919
EW	7	51	0.3763
EW	7	52	0.4767
EW	7	53	0.5842
EW	7	54	0.6899
EW	7	55	0.7873
EW	7	55.22	0.8075
EW	7	56	0.7404
EW	7	57	0.6468
EW	7	58	0.5495
EW	7	58.73	0.4793
EW	7	59	0.466
EW	7	59.86	0.4115
EW	7	60	0.4186
EW	7	60.67	0.4521
EW	7	60.67	0.4521
EW	7	61	0.3845
EW	7	62	0.2205
EW	7	62.21	0.195
EW	7	62.21	0.195
EW	7	63	0.1315
EW	7	64	0.0631
EW	7	64.02	0.0622
EW	7	64.02	0.0622
EW	7	64.02	0.0622
EW	7	64.02	0.0622
EW	7	64.02	0.0622
EW	7	64.84	0.0219
EW	7	64.84	0.0219
EW	7	64.84	0.0219
EW	7	64.84	0.0219
EW	7	64.84	0.0219
EW	7	65	0.0215
EW	7	65.65	0.0222
EW	7	65.65	0.0222
EW	7	66	0.0324
EW	7	67	0.0812
EW	7	67.02	0.0826
EW	7	68	0.1431
EW	7	69	0.2153
EW	7	69.05	0.2189
EW	7	70	0.2847
EW	7	70.32	0.31
EW	7	71	0.4875
EW	7	71.62	0.6377
EW	7	72	0.6116
EW	7	72.2	0.5931
EW	7	73	0.5847
EW	7	74	0.5617
EW	7	75	0.5202
EW	7	75.89	0.4684
EW	7	76	0.4545
EW	7	76.17	0.433
EW	7	76.17	0.433
EW	7	77	0.444
EW	7	78	0.5045
EW	7	79	0.6123
EW	7	79.3	0.6514
EW	7	80	0.6026
EW	7	81	0.5259
EW	7	82	0.4424
EW	7	83	0.3558
EW	7	84	0.2721
EW	7	84.06	0.2677
EW	7	85	0.2605
EW	7	86	0.2563
EW	7	87	0.2568
EW	7	88	0.2629
EW	7	89	0.2751
EW	7	90	0.293
EW	7	91	0.3163
EW	7	91.59	0.3322
EW	7	92	0.3308
EW	7	92.66	0.3261
EW	7	93	0.3548
EW	7	94	0.4437
EW	7	95	0.531
EW	7	96	0.6083
EW	7	97	0.6707
EW	7	97.21	0.6817
EW	7	98	0.7361
EW	7	99	0.8056
EW	7	100	0.8746
EW	7	101	0.9418
EW	7	102	1.0062
EW	7	103	1.0664
EW	7	103.28	1.0823
EW	7	104	1.1411
EW	7	105	1.2196
EW	7	105.85	1.283
EW	7	106	1.292
EW	7	107	1.3701
EW	7	108	1.4587
EW	7	108.57	1.5064
EW	7	109	1.3778
EW	7	109.07	1.3591
EW	7	110	1.3878
EW	7	111	1.3069
EW	7	111.99	1.1367
EW	7	112	1.1385
EW	7	113	1.2916
EW	7	113.83	1.4275
EW	7	114	1.4219
EW	7	114.5	1.3705
EW	7	114.84	1.2442
EW	7	115	1.2555
EW	7	115.98	1.3217
EW	7	116	1.3117
EW	7	116.06	1.2871
EW	7	116.34	1.4687
EW	7	116.99	1.561
EW	7	117	1.5609
EW	7	117.26	1.5603
EW	7	117.26	1.5603
EW	7	117.34	1.5081
EW	7	117.62	1.3624
EW	7	118	1.3696
EW	7	118.25	1.3733
EW	7	118.25	1.3733
EW	7	119	1.4763
EW	7	119.63	1.5644
EW	7	119.63	1.5644
EW	7	120	1.5796
EW	7	120.35	1.5652
EW	7	121	1.6157
EW	7	121.2	1.6265
EW	7	121.71	1.8226
EW	7	122	1.8148
EW	7	123	1.7748
EW	7	123.45	1.7507
EW	7	124	1.7127
EW	7	125	1.6273
EW	7	125.16	1.6143
EW	7	125.56	1.6169
EW	7	126	1.5639
EW	7	126.5	1.4906
EW	7	127	1.5602
EW	7	128	1.6822
EW	7	129	1.7597
EW	7	129.46	1.7799
EW	7	130	1.7478
EW	7	131	1.6608
EW	7	132	1.542
EW	7	132.22	1.5128
EW	7	133	1.5994
EW	7	134	1.6807
EW	7	134.79	1.7248
EW	7	135	1.6357
EW	7	135.12	1.5764
EW	7	136	1.6386
EW	7	137	1.6836
EW	7	137.03	1.6848
EW	7	138	1.8187
EW	7	139	1.9223
EW	7	140	1.9902
EW	7	141	2.0236
EW	7	141.24	2.0264
EW	7	141.24	2.0264
EW	7	142	1.7596
EW	7	142.68	1.4207
EW	7	143	1.4805
EW	7	144	1.628
EW	7	144.15	1.6466
EW	7	145	1.6958
EW	7	146	1.7407
EW	7	146.68	1.7635
EW	7	147	1.7102
EW	7	148	1.5302
EW	7	149	1.3346
EW	7	149.82	1.1662
EW	7	150	1.1536
EW	7	151	1.0821
EW	7	152	1.0071
EW	7	153	0.9293
EW	7	154	0.8493
EW	7	155	0.7682
EW	7	156	0.6871
EW	7	157	0.6073
EW	7	158	0.5302
EW	7	159	0.4572
EW	7	160	0.3894
EW	7	161	0.328
EW	7	161.82	0.2825
EW	7	162	0.2844
EW	7	163	0.2979
EW	7	164	0.3152
EW	7	165	0.3345
EW	7	165.79	0.3501
EW	7	166	0.3555
EW	7	167	0.3826
EW	7	167.53	0.3975
EW	7	168	0.3589
EW	7	169	0.2814
EW	7	170	0.2165
EW	7	170.38	0.1966
EW	7	170.38	0.1966
EW	7	171	0.2281
EW	7	171.55	0.2615
EW	7	172	0.2417
EW	7	172.27	0.2301
EW	7	173	0.2267
EW	7	174	0.2465
EW	7	175	0.2894
EW	7	176	0.3441
EW	7	177	0.3952
EW	7	178	0.4283
EW	7	178.24	0.4325
EW	7	179	0.4597
EW	7	180	0.4874
EW	7	181	0.5027
EW	7	181.69	0.5051
EW	7	181.69	0.5051
EW	7	182	0.4778
EW	7	183	0.391
EW	7	184	0.3082
EW	7	185	0.239
EW	7	185.46	0.2157
EW	7	186	0.2145
EW	7	187	0.2114
EW	7	188	0.207
EW	7	188.18	0.2061
EW	7	189	0.1585
EW	7	189.78	0.118
EW	8	10	0.1505
EW	8	11	0.1928
EW	8	11.51	0.2024
EW	8	12	0.2659
EW	8	12.12	0.2818
EW	8	12.44	0.2488
EW	8	13	0.1945
EW	8	13.96	0.1179
EW	8	14	0.1214
EW	8	15	0.2202
EW	8	15.48	0.2701
EW	8	16	0.2681
EW	8	17	0.2621
EW	8	18	0.2555
EW	8	18.54	0.2539
EW	8	18.54	0.2539
EW	8	19	0.1774
EW	8	20	0.0465
EW	8	21	0.0049
EW	8	21.21	0.0086
EW	8	22	0.0033
EW	8	22.35	0.0033
EW	8	23	0.0018
EW	8	24	0.0062
EW	8	25	0.0197
EW	8	26	0.0429
EW	8	27	0.0748
EW	8	28	0.113
EW	8	29	0.154
EW	8	30	0.1937
EW	8	31	0.2289
EW	8	32	0.2569
EW	8	33	0.2765
EW	8	34	0.2871
EW	8	35	0.2891
EW	8	35.37	0.2878
EW	8	36	0.3716
EW	8	37	0.529
EW	8	38	0.7065
EW	8	39	0.8909
EW	8	40	1.0708
EW	8	41	1.2378
EW	8	41.36	1.2944
EW	8	42	1.1968
EW	8	42.33	1.135
EW	8	43	1.1628
EW	8	44	1.1526
EW	8	44.46	1.133
EW	8	45	1.063
EW	8	46	0.9325
EW	8	47	0.8027
EW	8	48	0.6778
EW	8	49	0.5614
EW	8	50	0.4567
EW	8	50.09	0.4475
EW	8	51	0.4457
EW	8	52	0.4352
EW	8	53	0.4157
EW	8	54	0.3877
EW	8	55	0.3528
EW	8	56	0.3129
EW	8	56.95	0.273
EW	8	57	0.276
EW	8	58	0.3294
EW	8	59	0.37
EW	8	60	0.3949
EW	8	61	0.4028
EW	8	61.94	0.3955
EW	8	62	0.4022
EW	8	62.61	0.4694
EW	8	62.91	0.3989
EW	8	63	0.3985
EW	8	64	0.3921
EW	8	64.03	0.3919
EW	8	64.36	0.4721
EW	8	64.68	0.5025
EW	8	64.68	0.5025
EW	8	64.68	0.5025
EW	8	64.68	0.5025
EW	8	65	0.4056
EW	8	65.04	0.3941
EW	8	65.04	0.3941
EW	8	65.04	0.3941
EW	8	65.04	0.3941
EW	8	65.04	0.3941
EW	8	65.04	0.3941
EW	8	65.74	0.4306
EW	8	65.74	0.4306
EW	8	66	0.4304
EW	8	66.73	0.404
EW	8	67	0.4588
EW	8	67.01	0.4615
EW	8	67.01	0.4615
EW	8	67.3	0.4563
EW	8	67.58	0.5224
EW	8	67.63	0.5304
EW	8	67.63	0.5304
EW	8	68	0.5816
EW	8	69	0.7404
EW	8	70	0.9098
EW	8	70.03	0.9142
EW	8	71	0.8899
EW	8	71.02	0.8892
EW	8	72	1.0158
EW	8	73	1.0628
EW	8	73.13	1.0625
EW	8	73.71	0.6817
EW	8	73.71	0.6817
EW	8	74	0.6608
EW	8	74.28	0.6413
EW	8	74.28	0.6413
EW	8	74.55	0.6274
EW	8	74.55	0.6274
EW	8	74.83	0.4628
EW	8	75	0.4627
EW	8	75.38	0.4625
EW	8	75.52	0.4844
EW	8	75.52	0.4844
EW	8	76	0.3841
EW	8	76.41	0.3042
EW	8	76.71	0.373
EW	8	77	0.4126
EW	8	77.45	0.4753
EW	8	77.45	0.4753
EW	8	77.45	0.4753
EW	8	77.63	0.5548
EW	8	77.96	0.6785
EW	8	77.96	0.6785
EW	8	78	0.673
EW	8	79	0.5244
EW	8	79.19	0.4953
EW	8	79.46	0.6163
EW	8	80	0.5875
EW	8	80.17	0.5768
EW	8	80.17	0.5768
EW	8	80.64	0.5985
EW	8	80.64	0.5985
EW	8	80.64	0.5985
EW	8	80.97	0.6486
EW	8	81	0.6565
EW	8	82	0.8846
EW	8	82.07	0.9006
EW	8	82.57	0.7873
EW	8	83	0.766
EW	8	83.15	0.7509
EW	8	83.68	0.7261
EW	8	84	0.7722
EW	8	84.27	0.8027
EW	8	84.56	0.6873
EW	8	85	0.6965
EW	8	86	0.7082
EW	8	86.7	0.7086
EW	8	87	0.7313
EW	8	87.91	0.7938
EW	8	88	0.7877
EW	8	89	0.7172
EW	8	89.51	0.6833
EW	8	90	0.7601
EW	8	90.45	0.8144
EW	8	90.77	0.8713
EW	8	91	0.8457
EW	8	91.34	0.8081
EW	8	91.34	0.8081
EW	8	92	0.8247
EW	8	93	0.8093
EW	8	93.28	0.7978
EW	8	93.28	0.7978
EW	8	93.28	0.7978
EW	8	93.84	0.7688
EW	8	94	0.835
EW	8	94.39	0.8826
EW	8	95	0.6303
EW	8	95.81	0.3047
EW	8	95.81	0.3047
EW	8	96	0.3049
EW	8	96.46	0.3102
EW	8	97	0.29
EW	8	98	0.2524
EW	8	99	0.2153
EW	8	99.43	0.1996
EW	8	100	0.1869
EW	8	100.24	0.1938
EW	8	101	0.1136
EW	8	101.37	0.0828
EW	8	102	0.0595
EW	8	103	0.0459
EW	8	103.85	0.0656
EW	8	104	0.0654
EW	8	104.48	0.0687
EW	8	105	0.0454
EW	8	106	0.0287
EW	8	107	0.0562
EW	8	108	0.1249
EW	8	109	0.2202
EW	8	110	0.3254
EW	8	110.12	0.3384
EW	8	110.49	0.3608
EW	8	111	0.3949
EW	8	112	0.4681
EW	8	112.77	0.5258
EW	8	113	0.5574
EW	8	114	0.704
EW	8	115	0.8496
EW	8	116	0.9808
EW	8	117	1.0904
EW	8	117.87	1.1667
EW	8	118	1.1852
EW	8	119	1.3208
EW	8	120	1.434
EW	8	121	1.5244
EW	8	122	1.5936
EW	8	123	1.6436
EW	8	123.74	1.6695
EW	8	124	1.6415
EW	8	125	1.4795
EW	8	125.85	1.2575
EW	8	126	1.244
EW	8	127	1.1254
EW	8	127.27	1.0828
EW	8	128	1.1326
EW	8	128.62	1.1492
EW	8	129	1.2601
EW	8	130	1.5189
EW	8	131	1.6954
EW	8	132	1.7649
EW	8	132.15	1.7644
EW	8	133	1.8119
EW	8	134	1.8451
EW	8	135	1.8516
EW	8	135.18	1.8501
EW	8	136	1.774
EW	8	137	1.6719
EW	8	138	1.5642
EW	8	139	1.4563
EW	8	139.65	1.389
EW	8	140	1.3914
EW	8	141	1.3884
EW	8	141.72	1.3596
EW	8	142	1.3571
EW	8	142.26	1.3524
EW	8	143	1.411
EW	8	144	1.4856
EW	8	145	1.5504
EW	8	146	1.602
EW	8	147	1.6382
EW	8	147.03	1.6391
EW	8	148	1.5725
EW	8	149	1.4826
EW	8	150	1.373
EW	8	151	1.2464
EW	8	152	1.1057
EW	8	153	0.9552
EW	8	154	0.802
EW	8	155	0.6562
EW	8	155.48	0.5923
EW	8	155.86	0.6548
EW	8	156	0.6178
EW	8	156.4	0.5188
EW	8	156.4	0.5188
EW	8	157	0.4513
EW	8	158	0.3445
EW	8	158.05	0.3399
EW	9	0	0.621
EW	9	1	0.6349
EW	9	2	0.6471
EW	9	3	0.6566
EW	9	3.78	0.6615
EW	9	4	0.6619
EW	9	5	0.6554
EW	9	6	0.6247
EW	9	6.73	0.5841
EW	9	7	0.5799
EW	9	8	0.557
EW	9	8.56	0.5396
EW	9	8.56	0.5396
EW	9	9	0.5136
EW	9	10	0.4527
EW	9	11	0.3894
EW	9	11.73	0.3424
EW	9	12	0.3678
EW	9	13	0.4544
EW	9	13.87	0.5169
EW	9	14	0.5035
EW	9	15	0.4001
EW	9	16	0.3021
EW	9	17	0.2139
EW	9	18	0.1396
EW	9	19	0.082
EW	9	20	0.042
EW	9	20.65	0.0249
EW	9	21	0.0293
EW	9	22	0.0597
EW	9	23	0.116
EW	9	24	0.1913
EW	9	25	0.2751
EW	9	25.46	0.314
EW	9	26	0.281
EW	9	27	0.2284
EW	9	28	0.1943
EW	9	28.32	0.1885
EW	9	29	0.1821
EW	9	30	0.1704
EW	9	31	0.1564
EW	9	32	0.1408
EW	9	33	0.1248
EW	9	33.05	0.1239
EW	9	33.25	0.1419
EW	9	33.61	0.1101
EW	9	34	0.1042
EW	9	35	0.0893
EW	9	36	0.0757
EW	9	37	0.0644
EW	9	37.52	0.0597
EW	9	38	0.0567
EW	9	39	0.0507
EW	9	40	0.0453
EW	9	41	0.0415
EW	9	42	0.0401
EW	9	43	0.0422
EW	9	44	0.0485
EW	9	45	0.0593
EW	9	46	0.0746
EW	9	47	0.094
EW	9	48	0.1169
EW	9	49	0.1425
EW	9	50	0.1698
EW	9	50.33	0.179
EW	9	51	0.1737
EW	9	52	0.1709
EW	9	53	0.176
EW	9	54	0.1903
EW	9	55	0.2134
EW	9	55.66	0.2327
EW	9	56	0.2627
EW	9	56.73	0.3239
EW	9	57	0.3151
EW	9	57.48	0.3119
EW	9	58	0.3696
EW	9	59	0.5003
EW	9	59.91	0.6356
EW	9	60	0.6514
EW	9	61	0.8335
EW	9	61.35	0.8968
EW	9	62	1.0184
EW	9	63	1.1856
EW	9	64	1.3286
EW	9	65	1.4487
EW	9	65.11	1.461
EW	9	65.88	1.798
EW	9	65.88	1.798
EW	9	65.88	1.798
EW	9	66	1.7854
EW	9	67	1.6372
EW	9	67.84	1.4637
EW	9	67.84	1.4637
EW	9	67.84	1.4637
EW	9	68	1.448
EW	9	68.2	1.4355
EW	9	68.2	1.4355
EW	9	68.2	1.4355
EW	9	68.2	1.4355
EW	9	68.2	1.4355
EW	9	68.2	1.4355
EW	9	68.2	1.4355
EW	9	68.2	1.4355
EW	9	68.86	1.3108
EW	9	68.86	1.3108
EW	9	69	1.2966
EW	9	69.87	1.129
EW	9	69.87	1.129
EW	9	69.87	1.129
EW	9	70	1.1137
EW	9	71	0.9985
EW	9	71.81	0.9153
EW	9	72	0.9748
EW	9	73	1.3125
EW	9	73.2	1.3775
EW	9	74	1.318
EW	9	74.07	1.3116
EW	9	74.49	1.4327
EW	9	75	1.4413
EW	9	76	1.4532
EW	9	76.93	1.4592
EW	9	77	1.4541
EW	9	77.86	1.3918
EW	9	78	1.3801
EW	9	79	1.2578
EW	9	79.1	1.2413
EW	9	80	0.9864
EW	9	81	0.8189
EW	9	81.08	0.8119
EW	9	82	0.8483
EW	9	82.25	0.8571
EW	9	82.25	0.8571
EW	9	82.25	0.8571
EW	9	82.54	0.649
EW	9	83	0.6694
EW	9	83.43	0.7007
EW	9	84	0.8448
EW	9	84.91	1.0542
EW	9	85	1.0536
EW	9	85.57	1.0495
EW	9	86	0.8888
EW	9	86.55	0.6908
EW	9	86.89	0.5549
EW	9	87	0.5551
EW	9	88	0.5473
EW	9	88.43	0.5386
EW	9	88.84	0.5252
EW	9	89	0.5141
EW	9	90	0.4049
EW	9	90.07	0.3956
EW	9	90.27	0.401
EW	9	91	0.3677
EW	9	91.12	0.3631
EW	9	92	0.4058
EW	9	92.87	0.4629
EW	9	93	0.5001
EW	9	93.19	0.5528
EW	9	93.4	0.4433
EW	9	94	0.4625
EW	9	94.87	0.486
EW	9	95	0.4981
EW	9	96	0.5811
EW	9	96.19	0.5948
EW	9	97	0.566
EW	9	98	0.5357
EW	9	99	0.5097
EW	9	100	0.4863
EW	9	100.07	0.4847
EW	9	101	0.5579
EW	9	101.03	0.5602
EW	9	102	0.5515
EW	9	103	0.5275
EW	9	104	0.4866
EW	9	105	0.4301
EW	9	106	0.3624
EW	9	106.61	0.3191
EW	9	107	0.3154
EW	9	107.39	0.319
EW	9	108	0.3487
EW	9	109	0.3984
EW	9	109.12	0.4044
EW	9	110	0.3936
EW	9	111	0.3766
EW	9	112	0.3554
EW	9	113	0.3312
EW	9	113.39	0.3213
EW	9	114	0.3115
EW	9	115	0.2948
EW	9	116	0.2777
EW	9	117	0.2607
EW	9	118	0.2445
EW	9	119	0.2292
EW	9	119.11	0.2276
EW	9	120	0.2284
EW	9	121	0.2304
EW	9	122	0.2336
EW	9	123	0.2376
EW	9	124	0.2421
EW	9	124.33	0.2436
EW	9	125	0.2672
EW	9	126	0.2975
EW	9	127	0.3182
EW	9	128	0.3271
EW	9	128.15	0.3274
EW	9	129	0.3279
EW	9	130	0.3292
EW	9	131	0.3313
EW	9	132	0.3341
EW	9	133	0.3373
EW	9	133.98	0.3407
EW	9	134	0.3402
EW	9	135	0.3142
EW	9	136	0.2895
EW	9	137	0.2654
EW	9	138	0.2418
EW	9	139	0.2197
EW	9	139.4	0.2119
EW	9	140	0.2092
EW	9	141	0.2041
EW	9	142	0.1982
EW	9	143	0.1917
EW	9	144	0.1846
EW	9	145	0.1772
EW	9	145.7	0.1719
EW	9	146	0.2031
EW	9	146.83	0.2783
EW	9	147	0.2723
EW	9	148	0.2365
EW	9	149	0.2008
EW	9	150	0.1664
EW	9	151	0.1341
EW	9	152	0.1047
EW	9	152.83	0.083
EW	9	153	0.0838
EW	9	154	0.0962
EW	9	154.19	0.1
EW	9	155	0.0925
EW	9	156	0.0822
EW	9	157	0.071
EW	9	158	0.0593
EW	9	159	0.0477
EW	9	160	0.0368
EW	9	161	0.0273
EW	9	161.6	0.0223
EW	9	162	0.0336
EW	9	163	0.0743
EW	9	164	0.1315
EW	9	164.21	0.1455
EW	9	165	0.1793
EW	9	166	0.2254
EW	9	166.96	0.2696
EW	9	167	0.2673
EW	9	167.53	0.2375
EW	9	168	0.2865
EW	9	168.23	0.3134
EW	10	0	0.2824
EW	10	0.39	0.2762
EW	10	0.39	0.2762
EW	10	1	0.3052
EW	10	2	0.3573
EW	10	2.59	0.3874
EW	10	3	0.4138
EW	10	4	0.4749
EW	10	5	0.5273
EW	10	5.56	0.5513
EW	10	6	0.5652
EW	10	7	0.5982
EW	10	8	0.6324
EW	10	9	0.6674
EW	10	10	0.7026
EW	10	11	0.737
EW	10	12	0.7697
EW	10	12.75	0.7923
EW	10	13	0.7877
EW	10	14	0.7628
EW	10	15	0.7281
EW	10	16	0.6857
EW	10	17	0.6388
EW	10	18	0.591
EW	10	19	0.5463
EW	10	20	0.5077
EW	10	20.84	0.4814
EW	10	21	0.4865
EW	10	22	0.5199
EW	10	23	0.5549
EW	10	24	0.5912
EW	10	25	0.6284
EW	10	26	0.6661
EW	10	27	0.7037
EW	10	28	0.7406
EW	10	29	0.7762
EW	10	30	0.8097
EW	10	31	0.8405
EW	10	32	0.868
EW	10	33	0.8916
EW	10	34	0.9109
EW	10	35	0.9256
EW	10	36	0.9354
EW	10	37	0.9404
EW	10	38	0.9405
EW	10	39	0.9359
EW	10	40	0.927
EW	10	41	0.9143
EW	10	42	0.8981
EW	10	43	0.879
EW	10	44	0.8575
EW	10	45	0.8343
EW	10	46	0.8098
EW	10	47	0.7844
EW	10	48	0.7586
EW	10	49	0.7327
EW	10	49.8	0.7121
EW	10	50	0.722
EW	10	51	0.769
EW	10	52	0.8092
EW	10	53	0.8367
EW	10	54	0.8464
EW	10	54.54	0.844
EW	10	55	0.8197
EW	10	56	0.745
EW	10	57	0.6464
EW	10	57.64	0.5769
EW	10	58	0.715
EW	10	58.48	0.9089
EW	10	59	0.8796
EW	10	59.81	0.7357
EW	10	60	0.6868
EW	10	60.9	0.4187
EW	10	61	0.4128
EW	10	61.41	0.3764
EW	10	61.62	0.4622
EW	10	61.62	0.4622
EW	10	61.62	0.4622
EW	10	61.62	0.4622
EW	10	62	0.473
EW	10	63	0.4509
EW	10	63.68	0.4045
EW	10	64	0.4101
EW	10	64.85	0.3942
EW	10	64.85	0.3942
EW	10	64.94	0.3558
EW	10	64.94	0.3558
EW	10	65	0.3261
EW	10	65.75	0.0563
EW	10	66	0.049
EW	10	66.31	0.0455
EW	10	67	0.0385
EW	10	68	0.0379
EW	10	68.01	0.0379
EW	10	68.47	0.0064
EW	10	68.77	0.0054
EW	10	69	0.0012
EW	10	69.24	7e-04
EW	10	69.53	5e-04
EW	10	70	0.0017
EW	10	70.91	0.0157
EW	10	71	0.0165
EW	10	72	0.027
EW	10	72.8	0.038
EW	10	73	0.0391
EW	10	73.22	0.0406
EW	10	74	0.0306
EW	10	74.33	0.0302
EW	10	74.33	0.0302
EW	10	74.33	0.0302
EW	10	75	0.0777
EW	10	75.15	0.0914
EW	10	76	0.1402
EW	10	76.02	0.1412
EW	10	76.79	0.2022
EW	10	77	0.1886
EW	10	77.19	0.1788
EW	10	78	0.1768
EW	10	79	0.1715
EW	10	80	0.1628
EW	10	81	0.1509
EW	10	82	0.1366
EW	10	83	0.1207
EW	10	84	0.1042
EW	10	85	0.0881
EW	10	85.45	0.0812
EW	10	86	0.0686
EW	10	87	0.0468
EW	10	88	0.0281
EW	10	89	0.0139
EW	10	89.33	0.0104
EW	10	90	0.0086
EW	10	91	0.0086
EW	10	92	0.012
EW	10	93	0.019
EW	10	94	0.0297
EW	10	95	0.0439
EW	10	96	0.0613
EW	10	97	0.0816
EW	10	98	0.1043
EW	10	99	0.1289
EW	10	100	0.155
EW	10	101	0.182
EW	10	102	0.2096
EW	10	103	0.2373
EW	10	103.02	0.2378
EW	10	104	0.3132
EW	10	104.26	0.3344
EW	10	105	0.3578
EW	10	106	0.392
EW	10	107	0.4284
EW	10	108	0.466
EW	10	109	0.5035
EW	10	109.24	0.5125
EW	10	109.58	0.7958
EW	10	109.58	0.7958
EW	10	110	0.8067
EW	10	111	0.8243
EW	10	111.99	0.8288
EW	10	112	0.8287
EW	10	113	0.8155
EW	10	114	0.7925
EW	10	115	0.758
EW	10	115.28	0.7461
EW	10	115.6	0.8106
EW	10	115.89	0.6494
EW	10	116	0.6675
EW	10	117	0.7971
EW	10	118	0.8646
EW	10	118.15	0.8707
EW	10	118.15	0.8707
EW	10	118.15	0.8707
EW	10	119	0.9643
EW	10	119.87	1.0379
EW	10	120	1.0473
EW	10	120.75	1.1215
EW	10	121	1.1404
EW	10	122	1.2039
EW	10	123	1.2499
EW	10	123.24	1.2584
EW	10	124	1.2451
EW	10	125	1.2415
EW	10	125.84	1.2449
EW	10	126	1.2378
EW	10	127	1.1892
EW	10	128	1.1335
EW	10	129	1.0731
EW	10	130	1.0102
EW	10	131	0.9467
EW	10	131.85	0.8934
EW	10	132	0.8847
EW	10	133	0.8231
EW	10	134	0.7538
EW	10	134.68	0.704
EW	10	135	0.6567
EW	10	136	0.5284
EW	10	137	0.4411
EW	10	137.84	0.3957
EW	10	138	0.3912
EW	10	138.71	0.3245
EW	10	139	0.3307
EW	10	140	0.3516
EW	10	141	0.3719
EW	10	142	0.3922
EW	10	142.22	0.3967
EW	10	143	0.4465
EW	10	144	0.5051
EW	10	144.87	0.5488
EW	10	145	0.5451
EW	10	145.42	0.5371
EW	10	146	0.4502
EW	10	146.22	0.4045
EW	10	146.22	0.4045
EW	10	147	0.441
EW	10	148	0.4887
EW	10	148.29	0.5029
EW	10	149	0.5349
EW	10	150	0.5677
EW	10	151	0.5907
EW	10	151.48	0.5995
GY	1	0	0.587
GY	1	0.25	0.5618
GY	1	1	0.4321
GY	1	1.52	0.3418
GY	1	2	0.3317
GY	1	3	0.293
GY	1	3.78	0.251
GY	1	4	0.2547
GY	1	5	0.269
GY	1	6	0.2784
GY	1	6.11	0.2791
GY	1	7	0.3007
GY	1	8	0.3246
GY	1	9	0.3475
GY	1	10	0.369
GY	1	11	0.3886
GY	1	12	0.4061
GY	1	12.31	0.4111
GY	1	13	0.5041
GY	1	13.84	0.6171
GY	1	14	0.6209
GY	1	15	0.6392
GY	1	15.81	0.6469
GY	1	16	0.6092
GY	1	17	0.4127
GY	1	18	0.2384
GY	1	19	0.1281
GY	1	20	0.1014
GY	1	20.14	0.1034
GY	1	21	0.1474
GY	1	21.01	0.1482
GY	1	21.91	0.1754
GY	1	22	0.1697
GY	1	22.8	0.1225
GY	1	23	0.1235
GY	1	23.11	0.1243
GY	1	23.11	0.1243
GY	1	23.53	0.1664
GY	1	24	0.1588
GY	1	25	0.1622
GY	1	26	0.1926
GY	1	27	0.2457
GY	1	27.28	0.2636
GY	1	28	0.2452
GY	1	29	0.2249
GY	1	30	0.2112
GY	1	31	0.2041
GY	1	31.61	0.2026
GY	1	32	0.2131
GY	1	33	0.246
GY	1	34	0.2866
GY	1	35	0.332
GY	1	36	0.378
GY	1	37	0.4207
GY	1	38	0.4572
GY	1	38.83	0.4814
GY	1	39	0.4957
GY	1	40	0.5786
GY	1	40.63	0.6284
GY	1	40.63	0.6284
GY	1	41	0.6789
GY	1	42	0.7992
GY	1	43	0.8758
GY	1	43.74	0.8994
GY	1	44	0.9333
GY	1	44.09	0.944
GY	1	45	0.5956
GY	1	46	0.2262
GY	1	46.08	0.2045
GY	1	46.36	0.2378
GY	1	47	0.2239
GY	1	48	0.1968
GY	1	48.62	0.1775
GY	1	48.62	0.1775
GY	1	48.94	0.1409
GY	1	48.94	0.1409
GY	1	49	0.1399
GY	1	49.5	0.1252
GY	1	50	0.0797
GY	1	51	0.017
GY	1	51.18	0.0105
GY	1	51.18	0.0105
GY	1	51.79	0.0073
GY	1	52	0.0032
GY	1	52.96	0.0057
GY	1	53	0.0058
GY	1	54	0.0127
GY	1	55	0.0309
GY	1	56	0.0598
GY	1	57	0.0982
GY	1	57.49	0.1202
GY	1	58	0.0983
GY	1	58.7	0.0792
GY	1	58.7	0.0792
GY	1	59	0.0775
GY	1	60	0.0731
GY	1	61	0.0707
GY	1	62	0.0701
GY	1	63	0.0706
GY	1	64	0.0716
GY	1	64.59	0.072
GY	1	65	0.0685
GY	1	66	0.0617
GY	1	66.35	0.06
GY	1	67	0.064
GY	1	68	0.0762
GY	1	69	0.0961
GY	1	69.35	0.1047
GY	1	69.88	0.125
GY	1	69.88	0.125
GY	1	69.88	0.125
GY	1	70	0.1231
GY	1	70.15	0.121
GY	1	70.42	0.124
GY	1	70.42	0.124
GY	1	71	0.1339
GY	1	72	0.1643
GY	1	72.68	0.1906
GY	1	73	0.18
GY	1	73.25	0.1685
GY	1	74	0.2798
GY	1	74.94	0.4758
GY	1	75	0.4936
GY	1	75.32	0.583
GY	1	76	0.7366
GY	1	77	0.9758
GY	1	78	1.1627
GY	1	78.22	1.1929
GY	1	79	1.2364
GY	1	79.22	1.2454
GY	1	80	1.4242
GY	1	81	1.572
GY	1	81.02	1.574
GY	1	81.87	1.4955
GY	1	82	1.5026
GY	1	83	1.5384
GY	1	84	1.5316
GY	1	84	1.5313
GY	1	84.68	1.4169
GY	1	85	1.4798
GY	1	85.25	1.4991
GY	1	86	1.2236
GY	1	87	0.7816
GY	1	87.01	0.7757
GY	1	88	0.9638
GY	1	88.14	0.9838
GY	1	88.14	0.9838
GY	1	89	0.9379
GY	1	89.25	0.9222
GY	1	90	0.858
GY	1	90.36	0.8246
GY	1	90.36	0.8246
GY	1	90.36	0.8246
GY	1	90.53	0.8537
GY	1	90.53	0.8537
GY	1	91	0.8226
GY	1	91.16	0.8118
GY	1	91.16	0.8118
GY	1	91.22	0.8231
GY	1	91.22	0.8231
GY	1	92	0.9155
GY	1	92.39	0.9597
GY	1	92.96	0.6929
GY	1	93	0.6809
GY	1	93.16	0.631
GY	1	93.44	0.6027
GY	1	94	0.7079
GY	1	95	0.8814
GY	1	95.66	0.9639
GY	1	96	0.9457
GY	1	97	0.8716
GY	1	97.63	0.8103
GY	1	98	0.8174
GY	1	99	0.7855
GY	1	99.06	0.781
GY	1	100	0.728
GY	1	101	0.6849
GY	1	101.19	0.6801
GY	1	101.96	0.6637
GY	1	102	0.6676
GY	1	103	0.8029
GY	1	103.18	0.8333
GY	1	104	0.943
GY	1	105	1.0075
GY	1	105.12	1.0093
GY	1	106	1.0315
GY	1	106.79	1.0458
GY	1	106.79	1.0458
GY	1	107	1.0165
GY	1	107.71	0.8888
GY	1	108	0.8976
GY	1	109	0.9601
GY	1	109.29	0.987
GY	1	110	1.0392
GY	1	110.96	1.1154
GY	1	111	1.1216
GY	1	112	1.2904
GY	1	113	1.4582
GY	1	114	1.6059
GY	1	115	1.7233
GY	1	115.25	1.7466
GY	1	116	1.7422
GY	1	117	1.7228
GY	1	118	1.6872
GY	1	119	1.6367
GY	1	119.33	1.6173
GY	1	120	1.8081
GY	1	121	2.0256
GY	1	121.21	2.0642
GY	1	122	2.6428
GY	1	122.08	2.6852
GY	1	122.47	2.6251
GY	1	123	2.7017
GY	1	124	2.7274
GY	1	124.32	2.6987
GY	1	125	2.6769
GY	1	126	2.6407
GY	1	127	2.6017
GY	1	128	2.5607
GY	1	128.27	2.5494
GY	1	129	2.6183
GY	1	130	2.6898
GY	1	131	2.7368
GY	1	131.96	2.7596
GY	1	132	2.7593
GY	1	133	2.7441
GY	1	134	2.7197
GY	1	135	2.6867
GY	1	136	2.6459
GY	1	137	2.5976
GY	1	138	2.5423
GY	1	138.18	2.5315
GY	1	139	2.6329
GY	1	140	2.7562
GY	1	141	2.8782
GY	1	142	2.9986
GY	1	143	3.117
GY	1	144	3.2329
GY	1	144.75	3.3182
GY	1	145	3.3765
GY	1	145.59	3.5195
GY	1	146	3.5266
GY	1	146.72	3.547
GY	1	147	3.4973
GY	1	147.73	3.1205
GY	1	148	3.1232
GY	1	148.09	3.1243
GY	1	149	3.0199
GY	1	149.56	2.9839
GY	1	150	3.0017
GY	1	150.73	3.0045
GY	1	150.73	3.0045
GY	1	150.73	3.0045
GY	1	150.73	3.0045
GY	1	150.73	3.0045
GY	1	151	3.0047
GY	1	152	3.0231
GY	1	152.69	3.0522
GY	1	152.96	3.0949
GY	1	152.96	3.0949
GY	1	152.96	3.0949
GY	1	152.96	3.0949
GY	1	152.96	3.0949
GY	1	152.96	3.0949
GY	1	153	3.0985
GY	1	153.23	3.1211
GY	1	153.23	3.1211
GY	1	153.23	3.1211
GY	1	153.23	3.1211
GY	1	153.23	3.1211
GY	1	153.5	3.0949
GY	1	153.5	3.0949
GY	1	153.5	3.0949
GY	1	153.5	3.0949
GY	1	153.5	3.0949
GY	1	153.5	3.0949
GY	1	153.5	3.0949
GY	1	153.5	3.0949
GY	1	153.5	3.0949
GY	1	153.5	3.0949
GY	1	153.5	3.0949
GY	1	153.5	3.0949
GY	1	153.5	3.0949
GY	1	153.5	3.0949
GY	1	153.5	3.0949
GY	1	153.75	3.1254
GY	1	154	3.0912
GY	1	155	2.9522
GY	1	156	2.8136
GY	1	157	2.6786
GY	1	158	2.5504
GY	1	159	2.4321
GY	1	160	2.3256
GY	1	160.39	2.288
GY	1	161	2.2584
GY	1	162	2.206
GY	1	163	2.1478
GY	1	164	2.083
GY	1	165	2.0106
GY	1	166	1.9296
GY	1	167	1.8394
GY	1	168	1.7396
GY	1	169	1.6306
GY	1	170	1.5133
GY	1	170.61	1.4384
GY	1	171	1.4643
GY	1	172	1.5269
GY	1	173	1.581
GY	1	174	1.6238
GY	1	175	1.6523
GY	1	176	1.6648
GY	1	177	1.6598
GY	1	178	1.6371
GY	1	179	1.5974
GY	1	180	1.5423
GY	1	180.89	1.4826
GY	1	181	1.4853
GY	1	182	1.5105
GY	1	183	1.5374
GY	1	184	1.5663
GY	1	185	1.5973
GY	1	186	1.6305
GY	1	187	1.6654
GY	1	188	1.7011
GY	1	189	1.7365
GY	1	190	1.77
GY	1	191	1.8004
GY	1	192	1.827
GY	1	193	1.8498
GY	1	194	1.8697
GY	1	194.61	1.8807
GY	1	194.61	1.8807
GY	1	194.61	1.8807
GY	1	195	1.9886
GY	1	195.47	2.109
GY	1	196	2.1466
GY	1	196.98	2.19
GY	1	197	2.1904
GY	1	198	2.1472
GY	1	199	2.0024
GY	1	200	1.7704
GY	1	201	1.4566
GY	1	201.3	1.3539
GY	1	202	1.4269
GY	1	203	1.5197
GY	1	204	1.5968
GY	1	205	1.6563
GY	1	206	1.6982
GY	1	207	1.7231
GY	1	208	1.7321
GY	1	209	1.7265
GY	1	210	1.7078
GY	1	210.35	1.6985
GY	1	211	1.8245
GY	1	212	2.0048
GY	1	213	2.1586
GY	1	214	2.2861
GY	1	215	2.3928
GY	1	216	2.4884
GY	1	217	2.5848
GY	1	218	2.6882
GY	1	218.22	2.7115
GY	1	219	2.9981
GY	1	219.13	3.0363
GY	1	219.44	2.9098
GY	1	219.44	2.9098
GY	1	220	2.9496
GY	1	221	3.0123
GY	1	221.01	3.0131
GY	1	221.96	2.7195
GY	1	222	2.7074
GY	1	223	2.3251
GY	1	224	1.8253
GY	1	224.6	1.4249
GY	1	224.97	1.2609
GY	1	225	1.2593
GY	1	225.83	1.2284
GY	1	226	1.2219
GY	1	226.58	1.1997
GY	1	227	1.1753
GY	1	228	1.1
GY	1	228.14	1.0871
GY	1	229	1.0468
GY	1	230	1.0018
GY	1	231	0.9601
GY	1	232	0.9234
GY	1	233	0.8919
GY	1	234	0.8655
GY	1	234.97	0.844
GY	1	235	0.8447
GY	1	236	0.8664
GY	1	237	0.88
GY	1	237.77	0.8841
GY	1	238	0.8799
GY	1	239	0.8616
GY	1	240	0.8448
GY	1	241	0.831
GY	1	242	0.8206
GY	1	243	0.8136
GY	1	243.07	0.8133
GY	1	244	0.9011
GY	1	245	0.9992
GY	1	246	1.1002
GY	1	247	1.2027
GY	1	247.22	1.2257
GY	1	248	1.1261
GY	1	248.76	1.0192
GY	1	249	1.0085
GY	1	249.58	0.9744
GY	1	250	1.0093
GY	1	250	1.0092
GY	1	251	0.9074
GY	1	252	0.7999
GY	1	253	0.6895
GY	1	254	0.5802
GY	1	255	0.4766
GY	1	256	0.3834
GY	1	256.31	0.3572
GY	1	257	0.3822
GY	1	258	0.3893
GY	1	258.12	0.3881
GY	1	259	0.3954
GY	1	260	0.4066
GY	1	260.03	0.407
GY	1	261	0.3828
GY	1	262	0.3572
GY	1	263	0.3312
GY	1	264	0.3049
GY	1	265	0.2787
GY	1	266	0.2528
GY	1	267	0.2276
GY	1	267.88	0.2061
GY	2	0	0.0234
GY	2	1	0.0279
GY	2	2	0.0352
GY	2	3	0.0457
GY	2	4	0.0593
GY	2	4.71	0.0708
GY	2	5	0.1007
GY	2	5.27	0.1389
GY	2	5.55	0.1375
GY	2	5.55	0.1375
GY	2	6	0.1594
GY	2	6.23	0.1932
GY	2	7	0.197
GY	2	7.09	0.198
GY	2	8	0.3282
GY	2	8.1	0.351
GY	2	8.67	0.3602
GY	2	9	0.4171
GY	2	9.35	0.4796
GY	2	9.73	0.4386
GY	2	10	0.43
GY	2	11	0.3959
GY	2	12	0.3581
GY	2	13	0.3176
GY	2	14	0.2758
GY	2	14.35	0.2612
GY	2	15	0.25
GY	2	16	0.2294
GY	2	16.89	0.2088
GY	2	17	0.2132
GY	2	18	0.2483
GY	2	18.84	0.2701
GY	2	19	0.2905
GY	2	20	0.4266
GY	2	21	0.5684
GY	2	22	0.701
GY	2	22.44	0.7542
GY	2	23	0.8155
GY	2	23.16	0.8341
GY	2	23.79	0.7025
GY	2	24	0.685
GY	2	24.57	0.6388
GY	2	24.86	0.5771
GY	2	25	0.5669
GY	2	26	0.4853
GY	2	27	0.3971
GY	2	27	0.3971
GY	2	28	0.4216
GY	2	29	0.3922
GY	2	29.12	0.3859
GY	2	30	0.5287
GY	2	30.21	0.568
GY	2	30.21	0.568
GY	2	31	0.526
GY	2	32	0.4722
GY	2	32.35	0.4547
GY	2	33	0.4994
GY	2	34	0.5678
GY	2	35	0.6319
GY	2	36	0.6889
GY	2	37	0.7367
GY	2	38	0.7742
GY	2	38.75	0.7952
GY	2	39	0.8028
GY	2	40	0.8313
GY	2	41	0.8568
GY	2	42	0.8786
GY	2	43	0.8966
GY	2	44	0.9105
GY	2	45	0.9206
GY	2	46	0.9269
GY	2	46.99	0.9297
GY	2	47	0.9287
GY	2	48	0.8561
GY	2	49	0.7795
GY	2	50	0.6991
GY	2	51	0.6154
GY	2	52	0.5294
GY	2	53	0.4428
GY	2	54	0.3578
GY	2	55	0.2775
GY	2	56	0.2053
GY	2	57	0.1439
GY	2	58	0.0946
GY	2	58.58	0.0715
GY	2	59	0.0766
GY	2	60	0.0897
GY	2	61	0.1036
GY	2	62	0.1185
GY	2	63	0.1341
GY	2	64	0.1504
GY	2	65	0.1673
GY	2	66	0.1848
GY	2	67	0.2028
GY	2	68	0.2211
GY	2	68.02	0.2215
GY	2	69	0.277
GY	2	70	0.3399
GY	2	70.04	0.3424
GY	2	71	0.4632
GY	2	71.33	0.5075
GY	2	72	0.4861
GY	2	72.69	0.4648
GY	2	73	0.506
GY	2	74	0.6493
GY	2	74.94	0.7733
GY	2	75	0.7597
GY	2	75.94	0.5129
GY	2	76	0.5162
GY	2	77	0.5716
GY	2	78	0.6274
GY	2	78.97	0.6757
GY	2	79	0.6714
GY	2	79.87	0.5547
GY	2	80	0.5358
GY	2	81	0.397
GY	2	81.81	0.3009
GY	2	81.81	0.3009
GY	2	81.81	0.3009
GY	2	82	0.3167
GY	2	82.69	0.392
GY	2	83	0.4108
GY	2	84	0.474
GY	2	84.33	0.4947
GY	2	85	0.5763
GY	2	86	0.6996
GY	2	87	0.8196
GY	2	87.51	0.8787
GY	2	88	0.8877
GY	2	89	0.8993
GY	2	90	0.9
GY	2	91	0.8888
GY	2	92	0.8653
GY	2	93	0.8301
GY	2	94	0.7845
GY	2	95	0.7307
GY	2	96	0.6711
GY	2	96.92	0.6138
GY	2	97	0.6197
GY	2	98	0.6863
GY	2	99	0.7375
GY	2	100	0.7633
GY	2	101	0.7557
GY	2	102	0.7131
GY	2	102.4	0.6877
GY	2	103	0.6673
GY	2	104	0.621
GY	2	105	0.5621
GY	2	106	0.4956
GY	2	107	0.4281
GY	2	108	0.3663
GY	2	109	0.3154
GY	2	109.98	0.2777
GY	2	110	0.2787
GY	2	111	0.3395
GY	2	112	0.409
GY	2	113	0.4867
GY	2	114	0.572
GY	2	115	0.6638
GY	2	116	0.7608
GY	2	116.72	0.8334
GY	2	117	0.8975
GY	2	118	1.1345
GY	2	119	1.3661
GY	2	120	1.5808
GY	2	120.68	1.7143
GY	2	121	1.6503
GY	2	121.35	1.58
GY	2	122	1.5039
GY	2	122.54	1.3999
GY	2	122.68	1.4752
GY	2	123	1.4773
GY	2	123.54	1.4828
GY	2	124	1.9291
GY	2	124.36	2.1744
GY	2	124.36	2.1744
GY	2	125	2.2037
GY	2	126	2.1663
GY	2	127	2.0563
GY	2	128	1.8872
GY	2	128.09	1.8701
GY	2	128.38	1.9304
GY	2	128.67	1.8963
GY	2	128.67	1.8963
GY	2	128.95	1.811
GY	2	129	1.8111
GY	2	129.36	1.8117
GY	2	129.69	1.8089
GY	2	130	1.8334
GY	2	130.39	1.8636
GY	2	130.39	1.8636
GY	2	130.39	1.8636
GY	2	130.39	1.8636
GY	2	130.39	1.8636
GY	2	130.39	1.8636
GY	2	130.39	1.8636
GY	2	130.39	1.8636
GY	2	130.39	1.8636
GY	2	130.39	1.8636
GY	2	130.39	1.8636
GY	2	130.39	1.8636
GY	2	130.39	1.8636
GY	2	130.59	2.0406
GY	2	130.59	2.0406
GY	2	130.79	2.0958
GY	2	130.79	2.0958
GY	2	131	2.1028
GY	2	131.11	2.1075
GY	2	131.71	2.0215
GY	2	131.71	2.0215
GY	2	131.71	2.0215
GY	2	131.71	2.0215
GY	2	131.71	2.0215
GY	2	131.71	2.0215
GY	2	131.71	2.0215
GY	2	132	2.0659
GY	2	132.25	2.1013
GY	2	132.25	2.1013
GY	2	132.25	2.1013
GY	2	133	1.9804
GY	2	133.14	1.9504
GY	2	133.5	1.886
GY	2	133.63	1.8423
GY	2	133.63	1.8423
GY	2	133.63	1.8423
GY	2	134	1.9965
GY	2	134.17	2.06
GY	2	134.17	2.06
GY	2	135	2.0018
GY	2	135.56	1.9653
GY	2	135.84	1.932
GY	2	135.84	1.932
GY	2	136	2.1318
GY	2	136.33	2.4561
GY	2	136.33	2.4561
GY	2	137	2.1895
GY	2	137.41	1.995
GY	2	138	2.1433
GY	2	138.58	2.1888
GY	2	139	2.2184
GY	2	139.43	2.2482
GY	2	139.43	2.2482
GY	2	140	2.1291
GY	2	140.53	1.9691
GY	2	141	1.8072
GY	2	141.07	1.777
GY	2	141.07	1.777
GY	2	141.07	1.777
GY	2	142	1.7644
GY	2	142.88	1.5378
GY	2	142.88	1.5378
GY	2	143	1.5281
GY	2	144	1.4365
GY	2	144.42	1.3727
GY	2	144.78	1.3559
GY	2	145	1.4731
GY	2	145.32	1.6018
GY	2	145.32	1.6018
GY	2	146	1.5011
GY	2	146.14	1.4799
GY	2	146.14	1.4799
GY	2	146.14	1.4799
GY	2	147	1.6421
GY	2	148	1.7912
GY	2	148.55	1.8573
GY	2	149	1.8211
GY	2	150	1.7349
GY	2	151	1.6396
GY	2	152	1.5353
GY	2	153	1.4232
GY	2	154	1.3052
GY	2	154.02	1.3029
GY	2	154.02	1.3029
GY	2	154.56	1.3442
GY	2	154.56	1.3442
GY	2	154.83	1.411
GY	2	155	1.4138
GY	2	155.67	1.4386
GY	2	156	1.4782
GY	2	156.84	1.5803
GY	2	157	1.6109
GY	2	158	1.5252
GY	2	158.32	1.4131
GY	2	159	1.4913
GY	2	159.79	1.6429
GY	2	160	1.5921
GY	2	160.39	1.488
GY	2	160.78	1.724
GY	2	160.78	1.724
GY	2	161	1.7183
GY	2	161.73	1.699
GY	2	162	1.7041
GY	2	162.81	1.7311
GY	2	163	1.6939
GY	2	163.3	1.6308
GY	2	163.47	1.6189
GY	2	164	1.7272
GY	2	164.34	1.8485
GY	2	165	1.91
GY	2	165.88	1.9655
GY	2	166	1.9923
GY	2	167	2.2109
GY	2	168	2.4227
GY	2	169	2.6231
GY	2	170	2.8093
GY	2	171	2.9799
GY	2	171.74	3.0955
GY	2	172	3.0954
GY	2	173	3.0802
GY	2	174	3.0403
GY	2	175	2.9736
GY	2	176	2.8788
GY	2	177	2.7551
GY	2	177.6	2.6674
GY	2	178	2.5994
GY	2	179	2.4155
GY	2	180	2.2099
GY	2	180.37	2.1285
GY	2	181	2.1724
GY	2	181.76	2.1504
GY	2	182	2.1349
GY	2	182.75	2.0822
GY	2	183	2.0343
GY	2	183.36	1.9642
GY	2	183.36	1.9642
GY	2	183.36	1.9642
GY	2	184	1.8039
GY	2	185	1.5318
GY	2	185.42	1.4128
GY	2	185.42	1.4128
GY	2	186	1.5749
GY	2	186.64	1.7434
GY	2	187	1.8028
GY	2	187.19	1.8321
GY	2	187.19	1.8321
GY	2	188	1.7406
GY	2	188.01	1.739
GY	2	188.01	1.739
GY	2	188.47	1.8511
GY	2	188.78	1.8479
GY	2	189	1.7675
GY	2	189.65	1.495
GY	2	190	1.3659
GY	2	191	0.942
GY	2	191.03	0.9297
GY	2	191.71	0.917
GY	2	192	0.9407
GY	2	192.69	0.9943
GY	2	193	0.9425
GY	2	193.68	0.8076
GY	2	194	0.8133
GY	2	195	0.8516
GY	2	196	0.9147
GY	2	196.21	0.9297
GY	2	197	0.9464
GY	2	198	0.9743
GY	2	199	1.0077
GY	2	200	1.0429
GY	2	201	1.0743
GY	2	202	1.0965
GY	2	203	1.1053
GY	2	204	1.0989
GY	2	204.23	1.0954
GY	2	205	1.0079
GY	2	206	0.8993
GY	2	207	0.8045
GY	2	208	0.7311
GY	2	209	0.6841
GY	2	209.59	0.6692
GY	2	210	0.6664
GY	2	210.97	0.6582
GY	2	211	0.6581
GY	2	211.48	0.6573
GY	2	211.48	0.6573
GY	2	212	0.7012
GY	2	212.25	0.7325
GY	2	213	0.6952
GY	2	214	0.629
GY	2	215	0.549
GY	2	215.17	0.5347
GY	2	216	0.5723
GY	2	217	0.6147
GY	2	218	0.6529
GY	2	218.7	0.6767
GY	2	219	0.6813
GY	2	219.99	0.6099
GY	2	220	0.6111
GY	2	221	0.6625
GY	2	221.54	0.5656
GY	2	222	0.6176
GY	2	222.31	0.651
GY	2	223	0.7648
GY	2	224	0.9152
GY	2	225	1.035
GY	2	225.96	1.114
GY	2	226	1.1117
GY	2	227	1.0604
GY	2	228	1.0223
GY	2	228.44	1.0127
GY	2	229	1.2014
GY	2	230	1.4933
GY	2	231	1.719
GY	2	231.5	1.8097
GY	2	232	1.7965
GY	2	233	1.7534
GY	2	234	1.6879
GY	2	235	1.6002
GY	2	236	1.4926
GY	2	237	1.369
GY	2	237.74	1.2714
GY	2	238	1.2716
GY	2	239	1.2405
GY	2	240	1.1646
GY	2	240.31	1.1341
GY	2	240.62	1.1286
GY	2	241	1.1887
GY	2	242	1.3561
GY	2	242.86	1.5004
GY	2	243	1.4822
GY	2	244	1.2841
GY	2	244.56	1.1063
GY	2	245	1.199
GY	2	245.2	1.2325
GY	2	246	1.3219
GY	2	246.13	1.3355
GY	2	247	1.6445
GY	2	248	1.893
GY	2	249	2.0409
GY	2	250	2.113
GY	2	251	2.1247
GY	2	251.18	2.1213
GY	3	35	0.0499
GY	3	36	0.0989
GY	3	37	0.1861
GY	3	38	0.302
GY	3	38.27	0.3363
GY	3	39	0.3115
GY	3	40	0.2783
GY	3	41	0.2474
GY	3	42	0.2204
GY	3	43	0.1989
GY	3	44	0.1843
GY	3	45	0.1771
GY	3	46	0.177
GY	3	47	0.1828
GY	3	48	0.1928
GY	3	48.27	0.196
GY	3	49	0.2666
GY	3	49.83	0.3491
GY	3	50	0.3615
GY	3	51	0.4395
GY	3	52	0.5236
GY	3	53	0.6071
GY	3	53.88	0.6754
GY	3	54	0.6504
GY	3	54.92	0.4741
GY	3	55	0.4722
GY	3	56	0.4497
GY	3	57	0.4371
GY	3	57.8	0.4371
GY	3	58	0.4268
GY	3	59	0.375
GY	3	59.24	0.3627
GY	3	60	0.2793
GY	3	60.87	0.1862
GY	3	61	0.199
GY	3	61.51	0.2492
GY	3	62	0.2516
GY	3	63	0.2606
GY	3	63.63	0.27
GY	3	64	0.2394
GY	3	65	0.1726
GY	3	65.18	0.1633
GY	3	66	0.1647
GY	3	67	0.1688
GY	3	68	0.1759
GY	3	69	0.1854
GY	3	70	0.1967
GY	3	71	0.2086
GY	3	71.8	0.2177
GY	3	72	0.2273
GY	3	73	0.2924
GY	3	74	0.3821
GY	3	74.83	0.467
GY	3	75	0.4986
GY	3	75.12	0.5197
GY	3	76	0.3851
GY	3	76.41	0.3171
GY	3	76.41	0.3171
GY	3	76.58	0.3775
GY	3	76.58	0.3775
GY	3	76.58	0.3775
GY	3	76.58	0.3775
GY	3	76.99	0.549
GY	3	77	0.5548
GY	3	77.4	0.8473
GY	3	77.4	0.8473
GY	3	77.4	0.8473
GY	3	77.4	0.8473
GY	3	77.4	0.8473
GY	3	77.67	0.7818
GY	3	77.67	0.7818
GY	3	77.67	0.7818
GY	3	77.67	0.7818
GY	3	77.67	0.7818
GY	3	77.67	0.7818
GY	3	77.67	0.7818
GY	3	78	0.7004
GY	3	78.21	0.6425
GY	3	78.21	0.6425
GY	3	78.21	0.6425
GY	3	78.5	0.6497
GY	3	79	0.5948
GY	3	79.15	0.5783
GY	3	79.15	0.5783
GY	3	80	0.7637
GY	3	80.59	0.8957
GY	3	80.59	0.8957
GY	3	81	0.9384
GY	3	81.82	0.904
GY	3	82	0.8301
GY	3	82.1	0.7841
GY	3	82.1	0.7841
GY	3	83	0.798
GY	3	83.26	0.8003
GY	3	84	0.9248
GY	3	84.14	0.9461
GY	3	84.14	0.9461
GY	3	84.7	0.9615
GY	3	84.97	0.8101
GY	3	84.97	0.8101
GY	3	84.97	0.8101
GY	3	85	0.8082
GY	3	86	0.7359
GY	3	86.42	0.6973
GY	3	87	0.6911
GY	3	88	0.671
GY	3	88.53	0.6572
GY	3	89	0.7203
GY	3	90	0.8535
GY	3	91	0.9732
GY	3	92	1.0658
GY	3	93	1.1219
GY	3	93.11	1.1255
GY	3	94	1.0174
GY	3	95	0.8662
GY	3	96	0.6915
GY	3	97	0.5188
GY	3	97.35	0.4657
GY	3	98	0.5552
GY	3	99	0.6976
GY	3	100	0.8356
GY	3	100.84	0.9427
GY	3	101	1.021
GY	3	102	1.442
GY	3	102.6	1.6306
GY	3	103	1.6579
GY	3	103.79	1.6886
GY	3	104	1.5715
GY	3	104.5	1.2551
GY	3	105	1.1906
GY	3	105.51	1.0973
GY	3	106	1.0528
GY	3	107	0.8854
GY	3	107.55	0.7573
GY	3	108	0.7368
GY	3	109	0.6862
GY	3	110	0.6295
GY	3	111	0.5696
GY	3	112	0.5105
GY	3	112.09	0.5054
GY	3	113	0.5415
GY	3	114	0.575
GY	3	115	0.5993
GY	3	115.54	0.6083
GY	3	115.54	0.6083
GY	3	116	0.8581
GY	3	117	1.4307
GY	3	117.23	1.5518
GY	3	117.23	1.5518
GY	3	118	1.5746
GY	3	118.63	1.5392
GY	3	119	1.5304
GY	3	120	1.443
GY	3	121	1.2874
GY	3	121.37	1.2187
GY	3	122	1.1227
GY	3	122.85	0.9461
GY	3	122.85	0.9461
GY	3	123	0.9749
GY	3	123.9	1.1002
GY	3	123.9	1.1002
GY	3	124	1.04
GY	3	124.24	0.8542
GY	3	124.24	0.8542
GY	3	125	0.8836
GY	3	125.06	0.8852
GY	3	125.49	0.5501
GY	3	125.49	0.5501
GY	3	125.93	0.5316
GY	3	126	0.5577
GY	3	126.76	0.8431
GY	3	126.76	0.8431
GY	3	126.76	0.8431
GY	3	126.76	0.8431
GY	3	126.76	0.8431
GY	3	127	0.8122
GY	3	127.13	0.7954
GY	3	127.13	0.7954
GY	3	127.51	0.6604
GY	3	127.79	0.5633
GY	3	128	0.6026
GY	3	128.27	0.6505
GY	3	128.27	0.6505
GY	3	128.54	0.6485
GY	3	128.54	0.6485
GY	3	129	0.643
GY	3	129.08	0.6397
GY	3	130	0.7111
GY	3	130.76	0.7493
GY	3	131	0.7597
GY	3	131.75	0.781
GY	3	132	0.807
GY	3	132.15	0.823
GY	3	133	0.7212
GY	3	134	0.6088
GY	3	134.73	0.5464
GY	3	135	0.5358
GY	3	136	0.4934
GY	3	136.98	0.4438
GY	3	137	0.4442
GY	3	138	0.454
GY	3	139	0.4442
GY	3	140	0.4134
GY	3	140.06	0.4108
GY	3	141	0.3485
GY	3	142	0.2761
GY	3	142.72	0.2236
GY	3	143	0.2415
GY	3	144	0.304
GY	3	144.09	0.3092
GY	3	145	0.2725
GY	3	146	0.2438
GY	3	146.82	0.2299
GY	3	147	0.2375
GY	3	148	0.2832
GY	3	149	0.3344
GY	3	150	0.3881
GY	3	151	0.4414
GY	3	152	0.4918
GY	3	152.34	0.5077
GY	3	153	0.5147
GY	3	154	0.5254
GY	3	155	0.5358
GY	3	155.19	0.5377
GY	3	156	0.5969
GY	3	156.66	0.6408
GY	3	156.66	0.6408
GY	3	157	0.5349
GY	3	158	0.321
GY	3	158.72	0.2908
GY	3	159	0.2914
GY	3	159.7	0.291
GY	3	160	0.2684
GY	3	160.06	0.2646
GY	3	161	0.3187
GY	3	161.54	0.3514
GY	3	161.54	0.3514
GY	3	162	0.3675
GY	3	162.08	0.3716
GY	3	162.08	0.3716
GY	3	162.78	0.2788
GY	3	163	0.2836
GY	3	164	0.3085
GY	3	165	0.339
GY	3	166	0.3747
GY	3	166.62	0.3992
GY	3	167	0.3508
GY	3	168	0.2419
GY	3	169	0.1682
GY	3	170	0.1321
GY	3	170.27	0.1283
GY	3	171	0.1195
GY	3	172	0.1085
GY	3	173	0.1009
GY	3	174	0.0992
GY	3	175	0.1047
GY	3	176	0.1169
GY	3	177	0.1341
GY	3	177.07	0.1354
GY	3	178	0.1296
GY	3	179	0.1217
GY	3	180	0.1121
GY	3	181	0.1011
GY	3	181.68	0.0931
GY	3	182	0.1292
GY	3	182.12	0.1482
GY	3	183	0.1363
GY	3	184	0.1242
GY	3	185	0.1137
GY	3	185.83	0.1059
GY	3	186	0.1052
GY	3	187	0.1045
GY	3	188	0.1102
GY	3	189	0.1222
GY	3	190	0.1402
GY	3	191	0.1629
GY	3	192	0.1886
GY	3	193	0.2155
GY	3	194	0.2417
GY	3	195	0.2659
GY	3	195.33	0.2731
GY	3	196	0.2397
GY	3	197	0.1945
GY	3	198	0.1571
GY	3	199	0.1302
GY	3	199.9	0.1162
GY	3	200	0.1145
GY	3	201	0.1046
GY	3	201.85	0.1229
GY	3	202	0.1151
GY	3	202.15	0.1091
GY	3	203	0.0949
GY	3	204	0.0777
GY	3	204.52	0.0689
GY	3	205	0.0828
GY	3	206	0.116
GY	3	207	0.1541
GY	3	208	0.1962
GY	3	209	0.2411
GY	3	209.45	0.2621
GY	4	0	0.2517
GY	4	1	0.2616
GY	4	2	0.2766
GY	4	3	0.2963
GY	4	3.56	0.3089
GY	4	4	0.2888
GY	4	5	0.2442
GY	4	6	0.2034
GY	4	6.19	0.1964
GY	4	7	0.2704
GY	4	7.3	0.2992
GY	4	8	0.2256
GY	4	9	0.1354
GY	4	10	0.068
GY	4	10.24	0.0556
GY	4	11	0.0566
GY	4	12	0.0634
GY	4	13	0.0776
GY	4	14	0.099
GY	4	14.31	0.1069
GY	4	15	0.1068
GY	4	16	0.1053
GY	4	17	0.1018
GY	4	17.8	0.0974
GY	4	18	0.1131
GY	4	19	0.1983
GY	4	19.19	0.2147
GY	4	20	0.2427
GY	4	21	0.2822
GY	4	22	0.3266
GY	4	23	0.3741
GY	4	24	0.4223
GY	4	24.7	0.4553
GY	4	25	0.4547
GY	4	26	0.4563
GY	4	27	0.471
GY	4	27.43	0.4831
GY	4	28	0.4622
GY	4	29	0.4246
GY	4	30	0.3873
GY	4	31	0.3519
GY	4	32	0.3199
GY	4	32.37	0.3094
GY	4	33	0.3495
GY	4	34	0.4141
GY	4	35	0.4782
GY	4	36	0.5395
GY	4	36.03	0.5415
GY	4	36.14	0.5407
GY	4	37	0.5563
GY	4	37.95	0.5253
GY	4	38	0.5292
GY	4	39	0.6165
GY	4	40	0.7062
GY	4	40.63	0.7596
GY	4	41	0.7346
GY	4	42	0.6655
GY	4	43	0.5943
GY	4	44	0.5222
GY	4	45	0.4507
GY	4	46	0.3813
GY	4	47	0.3156
GY	4	48	0.2548
GY	4	49	0.2002
GY	4	50	0.1525
GY	4	50.67	0.1248
GY	4	51	0.1627
GY	4	52	0.3354
GY	4	52.72	0.4964
GY	4	53	0.5094
GY	4	54	0.555
GY	4	55	0.5975
GY	4	56	0.6367
GY	4	57	0.6728
GY	4	58	0.7062
GY	4	58.2	0.7127
GY	4	58.56	0.6594
GY	4	59	0.6667
GY	4	60	0.6993
GY	4	61	0.747
GY	4	61.54	0.7748
GY	4	62	0.7544
GY	4	63	0.694
GY	4	63.21	0.6789
GY	4	63.78	0.8769
GY	4	63.78	0.8769
GY	4	64	0.8677
GY	4	64.13	0.862
GY	4	65	1.0454
GY	4	65.65	1.1744
GY	4	65.98	0.9304
GY	4	65.98	0.9304
GY	4	66	0.9351
GY	4	66.25	0.981
GY	4	66.25	0.981
GY	4	66.25	0.981
GY	4	66.52	1.0686
GY	4	66.79	1.0131
GY	4	67	0.998
GY	4	67.07	0.9927
GY	4	67.07	0.9927
GY	4	67.07	0.9927
GY	4	67.62	0.99
GY	4	67.91	0.939
GY	4	68	0.9051
GY	4	68.37	0.7622
GY	4	68.37	0.7622
GY	4	68.83	0.7098
GY	4	69	0.7159
GY	4	69.92	0.7512
GY	4	69.92	0.7512
GY	4	69.92	0.7512
GY	4	70	0.7601
GY	4	70.44	0.804
GY	4	70.71	0.6476
GY	4	70.71	0.6476
GY	4	71	0.557
GY	4	71.53	0.3872
GY	4	72	0.3186
GY	4	72.17	0.3039
GY	4	73	0.3706
GY	4	73.14	0.3836
GY	4	74	0.3881
GY	4	74.8	0.381
GY	4	75	0.3476
GY	4	76	0.1804
GY	4	76.16	0.1565
GY	4	77	0.0911
GY	4	77.53	0.0591
GY	4	78	0.0686
GY	4	79	0.1371
GY	4	79.22	0.1572
GY	4	79.6	0.2013
GY	4	80	0.2207
GY	4	81	0.2716
GY	4	81.55	0.2974
GY	4	81.55	0.2974
GY	4	82	0.2417
GY	4	83	0.1794
GY	4	83.79	0.2033
GY	4	84	0.1996
GY	4	84.95	0.1839
GY	4	85	0.1918
GY	4	85.58	0.2883
GY	4	86	0.2529
GY	4	86.16	0.24
GY	4	87	0.3276
GY	4	88	0.4519
GY	4	89	0.5908
GY	4	89.02	0.5941
GY	4	89.02	0.5941
GY	4	89.02	0.5941
GY	4	89.31	0.5954
GY	4	89.31	0.5954
GY	4	90	0.5592
GY	4	90.1	0.554
GY	4	91	0.5874
GY	4	92	0.6951
GY	4	92.86	0.8462
GY	4	93	0.8395
GY	4	94	0.7922
GY	4	95	0.743
GY	4	96	0.6924
GY	4	97	0.6409
GY	4	98	0.5892
GY	4	99	0.5383
GY	4	100	0.4896
GY	4	101	0.4449
GY	4	102	0.4054
GY	4	103	0.3719
GY	4	103.37	0.3609
GY	4	104	0.4603
GY	4	104.74	0.5962
GY	4	105	0.6404
GY	4	105.04	0.6482
GY	4	105.32	0.725
GY	4	106	1.0596
GY	4	106.19	1.1328
GY	4	107	1.1063
GY	4	107.06	1.1043
GY	4	108	1.1576
GY	4	108.51	1.1626
GY	4	108.84	1.2728
GY	4	109	1.2624
GY	4	109.12	1.2545
GY	4	109.45	1.2142
GY	4	110	1.2001
GY	4	111	1.1296
GY	4	111.05	1.124
GY	4	112	1.278
GY	4	113	1.36
GY	4	113.62	1.3642
GY	4	114	1.3912
GY	4	114.3	1.4125
GY	4	115	1.1504
GY	4	115.47	0.9692
GY	4	115.47	0.9692
GY	4	115.47	0.9692
GY	4	116	1.0503
GY	4	117	1.2619
GY	4	117.16	1.2985
GY	4	118	1.2282
GY	4	118.89	1.1448
GY	4	119	1.1479
GY	4	120	1.1698
GY	4	121	1.1755
GY	4	122	1.1592
GY	4	122.03	1.1584
GY	4	122.52	1.0137
GY	4	123	1.0476
GY	4	123.11	1.0547
GY	4	123.6	0.9855
GY	4	124	1.0287
GY	4	124.14	1.0407
GY	4	124.14	1.0407
GY	4	125	1.0149
GY	4	126	0.9089
GY	4	126.01	0.9074
GY	4	126.01	0.9074
GY	4	127	0.9432
GY	4	128	0.918
GY	4	128.3	0.897
GY	4	128.7	0.8671
GY	4	129	0.8169
GY	4	129.16	0.7899
GY	4	129.9	0.843
GY	4	129.9	0.843
GY	4	129.9	0.843
GY	4	130	0.8428
GY	4	130.89	0.8438
GY	4	130.89	0.8438
GY	4	131	0.8383
GY	4	131.34	0.8204
GY	4	131.62	0.7829
GY	4	132	0.7722
GY	4	132.09	0.7626
GY	4	132.43	0.7878
GY	4	132.9	0.8784
GY	4	133	0.8596
GY	4	134	0.6754
GY	4	135	0.4991
GY	4	136	0.343
GY	4	136.48	0.2793
GY	4	137	0.2716
GY	4	138	0.2895
GY	4	138.65	0.3209
GY	4	139	0.3492
GY	4	139.89	0.4398
GY	4	140	0.4482
GY	4	141	0.5346
GY	4	141.37	0.5705
GY	4	142	0.554
GY	4	142.82	0.526
GY	4	143	0.5045
GY	4	144	0.4038
GY	4	144.4	0.3757
GY	4	145	0.4023
GY	4	146	0.4505
GY	4	147	0.4999
GY	4	148	0.547
GY	4	148.99	0.5888
GY	4	149	0.59
GY	4	150	0.6853
GY	4	151	0.7814
GY	4	152	0.8763
GY	4	153	0.9683
GY	4	153.56	1.018
GY	4	154	0.962
GY	4	155	0.8139
GY	4	155.07	0.8036
GY	4	156	0.663
GY	4	156.17	0.6377
GY	4	157	0.5563
GY	4	158	0.4853
GY	4	158.69	0.4523
GY	4	159	0.4065
GY	4	160	0.2893
GY	4	161	0.2417
GY	4	161.23	0.2406
GY	4	162	0.2947
GY	4	162.16	0.3054
GY	4	163	0.3047
GY	4	164	0.3029
GY	4	165	0.3
GY	4	166	0.2959
GY	4	167	0.2909
GY	4	168	0.285
GY	4	169	0.2785
GY	4	170	0.2715
GY	4	170.81	0.2656
GY	4	171	0.2696
GY	4	171.93	0.2895
GY	4	172	0.2915
GY	4	173	0.3166
GY	4	173.99	0.328
GY	5	0	0.6315
GY	5	1	0.6007
GY	5	1.51	0.5771
GY	5	2	0.7909
GY	5	3	1.1744
GY	5	3.12	1.2139
GY	5	4	1.2205
GY	5	5	1.2366
GY	5	5.71	1.2495
GY	5	5.98	1.3029
GY	5	6	1.2887
GY	5	6.29	1.0724
GY	5	7	1.1477
GY	5	8	1.2608
GY	5	9	1.3835
GY	5	10	1.5171
GY	5	11	1.6611
GY	5	11.58	1.7483
GY	5	12	1.7323
GY	5	13	1.6885
GY	5	14	1.6371
GY	5	15	1.579
GY	5	16	1.5153
GY	5	17	1.4467
GY	5	18	1.374
GY	5	19	1.2979
GY	5	20	1.2194
GY	5	21	1.1395
GY	5	22	1.0597
GY	5	23	0.9817
GY	5	24	0.9076
GY	5	25	0.8394
GY	5	26	0.7784
GY	5	27	0.725
GY	5	28	0.6786
GY	5	29	0.6382
GY	5	29.76	0.6109
GY	5	30	0.6234
GY	5	31	0.6771
GY	5	32	0.7351
GY	5	33	0.797
GY	5	34	0.8616
GY	5	35	0.9273
GY	5	35.92	0.9868
GY	5	36	1.0033
GY	5	37	1.1873
GY	5	38	1.2806
GY	5	38.26	1.2876
GY	5	39	1.3183
GY	5	40	1.3583
GY	5	41	1.3957
GY	5	42	1.4296
GY	5	43	1.4592
GY	5	44	1.4839
GY	5	45	1.5031
GY	5	46	1.5165
GY	5	47	1.5238
GY	5	48	1.5248
GY	5	49	1.5195
GY	5	50	1.5078
GY	5	51	1.49
GY	5	52	1.4661
GY	5	53	1.4363
GY	5	54	1.4011
GY	5	55	1.3609
GY	5	56	1.3162
GY	5	57	1.2676
GY	5	58	1.2161
GY	5	58.7	1.1788
GY	5	59	1.2516
GY	5	60	1.4493
GY	5	61	1.5894
GY	5	61.5	1.6428
GY	5	62	1.7091
GY	5	63	1.8348
GY	5	64	1.9503
GY	5	64.37	1.9892
GY	5	65	1.8862
GY	5	66	1.7051
GY	5	67	1.5014
GY	5	68	1.2775
GY	5	69	1.0431
GY	5	69.71	0.8818
GY	5	70	0.8632
GY	5	71	0.798
GY	5	72	0.7294
GY	5	72.76	0.6742
GY	5	73	0.6774
GY	5	74	0.6899
GY	5	75	0.7007
GY	5	75.86	0.7084
GY	5	76	0.7331
GY	5	77	0.9474
GY	5	77.55	1.083
GY	5	78	1.3555
GY	5	78.54	1.5964
GY	5	79	1.3706
GY	5	79.01	1.363
GY	5	79.54	0.9798
GY	5	80	1.0051
GY	5	81	1.0439
GY	5	82	1.0559
GY	5	83	1.0418
GY	5	83.29	1.0337
GY	5	84	1.0243
GY	5	84.32	1.0007
GY	5	84.4	0.9715
GY	5	84.4	0.9715
GY	5	84.84	1.0665
GY	5	84.84	1.0665
GY	5	85	1.0235
GY	5	85.5	0.8844
GY	5	85.8	0.7614
GY	5	85.8	0.7614
GY	5	86	0.8405
GY	5	86.07	0.868
GY	5	86.35	0.8353
GY	5	86.35	0.8353
GY	5	86.35	0.8353
GY	5	86.35	0.8353
GY	5	86.35	0.8353
GY	5	86.35	0.8353
GY	5	86.35	0.8353
GY	5	87	0.681
GY	5	88	0.4314
GY	5	88.03	0.4238
GY	5	88.39	0.3468
GY	5	88.6	0.3471
GY	5	88.6	0.3471
GY	5	88.6	0.3471
GY	5	88.6	0.3471
GY	5	88.6	0.3471
GY	5	88.6	0.3471
GY	5	89	0.344
GY	5	89.7	0.3389
GY	5	89.7	0.3389
GY	5	89.7	0.3389
GY	5	90	0.2608
GY	5	90.25	0.2004
GY	5	90.25	0.2004
GY	5	90.25	0.2004
GY	5	90.25	0.2004
GY	5	90.25	0.2004
GY	5	91	0.1741
GY	5	92	0.1404
GY	5	93	0.1094
GY	5	94	0.0827
GY	5	95	0.0618
GY	5	95.42	0.055
GY	5	96	0.0593
GY	5	97	0.0679
GY	5	98	0.0775
GY	5	99	0.0875
GY	5	100	0.0974
GY	5	100.29	0.1002
GY	5	101	0.1559
GY	5	101.97	0.2405
GY	5	102	0.2381
GY	5	103	0.163
GY	5	104	0.0896
GY	5	105	0.0346
GY	5	105.37	0.0214
GY	5	105.37	0.0214
GY	5	105.37	0.0214
GY	5	105.37	0.0214
GY	5	105.64	0.0372
GY	5	105.93	0.0179
GY	5	105.93	0.0179
GY	5	106	0.0181
GY	5	107	0.0214
GY	5	108	0.027
GY	5	109	0.0338
GY	5	110	0.0404
GY	5	110.49	0.0433
GY	5	110.49	0.0433
GY	5	110.75	0.0646
GY	5	111	0.0332
GY	5	111.29	0.014
GY	5	112	0.0243
GY	5	112.95	0.0414
GY	5	113	0.0414
GY	5	114	0.0488
GY	5	114.32	0.0546
GY	5	114.76	0.0029
GY	5	114.76	0.0029
GY	5	115	0.0163
GY	5	115.23	0.0417
GY	5	115.23	0.0417
GY	5	116	0.1126
GY	5	117	0.2467
GY	5	117.19	0.2725
GY	5	118	0.1417
GY	5	118.04	0.1369
GY	5	119	0.0942
GY	5	120	0.0668
GY	5	120.2	0.0641
GY	5	121	0.0566
GY	5	122	0.0795
GY	5	122.3	0.0917
GY	5	122.3	0.0917
GY	5	123	0.104
GY	5	124	0.1234
GY	5	125	0.1438
GY	5	125.33	0.1504
GY	5	126	0.1425
GY	5	126.65	0.1341
GY	5	127	0.0924
GY	5	127.55	0.0432
GY	5	128	0.0725
GY	5	128.12	0.0811
GY	5	129	0.1032
GY	5	130	0.1429
GY	5	131	0.1885
GY	5	131.25	0.1997
GY	5	131.25	0.1997
GY	5	131.25	0.1997
GY	5	131.25	0.1997
GY	5	131.25	0.1997
GY	5	131.7	0.1278
GY	5	132	0.0743
GY	5	132.14	0.0542
GY	5	132.58	4e-04
GY	5	133	0.0178
GY	5	133.92	0.0978
GY	5	134	0.0962
GY	5	134.59	0.0839
GY	5	134.78	0.0309
GY	5	135	0.0352
GY	5	136	0.0837
GY	5	136.29	0.1056
GY	5	137	0.0938
GY	5	138	0.0781
GY	5	138.42	0.072
GY	5	139	0.0727
GY	5	139.69	0.0743
GY	5	140	0.0745
GY	5	141	0.0738
GY	5	141.37	0.0731
GY	5	142	0.1004
GY	5	143	0.1513
GY	5	143.71	0.1899
GY	5	144	0.1977
GY	5	144.84	0.2293
GY	5	145	0.2595
GY	5	145.42	0.3657
GY	5	146	0.3451
GY	5	147	0.3097
GY	5	147.29	0.2995
GY	5	148	0.2706
GY	5	148.98	0.2452
GY	5	149	0.2463
GY	5	150	0.3348
GY	5	151	0.4711
GY	5	152	0.639
GY	5	153	0.8177
GY	5	153.49	0.9046
GY	5	154	0.967
GY	5	155	1.0981
GY	5	156	1.2345
GY	5	156.83	1.3479
GY	5	157	1.3368
GY	5	158	1.2735
GY	5	159	1.2133
GY	5	160	1.1578
GY	5	161	1.1083
GY	5	161.51	1.0858
GY	5	161.51	1.0858
GY	5	162	1.2159
GY	5	162.7	1.3739
GY	5	163	1.4122
GY	5	163.59	1.4645
GY	5	164	1.4382
GY	5	165	1.3534
GY	5	166	1.2592
GY	5	166.22	1.2402
GY	5	167	1.2475
GY	5	167.65	1.2505
GY	5	168	1.2486
GY	5	169	1.2198
GY	5	169.72	1.1715
GY	5	170	1.174
GY	5	170.63	1.1784
GY	5	171	1.1856
GY	5	172	1.1952
GY	5	173	1.1894
GY	5	173.95	1.1696
GY	5	174	1.177
GY	5	175	1.3036
GY	5	176	1.378
GY	5	176.63	1.3793
GY	5	177	1.3958
GY	5	178	1.4229
GY	5	179	1.4258
GY	5	180	1.4085
GY	5	181	1.3744
GY	5	182	1.327
GY	5	182.05	1.3244
GY	5	183	1.2914
GY	5	184	1.2469
GY	5	185	1.192
GY	5	186	1.1265
GY	5	187	1.0514
GY	5	187.55	1.0065
GY	5	188	0.9981
GY	5	189	0.9775
GY	5	189.86	0.9579
GY	5	189.86	0.9579
GY	5	190	0.9731
GY	5	191	1.0865
GY	5	192	1.1747
GY	5	192.91	1.2068
GY	6	5	1.1697
GY	6	6	1.2238
GY	6	7	1.2348
GY	6	8	1.2023
GY	6	8	1.2019
GY	6	8.67	1.0773
GY	6	9	1.143
GY	6	9.86	1.2947
GY	6	9.86	1.2947
GY	6	9.86	1.2947
GY	6	9.86	1.2947
GY	6	9.86	1.2947
GY	6	10	1.2262
GY	6	10.69	0.8765
GY	6	11	0.8405
GY	6	11.21	0.8144
GY	6	11.21	0.8144
GY	6	12	0.843
GY	6	13	0.8354
GY	6	13.54	0.7971
GY	6	14	0.7693
GY	6	15	0.6858
GY	6	15.94	0.5774
GY	6	16	0.5956
GY	6	17	0.9355
GY	6	17.79	1.2048
GY	6	18	1.2656
GY	6	18.84	1.4208
GY	6	19	1.3744
GY	6	20	1.0468
GY	6	21	0.6849
GY	6	21.19	0.619
GY	6	22	0.6005
GY	6	23	0.5731
GY	6	24	0.541
GY	6	25	0.5063
GY	6	25.89	0.4767
GY	6	26	0.4767
GY	6	27	0.4681
GY	6	28	0.4332
GY	6	28.92	0.3786
GY	6	29	0.3784
GY	6	30	0.3684
GY	6	30.84	0.349
GY	6	30.84	0.349
GY	6	31	0.3026
GY	6	31.31	0.2208
GY	6	32	0.1799
GY	6	33	0.1338
GY	6	33.01	0.1335
GY	6	34	0.2194
GY	6	34.25	0.2415
GY	6	34.56	0.3001
GY	6	35	0.3551
GY	6	36	0.49
GY	6	37	0.6299
GY	6	37.93	0.7568
GY	6	38	0.7434
GY	6	39	0.5359
GY	6	39.43	0.4379
GY	6	40	0.6695
GY	6	40.67	0.9214
GY	6	41	0.9624
GY	6	41.23	0.9902
GY	6	41.78	0.7487
GY	6	41.78	0.7487
GY	6	42	0.6166
GY	6	42.88	0.146
GY	6	43	0.1372
GY	6	44	0.078
GY	6	45	0.0482
GY	6	45.16	0.0463
GY	6	46	0.0463
GY	6	46.17	0.0469
GY	6	47	0.0263
GY	6	47.13	0.0237
GY	6	47.4	0.0402
GY	6	47.96	0.0194
GY	6	48	0.0195
GY	6	49	0.0219
GY	6	50	0.0268
GY	6	51	0.0338
GY	6	52	0.042
GY	6	52.13	0.0431
GY	6	53	0.0418
GY	6	54	0.0399
GY	6	55	0.0377
GY	6	56	0.0356
GY	6	57	0.0336
GY	6	58	0.0319
GY	6	59	0.0308
GY	6	60	0.0303
GY	6	60.95	0.0305
GY	6	61	0.0322
GY	6	61.62	0.0568
GY	6	62	0.0471
GY	6	62.58	0.0337
GY	6	62.58	0.0337
GY	6	62.86	0.0357
GY	6	63	0.0383
GY	6	63.76	0.058
GY	6	64	0.0296
GY	6	64.04	0.0261
GY	6	65	0.004
GY	6	65.84	0.0071
GY	6	65.84	0.0071
GY	6	66	0.0094
GY	6	67	0.117
GY	6	67	0.1171
GY	6	68	0.1456
GY	6	69	0.1769
GY	6	70	0.21
GY	6	71	0.2443
GY	6	72	0.2789
GY	6	72.06	0.2809
GY	6	72.48	0.2794
GY	6	73	0.2934
GY	6	73.89	0.3107
GY	6	73.89	0.3107
GY	6	73.89	0.3107
GY	6	73.89	0.3107
GY	6	74	0.3062
GY	6	74.72	0.279
GY	6	75	0.2771
GY	6	75.86	0.3066
GY	6	76	0.2741
GY	6	76.15	0.2399
GY	6	76.43	0.2384
GY	6	76.99	0.2358
GY	6	77	0.2358
GY	6	77.31	0.2391
GY	6	77.31	0.2391
GY	6	78	0.1512
GY	6	79	0.0523
GY	6	80	0.0056
GY	6	81	0.0186
GY	6	81.1	0.0227
GY	6	82	0.0388
GY	6	82.93	0.059
GY	6	83	0.0581
GY	6	84	0.0466
GY	6	85	0.0354
GY	6	86	0.0255
GY	6	87	0.0176
GY	6	88	0.0119
GY	6	88.38	0.0103
GY	6	89	0.0147
GY	6	90	0.0249
GY	6	91	0.0389
GY	6	92	0.056
GY	6	93	0.076
GY	6	93.32	0.0828
GY	6	94	0.0958
GY	6	95	0.1169
GY	6	96	0.1397
GY	6	97	0.1636
GY	6	98	0.1879
GY	6	99	0.2116
GY	6	100	0.2343
GY	6	101	0.2554
GY	6	101.54	0.266
GY	6	102	0.3008
GY	6	103	0.3894
GY	6	104	0.4952
GY	6	105	0.6146
GY	6	106	0.7424
GY	6	106.91	0.8616
GY	6	107	0.8568
GY	6	108	0.8015
GY	6	109	0.7438
GY	6	110	0.6852
GY	6	111	0.6277
GY	6	111.17	0.6183
GY	6	112	0.6773
GY	6	113	0.7475
GY	6	113.86	0.8066
GY	6	114	0.8152
GY	6	114.87	0.8678
GY	6	115	0.8603
GY	6	116	0.794
GY	6	117	0.7111
GY	6	118	0.6161
GY	6	118.61	0.5556
GY	6	119	0.5878
GY	6	120	0.6685
GY	6	121	0.7462
GY	6	121.47	0.7817
GY	6	121.71	0.7691
GY	6	121.9	0.7434
GY	6	122	0.7392
GY	6	123	0.6989
GY	6	123.24	0.6891
GY	6	124	0.5938
GY	6	124.71	0.506
GY	6	125	0.4807
GY	6	126	0.3975
GY	6	127	0.3206
GY	6	128	0.2518
GY	6	129	0.193
GY	6	130	0.1465
GY	6	131	0.1141
GY	6	132	0.097
GY	6	133	0.0957
GY	6	134	0.1095
GY	6	135	0.1368
GY	6	136	0.1755
GY	6	137	0.2232
GY	6	138	0.2776
GY	6	139	0.3369
GY	6	140	0.3994
GY	6	141	0.464
GY	6	141.54	0.4993
GY	6	142	0.5043
GY	6	143	0.5041
GY	6	144	0.4928
GY	6	145	0.4778
GY	6	145.43	0.472
GY	7	0	0.4764
GY	7	1	0.5293
GY	7	2	0.5728
GY	7	2.79	0.5985
GY	7	3	0.5835
GY	7	4	0.5078
GY	7	5	0.4292
GY	7	6	0.3517
GY	7	7	0.2799
GY	7	8	0.2179
GY	7	8.17	0.2086
GY	7	9	0.203
GY	7	10	0.2022
GY	7	11	0.2097
GY	7	12	0.2266
GY	7	12.34	0.2346
GY	7	13	0.1845
GY	7	14	0.118
GY	7	15	0.0691
GY	7	16	0.0434
GY	7	17	0.0427
GY	7	18	0.0641
GY	7	18.43	0.0791
GY	7	19	0.0911
GY	7	20	0.1148
GY	7	21	0.141
GY	7	22	0.1687
GY	7	23	0.1968
GY	7	24	0.2242
GY	7	25	0.2499
GY	7	26	0.2733
GY	7	27	0.2941
GY	7	28	0.3122
GY	7	28.29	0.3169
GY	7	29	0.3839
GY	7	30	0.4808
GY	7	31	0.5713
GY	7	31.36	0.6011
GY	7	32	0.6086
GY	7	33	0.6147
GY	7	34	0.6118
GY	7	35	0.5997
GY	7	36	0.5804
GY	7	37	0.5582
GY	7	38	0.5383
GY	7	39	0.5252
GY	7	39.25	0.5233
GY	7	40	0.5097
GY	7	41	0.4776
GY	7	42	0.4268
GY	7	42.23	0.4128
GY	7	43	0.4275
GY	7	44	0.4341
GY	7	45	0.4256
GY	7	46	0.4022
GY	7	47	0.3662
GY	7	48	0.3211
GY	7	49	0.2716
GY	7	49.22	0.2608
GY	7	50	0.3157
GY	7	51	0.4034
GY	7	52	0.5053
GY	7	53	0.6118
GY	7	54	0.7134
GY	7	55	0.8034
GY	7	55.22	0.8215
GY	7	56	0.7526
GY	7	57	0.6554
GY	7	58	0.5537
GY	7	58.73	0.4805
GY	7	59	0.4653
GY	7	59.86	0.4043
GY	7	60	0.4094
GY	7	60.67	0.4332
GY	7	60.67	0.4332
GY	7	61	0.3729
GY	7	62	0.2268
GY	7	62.21	0.2039
GY	7	62.21	0.2039
GY	7	63	0.1304
GY	7	64	0.0518
GY	7	64.02	0.0508
GY	7	64.02	0.0508
GY	7	64.02	0.0508
GY	7	64.02	0.0508
GY	7	64.02	0.0508
GY	7	64.84	0.0302
GY	7	64.84	0.0302
GY	7	64.84	0.0302
GY	7	64.84	0.0302
GY	7	64.84	0.0302
GY	7	65	0.0299
GY	7	65.65	0.0289
GY	7	65.65	0.0289
GY	7	66	0.0342
GY	7	67	0.0646
GY	7	67.02	0.0655
GY	7	68	0.0899
GY	7	69	0.1187
GY	7	69.05	0.1201
GY	7	70	0.2055
GY	7	70.32	0.2397
GY	7	71	0.385
GY	7	71.62	0.5143
GY	7	72	0.4936
GY	7	72.2	0.4758
GY	7	73	0.4766
GY	7	74	0.4688
GY	7	75	0.4486
GY	7	75.89	0.4214
GY	7	76	0.4571
GY	7	76.17	0.5105
GY	7	76.17	0.5105
GY	7	77	0.4866
GY	7	78	0.4931
GY	7	79	0.5402
GY	7	79.3	0.561
GY	7	80	0.5224
GY	7	81	0.4551
GY	7	82	0.3759
GY	7	83	0.2913
GY	7	84	0.2107
GY	7	84.06	0.2065
GY	7	85	0.196
GY	7	86	0.1889
GY	7	87	0.1873
GY	7	88	0.1928
GY	7	89	0.2065
GY	7	90	0.2284
GY	7	91	0.2581
GY	7	91.59	0.2789
GY	7	92	0.2675
GY	7	92.66	0.2482
GY	7	93	0.2715
GY	7	94	0.3434
GY	7	95	0.4143
GY	7	96	0.4775
GY	7	97	0.529
GY	7	97.21	0.5382
GY	7	98	0.5847
GY	7	99	0.6465
GY	7	100	0.7113
GY	7	101	0.7779
GY	7	102	0.845
GY	7	103	0.911
GY	7	103.28	0.929
GY	7	104	0.9339
GY	7	105	0.945
GY	7	105.85	0.9597
GY	7	106	0.9647
GY	7	107	1.0116
GY	7	108	1.0724
GY	7	108.57	1.1086
GY	7	109	1.024
GY	7	109.07	1.0124
GY	7	110	1.0063
GY	7	111	0.9315
GY	7	111.99	0.7986
GY	7	112	0.8001
GY	7	113	0.9346
GY	7	113.83	1.0599
GY	7	114	1.0507
GY	7	114.5	1.0097
GY	7	114.84	0.942
GY	7	115	0.9539
GY	7	115.98	1.0252
GY	7	116	1.0191
GY	7	116.06	1.0042
GY	7	116.34	1.1732
GY	7	116.99	1.0634
GY	7	117	1.0633
GY	7	117.26	1.0624
GY	7	117.26	1.0624
GY	7	117.34	1.0235
GY	7	117.62	0.9488
GY	7	118	0.9538
GY	7	118.25	0.9567
GY	7	118.25	0.9567
GY	7	119	0.9412
GY	7	119.63	0.928
GY	7	119.63	0.928
GY	7	120	0.9245
GY	7	120.35	0.9122
GY	7	121	0.9759
GY	7	121.2	0.9933
GY	7	121.71	1.1101
GY	7	122	1.0967
GY	7	123	1.0411
GY	7	123.45	1.0119
GY	7	124	0.9843
GY	7	125	0.9737
GY	7	125.16	0.979
GY	7	125.56	0.9723
GY	7	126	0.9567
GY	7	126.5	0.9387
GY	7	127	0.9454
GY	7	128	0.9725
GY	7	129	1.0051
GY	7	129.46	1.0179
GY	7	130	0.9827
GY	7	131	0.8976
GY	7	132	0.7907
GY	7	132.22	0.7655
GY	7	133	0.8077
GY	7	134	0.8669
GY	7	134.79	0.9135
GY	7	135	0.8707
GY	7	135.12	0.8446
GY	7	136	0.904
GY	7	137	0.9574
GY	7	137.03	0.9591
GY	7	138	1.0013
GY	7	139	1.0377
GY	7	140	1.0654
GY	7	141	1.0832
GY	7	141.24	1.0858
GY	7	141.24	1.0858
GY	7	142	0.9049
GY	7	142.68	0.6968
GY	7	143	0.7512
GY	7	144	0.9015
GY	7	144.15	0.9214
GY	7	145	0.9363
GY	7	146	0.9482
GY	7	146.68	0.9527
GY	7	147	0.9234
GY	7	148	0.8261
GY	7	149	0.7238
GY	7	149.82	0.6384
GY	7	150	0.6309
GY	7	151	0.5882
GY	7	152	0.5434
GY	7	153	0.497
GY	7	154	0.4496
GY	7	155	0.4017
GY	7	156	0.3542
GY	7	157	0.308
GY	7	158	0.2638
GY	7	159	0.2226
GY	7	160	0.185
GY	7	161	0.1514
GY	7	161.82	0.127
GY	7	162	0.1263
GY	7	163	0.1247
GY	7	164	0.1273
GY	7	165	0.1339
GY	7	165.79	0.1414
GY	7	166	0.1449
GY	7	167	0.1645
GY	7	167.53	0.1763
GY	7	168	0.1583
GY	7	169	0.1382
GY	7	170	0.1463
GY	7	170.38	0.1562
GY	7	170.38	0.1562
GY	7	171	0.1534
GY	7	171.55	0.1559
GY	7	172	0.1864
GY	7	172.27	0.2065
GY	7	173	0.2595
GY	7	174	0.3593
GY	7	175	0.4756
GY	7	176	0.5865
GY	7	177	0.6692
GY	7	178	0.7048
GY	7	178.24	0.705
GY	7	179	0.6889
GY	7	180	0.6506
GY	7	181	0.5954
GY	7	181.69	0.5496
GY	7	181.69	0.5496
GY	7	182	0.5359
GY	7	183	0.4924
GY	7	184	0.4491
GY	7	185	0.4088
GY	7	185.46	0.3933
GY	7	186	0.4008
GY	7	187	0.4127
GY	7	188	0.4211
GY	7	188.18	0.4222
GY	7	189	0.3319
GY	7	189.78	0.2476
GY	8	10	0.122
GY	8	11	0.1397
GY	8	11.51	0.1476
GY	8	12	0.1991
GY	8	12.12	0.2123
GY	8	12.44	0.1947
GY	8	13	0.1846
GY	8	13.96	0.2063
GY	8	14	0.2077
GY	8	15	0.2563
GY	8	15.48	0.2875
GY	8	16	0.265
GY	8	17	0.2193
GY	8	18	0.1731
GY	8	18.54	0.1504
GY	8	18.54	0.1504
GY	8	19	0.1049
GY	8	20	0.0589
GY	8	21	0.0978
GY	8	21.21	0.1151
GY	8	22	0.0863
GY	8	22.35	0.0746
GY	8	23	0.0899
GY	8	24	0.1254
GY	8	25	0.1767
GY	8	26	0.2426
GY	8	27	0.3186
GY	8	28	0.398
GY	8	29	0.474
GY	8	30	0.5414
GY	8	31	0.5963
GY	8	32	0.6364
GY	8	33	0.6605
GY	8	34	0.6686
GY	8	35	0.6614
GY	8	35.37	0.6553
GY	8	36	0.7712
GY	8	37	0.9739
GY	8	38	1.1874
GY	8	39	1.3989
GY	8	40	1.5991
GY	8	41	1.7819
GY	8	41.36	1.8434
GY	8	42	1.6581
GY	8	42.33	1.534
GY	8	43	1.5364
GY	8	44	1.4775
GY	8	44.46	1.4329
GY	8	45	1.3665
GY	8	46	1.2389
GY	8	47	1.1069
GY	8	48	0.975
GY	8	49	0.8473
GY	8	50	0.7277
GY	8	50.09	0.7171
GY	8	51	0.727
GY	8	52	0.7253
GY	8	53	0.7096
GY	8	54	0.6805
GY	8	55	0.6394
GY	8	56	0.5889
GY	8	56.95	0.535
GY	8	57	0.5403
GY	8	58	0.6362
GY	8	59	0.7152
GY	8	60	0.7717
GY	8	61	0.8015
GY	8	61.94	0.8031
GY	8	62	0.8101
GY	8	62.61	0.8767
GY	8	62.91	0.7727
GY	8	63	0.7679
GY	8	64	0.7054
GY	8	64.03	0.7032
GY	8	64.36	0.8501
GY	8	64.68	0.9095
GY	8	64.68	0.9095
GY	8	64.68	0.9095
GY	8	64.68	0.9095
GY	8	65	0.7915
GY	8	65.04	0.7769
GY	8	65.04	0.7769
GY	8	65.04	0.7769
GY	8	65.04	0.7769
GY	8	65.04	0.7769
GY	8	65.04	0.7769
GY	8	65.74	0.7927
GY	8	65.74	0.7927
GY	8	66	0.8018
GY	8	66.73	0.7932
GY	8	67	0.8652
GY	8	67.01	0.8686
GY	8	67.01	0.8686
GY	8	67.3	0.8606
GY	8	67.58	0.9403
GY	8	67.63	0.9492
GY	8	67.63	0.9492
GY	8	68	1.0075
GY	8	69	1.1834
GY	8	70	1.3646
GY	8	70.03	1.3693
GY	8	71	1.3233
GY	8	71.02	1.3219
GY	8	72	1.4706
GY	8	73	1.498
GY	8	73.13	1.4923
GY	8	73.71	1.054
GY	8	73.71	1.054
GY	8	74	1.0322
GY	8	74.28	1.0118
GY	8	74.28	1.0118
GY	8	74.55	0.9602
GY	8	74.55	0.9602
GY	8	74.83	0.6922
GY	8	75	0.6919
GY	8	75.38	0.6906
GY	8	75.52	0.7242
GY	8	75.52	0.7242
GY	8	76	0.6051
GY	8	76.41	0.5047
GY	8	76.71	0.5699
GY	8	77	0.624
GY	8	77.45	0.7043
GY	8	77.45	0.7043
GY	8	77.45	0.7043
GY	8	77.63	0.8316
GY	8	77.96	0.9773
GY	8	77.96	0.9773
GY	8	78	0.9651
GY	8	79	0.6531
GY	8	79.19	0.5967
GY	8	79.46	0.684
GY	8	80	0.6413
GY	8	80.17	0.6241
GY	8	80.17	0.6241
GY	8	80.64	0.6566
GY	8	80.64	0.6566
GY	8	80.64	0.6566
GY	8	80.97	0.7046
GY	8	81	0.7142
GY	8	82	0.9983
GY	8	82.07	1.0186
GY	8	82.57	0.948
GY	8	83	0.9075
GY	8	83.15	0.8895
GY	8	83.68	0.7616
GY	8	84	0.7978
GY	8	84.27	0.8213
GY	8	84.56	0.6337
GY	8	85	0.6403
GY	8	86	0.6464
GY	8	86.7	0.643
GY	8	87	0.6462
GY	8	87.91	0.6459
GY	8	88	0.6381
GY	8	89	0.5449
GY	8	89.51	0.4976
GY	8	90	0.5634
GY	8	90.45	0.6129
GY	8	90.77	0.6834
GY	8	91	0.6629
GY	8	91.34	0.6318
GY	8	91.34	0.6318
GY	8	92	0.653
GY	8	93	0.6515
GY	8	93.28	0.6454
GY	8	93.28	0.6454
GY	8	93.28	0.6454
GY	8	93.84	0.5931
GY	8	94	0.6522
GY	8	94.39	0.6935
GY	8	95	0.4729
GY	8	95.81	0.1995
GY	8	95.81	0.1995
GY	8	96	0.2055
GY	8	96.46	0.2212
GY	8	97	0.2092
GY	8	98	0.1865
GY	8	99	0.1639
GY	8	99.43	0.1544
GY	8	100	0.125
GY	8	100.24	0.1134
GY	8	101	0.064
GY	8	101.37	0.0447
GY	8	102	0.0312
GY	8	103	0.0177
GY	8	103.85	0.0179
GY	8	104	0.0163
GY	8	104.48	0.0119
GY	8	105	0.0139
GY	8	106	0.0594
GY	8	107	0.1619
GY	8	108	0.3076
GY	8	109	0.472
GY	8	110	0.6331
GY	8	110.12	0.6521
GY	8	110.49	0.6952
GY	8	111	0.7238
GY	8	112	0.7737
GY	8	112.77	0.8034
GY	8	113	0.8387
GY	8	114	0.9952
GY	8	115	1.1418
GY	8	116	1.2668
GY	8	117	1.3629
GY	8	117.87	1.4214
GY	8	118	1.442
GY	8	119	1.5879
GY	8	120	1.7004
GY	8	121	1.7805
GY	8	122	1.8318
GY	8	123	1.8583
GY	8	123.74	1.8641
GY	8	124	1.8235
GY	8	125	1.6109
GY	8	125.85	1.3399
GY	8	126	1.301
GY	8	127	1.0406
GY	8	127.27	0.969
GY	8	128	1.0582
GY	8	128.62	1.11
GY	8	129	1.225
GY	8	130	1.5058
GY	8	131	1.7183
GY	8	132	1.8322
GY	8	132.15	1.8387
GY	8	133	1.9287
GY	8	134	1.9932
GY	8	135	2.0142
GY	8	135.18	2.0137
GY	8	136	1.93
GY	8	137	1.8154
GY	8	138	1.691
GY	8	139	1.5622
GY	8	139.65	1.4797
GY	8	140	1.4877
GY	8	141	1.4863
GY	8	141.72	1.456
GY	8	142	1.4594
GY	8	142.26	1.4592
GY	8	143	1.5165
GY	8	144	1.584
GY	8	145	1.6361
GY	8	146	1.6702
GY	8	147	1.6851
GY	8	147.03	1.6852
GY	8	148	1.5704
GY	8	149	1.4374
GY	8	150	1.2939
GY	8	151	1.1449
GY	8	152	0.9954
GY	8	153	0.851
GY	8	154	0.7175
GY	8	155	0.6002
GY	8	155.48	0.5511
GY	8	155.86	0.5947
GY	8	156	0.572
GY	8	156.4	0.5205
GY	8	156.4	0.5205
GY	8	157	0.4677
GY	8	158	0.3845
GY	8	158.05	0.381
GY	9	0	0.5302
GY	9	1	0.5697
GY	9	2	0.6107
GY	9	3	0.6496
GY	9	3.78	0.6768
GY	9	4	0.6705
GY	9	5	0.6367
GY	9	6	0.5902
GY	9	6.73	0.5473
GY	9	7	0.5356
GY	9	8	0.4828
GY	9	8.56	0.4479
GY	9	8.56	0.4479
GY	9	9	0.4143
GY	9	10	0.3393
GY	9	11	0.2678
GY	9	11.73	0.2193
GY	9	12	0.2421
GY	9	13	0.3387
GY	9	13.87	0.4295
GY	9	14	0.4169
GY	9	15	0.3204
GY	9	16	0.2312
GY	9	17	0.1541
GY	9	18	0.0933
GY	9	19	0.051
GY	9	20	0.0269
GY	9	20.65	0.0198
GY	9	21	0.0281
GY	9	22	0.0644
GY	9	23	0.1169
GY	9	24	0.1795
GY	9	25	0.2443
GY	9	25.46	0.2733
GY	9	26	0.2452
GY	9	27	0.205
GY	9	28	0.1901
GY	9	28.32	0.1923
GY	9	29	0.1903
GY	9	30	0.1855
GY	9	31	0.1783
GY	9	32	0.1688
GY	9	33	0.1576
GY	9	33.05	0.157
GY	9	33.25	0.1803
GY	9	33.61	0.1367
GY	9	34	0.1243
GY	9	35	0.0937
GY	9	36	0.0662
GY	9	37	0.0443
GY	9	37.52	0.0356
GY	9	38	0.0346
GY	9	39	0.033
GY	9	40	0.0325
GY	9	41	0.034
GY	9	42	0.0386
GY	9	43	0.047
GY	9	44	0.06
GY	9	45	0.0777
GY	9	46	0.1
GY	9	47	0.1262
GY	9	48	0.1555
GY	9	49	0.1868
GY	9	50	0.2192
GY	9	50.33	0.2298
GY	9	51	0.2231
GY	9	52	0.2183
GY	9	53	0.2225
GY	9	54	0.2373
GY	9	55	0.2626
GY	9	55.66	0.2839
GY	9	56	0.3222
GY	9	56.73	0.4011
GY	9	57	0.3945
GY	9	57.48	0.3982
GY	9	58	0.4148
GY	9	59	0.4409
GY	9	59.91	0.4576
GY	9	60	0.4698
GY	9	61	0.618
GY	9	61.35	0.6722
GY	9	62	0.7382
GY	9	63	0.8483
GY	9	64	0.9599
GY	9	65	1.0631
GY	9	65.11	1.0741
GY	9	65.88	1.2828
GY	9	65.88	1.2828
GY	9	65.88	1.2828
GY	9	66	1.2791
GY	9	67	1.2493
GY	9	67.84	1.2238
GY	9	67.84	1.2238
GY	9	67.84	1.2238
GY	9	68	1.2038
GY	9	68.2	1.1849
GY	9	68.2	1.1849
GY	9	68.2	1.1849
GY	9	68.2	1.1849
GY	9	68.2	1.1849
GY	9	68.2	1.1849
GY	9	68.2	1.1849
GY	9	68.2	1.1849
GY	9	68.86	1.0545
GY	9	68.86	1.0545
GY	9	69	1.0382
GY	9	69.87	0.8393
GY	9	69.87	0.8393
GY	9	69.87	0.8393
GY	9	70	0.827
GY	9	71	0.7458
GY	9	71.81	0.7037
GY	9	72	0.7708
GY	9	73	1.1347
GY	9	73.2	1.2021
GY	9	74	1.2166
GY	9	74.07	1.2177
GY	9	74.49	1.334
GY	9	75	1.3187
GY	9	76	1.2837
GY	9	76.93	1.2454
GY	9	77	1.2426
GY	9	77.86	1.2125
GY	9	78	1.194
GY	9	79	1.0452
GY	9	79.1	1.0286
GY	9	80	0.8974
GY	9	81	0.7944
GY	9	81.08	0.7881
GY	9	82	0.7018
GY	9	82.25	0.6742
GY	9	82.25	0.6742
GY	9	82.25	0.6742
GY	9	82.54	0.4954
GY	9	83	0.5059
GY	9	83.43	0.5258
GY	9	84	0.6377
GY	9	84.91	0.8077
GY	9	85	0.8104
GY	9	85.57	0.8294
GY	9	86	0.6916
GY	9	86.55	0.532
GY	9	86.89	0.4352
GY	9	87	0.432
GY	9	88	0.3975
GY	9	88.43	0.3794
GY	9	88.84	0.3346
GY	9	89	0.326
GY	9	90	0.2524
GY	9	90.07	0.2466
GY	9	90.27	0.288
GY	9	91	0.2345
GY	9	91.12	0.2263
GY	9	92	0.2737
GY	9	92.87	0.3465
GY	9	93	0.3834
GY	9	93.19	0.4361
GY	9	93.4	0.3354
GY	9	94	0.3489
GY	9	94.87	0.365
GY	9	95	0.3777
GY	9	96	0.4723
GY	9	96.19	0.4896
GY	9	97	0.4629
GY	9	98	0.4381
GY	9	99	0.4216
GY	9	100	0.4115
GY	9	100.07	0.4109
GY	9	101	0.4931
GY	9	101.03	0.4956
GY	9	102	0.527
GY	9	103	0.5534
GY	9	104	0.571
GY	9	105	0.5775
GY	9	106	0.572
GY	9	106.61	0.5626
GY	9	107	0.5405
GY	9	107.39	0.5255
GY	9	108	0.5532
GY	9	109	0.5947
GY	9	109.12	0.5993
GY	9	110	0.5781
GY	9	111	0.5471
GY	9	112	0.5102
GY	9	113	0.4691
GY	9	113.39	0.4525
GY	9	114	0.4394
GY	9	115	0.4155
GY	9	116	0.3896
GY	9	117	0.3627
GY	9	118	0.336
GY	9	119	0.3103
GY	9	119.11	0.3077
GY	9	120	0.3186
GY	9	121	0.3328
GY	9	122	0.3482
GY	9	123	0.3642
GY	9	124	0.3797
GY	9	124.33	0.3846
GY	9	125	0.4412
GY	9	126	0.5168
GY	9	127	0.5693
GY	9	128	0.5897
GY	9	128.15	0.5897
GY	9	129	0.5892
GY	9	130	0.5858
GY	9	131	0.5795
GY	9	132	0.5706
GY	9	133	0.5592
GY	9	133.98	0.5461
GY	9	134	0.5458
GY	9	135	0.5256
GY	9	136	0.4996
GY	9	137	0.4657
GY	9	138	0.4223
GY	9	139	0.3698
GY	9	139.4	0.3467
GY	9	140	0.3395
GY	9	141	0.3258
GY	9	142	0.3102
GY	9	143	0.2931
GY	9	144	0.2746
GY	9	145	0.2552
GY	9	145.7	0.2413
GY	9	146	0.2549
GY	9	146.83	0.3055
GY	9	147	0.2993
GY	9	148	0.2629
GY	9	149	0.2284
GY	9	150	0.1971
GY	9	151	0.1698
GY	9	152	0.1471
GY	9	152.83	0.1319
GY	9	153	0.1412
GY	9	154	0.2031
GY	9	154.19	0.2166
GY	9	155	0.2022
GY	9	156	0.1833
GY	9	157	0.1639
GY	9	158	0.145
GY	9	159	0.1274
GY	9	160	0.112
GY	9	161	0.0992
GY	9	161.6	0.0928
GY	9	162	0.0849
GY	9	163	0.075
GY	9	164	0.0803
GY	9	164.21	0.0834
GY	9	165	0.1226
GY	9	166	0.1788
GY	9	166.96	0.233
GY	9	167	0.2292
GY	9	167.53	0.1772
GY	9	168	0.2679
GY	9	168.23	0.3138
GY	10	0	0.4885
GY	10	0.39	0.4848
GY	10	0.39	0.4848
GY	10	1	0.5312
GY	10	2	0.608
GY	10	2.59	0.65
GY	10	3	0.6692
GY	10	4	0.7055
GY	10	5	0.7231
GY	10	5.56	0.7238
GY	10	6	0.7388
GY	10	7	0.7722
GY	10	8	0.8039
GY	10	9	0.8335
GY	10	10	0.8606
GY	10	11	0.8847
GY	10	12	0.905
GY	10	12.75	0.9174
GY	10	13	0.9135
GY	10	14	0.8862
GY	10	15	0.841
GY	10	16	0.7812
GY	10	17	0.7113
GY	10	18	0.6367
GY	10	19	0.5625
GY	10	20	0.4931
GY	10	20.84	0.4405
GY	10	21	0.4437
GY	10	22	0.4636
GY	10	23	0.484
GY	10	24	0.5045
GY	10	25	0.5247
GY	10	26	0.5444
GY	10	27	0.563
GY	10	28	0.5801
GY	10	29	0.5954
GY	10	30	0.6083
GY	10	31	0.6186
GY	10	32	0.6258
GY	10	33	0.6299
GY	10	34	0.6307
GY	10	35	0.6282
GY	10	36	0.6224
GY	10	37	0.6136
GY	10	38	0.6019
GY	10	39	0.5877
GY	10	40	0.5712
GY	10	41	0.553
GY	10	42	0.5333
GY	10	43	0.5127
GY	10	44	0.4914
GY	10	45	0.4699
GY	10	46	0.4483
GY	10	47	0.427
GY	10	48	0.4063
GY	10	49	0.3861
GY	10	49.8	0.3706
GY	10	50	0.3744
GY	10	51	0.3913
GY	10	52	0.4033
GY	10	53	0.4091
GY	10	54	0.4091
GY	10	54.54	0.4076
GY	10	55	0.4464
GY	10	56	0.527
GY	10	57	0.5974
GY	10	57.64	0.6355
GY	10	58	0.7617
GY	10	58.48	0.9391
GY	10	59	0.9194
GY	10	59.81	0.7788
GY	10	60	0.7386
GY	10	60.9	0.5051
GY	10	61	0.5015
GY	10	61.41	0.4652
GY	10	61.62	0.5646
GY	10	61.62	0.5646
GY	10	61.62	0.5646
GY	10	61.62	0.5646
GY	10	62	0.5704
GY	10	63	0.5298
GY	10	63.68	0.4666
GY	10	64	0.4572
GY	10	64.85	0.4119
GY	10	64.85	0.4119
GY	10	64.94	0.3664
GY	10	64.94	0.3664
GY	10	65	0.3391
GY	10	65.75	0.0971
GY	10	66	0.0844
GY	10	66.31	0.0721
GY	10	67	0.0557
GY	10	68	0.0438
GY	10	68.01	0.0437
GY	10	68.47	0.013
GY	10	68.77	0.0129
GY	10	69	0.0085
GY	10	69.24	0.0078
GY	10	69.53	0.0084
GY	10	70	0.0061
GY	10	70.91	0.015
GY	10	71	0.0149
GY	10	72	0.0164
GY	10	72.8	0.0212
GY	10	73	0.0213
GY	10	73.22	0.0219
GY	10	74	0.0242
GY	10	74.33	0.0293
GY	10	74.33	0.0293
GY	10	74.33	0.0293
GY	10	75	0.0695
GY	10	75.15	0.081
GY	10	76	0.1323
GY	10	76.02	0.1334
GY	10	76.79	0.1968
GY	10	77	0.1768
GY	10	77.19	0.1611
GY	10	78	0.1474
GY	10	79	0.1281
GY	10	80	0.1071
GY	10	81	0.0856
GY	10	82	0.0651
GY	10	83	0.0472
GY	10	84	0.0329
GY	10	85	0.0226
GY	10	85.45	0.0193
GY	10	86	0.0161
GY	10	87	0.0113
GY	10	88	0.0082
GY	10	89	0.0068
GY	10	89.33	0.0068
GY	10	90	0.0042
GY	10	91	0.0023
GY	10	92	0.0027
GY	10	93	0.0057
GY	10	94	0.0114
GY	10	95	0.0198
GY	10	96	0.031
GY	10	97	0.0448
GY	10	98	0.061
GY	10	99	0.0794
GY	10	100	0.0996
GY	10	101	0.1214
GY	10	102	0.1443
GY	10	103	0.1682
GY	10	103.02	0.1686
GY	10	104	0.2321
GY	10	104.26	0.2494
GY	10	105	0.2507
GY	10	106	0.2526
GY	10	107	0.2557
GY	10	108	0.2605
GY	10	109	0.2673
GY	10	109.24	0.2692
GY	10	109.58	0.4352
GY	10	109.58	0.4352
GY	10	110	0.4341
GY	10	111	0.4286
GY	10	111.99	0.4195
GY	10	112	0.4195
GY	10	113	0.4149
GY	10	114	0.405
GY	10	115	0.3894
GY	10	115.28	0.3839
GY	10	115.6	0.4318
GY	10	115.89	0.3111
GY	10	116	0.3179
GY	10	117	0.3739
GY	10	118	0.4132
GY	10	118.15	0.4175
GY	10	118.15	0.4175
GY	10	118.15	0.4175
GY	10	119	0.4811
GY	10	119.87	0.5412
GY	10	120	0.5412
GY	10	120.75	0.5623
GY	10	121	0.5775
GY	10	122	0.6328
GY	10	123	0.6794
GY	10	123.24	0.6892
GY	10	124	0.6555
GY	10	125	0.6256
GY	10	125.84	0.6115
GY	10	126	0.6081
GY	10	127	0.586
GY	10	128	0.5638
GY	10	129	0.5433
GY	10	130	0.5258
GY	10	131	0.5121
GY	10	131.85	0.5036
GY	10	132	0.501
GY	10	133	0.4855
GY	10	134	0.4751
GY	10	134.68	0.4728
GY	10	135	0.4341
GY	10	136	0.3379
GY	10	137	0.3065
GY	10	137.84	0.337
GY	10	138	0.3278
GY	10	138.71	0.2351
GY	10	139	0.2374
GY	10	140	0.2446
GY	10	141	0.2514
GY	10	142	0.2581
GY	10	142.22	0.2596
GY	10	143	0.3103
GY	10	144	0.3731
GY	10	144.87	0.4215
GY	10	145	0.4195
GY	10	145.42	0.4139
GY	10	146	0.3369
GY	10	146.22	0.2977
GY	10	146.22	0.2977
GY	10	147	0.3099
GY	10	148	0.3314
GY	10	148.29	0.3389
GY	10	149	0.3648
GY	10	150	0.3925
GY	10	151	0.4112
GY	10	151.48	0.4177
GYPP	1	0	0.587
GYPP	1	0.25	0.5618
GYPP	1	1	0.4321
GYPP	1	1.52	0.3418
GYPP	1	2	0.3317
GYPP	1	3	0.293
GYPP	1	3.78	0.251
GYPP	1	4	0.2547
GYPP	1	5	0.269
GYPP	1	6	0.2784
GYPP	1	6.11	0.2791
GYPP	1	7	0.3007
GYPP	1	8	0.3246
GYPP	1	9	0.3475
GYPP	1	10	0.369
GYPP	1	11	0.3886
GYPP	1	12	0.4061
GYPP	1	12.31	0.4111
GYPP	1	13	0.5041
GYPP	1	13.84	0.6171
GYPP	1	14	0.6209
GYPP	1	15	0.6392
GYPP	1	15.81	0.6469
GYPP	1	16	0.6092
GYPP	1	17	0.4127
GYPP	1	18	0.2384
GYPP	1	19	0.1281
GYPP	1	20	0.1014
GYPP	1	20.14	0.1034
GYPP	1	21	0.1474
GYPP	1	21.01	0.1482
GYPP	1	21.91	0.1754
GYPP	1	22	0.1697
GYPP	1	22.8	0.1225
GYPP	1	23	0.1235
GYPP	1	23.11	0.1243
GYPP	1	23.11	0.1243
GYPP	1	23.53	0.1664
GYPP	1	24	0.1588
GYPP	1	25	0.1622
GYPP	1	26	0.1926
GYPP	1	27	0.2457
GYPP	1	27.28	0.2636
GYPP	1	28	0.2452
GYPP	1	29	0.2249
GYPP	1	30	0.2112
GYPP	1	31	0.2041
GYPP	1	31.61	0.2026
GYPP	1	32	0.2131
GYPP	1	33	0.246
GYPP	1	34	0.2866
GYPP	1	35	0.332
GYPP	1	36	0.378
GYPP	1	37	0.4207
GYPP	1	38	0.4572
GYPP	1	38.83	0.4814
GYPP	1	39	0.4957
GYPP	1	40	0.5786
GYPP	1	40.63	0.6284
GYPP	1	40.63	0.6284
GYPP	1	41	0.6789
GYPP	1	42	0.7992
GYPP	1	43	0.8758
GYPP	1	43.74	0.8994
GYPP	1	44	0.9333
GYPP	1	44.09	0.944
GYPP	1	45	0.5956
GYPP	1	46	0.2262
GYPP	1	46.08	0.2045
GYPP	1	46.36	0.2378
GYPP	1	47	0.2239
GYPP	1	48	0.1968
GYPP	1	48.62	0.1775
GYPP	1	48.62	0.1775
GYPP	1	48.94	0.1409
GYPP	1	48.94	0.1409
GYPP	1	49	0.1399
GYPP	1	49.5	0.1252
GYPP	1	50	0.0797
GYPP	1	51	0.017
GYPP	1	51.18	0.0105
GYPP	1	51.18	0.0105
GYPP	1	51.79	0.0073
GYPP	1	52	0.0032
GYPP	1	52.96	0.0057
GYPP	1	53	0.0058
GYPP	1	54	0.0127
GYPP	1	55	0.0309
GYPP	1	56	0.0598
GYPP	1	57	0.0982
GYPP	1	57.49	0.1202
GYPP	1	58	0.0983
GYPP	1	58.7	0.0792
GYPP	1	58.7	0.0792
GYPP	1	59	0.0775
GYPP	1	60	0.0731
GYPP	1	61	0.0707
GYPP	1	62	0.0701
GYPP	1	63	0.0706
GYPP	1	64	0.0716
GYPP	1	64.59	0.072
GYPP	1	65	0.0685
GYPP	1	66	0.0617
GYPP	1	66.35	0.06
GYPP	1	67	0.064
GYPP	1	68	0.0762
GYPP	1	69	0.0961
GYPP	1	69.35	0.1047
GYPP	1	69.88	0.125
GYPP	1	69.88	0.125
GYPP	1	69.88	0.125
GYPP	1	70	0.1231
GYPP	1	70.15	0.121
GYPP	1	70.42	0.124
GYPP	1	70.42	0.124
GYPP	1	71	0.1339
GYPP	1	72	0.1643
GYPP	1	72.68	0.1906
GYPP	1	73	0.18
GYPP	1	73.25	0.1685
GYPP	1	74	0.2798
GYPP	1	74.94	0.4758
GYPP	1	75	0.4936
GYPP	1	75.32	0.583
GYPP	1	76	0.7366
GYPP	1	77	0.9758
GYPP	1	78	1.1627
GYPP	1	78.22	1.1929
GYPP	1	79	1.2364
GYPP	1	79.22	1.2454
GYPP	1	80	1.4242
GYPP	1	81	1.572
GYPP	1	81.02	1.574
GYPP	1	81.87	1.4955
GYPP	1	82	1.5026
GYPP	1	83	1.5384
GYPP	1	84	1.5316
GYPP	1	84	1.5313
GYPP	1	84.68	1.4169
GYPP	1	85	1.4798
GYPP	1	85.25	1.4991
GYPP	1	86	1.2236
GYPP	1	87	0.7816
GYPP	1	87.01	0.7757
GYPP	1	88	0.9638
GYPP	1	88.14	0.9838
GYPP	1	88.14	0.9838
GYPP	1	89	0.9379
GYPP	1	89.25	0.9222
GYPP	1	90	0.858
GYPP	1	90.36	0.8246
GYPP	1	90.36	0.8246
GYPP	1	90.36	0.8246
GYPP	1	90.53	0.8537
GYPP	1	90.53	0.8537
GYPP	1	91	0.8226
GYPP	1	91.16	0.8118
GYPP	1	91.16	0.8118
GYPP	1	91.22	0.8231
GYPP	1	91.22	0.8231
GYPP	1	92	0.9155
GYPP	1	92.39	0.9597
GYPP	1	92.96	0.6929
GYPP	1	93	0.6809
GYPP	1	93.16	0.631
GYPP	1	93.44	0.6027
GYPP	1	94	0.7079
GYPP	1	95	0.8814
GYPP	1	95.66	0.9639
GYPP	1	96	0.9457
GYPP	1	97	0.8716
GYPP	1	97.63	0.8103
GYPP	1	98	0.8174
GYPP	1	99	0.7855
GYPP	1	99.06	0.781
GYPP	1	100	0.728
GYPP	1	101	0.6849
GYPP	1	101.19	0.6801
GYPP	1	101.96	0.6637
GYPP	1	102	0.6676
GYPP	1	103	0.8029
GYPP	1	103.18	0.8333
GYPP	1	104	0.943
GYPP	1	105	1.0075
GYPP	1	105.12	1.0093
GYPP	1	106	1.0315
GYPP	1	106.79	1.0458
GYPP	1	106.79	1.0458
GYPP	1	107	1.0165
GYPP	1	107.71	0.8888
GYPP	1	108	0.8976
GYPP	1	109	0.9601
GYPP	1	109.29	0.987
GYPP	1	110	1.0392
GYPP	1	110.96	1.1154
GYPP	1	111	1.1216
GYPP	1	112	1.2904
GYPP	1	113	1.4582
GYPP	1	114	1.6059
GYPP	1	115	1.7233
GYPP	1	115.25	1.7466
GYPP	1	116	1.7422
GYPP	1	117	1.7228
GYPP	1	118	1.6872
GYPP	1	119	1.6367
GYPP	1	119.33	1.6173
GYPP	1	120	1.8081
GYPP	1	121	2.0256
GYPP	1	121.21	2.0642
GYPP	1	122	2.6428
GYPP	1	122.08	2.6852
GYPP	1	122.47	2.6251
GYPP	1	123	2.7017
GYPP	1	124	2.7274
GYPP	1	124.32	2.6987
GYPP	1	125	2.6769
GYPP	1	126	2.6407
GYPP	1	127	2.6017
GYPP	1	128	2.5607
GYPP	1	128.27	2.5494
GYPP	1	129	2.6183
GYPP	1	130	2.6898
GYPP	1	131	2.7368
GYPP	1	131.96	2.7596
GYPP	1	132	2.7593
GYPP	1	133	2.7441
GYPP	1	134	2.7197
GYPP	1	135	2.6867
GYPP	1	136	2.6459
GYPP	1	137	2.5976
GYPP	1	138	2.5423
GYPP	1	138.18	2.5315
GYPP	1	139	2.6329
GYPP	1	140	2.7562
GYPP	1	141	2.8782
GYPP	1	142	2.9986
GYPP	1	143	3.117
GYPP	1	144	3.2329
GYPP	1	144.75	3.3182
GYPP	1	145	3.3765
GYPP	1	145.59	3.5195
GYPP	1	146	3.5266
GYPP	1	146.72	3.547
GYPP	1	147	3.4973
GYPP	1	147.73	3.1205
GYPP	1	148	3.1232
GYPP	1	148.09	3.1243
GYPP	1	149	3.0199
GYPP	1	149.56	2.9839
GYPP	1	150	3.0017
GYPP	1	150.73	3.0045
GYPP	1	150.73	3.0045
GYPP	1	150.73	3.0045
GYPP	1	150.73	3.0045
GYPP	1	150.73	3.0045
GYPP	1	151	3.0047
GYPP	1	152	3.0231
GYPP	1	152.69	3.0522
GYPP	1	152.96	3.0949
GYPP	1	152.96	3.0949
GYPP	1	152.96	3.0949
GYPP	1	152.96	3.0949
GYPP	1	152.96	3.0949
GYPP	1	152.96	3.0949
GYPP	1	153	3.0985
GYPP	1	153.23	3.1211
GYPP	1	153.23	3.1211
GYPP	1	153.23	3.1211
GYPP	1	153.23	3.1211
GYPP	1	153.23	3.1211
GYPP	1	153.5	3.0949
GYPP	1	153.5	3.0949
GYPP	1	153.5	3.0949
GYPP	1	153.5	3.0949
GYPP	1	153.5	3.0949
GYPP	1	153.5	3.0949
GYPP	1	153.5	3.0949
GYPP	1	153.5	3.0949
GYPP	1	153.5	3.0949
GYPP	1	153.5	3.0949
GYPP	1	153.5	3.0949
GYPP	1	153.5	3.0949
GYPP	1	153.5	3.0949
GYPP	1	153.5	3.0949
GYPP	1	153.5	3.0949
GYPP	1	153.75	3.1254
GYPP	1	154	3.0912
GYPP	1	155	2.9522
GYPP	1	156	2.8136
GYPP	1	157	2.6786
GYPP	1	158	2.5504
GYPP	1	159	2.4321
GYPP	1	160	2.3256
GYPP	1	160.39	2.288
GYPP	1	161	2.2584
GYPP	1	162	2.206
GYPP	1	163	2.1478
GYPP	1	164	2.083
GYPP	1	165	2.0106
GYPP	1	166	1.9296
GYPP	1	167	1.8394
GYPP	1	168	1.7396
GYPP	1	169	1.6306
GYPP	1	170	1.5133
GYPP	1	170.61	1.4384
GYPP	1	171	1.4643
GYPP	1	172	1.5269
GYPP	1	173	1.581
GYPP	1	174	1.6238
GYPP	1	175	1.6523
GYPP	1	176	1.6648
GYPP	1	177	1.6598
GYPP	1	178	1.6371
GYPP	1	179	1.5974
GYPP	1	180	1.5423
GYPP	1	180.89	1.4826
GYPP	1	181	1.4853
GYPP	1	182	1.5105
GYPP	1	183	1.5374
GYPP	1	184	1.5663
GYPP	1	185	1.5973
GYPP	1	186	1.6305
GYPP	1	187	1.6654
GYPP	1	188	1.7011
GYPP	1	189	1.7365
GYPP	1	190	1.77
GYPP	1	191	1.8004
GYPP	1	192	1.827
GYPP	1	193	1.8498
GYPP	1	194	1.8697
GYPP	1	194.61	1.8807
GYPP	1	194.61	1.8807
GYPP	1	194.61	1.8807
GYPP	1	195	1.9886
GYPP	1	195.47	2.109
GYPP	1	196	2.1466
GYPP	1	196.98	2.19
GYPP	1	197	2.1904
GYPP	1	198	2.1472
GYPP	1	199	2.0024
GYPP	1	200	1.7704
GYPP	1	201	1.4566
GYPP	1	201.3	1.3539
GYPP	1	202	1.4269
GYPP	1	203	1.5197
GYPP	1	204	1.5968
GYPP	1	205	1.6563
GYPP	1	206	1.6982
GYPP	1	207	1.7231
GYPP	1	208	1.7321
GYPP	1	209	1.7265
GYPP	1	210	1.7078
GYPP	1	210.35	1.6985
GYPP	1	211	1.8245
GYPP	1	212	2.0048
GYPP	1	213	2.1586
GYPP	1	214	2.2861
GYPP	1	215	2.3928
GYPP	1	216	2.4884
GYPP	1	217	2.5848
GYPP	1	218	2.6882
GYPP	1	218.22	2.7115
GYPP	1	219	2.9981
GYPP	1	219.13	3.0363
GYPP	1	219.44	2.9098
GYPP	1	219.44	2.9098
GYPP	1	220	2.9496
GYPP	1	221	3.0123
GYPP	1	221.01	3.0131
GYPP	1	221.96	2.7195
GYPP	1	222	2.7074
GYPP	1	223	2.3251
GYPP	1	224	1.8253
GYPP	1	224.6	1.4249
GYPP	1	224.97	1.2609
GYPP	1	225	1.2593
GYPP	1	225.83	1.2284
GYPP	1	226	1.2219
GYPP	1	226.58	1.1997
GYPP	1	227	1.1753
GYPP	1	228	1.1
GYPP	1	228.14	1.0871
GYPP	1	229	1.0468
GYPP	1	230	1.0018
GYPP	1	231	0.9601
GYPP	1	232	0.9234
GYPP	1	233	0.8919
GYPP	1	234	0.8655
GYPP	1	234.97	0.844
GYPP	1	235	0.8447
GYPP	1	236	0.8664
GYPP	1	237	0.88
GYPP	1	237.77	0.8841
GYPP	1	238	0.8799
GYPP	1	239	0.8616
GYPP	1	240	0.8448
GYPP	1	241	0.831
GYPP	1	242	0.8206
GYPP	1	243	0.8136
GYPP	1	243.07	0.8133
GYPP	1	244	0.9011
GYPP	1	245	0.9992
GYPP	1	246	1.1002
GYPP	1	247	1.2027
GYPP	1	247.22	1.2257
GYPP	1	248	1.1261
GYPP	1	248.76	1.0192
GYPP	1	249	1.0085
GYPP	1	249.58	0.9744
GYPP	1	250	1.0093
GYPP	1	250	1.0092
GYPP	1	251	0.9074
GYPP	1	252	0.7999
GYPP	1	253	0.6895
GYPP	1	254	0.5802
GYPP	1	255	0.4766
GYPP	1	256	0.3834
GYPP	1	256.31	0.3572
GYPP	1	257	0.3822
GYPP	1	258	0.3893
GYPP	1	258.12	0.3881
GYPP	1	259	0.3954
GYPP	1	260	0.4066
GYPP	1	260.03	0.407
GYPP	1	261	0.3828
GYPP	1	262	0.3572
GYPP	1	263	0.3312
GYPP	1	264	0.3049
GYPP	1	265	0.2787
GYPP	1	266	0.2528
GYPP	1	267	0.2276
GYPP	1	267.88	0.2061
GYPP	2	0	0.0234
GYPP	2	1	0.0279
GYPP	2	2	0.0352
GYPP	2	3	0.0457
GYPP	2	4	0.0593
GYPP	2	4.71	0.0708
GYPP	2	5	0.1007
GYPP	2	5.27	0.1389
GYPP	2	5.55	0.1375
GYPP	2	5.55	0.1375
GYPP	2	6	0.1594
GYPP	2	6.23	0.1932
GYPP	2	7	0.197
GYPP	2	7.09	0.198
GYPP	2	8	0.3282
GYPP	2	8.1	0.351
GYPP	2	8.67	0.3602
GYPP	2	9	0.4171
GYPP	2	9.35	0.4796
GYPP	2	9.73	0.4386
GYPP	2	10	0.43
GYPP	2	11	0.3959
GYPP	2	12	0.3581
GYPP	2	13	0.3176
GYPP	2	14	0.2758
GYPP	2	14.35	0.2612
GYPP	2	15	0.25
GYPP	2	16	0.2294
GYPP	2	16.89	0.2088
GYPP	2	17	0.2132
GYPP	2	18	0.2483
GYPP	2	18.84	0.2701
GYPP	2	19	0.2905
GYPP	2	20	0.4266
GYPP	2	21	0.5684
GYPP	2	22	0.701
GYPP	2	22.44	0.7542
GYPP	2	23	0.8155
GYPP	2	23.16	0.8341
GYPP	2	23.79	0.7025
GYPP	2	24	0.685
GYPP	2	24.57	0.6388
GYPP	2	24.86	0.5771
GYPP	2	25	0.5669
GYPP	2	26	0.4853
GYPP	2	27	0.3971
GYPP	2	27	0.3971
GYPP	2	28	0.4216
GYPP	2	29	0.3922
GYPP	2	29.12	0.3859
GYPP	2	30	0.5287
GYPP	2	30.21	0.568
GYPP	2	30.21	0.568
GYPP	2	31	0.526
GYPP	2	32	0.4722
GYPP	2	32.35	0.4547
GYPP	2	33	0.4994
GYPP	2	34	0.5678
GYPP	2	35	0.6319
GYPP	2	36	0.6889
GYPP	2	37	0.7367
GYPP	2	38	0.7742
GYPP	2	38.75	0.7952
GYPP	2	39	0.8028
GYPP	2	40	0.8313
GYPP	2	41	0.8568
GYPP	2	42	0.8786
GYPP	2	43	0.8966
GYPP	2	44	0.9105
GYPP	2	45	0.9206
GYPP	2	46	0.9269
GYPP	2	46.99	0.9297
GYPP	2	47	0.9287
GYPP	2	48	0.8561
GYPP	2	49	0.7795
GYPP	2	50	0.6991
GYPP	2	51	0.6154
GYPP	2	52	0.5294
GYPP	2	53	0.4428
GYPP	2	54	0.3578
GYPP	2	55	0.2775
GYPP	2	56	0.2053
GYPP	2	57	0.1439
GYPP	2	58	0.0946
GYPP	2	58.58	0.0715
GYPP	2	59	0.0766
GYPP	2	60	0.0897
GYPP	2	61	0.1036
GYPP	2	62	0.1185
GYPP	2	63	0.1341
GYPP	2	64	0.1504
GYPP	2	65	0.1673
GYPP	2	66	0.1848
GYPP	2	67	0.2028
GYPP	2	68	0.2211
GYPP	2	68.02	0.2215
GYPP	2	69	0.277
GYPP	2	70	0.3399
GYPP	2	70.04	0.3424
GYPP	2	71	0.4632
GYPP	2	71.33	0.5075
GYPP	2	72	0.4861
GYPP	2	72.69	0.4648
GYPP	2	73	0.506
GYPP	2	74	0.6493
GYPP	2	74.94	0.7733
GYPP	2	75	0.7597
GYPP	2	75.94	0.5129
GYPP	2	76	0.5162
GYPP	2	77	0.5716
GYPP	2	78	0.6274
GYPP	2	78.97	0.6757
GYPP	2	79	0.6714
GYPP	2	79.87	0.5547
GYPP	2	80	0.5358
GYPP	2	81	0.397
GYPP	2	81.81	0.3009
GYPP	2	81.81	0.3009
GYPP	2	81.81	0.3009
GYPP	2	82	0.3167
GYPP	2	82.69	0.392
GYPP	2	83	0.4108
GYPP	2	84	0.474
GYPP	2	84.33	0.4947
GYPP	2	85	0.5763
GYPP	2	86	0.6996
GYPP	2	87	0.8196
GYPP	2	87.51	0.8787
GYPP	2	88	0.8877
GYPP	2	89	0.8993
GYPP	2	90	0.9
GYPP	2	91	0.8888
GYPP	2	92	0.8653
GYPP	2	93	0.8301
GYPP	2	94	0.7845
GYPP	2	95	0.7307
GYPP	2	96	0.6711
GYPP	2	96.92	0.6138
GYPP	2	97	0.6197
GYPP	2	98	0.6863
GYPP	2	99	0.7375
GYPP	2	100	0.7633
GYPP	2	101	0.7557
GYPP	2	102	0.7131
GYPP	2	102.4	0.6877
GYPP	2	103	0.6673
GYPP	2	104	0.621
GYPP	2	105	0.5621
GYPP	2	106	0.4956
GYPP	2	107	0.4281
GYPP	2	108	0.3663
GYPP	2	109	0.3154
GYPP	2	109.98	0.2777
GYPP	2	110	0.2787
GYPP	2	111	0.3395
GYPP	2	112	0.409
GYPP	2	113	0.4867
GYPP	2	114	0.572
GYPP	2	115	0.6638
GYPP	2	116	0.7608
GYPP	2	116.72	0.8334
GYPP	2	117	0.8975
GYPP	2	118	1.1345
GYPP	2	119	1.3661
GYPP	2	120	1.5808
GYPP	2	120.68	1.7143
GYPP	2	121	1.6503
GYPP	2	121.35	1.58
GYPP	2	122	1.5039
GYPP	2	122.54	1.3999
GYPP	2	122.68	1.4752
GYPP	2	123	1.4773
GYPP	2	123.54	1.4828
GYPP	2	124	1.9291
GYPP	2	124.36	2.1744
GYPP	2	124.36	2.1744
GYPP	2	125	2.2037
GYPP	2	126	2.1663
GYPP	2	127	2.0563
GYPP	2	128	1.8872
GYPP	2	128.09	1.8701
GYPP	2	128.38	1.9304
GYPP	2	128.67	1.8963
GYPP	2	128.67	1.8963
GYPP	2	128.95	1.811
GYPP	2	129	1.8111
GYPP	2	129.36	1.8117
GYPP	2	129.69	1.8089
GYPP	2	130	1.8334
GYPP	2	130.39	1.8636
GYPP	2	130.39	1.8636
GYPP	2	130.39	1.8636
GYPP	2	130.39	1.8636
GYPP	2	130.39	1.8636
GYPP	2	130.39	1.8636
GYPP	2	130.39	1.8636
GYPP	2	130.39	1.8636
GYPP	2	130.39	1.8636
GYPP	2	130.39	1.8636
GYPP	2	130.39	1.8636
GYPP	2	130.39	1.8636
GYPP	2	130.39	1.8636
GYPP	2	130.59	2.0406
GYPP	2	130.59	2.0406
GYPP	2	130.79	2.0958
GYPP	2	130.79	2.0958
GYPP	2	131	2.1028
GYPP	2	131.11	2.1075
GYPP	2	131.71	2.0215
GYPP	2	131.71	2.0215
GYPP	2	131.71	2.0215
GYPP	2	131.71	2.0215
GYPP	2	131.71	2.0215
GYPP	2	131.71	2.0215
GYPP	2	131.71	2.0215
GYPP	2	132	2.0659
GYPP	2	132.25	2.1013
GYPP	2	132.25	2.1013
GYPP	2	132.25	2.1013
GYPP	2	133	1.9804
GYPP	2	133.14	1.9504
GYPP	2	133.5	1.886
GYPP	2	133.63	1.8423
GYPP	2	133.63	1.8423
GYPP	2	133.63	1.8423
GYPP	2	134	1.9965
GYPP	2	134.17	2.06
GYPP	2	134.17	2.06
GYPP	2	135	2.0018
GYPP	2	135.56	1.9653
GYPP	2	135.84	1.932
GYPP	2	135.84	1.932
GYPP	2	136	2.1318
GYPP	2	136.33	2.4561
GYPP	2	136.33	2.4561
GYPP	2	137	2.1895
GYPP	2	137.41	1.995
GYPP	2	138	2.1433
GYPP	2	138.58	2.1888
GYPP	2	139	2.2184
GYPP	2	139.43	2.2482
GYPP	2	139.43	2.2482
GYPP	2	140	2.1291
GYPP	2	140.53	1.9691
GYPP	2	141	1.8072
GYPP	2	141.07	1.777
GYPP	2	141.07	1.777
GYPP	2	141.07	1.777
GYPP	2	142	1.7644
GYPP	2	142.88	1.5378
GYPP	2	142.88	1.5378
GYPP	2	143	1.5281
GYPP	2	144	1.4365
GYPP	2	144.42	1.3727
GYPP	2	144.78	1.3559
GYPP	2	145	1.4731
GYPP	2	145.32	1.6018
GYPP	2	145.32	1.6018
GYPP	2	146	1.5011
GYPP	2	146.14	1.4799
GYPP	2	146.14	1.4799
GYPP	2	146.14	1.4799
GYPP	2	147	1.6421
GYPP	2	148	1.7912
GYPP	2	148.55	1.8573
GYPP	2	149	1.8211
GYPP	2	150	1.7349
GYPP	2	151	1.6396
GYPP	2	152	1.5353
GYPP	2	153	1.4232
GYPP	2	154	1.3052
GYPP	2	154.02	1.3029
GYPP	2	154.02	1.3029
GYPP	2	154.56	1.3442
GYPP	2	154.56	1.3442
GYPP	2	154.83	1.411
GYPP	2	155	1.4138
GYPP	2	155.67	1.4386
GYPP	2	156	1.4782
GYPP	2	156.84	1.5803
GYPP	2	157	1.6109
GYPP	2	158	1.5252
GYPP	2	158.32	1.4131
GYPP	2	159	1.4913
GYPP	2	159.79	1.6429
GYPP	2	160	1.5921
GYPP	2	160.39	1.488
GYPP	2	160.78	1.724
GYPP	2	160.78	1.724
GYPP	2	161	1.7183
GYPP	2	161.73	1.699
GYPP	2	162	1.7041
GYPP	2	162.81	1.7311
GYPP	2	163	1.6939
GYPP	2	163.3	1.6308
GYPP	2	163.47	1.6189
GYPP	2	164	1.7272
GYPP	2	164.34	1.8485
GYPP	2	165	1.91
GYPP	2	165.88	1.9655
GYPP	2	166	1.9923
GYPP	2	167	2.2109
GYPP	2	168	2.4227
GYPP	2	169	2.6231
GYPP	2	170	2.8093
GYPP	2	171	2.9799
GYPP	2	171.74	3.0955
GYPP	2	172	3.0954
GYPP	2	173	3.0802
GYPP	2	174	3.0403
GYPP	2	175	2.9736
GYPP	2	176	2.8788
GYPP	2	177	2.7551
GYPP	2	177.6	2.6674
GYPP	2	178	2.5994
GYPP	2	179	2.4155
GYPP	2	180	2.2099
GYPP	2	180.37	2.1285
GYPP	2	181	2.1724
GYPP	2	181.76	2.1504
GYPP	2	182	2.1349
GYPP	2	182.75	2.0822
GYPP	2	183	2.0343
GYPP	2	183.36	1.9642
GYPP	2	183.36	1.9642
GYPP	2	183.36	1.9642
GYPP	2	184	1.8039
GYPP	2	185	1.5318
GYPP	2	185.42	1.4128
GYPP	2	185.42	1.4128
GYPP	2	186	1.5749
GYPP	2	186.64	1.7434
GYPP	2	187	1.8028
GYPP	2	187.19	1.8321
GYPP	2	187.19	1.8321
GYPP	2	188	1.7406
GYPP	2	188.01	1.739
GYPP	2	188.01	1.739
GYPP	2	188.47	1.8511
GYPP	2	188.78	1.8479
GYPP	2	189	1.7675
GYPP	2	189.65	1.495
GYPP	2	190	1.3659
GYPP	2	191	0.942
GYPP	2	191.03	0.9297
GYPP	2	191.71	0.917
GYPP	2	192	0.9407
GYPP	2	192.69	0.9943
GYPP	2	193	0.9425
GYPP	2	193.68	0.8076
GYPP	2	194	0.8133
GYPP	2	195	0.8516
GYPP	2	196	0.9147
GYPP	2	196.21	0.9297
GYPP	2	197	0.9464
GYPP	2	198	0.9743
GYPP	2	199	1.0077
GYPP	2	200	1.0429
GYPP	2	201	1.0743
GYPP	2	202	1.0965
GYPP	2	203	1.1053
GYPP	2	204	1.0989
GYPP	2	204.23	1.0954
GYPP	2	205	1.0079
GYPP	2	206	0.8993
GYPP	2	207	0.8045
GYPP	2	208	0.7311
GYPP	2	209	0.6841
GYPP	2	209.59	0.6692
GYPP	2	210	0.6664
GYPP	2	210.97	0.6582
GYPP	2	211	0.6581
GYPP	2	211.48	0.6573
GYPP	2	211.48	0.6573
GYPP	2	212	0.7012
GYPP	2	212.25	0.7325
GYPP	2	213	0.6952
GYPP	2	214	0.629
GYPP	2	215	0.549
GYPP	2	215.17	0.5347
GYPP	2	216	0.5723
GYPP	2	217	0.6147
GYPP	2	218	0.6529
GYPP	2	218.7	0.6767
GYPP	2	219	0.6813
GYPP	2	219.99	0.6099
GYPP	2	220	0.6111
GYPP	2	221	0.6625
GYPP	2	221.54	0.5656
GYPP	2	222	0.6176
GYPP	2	222.31	0.651
GYPP	2	223	0.7648
GYPP	2	224	0.9152
GYPP	2	225	1.035
GYPP	2	225.96	1.114
GYPP	2	226	1.1117
GYPP	2	227	1.0604
GYPP	2	228	1.0223
GYPP	2	228.44	1.0127
GYPP	2	229	1.2014
GYPP	2	230	1.4933
GYPP	2	231	1.719
GYPP	2	231.5	1.8097
GYPP	2	232	1.7965
GYPP	2	233	1.7534
GYPP	2	234	1.6879
GYPP	2	235	1.6002
GYPP	2	236	1.4926
GYPP	2	237	1.369
GYPP	2	237.74	1.2714
GYPP	2	238	1.2716
GYPP	2	239	1.2405
GYPP	2	240	1.1646
GYPP	2	240.31	1.1341
GYPP	2	240.62	1.1286
GYPP	2	241	1.1887
GYPP	2	242	1.3561
GYPP	2	242.86	1.5004
GYPP	2	243	1.4822
GYPP	2	244	1.2841
GYPP	2	244.56	1.1063
GYPP	2	245	1.199
GYPP	2	245.2	1.2325
GYPP	2	246	1.3219
GYPP	2	246.13	1.3355
GYPP	2	247	1.6445
GYPP	2	248	1.893
GYPP	2	249	2.0409
GYPP	2	250	2.113
GYPP	2	251	2.1247
GYPP	2	251.18	2.1213
GYPP	3	35	0.0499
GYPP	3	36	0.0989
GYPP	3	37	0.1861
GYPP	3	38	0.302
GYPP	3	38.27	0.3363
GYPP	3	39	0.3115
GYPP	3	40	0.2783
GYPP	3	41	0.2474
GYPP	3	42	0.2204
GYPP	3	43	0.1989
GYPP	3	44	0.1843
GYPP	3	45	0.1771
GYPP	3	46	0.177
GYPP	3	47	0.1828
GYPP	3	48	0.1928
GYPP	3	48.27	0.196
GYPP	3	49	0.2666
GYPP	3	49.83	0.3491
GYPP	3	50	0.3615
GYPP	3	51	0.4395
GYPP	3	52	0.5236
GYPP	3	53	0.6071
GYPP	3	53.88	0.6754
GYPP	3	54	0.6504
GYPP	3	54.92	0.4741
GYPP	3	55	0.4722
GYPP	3	56	0.4497
GYPP	3	57	0.4371
GYPP	3	57.8	0.4371
GYPP	3	58	0.4268
GYPP	3	59	0.375
GYPP	3	59.24	0.3627
GYPP	3	60	0.2793
GYPP	3	60.87	0.1862
GYPP	3	61	0.199
GYPP	3	61.51	0.2492
GYPP	3	62	0.2516
GYPP	3	63	0.2606
GYPP	3	63.63	0.27
GYPP	3	64	0.2394
GYPP	3	65	0.1726
GYPP	3	65.18	0.1633
GYPP	3	66	0.1647
GYPP	3	67	0.1688
GYPP	3	68	0.1759
GYPP	3	69	0.1854
GYPP	3	70	0.1967
GYPP	3	71	0.2086
GYPP	3	71.8	0.2177
GYPP	3	72	0.2273
GYPP	3	73	0.2924
GYPP	3	74	0.3821
GYPP	3	74.83	0.467
GYPP	3	75	0.4986
GYPP	3	75.12	0.5197
GYPP	3	76	0.3851
GYPP	3	76.41	0.3171
GYPP	3	76.41	0.3171
GYPP	3	76.58	0.3775
GYPP	3	76.58	0.3775
GYPP	3	76.58	0.3775
GYPP	3	76.58	0.3775
GYPP	3	76.99	0.549
GYPP	3	77	0.5548
GYPP	3	77.4	0.8473
GYPP	3	77.4	0.8473
GYPP	3	77.4	0.8473
GYPP	3	77.4	0.8473
GYPP	3	77.4	0.8473
GYPP	3	77.67	0.7818
GYPP	3	77.67	0.7818
GYPP	3	77.67	0.7818
GYPP	3	77.67	0.7818
GYPP	3	77.67	0.7818
GYPP	3	77.67	0.7818
GYPP	3	77.67	0.7818
GYPP	3	78	0.7004
GYPP	3	78.21	0.6425
GYPP	3	78.21	0.6425
GYPP	3	78.21	0.6425
GYPP	3	78.5	0.6497
GYPP	3	79	0.5948
GYPP	3	79.15	0.5783
GYPP	3	79.15	0.5783
GYPP	3	80	0.7637
GYPP	3	80.59	0.8957
GYPP	3	80.59	0.8957
GYPP	3	81	0.9384
GYPP	3	81.82	0.904
GYPP	3	82	0.8301
GYPP	3	82.1	0.7841
GYPP	3	82.1	0.7841
GYPP	3	83	0.798
GYPP	3	83.26	0.8003
GYPP	3	84	0.9248
GYPP	3	84.14	0.9461
GYPP	3	84.14	0.9461
GYPP	3	84.7	0.9615
GYPP	3	84.97	0.8101
GYPP	3	84.97	0.8101
GYPP	3	84.97	0.8101
GYPP	3	85	0.8082
GYPP	3	86	0.7359
GYPP	3	86.42	0.6973
GYPP	3	87	0.6911
GYPP	3	88	0.671
GYPP	3	88.53	0.6572
GYPP	3	89	0.7203
GYPP	3	90	0.8535
GYPP	3	91	0.9732
GYPP	3	92	1.0658
GYPP	3	93	1.1219
GYPP	3	93.11	1.1255
GYPP	3	94	1.0174
GYPP	3	95	0.8662
GYPP	3	96	0.6915
GYPP	3	97	0.5188
GYPP	3	97.35	0.4657
GYPP	3	98	0.5552
GYPP	3	99	0.6976
GYPP	3	100	0.8356
GYPP	3	100.84	0.9427
GYPP	3	101	1.021
GYPP	3	102	1.442
GYPP	3	102.6	1.6306
GYPP	3	103	1.6579
GYPP	3	103.79	1.6886
GYPP	3	104	1.5715
GYPP	3	104.5	1.2551
GYPP	3	105	1.1906
GYPP	3	105.51	1.0973
GYPP	3	106	1.0528
GYPP	3	107	0.8854
GYPP	3	107.55	0.7573
GYPP	3	108	0.7368
GYPP	3	109	0.6862
GYPP	3	110	0.6295
GYPP	3	111	0.5696
GYPP	3	112	0.5105
GYPP	3	112.09	0.5054
GYPP	3	113	0.5415
GYPP	3	114	0.575
GYPP	3	115	0.5993
GYPP	3	115.54	0.6083
GYPP	3	115.54	0.6083
GYPP	3	116	0.8581
GYPP	3	117	1.4307
GYPP	3	117.23	1.5518
GYPP	3	117.23	1.5518
GYPP	3	118	1.5746
GYPP	3	118.63	1.5392
GYPP	3	119	1.5304
GYPP	3	120	1.443
GYPP	3	121	1.2874
GYPP	3	121.37	1.2187
GYPP	3	122	1.1227
GYPP	3	122.85	0.9461
GYPP	3	122.85	0.9461
GYPP	3	123	0.9749
GYPP	3	123.9	1.1002
GYPP	3	123.9	1.1002
GYPP	3	124	1.04
GYPP	3	124.24	0.8542
GYPP	3	124.24	0.8542
GYPP	3	125	0.8836
GYPP	3	125.06	0.8852
GYPP	3	125.49	0.5501
GYPP	3	125.49	0.5501
GYPP	3	125.93	0.5316
GYPP	3	126	0.5577
GYPP	3	126.76	0.8431
GYPP	3	126.76	0.8431
GYPP	3	126.76	0.8431
GYPP	3	126.76	0.8431
GYPP	3	126.76	0.8431
GYPP	3	127	0.8122
GYPP	3	127.13	0.7954
GYPP	3	127.13	0.7954
GYPP	3	127.51	0.6604
GYPP	3	127.79	0.5633
GYPP	3	128	0.6026
GYPP	3	128.27	0.6505
GYPP	3	128.27	0.6505
GYPP	3	128.54	0.6485
GYPP	3	128.54	0.6485
GYPP	3	129	0.643
GYPP	3	129.08	0.6397
GYPP	3	130	0.7111
GYPP	3	130.76	0.7493
GYPP	3	131	0.7597
GYPP	3	131.75	0.781
GYPP	3	132	0.807
GYPP	3	132.15	0.823
GYPP	3	133	0.7212
GYPP	3	134	0.6088
GYPP	3	134.73	0.5464
GYPP	3	135	0.5358
GYPP	3	136	0.4934
GYPP	3	136.98	0.4438
GYPP	3	137	0.4442
GYPP	3	138	0.454
GYPP	3	139	0.4442
GYPP	3	140	0.4134
GYPP	3	140.06	0.4108
GYPP	3	141	0.3485
GYPP	3	142	0.2761
GYPP	3	142.72	0.2236
GYPP	3	143	0.2415
GYPP	3	144	0.304
GYPP	3	144.09	0.3092
GYPP	3	145	0.2725
GYPP	3	146	0.2438
GYPP	3	146.82	0.2299
GYPP	3	147	0.2375
GYPP	3	148	0.2832
GYPP	3	149	0.3344
GYPP	3	150	0.3881
GYPP	3	151	0.4414
GYPP	3	152	0.4918
GYPP	3	152.34	0.5077
GYPP	3	153	0.5147
GYPP	3	154	0.5254
GYPP	3	155	0.5358
GYPP	3	155.19	0.5377
GYPP	3	156	0.5969
GYPP	3	156.66	0.6408
GYPP	3	156.66	0.6408
GYPP	3	157	0.5349
GYPP	3	158	0.321
GYPP	3	158.72	0.2908
GYPP	3	159	0.2914
GYPP	3	159.7	0.291
GYPP	3	160	0.2684
GYPP	3	160.06	0.2646
GYPP	3	161	0.3187
GYPP	3	161.54	0.3514
GYPP	3	161.54	0.3514
GYPP	3	162	0.3675
GYPP	3	162.08	0.3716
GYPP	3	162.08	0.3716
GYPP	3	162.78	0.2788
GYPP	3	163	0.2836
GYPP	3	164	0.3085
GYPP	3	165	0.339
GYPP	3	166	0.3747
GYPP	3	166.62	0.3992
GYPP	3	167	0.3508
GYPP	3	168	0.2419
GYPP	3	169	0.1682
GYPP	3	170	0.1321
GYPP	3	170.27	0.1283
GYPP	3	171	0.1195
GYPP	3	172	0.1085
GYPP	3	173	0.1009
GYPP	3	174	0.0992
GYPP	3	175	0.1047
GYPP	3	176	0.1169
GYPP	3	177	0.1341
GYPP	3	177.07	0.1354
GYPP	3	178	0.1296
GYPP	3	179	0.1217
GYPP	3	180	0.1121
GYPP	3	181	0.1011
GYPP	3	181.68	0.0931
GYPP	3	182	0.1292
GYPP	3	182.12	0.1482
GYPP	3	183	0.1363
GYPP	3	184	0.1242
GYPP	3	185	0.1137
GYPP	3	185.83	0.1059
GYPP	3	186	0.1052
GYPP	3	187	0.1045
GYPP	3	188	0.1102
GYPP	3	189	0.1222
GYPP	3	190	0.1402
GYPP	3	191	0.1629
GYPP	3	192	0.1886
GYPP	3	193	0.2155
GYPP	3	194	0.2417
GYPP	3	195	0.2659
GYPP	3	195.33	0.2731
GYPP	3	196	0.2397
GYPP	3	197	0.1945
GYPP	3	198	0.1571
GYPP	3	199	0.1302
GYPP	3	199.9	0.1162
GYPP	3	200	0.1145
GYPP	3	201	0.1046
GYPP	3	201.85	0.1229
GYPP	3	202	0.1151
GYPP	3	202.15	0.1091
GYPP	3	203	0.0949
GYPP	3	204	0.0777
GYPP	3	204.52	0.0689
GYPP	3	205	0.0828
GYPP	3	206	0.116
GYPP	3	207	0.1541
GYPP	3	208	0.1962
GYPP	3	209	0.2411
GYPP	3	209.45	0.2621
GYPP	4	0	0.2517
GYPP	4	1	0.2616
GYPP	4	2	0.2766
GYPP	4	3	0.2963
GYPP	4	3.56	0.3089
GYPP	4	4	0.2888
GYPP	4	5	0.2442
GYPP	4	6	0.2034
GYPP	4	6.19	0.1964
GYPP	4	7	0.2704
GYPP	4	7.3	0.2992
GYPP	4	8	0.2256
GYPP	4	9	0.1354
GYPP	4	10	0.068
GYPP	4	10.24	0.0556
GYPP	4	11	0.0566
GYPP	4	12	0.0634
GYPP	4	13	0.0776
GYPP	4	14	0.099
GYPP	4	14.31	0.1069
GYPP	4	15	0.1068
GYPP	4	16	0.1053
GYPP	4	17	0.1018
GYPP	4	17.8	0.0974
GYPP	4	18	0.1131
GYPP	4	19	0.1983
GYPP	4	19.19	0.2147
GYPP	4	20	0.2427
GYPP	4	21	0.2822
GYPP	4	22	0.3266
GYPP	4	23	0.3741
GYPP	4	24	0.4223
GYPP	4	24.7	0.4553
GYPP	4	25	0.4547
GYPP	4	26	0.4563
GYPP	4	27	0.471
GYPP	4	27.43	0.4831
GYPP	4	28	0.4622
GYPP	4	29	0.4246
GYPP	4	30	0.3873
GYPP	4	31	0.3519
GYPP	4	32	0.3199
GYPP	4	32.37	0.3094
GYPP	4	33	0.3495
GYPP	4	34	0.4141
GYPP	4	35	0.4782
GYPP	4	36	0.5395
GYPP	4	36.03	0.5415
GYPP	4	36.14	0.5407
GYPP	4	37	0.5563
GYPP	4	37.95	0.5253
GYPP	4	38	0.5292
GYPP	4	39	0.6165
GYPP	4	40	0.7062
GYPP	4	40.63	0.7596
GYPP	4	41	0.7346
GYPP	4	42	0.6655
GYPP	4	43	0.5943
GYPP	4	44	0.5222
GYPP	4	45	0.4507
GYPP	4	46	0.3813
GYPP	4	47	0.3156
GYPP	4	48	0.2548
GYPP	4	49	0.2002
GYPP	4	50	0.1525
GYPP	4	50.67	0.1248
GYPP	4	51	0.1627
GYPP	4	52	0.3354
GYPP	4	52.72	0.4964
GYPP	4	53	0.5094
GYPP	4	54	0.555
GYPP	4	55	0.5975
GYPP	4	56	0.6367
GYPP	4	57	0.6728
GYPP	4	58	0.7062
GYPP	4	58.2	0.7127
GYPP	4	58.56	0.6594
GYPP	4	59	0.6667
GYPP	4	60	0.6993
GYPP	4	61	0.747
GYPP	4	61.54	0.7748
GYPP	4	62	0.7544
GYPP	4	63	0.694
GYPP	4	63.21	0.6789
GYPP	4	63.78	0.8769
GYPP	4	63.78	0.8769
GYPP	4	64	0.8677
GYPP	4	64.13	0.862
GYPP	4	65	1.0454
GYPP	4	65.65	1.1744
GYPP	4	65.98	0.9304
GYPP	4	65.98	0.9304
GYPP	4	66	0.9351
GYPP	4	66.25	0.981
GYPP	4	66.25	0.981
GYPP	4	66.25	0.981
GYPP	4	66.52	1.0686
GYPP	4	66.79	1.0131
GYPP	4	67	0.998
GYPP	4	67.07	0.9927
GYPP	4	67.07	0.9927
GYPP	4	67.07	0.9927
GYPP	4	67.62	0.99
GYPP	4	67.91	0.939
GYPP	4	68	0.9051
GYPP	4	68.37	0.7622
GYPP	4	68.37	0.7622
GYPP	4	68.83	0.7098
GYPP	4	69	0.7159
GYPP	4	69.92	0.7512
GYPP	4	69.92	0.7512
GYPP	4	69.92	0.7512
GYPP	4	70	0.7601
GYPP	4	70.44	0.804
GYPP	4	70.71	0.6476
GYPP	4	70.71	0.6476
GYPP	4	71	0.557
GYPP	4	71.53	0.3872
GYPP	4	72	0.3186
GYPP	4	72.17	0.3039
GYPP	4	73	0.3706
GYPP	4	73.14	0.3836
GYPP	4	74	0.3881
GYPP	4	74.8	0.381
GYPP	4	75	0.3476
GYPP	4	76	0.1804
GYPP	4	76.16	0.1565
GYPP	4	77	0.0911
GYPP	4	77.53	0.0591
GYPP	4	78	0.0686
GYPP	4	79	0.1371
GYPP	4	79.22	0.1572
GYPP	4	79.6	0.2013
GYPP	4	80	0.2207
GYPP	4	81	0.2716
GYPP	4	81.55	0.2974
GYPP	4	81.55	0.2974
GYPP	4	82	0.2417
GYPP	4	83	0.1794
GYPP	4	83.79	0.2033
GYPP	4	84	0.1996
GYPP	4	84.95	0.1839
GYPP	4	85	0.1918
GYPP	4	85.58	0.2883
GYPP	4	86	0.2529
GYPP	4	86.16	0.24
GYPP	4	87	0.3276
GYPP	4	88	0.4519
GYPP	4	89	0.5908
GYPP	4	89.02	0.5941
GYPP	4	89.02	0.5941
GYPP	4	89.02	0.5941
GYPP	4	89.31	0.5954
GYPP	4	89.31	0.5954
GYPP	4	90	0.5592
GYPP	4	90.1	0.554
GYPP	4	91	0.5874
GYPP	4	92	0.6951
GYPP	4	92.86	0.8462
GYPP	4	93	0.8395
GYPP	4	94	0.7922
GYPP	4	95	0.743
GYPP	4	96	0.6924
GYPP	4	97	0.6409
GYPP	4	98	0.5892
GYPP	4	99	0.5383
GYPP	4	100	0.4896
GYPP	4	101	0.4449
GYPP	4	102	0.4054
GYPP	4	103	0.3719
GYPP	4	103.37	0.3609
GYPP	4	104	0.4603
GYPP	4	104.74	0.5962
GYPP	4	105	0.6404
GYPP	4	105.04	0.6482
GYPP	4	105.32	0.725
GYPP	4	106	1.0596
GYPP	4	106.19	1.1328
GYPP	4	107	1.1063
GYPP	4	107.06	1.1043
GYPP	4	108	1.1576
GYPP	4	108.51	1.1626
GYPP	4	108.84	1.2728
GYPP	4	109	1.2624
GYPP	4	109.12	1.2545
GYPP	4	109.45	1.2142
GYPP	4	110	1.2001
GYPP	4	111	1.1296
GYPP	4	111.05	1.124
GYPP	4	112	1.278
GYPP	4	113	1.36
GYPP	4	113.62	1.3642
GYPP	4	114	1.3912
GYPP	4	114.3	1.4125
GYPP	4	115	1.1504
GYPP	4	115.47	0.9692
GYPP	4	115.47	0.9692
GYPP	4	115.47	0.9692
GYPP	4	116	1.0503
GYPP	4	117	1.2619
GYPP	4	117.16	1.2985
GYPP	4	118	1.2282
GYPP	4	118.89	1.1448
GYPP	4	119	1.1479
GYPP	4	120	1.1698
GYPP	4	121	1.1755
GYPP	4	122	1.1592
GYPP	4	122.03	1.1584
GYPP	4	122.52	1.0137
GYPP	4	123	1.0476
GYPP	4	123.11	1.0547
GYPP	4	123.6	0.9855
GYPP	4	124	1.0287
GYPP	4	124.14	1.0407
GYPP	4	124.14	1.0407
GYPP	4	125	1.0149
GYPP	4	126	0.9089
GYPP	4	126.01	0.9074
GYPP	4	126.01	0.9074
GYPP	4	127	0.9432
GYPP	4	128	0.918
GYPP	4	128.3	0.897
GYPP	4	128.7	0.8671
GYPP	4	129	0.8169
GYPP	4	129.16	0.7899
GYPP	4	129.9	0.843
GYPP	4	129.9	0.843
GYPP	4	129.9	0.843
GYPP	4	130	0.8428
GYPP	4	130.89	0.8438
GYPP	4	130.89	0.8438
GYPP	4	131	0.8383
GYPP	4	131.34	0.8204
GYPP	4	131.62	0.7829
GYPP	4	132	0.7722
GYPP	4	132.09	0.7626
GYPP	4	132.43	0.7878
GYPP	4	132.9	0.8784
GYPP	4	133	0.8596
GYPP	4	134	0.6754
GYPP	4	135	0.4991
GYPP	4	136	0.343
GYPP	4	136.48	0.2793
GYPP	4	137	0.2716
GYPP	4	138	0.2895
GYPP	4	138.65	0.3209
GYPP	4	139	0.3492
GYPP	4	139.89	0.4398
GYPP	4	140	0.4482
GYPP	4	141	0.5346
GYPP	4	141.37	0.5705
GYPP	4	142	0.554
GYPP	4	142.82	0.526
GYPP	4	143	0.5045
GYPP	4	144	0.4038
GYPP	4	144.4	0.3757
GYPP	4	145	0.4023
GYPP	4	146	0.4505
GYPP	4	147	0.4999
GYPP	4	148	0.547
GYPP	4	148.99	0.5888
GYPP	4	149	0.59
GYPP	4	150	0.6853
GYPP	4	151	0.7814
GYPP	4	152	0.8763
GYPP	4	153	0.9683
GYPP	4	153.56	1.018
GYPP	4	154	0.962
GYPP	4	155	0.8139
GYPP	4	155.07	0.8036
GYPP	4	156	0.663
GYPP	4	156.17	0.6377
GYPP	4	157	0.5563
GYPP	4	158	0.4853
GYPP	4	158.69	0.4523
GYPP	4	159	0.4065
GYPP	4	160	0.2893
GYPP	4	161	0.2417
GYPP	4	161.23	0.2406
GYPP	4	162	0.2947
GYPP	4	162.16	0.3054
GYPP	4	163	0.3047
GYPP	4	164	0.3029
GYPP	4	165	0.3
GYPP	4	166	0.2959
GYPP	4	167	0.2909
GYPP	4	168	0.285
GYPP	4	169	0.2785
GYPP	4	170	0.2715
GYPP	4	170.81	0.2656
GYPP	4	171	0.2696
GYPP	4	171.93	0.2895
GYPP	4	172	0.2915
GYPP	4	173	0.3166
GYPP	4	173.99	0.328
GYPP	5	0	0.6315
GYPP	5	1	0.6007
GYPP	5	1.51	0.5771
GYPP	5	2	0.7909
GYPP	5	3	1.1744
GYPP	5	3.12	1.2139
GYPP	5	4	1.2205
GYPP	5	5	1.2366
GYPP	5	5.71	1.2495
GYPP	5	5.98	1.3029
GYPP	5	6	1.2887
GYPP	5	6.29	1.0724
GYPP	5	7	1.1477
GYPP	5	8	1.2608
GYPP	5	9	1.3835
GYPP	5	10	1.5171
GYPP	5	11	1.6611
GYPP	5	11.58	1.7483
GYPP	5	12	1.7323
GYPP	5	13	1.6885
GYPP	5	14	1.6371
GYPP	5	15	1.579
GYPP	5	16	1.5153
GYPP	5	17	1.4467
GYPP	5	18	1.374
GYPP	5	19	1.2979
GYPP	5	20	1.2194
GYPP	5	21	1.1395
GYPP	5	22	1.0597
GYPP	5	23	0.9817
GYPP	5	24	0.9076
GYPP	5	25	0.8394
GYPP	5	26	0.7784
GYPP	5	27	0.725
GYPP	5	28	0.6786
GYPP	5	29	0.6382
GYPP	5	29.76	0.6109
GYPP	5	30	0.6234
GYPP	5	31	0.6771
GYPP	5	32	0.7351
GYPP	5	33	0.797
GYPP	5	34	0.8616
GYPP	5	35	0.9273
GYPP	5	35.92	0.9868
GYPP	5	36	1.0033
GYPP	5	37	1.1873
GYPP	5	38	1.2806
GYPP	5	38.26	1.2876
GYPP	5	39	1.3183
GYPP	5	40	1.3583
GYPP	5	41	1.3957
GYPP	5	42	1.4296
GYPP	5	43	1.4592
GYPP	5	44	1.4839
GYPP	5	45	1.5031
GYPP	5	46	1.5165
GYPP	5	47	1.5238
GYPP	5	48	1.5248
GYPP	5	49	1.5195
GYPP	5	50	1.5078
GYPP	5	51	1.49
GYPP	5	52	1.4661
GYPP	5	53	1.4363
GYPP	5	54	1.4011
GYPP	5	55	1.3609
GYPP	5	56	1.3162
GYPP	5	57	1.2676
GYPP	5	58	1.2161
GYPP	5	58.7	1.1788
GYPP	5	59	1.2516
GYPP	5	60	1.4493
GYPP	5	61	1.5894
GYPP	5	61.5	1.6428
GYPP	5	62	1.7091
GYPP	5	63	1.8348
GYPP	5	64	1.9503
GYPP	5	64.37	1.9892
GYPP	5	65	1.8862
GYPP	5	66	1.7051
GYPP	5	67	1.5014
GYPP	5	68	1.2775
GYPP	5	69	1.0431
GYPP	5	69.71	0.8818
GYPP	5	70	0.8632
GYPP	5	71	0.798
GYPP	5	72	0.7294
GYPP	5	72.76	0.6742
GYPP	5	73	0.6774
GYPP	5	74	0.6899
GYPP	5	75	0.7007
GYPP	5	75.86	0.7084
GYPP	5	76	0.7331
GYPP	5	77	0.9474
GYPP	5	77.55	1.083
GYPP	5	78	1.3555
GYPP	5	78.54	1.5964
GYPP	5	79	1.3706
GYPP	5	79.01	1.363
GYPP	5	79.54	0.9798
GYPP	5	80	1.0051
GYPP	5	81	1.0439
GYPP	5	82	1.0559
GYPP	5	83	1.0418
GYPP	5	83.29	1.0337
GYPP	5	84	1.0243
GYPP	5	84.32	1.0007
GYPP	5	84.4	0.9715
GYPP	5	84.4	0.9715
GYPP	5	84.84	1.0665
GYPP	5	84.84	1.0665
GYPP	5	85	1.0235
GYPP	5	85.5	0.8844
GYPP	5	85.8	0.7614
GYPP	5	85.8	0.7614
GYPP	5	86	0.8405
GYPP	5	86.07	0.868
GYPP	5	86.35	0.8353
GYPP	5	86.35	0.8353
GYPP	5	86.35	0.8353
GYPP	5	86.35	0.8353
GYPP	5	86.35	0.8353
GYPP	5	86.35	0.8353
GYPP	5	86.35	0.8353
GYPP	5	87	0.681
GYPP	5	88	0.4314
GYPP	5	88.03	0.4238
GYPP	5	88.39	0.3468
GYPP	5	88.6	0.3471
GYPP	5	88.6	0.3471
GYPP	5	88.6	0.3471
GYPP	5	88.6	0.3471
GYPP	5	88.6	0.3471
GYPP	5	88.6	0.3471
GYPP	5	89	0.344
GYPP	5	89.7	0.3389
GYPP	5	89.7	0.3389
GYPP	5	89.7	0.3389
GYPP	5	90	0.2608
GYPP	5	90.25	0.2004
GYPP	5	90.25	0.2004
GYPP	5	90.25	0.2004
GYPP	5	90.25	0.2004
GYPP	5	90.25	0.2004
GYPP	5	91	0.1741
GYPP	5	92	0.1404
GYPP	5	93	0.1094
GYPP	5	94	0.0827
GYPP	5	95	0.0618
GYPP	5	95.42	0.055
GYPP	5	96	0.0593
GYPP	5	97	0.0679
GYPP	5	98	0.0775
GYPP	5	99	0.0875
GYPP	5	100	0.0974
GYPP	5	100.29	0.1002
GYPP	5	101	0.1559
GYPP	5	101.97	0.2405
GYPP	5	102	0.2381
GYPP	5	103	0.163
GYPP	5	104	0.0896
GYPP	5	105	0.0346
GYPP	5	105.37	0.0214
GYPP	5	105.37	0.0214
GYPP	5	105.37	0.0214
GYPP	5	105.37	0.0214
GYPP	5	105.64	0.0372
GYPP	5	105.93	0.0179
GYPP	5	105.93	0.0179
GYPP	5	106	0.0181
GYPP	5	107	0.0214
GYPP	5	108	0.027
GYPP	5	109	0.0338
GYPP	5	110	0.0404
GYPP	5	110.49	0.0433
GYPP	5	110.49	0.0433
GYPP	5	110.75	0.0646
GYPP	5	111	0.0332
GYPP	5	111.29	0.014
GYPP	5	112	0.0243
GYPP	5	112.95	0.0414
GYPP	5	113	0.0414
GYPP	5	114	0.0488
GYPP	5	114.32	0.0546
GYPP	5	114.76	0.0029
GYPP	5	114.76	0.0029
GYPP	5	115	0.0163
GYPP	5	115.23	0.0417
GYPP	5	115.23	0.0417
GYPP	5	116	0.1126
GYPP	5	117	0.2467
GYPP	5	117.19	0.2725
GYPP	5	118	0.1417
GYPP	5	118.04	0.1369
GYPP	5	119	0.0942
GYPP	5	120	0.0668
GYPP	5	120.2	0.0641
GYPP	5	121	0.0566
GYPP	5	122	0.0795
GYPP	5	122.3	0.0917
GYPP	5	122.3	0.0917
GYPP	5	123	0.104
GYPP	5	124	0.1234
GYPP	5	125	0.1438
GYPP	5	125.33	0.1504
GYPP	5	126	0.1425
GYPP	5	126.65	0.1341
GYPP	5	127	0.0924
GYPP	5	127.55	0.0432
GYPP	5	128	0.0725
GYPP	5	128.12	0.0811
GYPP	5	129	0.1032
GYPP	5	130	0.1429
GYPP	5	131	0.1885
GYPP	5	131.25	0.1997
GYPP	5	131.25	0.1997
GYPP	5	131.25	0.1997
GYPP	5	131.25	0.1997
GYPP	5	131.25	0.1997
GYPP	5	131.7	0.1278
GYPP	5	132	0.0743
GYPP	5	132.14	0.0542
GYPP	5	132.58	4e-04
GYPP	5	133	0.0178
GYPP	5	133.92	0.0978
GYPP	5	134	0.0962
GYPP	5	134.59	0.0839
GYPP	5	134.78	0.0309
GYPP	5	135	0.0352
GYPP	5	136	0.0837
GYPP	5	136.29	0.1056
GYPP	5	137	0.0938
GYPP	5	138	0.0781
GYPP	5	138.42	0.072
GYPP	5	139	0.0727
GYPP	5	139.69	0.0743
GYPP	5	140	0.0745
GYPP	5	141	0.0738
GYPP	5	141.37	0.0731
GYPP	5	142	0.1004
GYPP	5	143	0.1513
GYPP	5	143.71	0.1899
GYPP	5	144	0.1977
GYPP	5	144.84	0.2293
GYPP	5	145	0.2595
GYPP	5	145.42	0.3657
GYPP	5	146	0.3451
GYPP	5	147	0.3097
GYPP	5	147.29	0.2995
GYPP	5	148	0.2706
GYPP	5	148.98	0.2452
GYPP	5	149	0.2463
GYPP	5	150	0.3348
GYPP	5	151	0.4711
GYPP	5	152	0.639
GYPP	5	153	0.8177
GYPP	5	153.49	0.9046
GYPP	5	154	0.967
GYPP	5	155	1.0981
GYPP	5	156	1.2345
GYPP	5	156.83	1.3479
GYPP	5	157	1.3368
GYPP	5	158	1.2735
GYPP	5	159	1.2133
GYPP	5	160	1.1578
GYPP	5	161	1.1083
GYPP	5	161.51	1.0858
GYPP	5	161.51	1.0858
GYPP	5	162	1.2159
GYPP	5	162.7	1.3739
GYPP	5	163	1.4122
GYPP	5	163.59	1.4645
GYPP	5	164	1.4382
GYPP	5	165	1.3534
GYPP	5	166	1.2592
GYPP	5	166.22	1.2402
GYPP	5	167	1.2475
GYPP	5	167.65	1.2505
GYPP	5	168	1.2486
GYPP	5	169	1.2198
GYPP	5	169.72	1.1715
GYPP	5	170	1.174
GYPP	5	170.63	1.1784
GYPP	5	171	1.1856
GYPP	5	172	1.1952
GYPP	5	173	1.1894
GYPP	5	173.95	1.1696
GYPP	5	174	1.177
GYPP	5	175	1.3036
GYPP	5	176	1.378
GYPP	5	176.63	1.3793
GYPP	5	177	1.3958
GYPP	5	178	1.4229
GYPP	5	179	1.4258
GYPP	5	180	1.4085
GYPP	5	181	1.3744
GYPP	5	182	1.327
GYPP	5	182.05	1.3244
GYPP	5	183	1.2914
GYPP	5	184	1.2469
GYPP	5	185	1.192
GYPP	5	186	1.1265
GYPP	5	187	1.0514
GYPP	5	187.55	1.0065
GYPP	5	188	0.9981
GYPP	5	189	0.9775
GYPP	5	189.86	0.9579
GYPP	5	189.86	0.9579
GYPP	5	190	0.9731
GYPP	5	191	1.0865
GYPP	5	192	1.1747
GYPP	5	192.91	1.2068
GYPP	6	5	1.1697
GYPP	6	6	1.2238
GYPP	6	7	1.2348
GYPP	6	8	1.2023
GYPP	6	8	1.2019
GYPP	6	8.67	1.0773
GYPP	6	9	1.143
GYPP	6	9.86	1.2947
GYPP	6	9.86	1.2947
GYPP	6	9.86	1.2947
GYPP	6	9.86	1.2947
GYPP	6	9.86	1.2947
GYPP	6	10	1.2262
GYPP	6	10.69	0.8765
GYPP	6	11	0.8405
GYPP	6	11.21	0.8144
GYPP	6	11.21	0.8144
GYPP	6	12	0.843
GYPP	6	13	0.8354
GYPP	6	13.54	0.7971
GYPP	6	14	0.7693
GYPP	6	15	0.6858
GYPP	6	15.94	0.5774
GYPP	6	16	0.5956
GYPP	6	17	0.9355
GYPP	6	17.79	1.2048
GYPP	6	18	1.2656
GYPP	6	18.84	1.4208
GYPP	6	19	1.3744
GYPP	6	20	1.0468
GYPP	6	21	0.6849
GYPP	6	21.19	0.619
GYPP	6	22	0.6005
GYPP	6	23	0.5731
GYPP	6	24	0.541
GYPP	6	25	0.5063
GYPP	6	25.89	0.4767
GYPP	6	26	0.4767
GYPP	6	27	0.4681
GYPP	6	28	0.4332
GYPP	6	28.92	0.3786
GYPP	6	29	0.3784
GYPP	6	30	0.3684
GYPP	6	30.84	0.349
GYPP	6	30.84	0.349
GYPP	6	31	0.3026
GYPP	6	31.31	0.2208
GYPP	6	32	0.1799
GYPP	6	33	0.1338
GYPP	6	33.01	0.1335
GYPP	6	34	0.2194
GYPP	6	34.25	0.2415
GYPP	6	34.56	0.3001
GYPP	6	35	0.3551
GYPP	6	36	0.49
GYPP	6	37	0.6299
GYPP	6	37.93	0.7568
GYPP	6	38	0.7434
GYPP	6	39	0.5359
GYPP	6	39.43	0.4379
GYPP	6	40	0.6695
GYPP	6	40.67	0.9214
GYPP	6	41	0.9624
GYPP	6	41.23	0.9902
GYPP	6	41.78	0.7487
GYPP	6	41.78	0.7487
GYPP	6	42	0.6166
GYPP	6	42.88	0.146
GYPP	6	43	0.1372
GYPP	6	44	0.078
GYPP	6	45	0.0482
GYPP	6	45.16	0.0463
GYPP	6	46	0.0463
GYPP	6	46.17	0.0469
GYPP	6	47	0.0263
GYPP	6	47.13	0.0237
GYPP	6	47.4	0.0402
GYPP	6	47.96	0.0194
GYPP	6	48	0.0195
GYPP	6	49	0.0219
GYPP	6	50	0.0268
GYPP	6	51	0.0338
GYPP	6	52	0.042
GYPP	6	52.13	0.0431
GYPP	6	53	0.0418
GYPP	6	54	0.0399
GYPP	6	55	0.0377
GYPP	6	56	0.0356
GYPP	6	57	0.0336
GYPP	6	58	0.0319
GYPP	6	59	0.0308
GYPP	6	60	0.0303
GYPP	6	60.95	0.0305
GYPP	6	61	0.0322
GYPP	6	61.62	0.0568
GYPP	6	62	0.0471
GYPP	6	62.58	0.0337
GYPP	6	62.58	0.0337
GYPP	6	62.86	0.0357
GYPP	6	63	0.0383
GYPP	6	63.76	0.058
GYPP	6	64	0.0296
GYPP	6	64.04	0.0261
GYPP	6	65	0.004
GYPP	6	65.84	0.0071
GYPP	6	65.84	0.0071
GYPP	6	66	0.0094
GYPP	6	67	0.117
GYPP	6	67	0.1171
GYPP	6	68	0.1456
GYPP	6	69	0.1769
GYPP	6	70	0.21
GYPP	6	71	0.2443
GYPP	6	72	0.2789
GYPP	6	72.06	0.2809
GYPP	6	72.48	0.2794
GYPP	6	73	0.2934
GYPP	6	73.89	0.3107
GYPP	6	73.89	0.3107
GYPP	6	73.89	0.3107
GYPP	6	73.89	0.3107
GYPP	6	74	0.3062
GYPP	6	74.72	0.279
GYPP	6	75	0.2771
GYPP	6	75.86	0.3066
GYPP	6	76	0.2741
GYPP	6	76.15	0.2399
GYPP	6	76.43	0.2384
GYPP	6	76.99	0.2358
GYPP	6	77	0.2358
GYPP	6	77.31	0.2391
GYPP	6	77.31	0.2391
GYPP	6	78	0.1512
GYPP	6	79	0.0523
GYPP	6	80	0.0056
GYPP	6	81	0.0186
GYPP	6	81.1	0.0227
GYPP	6	82	0.0388
GYPP	6	82.93	0.059
GYPP	6	83	0.0581
GYPP	6	84	0.0466
GYPP	6	85	0.0354
GYPP	6	86	0.0255
GYPP	6	87	0.0176
GYPP	6	88	0.0119
GYPP	6	88.38	0.0103
GYPP	6	89	0.0147
GYPP	6	90	0.0249
GYPP	6	91	0.0389
GYPP	6	92	0.056
GYPP	6	93	0.076
GYPP	6	93.32	0.0828
GYPP	6	94	0.0958
GYPP	6	95	0.1169
GYPP	6	96	0.1397
GYPP	6	97	0.1636
GYPP	6	98	0.1879
GYPP	6	99	0.2116
GYPP	6	100	0.2343
GYPP	6	101	0.2554
GYPP	6	101.54	0.266
GYPP	6	102	0.3008
GYPP	6	103	0.3894
GYPP	6	104	0.4952
GYPP	6	105	0.6146
GYPP	6	106	0.7424
GYPP	6	106.91	0.8616
GYPP	6	107	0.8568
GYPP	6	108	0.8015
GYPP	6	109	0.7438
GYPP	6	110	0.6852
GYPP	6	111	0.6277
GYPP	6	111.17	0.6183
GYPP	6	112	0.6773
GYPP	6	113	0.7475
GYPP	6	113.86	0.8066
GYPP	6	114	0.8152
GYPP	6	114.87	0.8678
GYPP	6	115	0.8603
GYPP	6	116	0.794
GYPP	6	117	0.7111
GYPP	6	118	0.6161
GYPP	6	118.61	0.5556
GYPP	6	119	0.5878
GYPP	6	120	0.6685
GYPP	6	121	0.7462
GYPP	6	121.47	0.7817
GYPP	6	121.71	0.7691
GYPP	6	121.9	0.7434
GYPP	6	122	0.7392
GYPP	6	123	0.6989
GYPP	6	123.24	0.6891
GYPP	6	124	0.5938
GYPP	6	124.71	0.506
GYPP	6	125	0.4807
GYPP	6	126	0.3975
GYPP	6	127	0.3206
GYPP	6	128	0.2518
GYPP	6	129	0.193
GYPP	6	130	0.1465
GYPP	6	131	0.1141
GYPP	6	132	0.097
GYPP	6	133	0.0957
GYPP	6	134	0.1095
GYPP	6	135	0.1368
GYPP	6	136	0.1755
GYPP	6	137	0.2232
GYPP	6	138	0.2776
GYPP	6	139	0.3369
GYPP	6	140	0.3994
GYPP	6	141	0.464
GYPP	6	141.54	0.4993
GYPP	6	142	0.5043
GYPP	6	143	0.5041
GYPP	6	144	0.4928
GYPP	6	145	0.4778
GYPP	6	145.43	0.472
GYPP	7	0	0.4764
GYPP	7	1	0.5293
GYPP	7	2	0.5728
GYPP	7	2.79	0.5985
GYPP	7	3	0.5835
GYPP	7	4	0.5078
GYPP	7	5	0.4292
GYPP	7	6	0.3517
GYPP	7	7	0.2799
GYPP	7	8	0.2179
GYPP	7	8.17	0.2086
GYPP	7	9	0.203
GYPP	7	10	0.2022
GYPP	7	11	0.2097
GYPP	7	12	0.2266
GYPP	7	12.34	0.2346
GYPP	7	13	0.1845
GYPP	7	14	0.118
GYPP	7	15	0.0691
GYPP	7	16	0.0434
GYPP	7	17	0.0427
GYPP	7	18	0.0641
GYPP	7	18.43	0.0791
GYPP	7	19	0.0911
GYPP	7	20	0.1148
GYPP	7	21	0.141
GYPP	7	22	0.1687
GYPP	7	23	0.1968
GYPP	7	24	0.2242
GYPP	7	25	0.2499
GYPP	7	26	0.2733
GYPP	7	27	0.2941
GYPP	7	28	0.3122
GYPP	7	28.29	0.3169
GYPP	7	29	0.3839
GYPP	7	30	0.4808
GYPP	7	31	0.5713
GYPP	7	31.36	0.6011
GYPP	7	32	0.6086
GYPP	7	33	0.6147
GYPP	7	34	0.6118
GYPP	7	35	0.5997
GYPP	7	36	0.5804
GYPP	7	37	0.5582
GYPP	7	38	0.5383
GYPP	7	39	0.5252
GYPP	7	39.25	0.5233
GYPP	7	40	0.5097
GYPP	7	41	0.4776
GYPP	7	42	0.4268
GYPP	7	42.23	0.4128
GYPP	7	43	0.4275
GYPP	7	44	0.4341
GYPP	7	45	0.4256
GYPP	7	46	0.4022
GYPP	7	47	0.3662
GYPP	7	48	0.3211
GYPP	7	49	0.2716
GYPP	7	49.22	0.2608
GYPP	7	50	0.3157
GYPP	7	51	0.4034
GYPP	7	52	0.5053
GYPP	7	53	0.6118
GYPP	7	54	0.7134
GYPP	7	55	0.8034
GYPP	7	55.22	0.8215
GYPP	7	56	0.7526
GYPP	7	57	0.6554
GYPP	7	58	0.5537
GYPP	7	58.73	0.4805
GYPP	7	59	0.4653
GYPP	7	59.86	0.4043
GYPP	7	60	0.4094
GYPP	7	60.67	0.4332
GYPP	7	60.67	0.4332
GYPP	7	61	0.3729
GYPP	7	62	0.2268
GYPP	7	62.21	0.2039
GYPP	7	62.21	0.2039
GYPP	7	63	0.1304
GYPP	7	64	0.0518
GYPP	7	64.02	0.0508
GYPP	7	64.02	0.0508
GYPP	7	64.02	0.0508
GYPP	7	64.02	0.0508
GYPP	7	64.02	0.0508
GYPP	7	64.84	0.0302
GYPP	7	64.84	0.0302
GYPP	7	64.84	0.0302
GYPP	7	64.84	0.0302
GYPP	7	64.84	0.0302
GYPP	7	65	0.0299
GYPP	7	65.65	0.0289
GYPP	7	65.65	0.0289
GYPP	7	66	0.0342
GYPP	7	67	0.0646
GYPP	7	67.02	0.0655
GYPP	7	68	0.0899
GYPP	7	69	0.1187
GYPP	7	69.05	0.1201
GYPP	7	70	0.2055
GYPP	7	70.32	0.2397
GYPP	7	71	0.385
GYPP	7	71.62	0.5143
GYPP	7	72	0.4936
GYPP	7	72.2	0.4758
GYPP	7	73	0.4766
GYPP	7	74	0.4688
GYPP	7	75	0.4486
GYPP	7	75.89	0.4214
GYPP	7	76	0.4571
GYPP	7	76.17	0.5105
GYPP	7	76.17	0.5105
GYPP	7	77	0.4866
GYPP	7	78	0.4931
GYPP	7	79	0.5402
GYPP	7	79.3	0.561
GYPP	7	80	0.5224
GYPP	7	81	0.4551
GYPP	7	82	0.3759
GYPP	7	83	0.2913
GYPP	7	84	0.2107
GYPP	7	84.06	0.2065
GYPP	7	85	0.196
GYPP	7	86	0.1889
GYPP	7	87	0.1873
GYPP	7	88	0.1928
GYPP	7	89	0.2065
GYPP	7	90	0.2284
GYPP	7	91	0.2581
GYPP	7	91.59	0.2789
GYPP	7	92	0.2675
GYPP	7	92.66	0.2482
GYPP	7	93	0.2715
GYPP	7	94	0.3434
GYPP	7	95	0.4143
GYPP	7	96	0.4775
GYPP	7	97	0.529
GYPP	7	97.21	0.5382
GYPP	7	98	0.5847
GYPP	7	99	0.6465
GYPP	7	100	0.7113
GYPP	7	101	0.7779
GYPP	7	102	0.845
GYPP	7	103	0.911
GYPP	7	103.28	0.929
GYPP	7	104	0.9339
GYPP	7	105	0.945
GYPP	7	105.85	0.9597
GYPP	7	106	0.9647
GYPP	7	107	1.0116
GYPP	7	108	1.0724
GYPP	7	108.57	1.1086
GYPP	7	109	1.024
GYPP	7	109.07	1.0124
GYPP	7	110	1.0063
GYPP	7	111	0.9315
GYPP	7	111.99	0.7986
GYPP	7	112	0.8001
GYPP	7	113	0.9346
GYPP	7	113.83	1.0599
GYPP	7	114	1.0507
GYPP	7	114.5	1.0097
GYPP	7	114.84	0.942
GYPP	7	115	0.9539
GYPP	7	115.98	1.0252
GYPP	7	116	1.0191
GYPP	7	116.06	1.0042
GYPP	7	116.34	1.1732
GYPP	7	116.99	1.0634
GYPP	7	117	1.0633
GYPP	7	117.26	1.0624
GYPP	7	117.26	1.0624
GYPP	7	117.34	1.0235
GYPP	7	117.62	0.9488
GYPP	7	118	0.9538
GYPP	7	118.25	0.9567
GYPP	7	118.25	0.9567
GYPP	7	119	0.9412
GYPP	7	119.63	0.928
GYPP	7	119.63	0.928
GYPP	7	120	0.9245
GYPP	7	120.35	0.9122
GYPP	7	121	0.9759
GYPP	7	121.2	0.9933
GYPP	7	121.71	1.1101
GYPP	7	122	1.0967
GYPP	7	123	1.0411
GYPP	7	123.45	1.0119
GYPP	7	124	0.9843
GYPP	7	125	0.9737
GYPP	7	125.16	0.979
GYPP	7	125.56	0.9723
GYPP	7	126	0.9567
GYPP	7	126.5	0.9387
GYPP	7	127	0.9454
GYPP	7	128	0.9725
GYPP	7	129	1.0051
GYPP	7	129.46	1.0179
GYPP	7	130	0.9827
GYPP	7	131	0.8976
GYPP	7	132	0.7907
GYPP	7	132.22	0.7655
GYPP	7	133	0.8077
GYPP	7	134	0.8669
GYPP	7	134.79	0.9135
GYPP	7	135	0.8707
GYPP	7	135.12	0.8446
GYPP	7	136	0.904
GYPP	7	137	0.9574
GYPP	7	137.03	0.9591
GYPP	7	138	1.0013
GYPP	7	139	1.0377
GYPP	7	140	1.0654
GYPP	7	141	1.0832
GYPP	7	141.24	1.0858
GYPP	7	141.24	1.0858
GYPP	7	142	0.9049
GYPP	7	142.68	0.6968
GYPP	7	143	0.7512
GYPP	7	144	0.9015
GYPP	7	144.15	0.9214
GYPP	7	145	0.9363
GYPP	7	146	0.9482
GYPP	7	146.68	0.9527
GYPP	7	147	0.9234
GYPP	7	148	0.8261
GYPP	7	149	0.7238
GYPP	7	149.82	0.6384
GYPP	7	150	0.6309
GYPP	7	151	0.5882
GYPP	7	152	0.5434
GYPP	7	153	0.497
GYPP	7	154	0.4496
GYPP	7	155	0.4017
GYPP	7	156	0.3542
GYPP	7	157	0.308
GYPP	7	158	0.2638
GYPP	7	159	0.2226
GYPP	7	160	0.185
GYPP	7	161	0.1514
GYPP	7	161.82	0.127
GYPP	7	162	0.1263
GYPP	7	163	0.1247
GYPP	7	164	0.1273
GYPP	7	165	0.1339
GYPP	7	165.79	0.1414
GYPP	7	166	0.1449
GYPP	7	167	0.1645
GYPP	7	167.53	0.1763
GYPP	7	168	0.1583
GYPP	7	169	0.1382
GYPP	7	170	0.1463
GYPP	7	170.38	0.1562
GYPP	7	170.38	0.1562
GYPP	7	171	0.1534
GYPP	7	171.55	0.1559
GYPP	7	172	0.1864
GYPP	7	172.27	0.2065
GYPP	7	173	0.2595
GYPP	7	174	0.3593
GYPP	7	175	0.4756
GYPP	7	176	0.5865
GYPP	7	177	0.6692
GYPP	7	178	0.7048
GYPP	7	178.24	0.705
GYPP	7	179	0.6889
GYPP	7	180	0.6506
GYPP	7	181	0.5954
GYPP	7	181.69	0.5496
GYPP	7	181.69	0.5496
GYPP	7	182	0.5359
GYPP	7	183	0.4924
GYPP	7	184	0.4491
GYPP	7	185	0.4088
GYPP	7	185.46	0.3933
GYPP	7	186	0.4008
GYPP	7	187	0.4127
GYPP	7	188	0.4211
GYPP	7	188.18	0.4222
GYPP	7	189	0.3319
GYPP	7	189.78	0.2476
GYPP	8	10	0.122
GYPP	8	11	0.1397
GYPP	8	11.51	0.1476
GYPP	8	12	0.1991
GYPP	8	12.12	0.2123
GYPP	8	12.44	0.1947
GYPP	8	13	0.1846
GYPP	8	13.96	0.2063
GYPP	8	14	0.2077
GYPP	8	15	0.2563
GYPP	8	15.48	0.2875
GYPP	8	16	0.265
GYPP	8	17	0.2193
GYPP	8	18	0.1731
GYPP	8	18.54	0.1504
GYPP	8	18.54	0.1504
GYPP	8	19	0.1049
GYPP	8	20	0.0589
GYPP	8	21	0.0978
GYPP	8	21.21	0.1151
GYPP	8	22	0.0863
GYPP	8	22.35	0.0746
GYPP	8	23	0.0899
GYPP	8	24	0.1254
GYPP	8	25	0.1767
GYPP	8	26	0.2426
GYPP	8	27	0.3186
GYPP	8	28	0.398
GYPP	8	29	0.474
GYPP	8	30	0.5414
GYPP	8	31	0.5963
GYPP	8	32	0.6364
GYPP	8	33	0.6605
GYPP	8	34	0.6686
GYPP	8	35	0.6614
GYPP	8	35.37	0.6553
GYPP	8	36	0.7712
GYPP	8	37	0.9739
GYPP	8	38	1.1874
GYPP	8	39	1.3989
GYPP	8	40	1.5991
GYPP	8	41	1.7819
GYPP	8	41.36	1.8434
GYPP	8	42	1.6581
GYPP	8	42.33	1.534
GYPP	8	43	1.5364
GYPP	8	44	1.4775
GYPP	8	44.46	1.4329
GYPP	8	45	1.3665
GYPP	8	46	1.2389
GYPP	8	47	1.1069
GYPP	8	48	0.975
GYPP	8	49	0.8473
GYPP	8	50	0.7277
GYPP	8	50.09	0.7171
GYPP	8	51	0.727
GYPP	8	52	0.7253
GYPP	8	53	0.7096
GYPP	8	54	0.6805
GYPP	8	55	0.6394
GYPP	8	56	0.5889
GYPP	8	56.95	0.535
GYPP	8	57	0.5403
GYPP	8	58	0.6362
GYPP	8	59	0.7152
GYPP	8	60	0.7717
GYPP	8	61	0.8015
GYPP	8	61.94	0.8031
GYPP	8	62	0.8101
GYPP	8	62.61	0.8767
GYPP	8	62.91	0.7727
GYPP	8	63	0.7679
GYPP	8	64	0.7054
GYPP	8	64.03	0.7032
GYPP	8	64.36	0.8501
GYPP	8	64.68	0.9095
GYPP	8	64.68	0.9095
GYPP	8	64.68	0.9095
GYPP	8	64.68	0.9095
GYPP	8	65	0.7915
GYPP	8	65.04	0.7769
GYPP	8	65.04	0.7769
GYPP	8	65.04	0.7769
GYPP	8	65.04	0.7769
GYPP	8	65.04	0.7769
GYPP	8	65.04	0.7769
GYPP	8	65.74	0.7927
GYPP	8	65.74	0.7927
GYPP	8	66	0.8018
GYPP	8	66.73	0.7932
GYPP	8	67	0.8652
GYPP	8	67.01	0.8686
GYPP	8	67.01	0.8686
GYPP	8	67.3	0.8606
GYPP	8	67.58	0.9403
GYPP	8	67.63	0.9492
GYPP	8	67.63	0.9492
GYPP	8	68	1.0075
GYPP	8	69	1.1834
GYPP	8	70	1.3646
GYPP	8	70.03	1.3693
GYPP	8	71	1.3233
GYPP	8	71.02	1.3219
GYPP	8	72	1.4706
GYPP	8	73	1.498
GYPP	8	73.13	1.4923
GYPP	8	73.71	1.054
GYPP	8	73.71	1.054
GYPP	8	74	1.0322
GYPP	8	74.28	1.0118
GYPP	8	74.28	1.0118
GYPP	8	74.55	0.9602
GYPP	8	74.55	0.9602
GYPP	8	74.83	0.6922
GYPP	8	75	0.6919
GYPP	8	75.38	0.6906
GYPP	8	75.52	0.7242
GYPP	8	75.52	0.7242
GYPP	8	76	0.6051
GYPP	8	76.41	0.5047
GYPP	8	76.71	0.5699
GYPP	8	77	0.624
GYPP	8	77.45	0.7043
GYPP	8	77.45	0.7043
GYPP	8	77.45	0.7043
GYPP	8	77.63	0.8316
GYPP	8	77.96	0.9773
GYPP	8	77.96	0.9773
GYPP	8	78	0.9651
GYPP	8	79	0.6531
GYPP	8	79.19	0.5967
GYPP	8	79.46	0.684
GYPP	8	80	0.6413
GYPP	8	80.17	0.6241
GYPP	8	80.17	0.6241
GYPP	8	80.64	0.6566
GYPP	8	80.64	0.6566
GYPP	8	80.64	0.6566
GYPP	8	80.97	0.7046
GYPP	8	81	0.7142
GYPP	8	82	0.9983
GYPP	8	82.07	1.0186
GYPP	8	82.57	0.948
GYPP	8	83	0.9075
GYPP	8	83.15	0.8895
GYPP	8	83.68	0.7616
GYPP	8	84	0.7978
GYPP	8	84.27	0.8213
GYPP	8	84.56	0.6337
GYPP	8	85	0.6403
GYPP	8	86	0.6464
GYPP	8	86.7	0.643
GYPP	8	87	0.6462
GYPP	8	87.91	0.6459
GYPP	8	88	0.6381
GYPP	8	89	0.5449
GYPP	8	89.51	0.4976
GYPP	8	90	0.5634
GYPP	8	90.45	0.6129
GYPP	8	90.77	0.6834
GYPP	8	91	0.6629
GYPP	8	91.34	0.6318
GYPP	8	91.34	0.6318
GYPP	8	92	0.653
GYPP	8	93	0.6515
GYPP	8	93.28	0.6454
GYPP	8	93.28	0.6454
GYPP	8	93.28	0.6454
GYPP	8	93.84	0.5931
GYPP	8	94	0.6522
GYPP	8	94.39	0.6935
GYPP	8	95	0.4729
GYPP	8	95.81	0.1995
GYPP	8	95.81	0.1995
GYPP	8	96	0.2055
GYPP	8	96.46	0.2212
GYPP	8	97	0.2092
GYPP	8	98	0.1865
GYPP	8	99	0.1639
GYPP	8	99.43	0.1544
GYPP	8	100	0.125
GYPP	8	100.24	0.1134
GYPP	8	101	0.064
GYPP	8	101.37	0.0447
GYPP	8	102	0.0312
GYPP	8	103	0.0177
GYPP	8	103.85	0.0179
GYPP	8	104	0.0163
GYPP	8	104.48	0.0119
GYPP	8	105	0.0139
GYPP	8	106	0.0594
GYPP	8	107	0.1619
GYPP	8	108	0.3076
GYPP	8	109	0.472
GYPP	8	110	0.6331
GYPP	8	110.12	0.6521
GYPP	8	110.49	0.6952
GYPP	8	111	0.7238
GYPP	8	112	0.7737
GYPP	8	112.77	0.8034
GYPP	8	113	0.8387
GYPP	8	114	0.9952
GYPP	8	115	1.1418
GYPP	8	116	1.2668
GYPP	8	117	1.3629
GYPP	8	117.87	1.4214
GYPP	8	118	1.442
GYPP	8	119	1.5879
GYPP	8	120	1.7004
GYPP	8	121	1.7805
GYPP	8	122	1.8318
GYPP	8	123	1.8583
GYPP	8	123.74	1.8641
GYPP	8	124	1.8235
GYPP	8	125	1.6109
GYPP	8	125.85	1.3399
GYPP	8	126	1.301
GYPP	8	127	1.0406
GYPP	8	127.27	0.969
GYPP	8	128	1.0582
GYPP	8	128.62	1.11
GYPP	8	129	1.225
GYPP	8	130	1.5058
GYPP	8	131	1.7183
GYPP	8	132	1.8322
GYPP	8	132.15	1.8387
GYPP	8	133	1.9287
GYPP	8	134	1.9932
GYPP	8	135	2.0142
GYPP	8	135.18	2.0137
GYPP	8	136	1.93
GYPP	8	137	1.8154
GYPP	8	138	1.691
GYPP	8	139	1.5622
GYPP	8	139.65	1.4797
GYPP	8	140	1.4877
GYPP	8	141	1.4863
GYPP	8	141.72	1.456
GYPP	8	142	1.4594
GYPP	8	142.26	1.4592
GYPP	8	143	1.5165
GYPP	8	144	1.584
GYPP	8	145	1.6361
GYPP	8	146	1.6702
GYPP	8	147	1.6851
GYPP	8	147.03	1.6852
GYPP	8	148	1.5704
GYPP	8	149	1.4374
GYPP	8	150	1.2939
GYPP	8	151	1.1449
GYPP	8	152	0.9954
GYPP	8	153	0.851
GYPP	8	154	0.7175
GYPP	8	155	0.6002
GYPP	8	155.48	0.5511
GYPP	8	155.86	0.5947
GYPP	8	156	0.572
GYPP	8	156.4	0.5205
GYPP	8	156.4	0.5205
GYPP	8	157	0.4677
GYPP	8	158	0.3845
GYPP	8	158.05	0.381
GYPP	9	0	0.5302
GYPP	9	1	0.5697
GYPP	9	2	0.6107
GYPP	9	3	0.6496
GYPP	9	3.78	0.6768
GYPP	9	4	0.6705
GYPP	9	5	0.6367
GYPP	9	6	0.5902
GYPP	9	6.73	0.5473
GYPP	9	7	0.5356
GYPP	9	8	0.4828
GYPP	9	8.56	0.4479
GYPP	9	8.56	0.4479
GYPP	9	9	0.4143
GYPP	9	10	0.3393
GYPP	9	11	0.2678
GYPP	9	11.73	0.2193
GYPP	9	12	0.2421
GYPP	9	13	0.3387
GYPP	9	13.87	0.4295
GYPP	9	14	0.4169
GYPP	9	15	0.3204
GYPP	9	16	0.2312
GYPP	9	17	0.1541
GYPP	9	18	0.0933
GYPP	9	19	0.051
GYPP	9	20	0.0269
GYPP	9	20.65	0.0198
GYPP	9	21	0.0281
GYPP	9	22	0.0644
GYPP	9	23	0.1169
GYPP	9	24	0.1795
GYPP	9	25	0.2443
GYPP	9	25.46	0.2733
GYPP	9	26	0.2452
GYPP	9	27	0.205
GYPP	9	28	0.1901
GYPP	9	28.32	0.1923
GYPP	9	29	0.1903
GYPP	9	30	0.1855
GYPP	9	31	0.1783
GYPP	9	32	0.1688
GYPP	9	33	0.1576
GYPP	9	33.05	0.157
GYPP	9	33.25	0.1803
GYPP	9	33.61	0.1367
GYPP	9	34	0.1243
GYPP	9	35	0.0937
GYPP	9	36	0.0662
GYPP	9	37	0.0443
GYPP	9	37.52	0.0356
GYPP	9	38	0.0346
GYPP	9	39	0.033
GYPP	9	40	0.0325
GYPP	9	41	0.034
GYPP	9	42	0.0386
GYPP	9	43	0.047
GYPP	9	44	0.06
GYPP	9	45	0.0777
GYPP	9	46	0.1
GYPP	9	47	0.1262
GYPP	9	48	0.1555
GYPP	9	49	0.1868
GYPP	9	50	0.2192
GYPP	9	50.33	0.2298
GYPP	9	51	0.2231
GYPP	9	52	0.2183
GYPP	9	53	0.2225
GYPP	9	54	0.2373
GYPP	9	55	0.2626
GYPP	9	55.66	0.2839
GYPP	9	56	0.3222
GYPP	9	56.73	0.4011
GYPP	9	57	0.3945
GYPP	9	57.48	0.3982
GYPP	9	58	0.4148
GYPP	9	59	0.4409
GYPP	9	59.91	0.4576
GYPP	9	60	0.4698
GYPP	9	61	0.618
GYPP	9	61.35	0.6722
GYPP	9	62	0.7382
GYPP	9	63	0.8483
GYPP	9	64	0.9599
GYPP	9	65	1.0631
GYPP	9	65.11	1.0741
GYPP	9	65.88	1.2828
GYPP	9	65.88	1.2828
GYPP	9	65.88	1.2828
GYPP	9	66	1.2791
GYPP	9	67	1.2493
GYPP	9	67.84	1.2238
GYPP	9	67.84	1.2238
GYPP	9	67.84	1.2238
GYPP	9	68	1.2038
GYPP	9	68.2	1.1849
GYPP	9	68.2	1.1849
GYPP	9	68.2	1.1849
GYPP	9	68.2	1.1849
GYPP	9	68.2	1.1849
GYPP	9	68.2	1.1849
GYPP	9	68.2	1.1849
GYPP	9	68.2	1.1849
GYPP	9	68.86	1.0545
GYPP	9	68.86	1.0545
GYPP	9	69	1.0382
GYPP	9	69.87	0.8393
GYPP	9	69.87	0.8393
GYPP	9	69.87	0.8393
GYPP	9	70	0.827
GYPP	9	71	0.7458
GYPP	9	71.81	0.7037
GYPP	9	72	0.7708
GYPP	9	73	1.1347
GYPP	9	73.2	1.2021
GYPP	9	74	1.2166
GYPP	9	74.07	1.2177
GYPP	9	74.49	1.334
GYPP	9	75	1.3187
GYPP	9	76	1.2837
GYPP	9	76.93	1.2454
GYPP	9	77	1.2426
GYPP	9	77.86	1.2125
GYPP	9	78	1.194
GYPP	9	79	1.0452
GYPP	9	79.1	1.0286
GYPP	9	80	0.8974
GYPP	9	81	0.7944
GYPP	9	81.08	0.7881
GYPP	9	82	0.7018
GYPP	9	82.25	0.6742
GYPP	9	82.25	0.6742
GYPP	9	82.25	0.6742
GYPP	9	82.54	0.4954
GYPP	9	83	0.5059
GYPP	9	83.43	0.5258
GYPP	9	84	0.6377
GYPP	9	84.91	0.8077
GYPP	9	85	0.8104
GYPP	9	85.57	0.8294
GYPP	9	86	0.6916
GYPP	9	86.55	0.532
GYPP	9	86.89	0.4352
GYPP	9	87	0.432
GYPP	9	88	0.3975
GYPP	9	88.43	0.3794
GYPP	9	88.84	0.3346
GYPP	9	89	0.326
GYPP	9	90	0.2524
GYPP	9	90.07	0.2466
GYPP	9	90.27	0.288
GYPP	9	91	0.2345
GYPP	9	91.12	0.2263
GYPP	9	92	0.2737
GYPP	9	92.87	0.3465
GYPP	9	93	0.3834
GYPP	9	93.19	0.4361
GYPP	9	93.4	0.3354
GYPP	9	94	0.3489
GYPP	9	94.87	0.365
GYPP	9	95	0.3777
GYPP	9	96	0.4723
GYPP	9	96.19	0.4896
GYPP	9	97	0.4629
GYPP	9	98	0.4381
GYPP	9	99	0.4216
GYPP	9	100	0.4115
GYPP	9	100.07	0.4109
GYPP	9	101	0.4931
GYPP	9	101.03	0.4956
GYPP	9	102	0.527
GYPP	9	103	0.5534
GYPP	9	104	0.571
GYPP	9	105	0.5775
GYPP	9	106	0.572
GYPP	9	106.61	0.5626
GYPP	9	107	0.5405
GYPP	9	107.39	0.5255
GYPP	9	108	0.5532
GYPP	9	109	0.5947
GYPP	9	109.12	0.5993
GYPP	9	110	0.5781
GYPP	9	111	0.5471
GYPP	9	112	0.5102
GYPP	9	113	0.4691
GYPP	9	113.39	0.4525
GYPP	9	114	0.4394
GYPP	9	115	0.4155
GYPP	9	116	0.3896
GYPP	9	117	0.3627
GYPP	9	118	0.336
GYPP	9	119	0.3103
GYPP	9	119.11	0.3077
GYPP	9	120	0.3186
GYPP	9	121	0.3328
GYPP	9	122	0.3482
GYPP	9	123	0.3642
GYPP	9	124	0.3797
GYPP	9	124.33	0.3846
GYPP	9	125	0.4412
GYPP	9	126	0.5168
GYPP	9	127	0.5693
GYPP	9	128	0.5897
GYPP	9	128.15	0.5897
GYPP	9	129	0.5892
GYPP	9	130	0.5858
GYPP	9	131	0.5795
GYPP	9	132	0.5706
GYPP	9	133	0.5592
GYPP	9	133.98	0.5461
GYPP	9	134	0.5458
GYPP	9	135	0.5256
GYPP	9	136	0.4996
GYPP	9	137	0.4657
GYPP	9	138	0.4223
GYPP	9	139	0.3698
GYPP	9	139.4	0.3467
GYPP	9	140	0.3395
GYPP	9	141	0.3258
GYPP	9	142	0.3102
GYPP	9	143	0.2931
GYPP	9	144	0.2746
GYPP	9	145	0.2552
GYPP	9	145.7	0.2413
GYPP	9	146	0.2549
GYPP	9	146.83	0.3055
GYPP	9	147	0.2993
GYPP	9	148	0.2629
GYPP	9	149	0.2284
GYPP	9	150	0.1971
GYPP	9	151	0.1698
GYPP	9	152	0.1471
GYPP	9	152.83	0.1319
GYPP	9	153	0.1412
GYPP	9	154	0.2031
GYPP	9	154.19	0.2166
GYPP	9	155	0.2022
GYPP	9	156	0.1833
GYPP	9	157	0.1639
GYPP	9	158	0.145
GYPP	9	159	0.1274
GYPP	9	160	0.112
GYPP	9	161	0.0992
GYPP	9	161.6	0.0928
GYPP	9	162	0.0849
GYPP	9	163	0.075
GYPP	9	164	0.0803
GYPP	9	164.21	0.0834
GYPP	9	165	0.1226
GYPP	9	166	0.1788
GYPP	9	166.96	0.233
GYPP	9	167	0.2292
GYPP	9	167.53	0.1772
GYPP	9	168	0.2679
GYPP	9	168.23	0.3138
GYPP	10	0	0.4885
GYPP	10	0.39	0.4848
GYPP	10	0.39	0.4848
GYPP	10	1	0.5312
GYPP	10	2	0.608
GYPP	10	2.59	0.65
GYPP	10	3	0.6692
GYPP	10	4	0.7055
GYPP	10	5	0.7231
GYPP	10	5.56	0.7238
GYPP	10	6	0.7388
GYPP	10	7	0.7722
GYPP	10	8	0.8039
GYPP	10	9	0.8335
GYPP	10	10	0.8606
GYPP	10	11	0.8847
GYPP	10	12	0.905
GYPP	10	12.75	0.9174
GYPP	10	13	0.9135
GYPP	10	14	0.8862
GYPP	10	15	0.841
GYPP	10	16	0.7812
GYPP	10	17	0.7113
GYPP	10	18	0.6367
GYPP	10	19	0.5625
GYPP	10	20	0.4931
GYPP	10	20.84	0.4405
GYPP	10	21	0.4437
GYPP	10	22	0.4636
GYPP	10	23	0.484
GYPP	10	24	0.5045
GYPP	10	25	0.5247
GYPP	10	26	0.5444
GYPP	10	27	0.563
GYPP	10	28	0.5801
GYPP	10	29	0.5954
GYPP	10	30	0.6083
GYPP	10	31	0.6186
GYPP	10	32	0.6258
GYPP	10	33	0.6299
GYPP	10	34	0.6307
GYPP	10	35	0.6282
GYPP	10	36	0.6224
GYPP	10	37	0.6136
GYPP	10	38	0.6019
GYPP	10	39	0.5877
GYPP	10	40	0.5712
GYPP	10	41	0.553
GYPP	10	42	0.5333
GYPP	10	43	0.5127
GYPP	10	44	0.4914
GYPP	10	45	0.4699
GYPP	10	46	0.4483
GYPP	10	47	0.427
GYPP	10	48	0.4063
GYPP	10	49	0.3861
GYPP	10	49.8	0.3706
GYPP	10	50	0.3744
GYPP	10	51	0.3913
GYPP	10	52	0.4033
GYPP	10	53	0.4091
GYPP	10	54	0.4091
GYPP	10	54.54	0.4076
GYPP	10	55	0.4464
GYPP	10	56	0.527
GYPP	10	57	0.5974
GYPP	10	57.64	0.6355
GYPP	10	58	0.7617
GYPP	10	58.48	0.9391
GYPP	10	59	0.9194
GYPP	10	59.81	0.7788
GYPP	10	60	0.7386
GYPP	10	60.9	0.5051
GYPP	10	61	0.5015
GYPP	10	61.41	0.4652
GYPP	10	61.62	0.5646
GYPP	10	61.62	0.5646
GYPP	10	61.62	0.5646
GYPP	10	61.62	0.5646
GYPP	10	62	0.5704
GYPP	10	63	0.5298
GYPP	10	63.68	0.4666
GYPP	10	64	0.4572
GYPP	10	64.85	0.4119
GYPP	10	64.85	0.4119
GYPP	10	64.94	0.3664
GYPP	10	64.94	0.3664
GYPP	10	65	0.3391
GYPP	10	65.75	0.0971
GYPP	10	66	0.0844
GYPP	10	66.31	0.0721
GYPP	10	67	0.0557
GYPP	10	68	0.0438
GYPP	10	68.01	0.0437
GYPP	10	68.47	0.013
GYPP	10	68.77	0.0129
GYPP	10	69	0.0085
GYPP	10	69.24	0.0078
GYPP	10	69.53	0.0084
GYPP	10	70	0.0061
GYPP	10	70.91	0.015
GYPP	10	71	0.0149
GYPP	10	72	0.0164
GYPP	10	72.8	0.0212
GYPP	10	73	0.0213
GYPP	10	73.22	0.0219
GYPP	10	74	0.0242
GYPP	10	74.33	0.0293
GYPP	10	74.33	0.0293
GYPP	10	74.33	0.0293
GYPP	10	75	0.0695
GYPP	10	75.15	0.081
GYPP	10	76	0.1323
GYPP	10	76.02	0.1334
GYPP	10	76.79	0.1968
GYPP	10	77	0.1768
GYPP	10	77.19	0.1611
GYPP	10	78	0.1474
GYPP	10	79	0.1281
GYPP	10	80	0.1071
GYPP	10	81	0.0856
GYPP	10	82	0.0651
GYPP	10	83	0.0472
GYPP	10	84	0.0329
GYPP	10	85	0.0226
GYPP	10	85.45	0.0193
GYPP	10	86	0.0161
GYPP	10	87	0.0113
GYPP	10	88	0.0082
GYPP	10	89	0.0068
GYPP	10	89.33	0.0068
GYPP	10	90	0.0042
GYPP	10	91	0.0023
GYPP	10	92	0.0027
GYPP	10	93	0.0057
GYPP	10	94	0.0114
GYPP	10	95	0.0198
GYPP	10	96	0.031
GYPP	10	97	0.0448
GYPP	10	98	0.061
GYPP	10	99	0.0794
GYPP	10	100	0.0996
GYPP	10	101	0.1214
GYPP	10	102	0.1443
GYPP	10	103	0.1682
GYPP	10	103.02	0.1686
GYPP	10	104	0.2321
GYPP	10	104.26	0.2494
GYPP	10	105	0.2507
GYPP	10	106	0.2526
GYPP	10	107	0.2557
GYPP	10	108	0.2605
GYPP	10	109	0.2673
GYPP	10	109.24	0.2692
GYPP	10	109.58	0.4352
GYPP	10	109.58	0.4352
GYPP	10	110	0.4341
GYPP	10	111	0.4286
GYPP	10	111.99	0.4195
GYPP	10	112	0.4195
GYPP	10	113	0.4149
GYPP	10	114	0.405
GYPP	10	115	0.3894
GYPP	10	115.28	0.3839
GYPP	10	115.6	0.4318
GYPP	10	115.89	0.3111
GYPP	10	116	0.3179
GYPP	10	117	0.3739
GYPP	10	118	0.4132
GYPP	10	118.15	0.4175
GYPP	10	118.15	0.4175
GYPP	10	118.15	0.4175
GYPP	10	119	0.4811
GYPP	10	119.87	0.5412
GYPP	10	120	0.5412
GYPP	10	120.75	0.5623
GYPP	10	121	0.5775
GYPP	10	122	0.6328
GYPP	10	123	0.6794
GYPP	10	123.24	0.6892
GYPP	10	124	0.6555
GYPP	10	125	0.6256
GYPP	10	125.84	0.6115
GYPP	10	126	0.6081
GYPP	10	127	0.586
GYPP	10	128	0.5638
GYPP	10	129	0.5433
GYPP	10	130	0.5258
GYPP	10	131	0.5121
GYPP	10	131.85	0.5036
GYPP	10	132	0.501
GYPP	10	133	0.4855
GYPP	10	134	0.4751
GYPP	10	134.68	0.4728
GYPP	10	135	0.4341
GYPP	10	136	0.3379
GYPP	10	137	0.3065
GYPP	10	137.84	0.337
GYPP	10	138	0.3278
GYPP	10	138.71	0.2351
GYPP	10	139	0.2374
GYPP	10	140	0.2446
GYPP	10	141	0.2514
GYPP	10	142	0.2581
GYPP	10	142.22	0.2596
GYPP	10	143	0.3103
GYPP	10	144	0.3731
GYPP	10	144.87	0.4215
GYPP	10	145	0.4195
GYPP	10	145.42	0.4139
GYPP	10	146	0.3369
GYPP	10	146.22	0.2977
GYPP	10	146.22	0.2977
GYPP	10	147	0.3099
GYPP	10	148	0.3314
GYPP	10	148.29	0.3389
GYPP	10	149	0.3648
GYPP	10	150	0.3925
GYPP	10	151	0.4112
GYPP	10	151.48	0.4177
HI	1	0	0.5162
HI	1	0.25	0.3598
HI	1	1	0.3762
HI	1	1.52	0.3879
HI	1	2	0.3974
HI	1	3	0.4211
HI	1	3.78	0.4475
HI	1	4	0.4494
HI	1	5	0.4551
HI	1	6	0.4563
HI	1	6.11	0.4561
HI	1	7	0.4812
HI	1	8	0.5062
HI	1	9	0.5262
HI	1	10	0.5403
HI	1	11	0.5479
HI	1	12	0.5489
HI	1	12.31	0.5479
HI	1	13	0.6527
HI	1	13.84	0.7771
HI	1	14	0.7723
HI	1	15	0.7391
HI	1	15.81	0.7075
HI	1	16	0.6954
HI	1	17	0.643
HI	1	18	0.6129
HI	1	19	0.6071
HI	1	20	0.6222
HI	1	20.14	0.6257
HI	1	21	0.6477
HI	1	21.01	0.648
HI	1	21.91	0.6277
HI	1	22	0.6239
HI	1	22.8	0.5914
HI	1	23	0.6337
HI	1	23.11	0.6558
HI	1	23.11	0.6558
HI	1	23.53	0.6382
HI	1	24	0.653
HI	1	25	0.6781
HI	1	26	0.6825
HI	1	27	0.6644
HI	1	27.28	0.6559
HI	1	28	0.5991
HI	1	29	0.5072
HI	1	30	0.4034
HI	1	31	0.2969
HI	1	31.61	0.2368
HI	1	32	0.2344
HI	1	33	0.2279
HI	1	34	0.2205
HI	1	35	0.2122
HI	1	36	0.203
HI	1	37	0.1932
HI	1	38	0.1827
HI	1	38.83	0.1736
HI	1	39	0.1771
HI	1	40	0.2139
HI	1	40.63	0.249
HI	1	40.63	0.249
HI	1	41	0.2588
HI	1	42	0.2844
HI	1	43	0.3077
HI	1	43.74	0.3233
HI	1	44	0.2448
HI	1	44.09	0.219
HI	1	45	0.2058
HI	1	46	0.1888
HI	1	46.08	0.1875
HI	1	46.36	0.1818
HI	1	47	0.2602
HI	1	48	0.4046
HI	1	48.62	0.4996
HI	1	48.62	0.4996
HI	1	48.94	0.5054
HI	1	48.94	0.5054
HI	1	49	0.5079
HI	1	49.5	0.5306
HI	1	50	0.5097
HI	1	51	0.4644
HI	1	51.18	0.4556
HI	1	51.18	0.4556
HI	1	51.79	0.4232
HI	1	52	0.4297
HI	1	52.96	0.452
HI	1	53	0.4551
HI	1	54	0.5286
HI	1	55	0.5948
HI	1	56	0.6514
HI	1	57	0.7002
HI	1	57.49	0.7225
HI	1	58	0.6455
HI	1	58.7	0.5974
HI	1	58.7	0.5974
HI	1	59	0.5923
HI	1	60	0.5738
HI	1	61	0.5535
HI	1	62	0.532
HI	1	63	0.5097
HI	1	64	0.487
HI	1	64.59	0.4735
HI	1	65	0.486
HI	1	66	0.5169
HI	1	66.35	0.5279
HI	1	67	0.4827
HI	1	68	0.4126
HI	1	69	0.3503
HI	1	69.35	0.3321
HI	1	69.88	0.2528
HI	1	69.88	0.2528
HI	1	69.88	0.2528
HI	1	70	0.2502
HI	1	70.15	0.247
HI	1	70.42	0.2921
HI	1	70.42	0.2921
HI	1	71	0.3107
HI	1	72	0.3358
HI	1	72.68	0.3476
HI	1	73	0.3383
HI	1	73.25	0.3149
HI	1	74	0.3441
HI	1	74.94	0.409
HI	1	75	0.4073
HI	1	75.32	0.398
HI	1	76	0.439
HI	1	77	0.568
HI	1	78	0.6981
HI	1	78.22	0.7173
HI	1	79	0.623
HI	1	79.22	0.5948
HI	1	80	0.8577
HI	1	81	1.1485
HI	1	81.02	1.1534
HI	1	81.87	1.033
HI	1	82	1.0226
HI	1	83	0.9383
HI	1	84	0.8412
HI	1	84	0.8406
HI	1	84.68	0.6243
HI	1	85	0.6431
HI	1	85.25	0.6576
HI	1	86	0.616
HI	1	87	0.5594
HI	1	87.01	0.5587
HI	1	88	0.8539
HI	1	88.14	0.8934
HI	1	88.14	0.8934
HI	1	89	0.8719
HI	1	89.25	0.8508
HI	1	90	0.7722
HI	1	90.36	0.6981
HI	1	90.36	0.6981
HI	1	90.36	0.6981
HI	1	90.53	0.7455
HI	1	90.53	0.7455
HI	1	91	0.6666
HI	1	91.16	0.6381
HI	1	91.16	0.6381
HI	1	91.22	0.6532
HI	1	91.22	0.6532
HI	1	92	0.8524
HI	1	92.39	0.9097
HI	1	92.96	0.7683
HI	1	93	0.7672
HI	1	93.16	0.7627
HI	1	93.44	0.6593
HI	1	94	0.6609
HI	1	95	0.6355
HI	1	95.66	0.5986
HI	1	96	0.5744
HI	1	97	0.4644
HI	1	97.63	0.3653
HI	1	98	0.3553
HI	1	99	0.3033
HI	1	99.06	0.2986
HI	1	100	0.3309
HI	1	101	0.3562
HI	1	101.19	0.3596
HI	1	101.96	0.414
HI	1	102	0.4146
HI	1	103	0.4335
HI	1	103.18	0.4373
HI	1	104	0.5291
HI	1	105	0.6086
HI	1	105.12	0.6149
HI	1	106	0.7344
HI	1	106.79	0.8171
HI	1	106.79	0.8171
HI	1	107	0.7916
HI	1	107.71	0.7
HI	1	108	0.6791
HI	1	109	0.601
HI	1	109.29	0.5768
HI	1	110	0.5886
HI	1	110.96	0.5939
HI	1	111	0.6007
HI	1	112	0.7831
HI	1	113	0.9623
HI	1	114	1.1184
HI	1	115	1.2423
HI	1	115.25	1.2675
HI	1	116	1.2865
HI	1	117	1.2629
HI	1	118	1.1687
HI	1	119	1.003
HI	1	119.33	0.9385
HI	1	120	0.8916
HI	1	121	0.7821
HI	1	121.21	0.7533
HI	1	122	0.8194
HI	1	122.08	0.8219
HI	1	122.47	0.5986
HI	1	123	0.7578
HI	1	124	0.9711
HI	1	124.32	1.0123
HI	1	125	1.0836
HI	1	126	1.1853
HI	1	127	1.2735
HI	1	128	1.342
HI	1	128.27	1.3565
HI	1	129	1.2709
HI	1	130	1.1229
HI	1	131	0.9498
HI	1	131.96	0.7846
HI	1	132	0.7879
HI	1	133	0.8934
HI	1	134	1.0157
HI	1	135	1.1394
HI	1	136	1.2491
HI	1	137	1.336
HI	1	138	1.3974
HI	1	138.18	1.4059
HI	1	139	1.4821
HI	1	140	1.5678
HI	1	141	1.6419
HI	1	142	1.7006
HI	1	143	1.7406
HI	1	144	1.7604
HI	1	144.75	1.764
HI	1	145	1.7842
HI	1	145.59	1.8201
HI	1	146	1.7863
HI	1	146.72	1.7034
HI	1	147	1.5898
HI	1	147.73	1.1443
HI	1	148	1.0369
HI	1	148.09	0.999
HI	1	149	1.2319
HI	1	149.56	1.3703
HI	1	150	1.3926
HI	1	150.73	1.3998
HI	1	150.73	1.3998
HI	1	150.73	1.3998
HI	1	150.73	1.3998
HI	1	150.73	1.3998
HI	1	151	1.3634
HI	1	152	1.2018
HI	1	152.69	1.0706
HI	1	152.96	1.1988
HI	1	152.96	1.1988
HI	1	152.96	1.1988
HI	1	152.96	1.1988
HI	1	152.96	1.1988
HI	1	152.96	1.1988
HI	1	153	1.2072
HI	1	153.23	1.2552
HI	1	153.23	1.2552
HI	1	153.23	1.2552
HI	1	153.23	1.2552
HI	1	153.23	1.2552
HI	1	153.5	1.1988
HI	1	153.5	1.1988
HI	1	153.5	1.1988
HI	1	153.5	1.1988
HI	1	153.5	1.1988
HI	1	153.5	1.1988
HI	1	153.5	1.1988
HI	1	153.5	1.1988
HI	1	153.5	1.1988
HI	1	153.5	1.1988
HI	1	153.5	1.1988
HI	1	153.5	1.1988
HI	1	153.5	1.1988
HI	1	153.5	1.1988
HI	1	153.5	1.1988
HI	1	153.75	1.3204
HI	1	154	1.2693
HI	1	155	1.0662
HI	1	156	0.8709
HI	1	157	0.6876
HI	1	158	0.5208
HI	1	159	0.375
HI	1	160	0.2539
HI	1	160.39	0.2144
HI	1	161	0.2456
HI	1	162	0.3061
HI	1	163	0.3779
HI	1	164	0.4587
HI	1	165	0.545
HI	1	166	0.6326
HI	1	167	0.7172
HI	1	168	0.7954
HI	1	169	0.8645
HI	1	170	0.9229
HI	1	170.61	0.9529
HI	1	171	0.9591
HI	1	172	0.9672
HI	1	173	0.9623
HI	1	174	0.9428
HI	1	175	0.9079
HI	1	176	0.8578
HI	1	177	0.7939
HI	1	178	0.7191
HI	1	179	0.6376
HI	1	180	0.5547
HI	1	180.89	0.4842
HI	1	181	0.4773
HI	1	182	0.4184
HI	1	183	0.3628
HI	1	184	0.312
HI	1	185	0.2666
HI	1	186	0.2274
HI	1	187	0.1944
HI	1	188	0.1676
HI	1	189	0.1463
HI	1	190	0.13
HI	1	191	0.1181
HI	1	192	0.1101
HI	1	193	0.1053
HI	1	194	0.1035
HI	1	194.61	0.1037
HI	1	194.61	0.1037
HI	1	194.61	0.1037
HI	1	195	0.0999
HI	1	195.47	0.0955
HI	1	196	0.0686
HI	1	196.98	0.0325
HI	1	197	0.032
HI	1	198	0.0108
HI	1	199	0.0011
HI	1	200	0.0054
HI	1	201	0.0235
HI	1	201.3	0.031
HI	1	202	0.0164
HI	1	203	0.0034
HI	1	204	2e-04
HI	1	205	0.0068
HI	1	206	0.0227
HI	1	207	0.0463
HI	1	208	0.0759
HI	1	209	0.109
HI	1	210	0.1436
HI	1	210.35	0.1556
HI	1	211	0.1441
HI	1	212	0.1312
HI	1	213	0.1249
HI	1	214	0.1257
HI	1	215	0.1339
HI	1	216	0.1495
HI	1	217	0.1721
HI	1	218	0.2006
HI	1	218.22	0.2076
HI	1	219	0.1495
HI	1	219.13	0.1419
HI	1	219.44	0.0286
HI	1	219.44	0.0286
HI	1	220	0.0298
HI	1	221	0.0367
HI	1	221.01	0.0369
HI	1	221.96	0.0174
HI	1	222	0.017
HI	1	223	0.0207
HI	1	224	0.0501
HI	1	224.6	0.0774
HI	1	224.97	0.0878
HI	1	225	0.0871
HI	1	225.83	0.0689
HI	1	226	0.0781
HI	1	226.58	0.1097
HI	1	227	0.1409
HI	1	228	0.2152
HI	1	228.14	0.2248
HI	1	229	0.2198
HI	1	230	0.2148
HI	1	231	0.2113
HI	1	232	0.2098
HI	1	233	0.2112
HI	1	234	0.2159
HI	1	234.97	0.2242
HI	1	235	0.2252
HI	1	236	0.2602
HI	1	237	0.2925
HI	1	237.77	0.3139
HI	1	238	0.3017
HI	1	239	0.2486
HI	1	240	0.1967
HI	1	241	0.1489
HI	1	242	0.1079
HI	1	243	0.0756
HI	1	243.07	0.0738
HI	1	244	0.0613
HI	1	245	0.0491
HI	1	246	0.0382
HI	1	247	0.0292
HI	1	247.22	0.0275
HI	1	248	0.0822
HI	1	248.76	0.1532
HI	1	249	0.1859
HI	1	249.58	0.2678
HI	1	250	0.2888
HI	1	250	0.2888
HI	1	251	0.2907
HI	1	252	0.2901
HI	1	253	0.287
HI	1	254	0.2813
HI	1	255	0.2734
HI	1	256	0.2636
HI	1	256.31	0.2602
HI	1	257	0.2953
HI	1	258	0.3342
HI	1	258.12	0.3382
HI	1	259	0.5453
HI	1	260	0.7281
HI	1	260.03	0.7323
HI	1	261	0.7031
HI	1	262	0.666
HI	1	263	0.6223
HI	1	264	0.5729
HI	1	265	0.5197
HI	1	266	0.4653
HI	1	267	0.4125
HI	1	267.88	0.3696
HI	2	0	0.959
HI	2	1	0.9623
HI	2	2	0.9569
HI	2	3	0.9434
HI	2	4	0.9223
HI	2	4.71	0.9032
HI	2	5	0.951
HI	2	5.27	0.9941
HI	2	5.55	0.984
HI	2	5.55	0.984
HI	2	6	1.0686
HI	2	6.23	1.1001
HI	2	7	0.9988
HI	2	7.09	0.9866
HI	2	8	1.087
HI	2	8.1	1.0977
HI	2	8.67	1.1201
HI	2	9	1.1384
HI	2	9.35	1.1574
HI	2	9.73	1.0971
HI	2	10	1.0786
HI	2	11	1.0133
HI	2	12	0.9534
HI	2	13	0.9004
HI	2	14	0.8551
HI	2	14.35	0.841
HI	2	15	0.7961
HI	2	16	0.7258
HI	2	16.89	0.6626
HI	2	17	0.6484
HI	2	18	0.5151
HI	2	18.84	0.4102
HI	2	19	0.4115
HI	2	20	0.4192
HI	2	21	0.4245
HI	2	22	0.4253
HI	2	22.44	0.424
HI	2	23	0.395
HI	2	23.16	0.3869
HI	2	23.79	0.3262
HI	2	24	0.322
HI	2	24.57	0.312
HI	2	24.86	0.3214
HI	2	25	0.3222
HI	2	26	0.3236
HI	2	27	0.3187
HI	2	27	0.3188
HI	2	28	0.3781
HI	2	29	0.4015
HI	2	29.12	0.4021
HI	2	30	0.4942
HI	2	30.21	0.5208
HI	2	30.21	0.5208
HI	2	31	0.5511
HI	2	32	0.5921
HI	2	32.35	0.6069
HI	2	33	0.638
HI	2	34	0.6882
HI	2	35	0.7354
HI	2	36	0.7728
HI	2	37	0.7937
HI	2	38	0.7928
HI	2	38.75	0.777
HI	2	39	0.7671
HI	2	40	0.7253
HI	2	41	0.6795
HI	2	42	0.63
HI	2	43	0.5777
HI	2	44	0.5234
HI	2	45	0.4683
HI	2	46	0.4138
HI	2	46.99	0.3618
HI	2	47	0.3614
HI	2	48	0.3334
HI	2	49	0.3036
HI	2	50	0.2725
HI	2	51	0.2407
HI	2	52	0.2089
HI	2	53	0.1781
HI	2	54	0.1492
HI	2	55	0.123
HI	2	56	0.1001
HI	2	57	0.081
HI	2	58	0.0657
HI	2	58.58	0.0585
HI	2	59	0.0615
HI	2	60	0.0698
HI	2	61	0.08
HI	2	62	0.092
HI	2	63	0.1057
HI	2	64	0.121
HI	2	65	0.1374
HI	2	66	0.1549
HI	2	67	0.1732
HI	2	68	0.1919
HI	2	68.02	0.1923
HI	2	69	0.1937
HI	2	70	0.1939
HI	2	70.04	0.1938
HI	2	71	0.2105
HI	2	71.33	0.2162
HI	2	72	0.2028
HI	2	72.69	0.1891
HI	2	73	0.1962
HI	2	74	0.2207
HI	2	74.94	0.2454
HI	2	75	0.2409
HI	2	75.94	0.1671
HI	2	76	0.1665
HI	2	77	0.1576
HI	2	78	0.1498
HI	2	78.97	0.1432
HI	2	79	0.1427
HI	2	79.87	0.1291
HI	2	80	0.1218
HI	2	81	0.0824
HI	2	81.81	0.0842
HI	2	81.81	0.0842
HI	2	81.81	0.0842
HI	2	82	0.0704
HI	2	82.69	0.0438
HI	2	83	0.0396
HI	2	84	0.0427
HI	2	84.33	0.0489
HI	2	85	0.0543
HI	2	86	0.0619
HI	2	87	0.0684
HI	2	87.51	0.0714
HI	2	88	0.0641
HI	2	89	0.0495
HI	2	90	0.036
HI	2	91	0.0241
HI	2	92	0.0143
HI	2	93	0.007
HI	2	94	0.0026
HI	2	95	0.0011
HI	2	96	0.0024
HI	2	96.92	0.0059
HI	2	97	0.0058
HI	2	98	0.0107
HI	2	99	0.028
HI	2	100	0.056
HI	2	101	0.0917
HI	2	102	0.1321
HI	2	102.4	0.1493
HI	2	103	0.1448
HI	2	104	0.1409
HI	2	105	0.142
HI	2	106	0.1482
HI	2	107	0.1584
HI	2	108	0.1711
HI	2	109	0.1844
HI	2	109.98	0.1965
HI	2	110	0.1968
HI	2	111	0.2196
HI	2	112	0.2434
HI	2	113	0.2666
HI	2	114	0.2876
HI	2	115	0.3049
HI	2	116	0.3178
HI	2	116.72	0.3243
HI	2	117	0.3373
HI	2	118	0.3848
HI	2	119	0.4302
HI	2	120	0.4709
HI	2	120.68	0.4953
HI	2	121	0.5172
HI	2	121.35	0.5386
HI	2	122	0.4962
HI	2	122.54	0.4598
HI	2	122.68	0.4611
HI	2	123	0.5468
HI	2	123.54	0.664
HI	2	124	0.5845
HI	2	124.36	0.5283
HI	2	124.36	0.5283
HI	2	125	0.4727
HI	2	126	0.3949
HI	2	127	0.337
HI	2	128	0.303
HI	2	128.09	0.3011
HI	2	128.38	0.3197
HI	2	128.67	0.3331
HI	2	128.67	0.3331
HI	2	128.95	0.3156
HI	2	129	0.3212
HI	2	129.36	0.3588
HI	2	129.69	0.2289
HI	2	130	0.222
HI	2	130.39	0.2159
HI	2	130.39	0.2159
HI	2	130.39	0.2159
HI	2	130.39	0.2159
HI	2	130.39	0.2159
HI	2	130.39	0.2159
HI	2	130.39	0.2159
HI	2	130.39	0.2159
HI	2	130.39	0.2159
HI	2	130.39	0.2159
HI	2	130.39	0.2159
HI	2	130.39	0.2159
HI	2	130.39	0.2159
HI	2	130.59	0.2166
HI	2	130.59	0.2166
HI	2	130.79	0.2095
HI	2	130.79	0.2095
HI	2	131	0.2098
HI	2	131.11	0.2099
HI	2	131.71	0.2213
HI	2	131.71	0.2213
HI	2	131.71	0.2213
HI	2	131.71	0.2213
HI	2	131.71	0.2213
HI	2	131.71	0.2213
HI	2	131.71	0.2213
HI	2	132	0.2451
HI	2	132.25	0.2658
HI	2	132.25	0.2658
HI	2	132.25	0.2658
HI	2	133	0.2481
HI	2	133.14	0.2479
HI	2	133.5	0.2683
HI	2	133.63	0.2624
HI	2	133.63	0.2624
HI	2	133.63	0.2624
HI	2	134	0.2688
HI	2	134.17	0.2725
HI	2	134.17	0.2725
HI	2	135	0.186
HI	2	135.56	0.1332
HI	2	135.84	0.1324
HI	2	135.84	0.1324
HI	2	136	0.1272
HI	2	136.33	0.1197
HI	2	136.33	0.1197
HI	2	137	0.0759
HI	2	137.41	0.0573
HI	2	138	0.0977
HI	2	138.58	0.1469
HI	2	139	0.1228
HI	2	139.43	0.1011
HI	2	139.43	0.1011
HI	2	140	0.1245
HI	2	140.53	0.1508
HI	2	141	0.1403
HI	2	141.07	0.1391
HI	2	141.07	0.1391
HI	2	141.07	0.1391
HI	2	142	0.1321
HI	2	142.88	0.1309
HI	2	142.88	0.1309
HI	2	143	0.1324
HI	2	144	0.1422
HI	2	144.42	0.1447
HI	2	144.78	0.1415
HI	2	145	0.1466
HI	2	145.32	0.1544
HI	2	145.32	0.1544
HI	2	146	0.0881
HI	2	146.14	0.0769
HI	2	146.14	0.0769
HI	2	146.14	0.0769
HI	2	147	0.0665
HI	2	148	0.055
HI	2	148.55	0.0497
HI	2	149	0.0548
HI	2	150	0.0729
HI	2	151	0.0997
HI	2	152	0.1336
HI	2	153	0.1724
HI	2	154	0.214
HI	2	154.02	0.2149
HI	2	154.02	0.2149
HI	2	154.56	0.1495
HI	2	154.56	0.1495
HI	2	154.83	0.2291
HI	2	155	0.1893
HI	2	155.67	0.0781
HI	2	156	0.0745
HI	2	156.84	0.0675
HI	2	157	0.0697
HI	2	158	0.0749
HI	2	158.32	0.0735
HI	2	159	0.0828
HI	2	159.79	0.108
HI	2	160	0.13
HI	2	160.39	0.1819
HI	2	160.78	0.1272
HI	2	160.78	0.1272
HI	2	161	0.1315
HI	2	161.73	0.1502
HI	2	162	0.1539
HI	2	162.81	0.1859
HI	2	163	0.192
HI	2	163.3	0.2028
HI	2	163.47	0.2171
HI	2	164	0.1437
HI	2	164.34	0.0996
HI	2	165	0.0889
HI	2	165.88	0.077
HI	2	166	0.0751
HI	2	167	0.0621
HI	2	168	0.0531
HI	2	169	0.0484
HI	2	170	0.0479
HI	2	171	0.0511
HI	2	171.74	0.0555
HI	2	172	0.0548
HI	2	173	0.053
HI	2	174	0.0527
HI	2	175	0.054
HI	2	176	0.0569
HI	2	177	0.0616
HI	2	177.6	0.0652
HI	2	178	0.0691
HI	2	179	0.079
HI	2	180	0.0895
HI	2	180.37	0.0935
HI	2	181	0.1521
HI	2	181.76	0.2305
HI	2	182	0.2522
HI	2	182.75	0.3174
HI	2	183	0.2949
HI	2	183.36	0.2625
HI	2	183.36	0.2625
HI	2	183.36	0.2625
HI	2	184	0.2313
HI	2	185	0.1845
HI	2	185.42	0.1663
HI	2	185.42	0.1663
HI	2	186	0.1582
HI	2	186.64	0.1547
HI	2	187	0.199
HI	2	187.19	0.2252
HI	2	187.19	0.2252
HI	2	188	0.2013
HI	2	188.01	0.201
HI	2	188.01	0.201
HI	2	188.47	0.1935
HI	2	188.78	0.1957
HI	2	189	0.1953
HI	2	189.65	0.1949
HI	2	190	0.1853
HI	2	191	0.1576
HI	2	191.03	0.1569
HI	2	191.71	0.3603
HI	2	192	0.3843
HI	2	192.69	0.4429
HI	2	193	0.4561
HI	2	193.68	0.4853
HI	2	194	0.4642
HI	2	195	0.391
HI	2	196	0.3115
HI	2	196.21	0.2951
HI	2	197	0.3267
HI	2	198	0.3699
HI	2	199	0.4168
HI	2	200	0.4666
HI	2	201	0.5186
HI	2	202	0.5719
HI	2	203	0.6253
HI	2	204	0.6779
HI	2	204.23	0.6899
HI	2	205	0.6293
HI	2	206	0.5475
HI	2	207	0.4649
HI	2	208	0.3842
HI	2	209	0.3084
HI	2	209.59	0.2669
HI	2	210	0.2728
HI	2	210.97	0.288
HI	2	211	0.2868
HI	2	211.48	0.267
HI	2	211.48	0.267
HI	2	212	0.5153
HI	2	212.25	0.6347
HI	2	213	0.7616
HI	2	214	0.8939
HI	2	215	0.9862
HI	2	215.17	0.9986
HI	2	216	0.9846
HI	2	217	0.965
HI	2	218	0.9391
HI	2	218.7	0.9166
HI	2	219	0.8666
HI	2	219.99	0.6725
HI	2	220	0.6732
HI	2	221	0.7681
HI	2	221.54	0.8171
HI	2	222	0.8628
HI	2	222.31	0.8639
HI	2	223	1.0281
HI	2	224	1.2776
HI	2	225	1.5015
HI	2	225.96	1.6749
HI	2	226	1.6633
HI	2	227	1.3746
HI	2	228	1.0333
HI	2	228.44	0.8725
HI	2	229	0.8715
HI	2	230	0.8776
HI	2	231	0.9072
HI	2	231.5	0.93
HI	2	232	1.0071
HI	2	233	1.154
HI	2	234	1.2814
HI	2	235	1.3798
HI	2	236	1.4438
HI	2	237	1.4712
HI	2	237.74	1.4688
HI	2	238	1.4639
HI	2	239	1.405
HI	2	240	1.2894
HI	2	240.31	1.2445
HI	2	240.62	1.2358
HI	2	241	1.3675
HI	2	242	1.6943
HI	2	242.86	1.9468
HI	2	243	1.9344
HI	2	244	1.799
HI	2	244.56	1.6669
HI	2	245	1.6858
HI	2	245.2	1.6876
HI	2	246	1.5559
HI	2	246.13	1.5316
HI	2	247	1.6732
HI	2	248	1.7974
HI	2	249	1.8712
HI	2	250	1.8906
HI	2	251	1.8549
HI	2	251.18	1.843
HI	3	35	0.0244
HI	3	36	0.0339
HI	3	37	0.0457
HI	3	38	0.0595
HI	3	38.27	0.0636
HI	3	39	0.0732
HI	3	40	0.0876
HI	3	41	0.1033
HI	3	42	0.1202
HI	3	43	0.1381
HI	3	44	0.1567
HI	3	45	0.176
HI	3	46	0.1957
HI	3	47	0.2155
HI	3	48	0.2353
HI	3	48.27	0.2406
HI	3	49	0.2424
HI	3	49.83	0.2476
HI	3	50	0.256
HI	3	51	0.3116
HI	3	52	0.3735
HI	3	53	0.4337
HI	3	53.88	0.4797
HI	3	54	0.4854
HI	3	54.92	0.5368
HI	3	55	0.5285
HI	3	56	0.4235
HI	3	57	0.3297
HI	3	57.8	0.2655
HI	3	58	0.2546
HI	3	59	0.2226
HI	3	59.24	0.2208
HI	3	60	0.1604
HI	3	60.87	0.0966
HI	3	61	0.0963
HI	3	61.51	0.0942
HI	3	62	0.1002
HI	3	63	0.1338
HI	3	63.63	0.1687
HI	3	64	0.1514
HI	3	65	0.1109
HI	3	65.18	0.1044
HI	3	66	0.0972
HI	3	67	0.0903
HI	3	68	0.0863
HI	3	69	0.0861
HI	3	70	0.09
HI	3	71	0.0978
HI	3	71.8	0.1065
HI	3	72	0.1079
HI	3	73	0.1188
HI	3	74	0.136
HI	3	74.83	0.154
HI	3	75	0.1935
HI	3	75.12	0.2207
HI	3	76	0.2417
HI	3	76.41	0.2519
HI	3	76.41	0.2519
HI	3	76.58	0.2254
HI	3	76.58	0.2254
HI	3	76.58	0.2254
HI	3	76.58	0.2254
HI	3	76.99	0.1045
HI	3	77	0.1069
HI	3	77.4	0.2459
HI	3	77.4	0.2459
HI	3	77.4	0.2459
HI	3	77.4	0.2459
HI	3	77.4	0.2459
HI	3	77.67	0.2213
HI	3	77.67	0.2213
HI	3	77.67	0.2213
HI	3	77.67	0.2213
HI	3	77.67	0.2213
HI	3	77.67	0.2213
HI	3	77.67	0.2213
HI	3	78	0.2712
HI	3	78.21	0.3057
HI	3	78.21	0.3057
HI	3	78.21	0.3057
HI	3	78.5	0.2714
HI	3	79	0.2987
HI	3	79.15	0.303
HI	3	79.15	0.303
HI	3	80	0.5388
HI	3	80.59	0.6996
HI	3	80.59	0.6996
HI	3	81	0.6611
HI	3	81.82	0.5897
HI	3	82	0.5987
HI	3	82.1	0.6039
HI	3	82.1	0.6039
HI	3	83	0.4552
HI	3	83.26	0.4072
HI	3	84	0.7142
HI	3	84.14	0.7668
HI	3	84.14	0.7668
HI	3	84.7	0.6929
HI	3	84.97	0.7388
HI	3	84.97	0.7388
HI	3	84.97	0.7388
HI	3	85	0.7407
HI	3	86	0.7801
HI	3	86.42	0.7863
HI	3	87	0.7006
HI	3	88	0.5383
HI	3	88.53	0.4486
HI	3	89	0.4818
HI	3	90	0.5467
HI	3	91	0.6009
HI	3	92	0.6414
HI	3	93	0.6667
HI	3	93.11	0.6685
HI	3	94	0.6756
HI	3	95	0.6769
HI	3	96	0.6718
HI	3	97	0.6613
HI	3	97.35	0.6567
HI	3	98	0.6641
HI	3	99	0.6705
HI	3	100	0.6693
HI	3	100.84	0.6618
HI	3	101	0.6889
HI	3	102	0.8679
HI	3	102.6	0.9738
HI	3	103	0.9487
HI	3	103.79	0.8288
HI	3	104	0.7715
HI	3	104.5	0.6313
HI	3	105	0.5326
HI	3	105.51	0.4489
HI	3	106	0.4537
HI	3	107	0.4266
HI	3	107.55	0.3841
HI	3	108	0.3587
HI	3	109	0.3017
HI	3	110	0.2454
HI	3	111	0.1929
HI	3	112	0.1476
HI	3	112.09	0.1439
HI	3	113	0.1258
HI	3	114	0.1073
HI	3	115	0.0907
HI	3	115.54	0.0825
HI	3	115.54	0.0825
HI	3	116	0.1872
HI	3	117	0.5463
HI	3	117.23	0.6335
HI	3	117.23	0.6335
HI	3	118	0.5611
HI	3	118.63	0.5015
HI	3	119	0.5195
HI	3	120	0.5477
HI	3	121	0.545
HI	3	121.37	0.5373
HI	3	122	0.4469
HI	3	122.85	0.3092
HI	3	122.85	0.3092
HI	3	123	0.3235
HI	3	123.9	0.4034
HI	3	123.9	0.4034
HI	3	124	0.3942
HI	3	124.24	0.3743
HI	3	124.24	0.3743
HI	3	125	0.1895
HI	3	125.06	0.1766
HI	3	125.49	0.1176
HI	3	125.49	0.1176
HI	3	125.93	0.1063
HI	3	126	0.1162
HI	3	126.76	0.266
HI	3	126.76	0.266
HI	3	126.76	0.266
HI	3	126.76	0.266
HI	3	126.76	0.266
HI	3	127	0.2743
HI	3	127.13	0.2786
HI	3	127.13	0.2786
HI	3	127.51	0.2701
HI	3	127.79	0.253
HI	3	128	0.2629
HI	3	128.27	0.2753
HI	3	128.27	0.2753
HI	3	128.54	0.2734
HI	3	128.54	0.2734
HI	3	129	0.2421
HI	3	129.08	0.2365
HI	3	130	0.1569
HI	3	130.76	0.0921
HI	3	131	0.0675
HI	3	131.75	0.0176
HI	3	132	0.0191
HI	3	132.15	0.0201
HI	3	133	0.0144
HI	3	134	0.0234
HI	3	134.73	0.0405
HI	3	135	0.0397
HI	3	136	0.0468
HI	3	136.98	0.068
HI	3	137	0.0678
HI	3	138	0.0568
HI	3	139	0.0461
HI	3	140	0.0362
HI	3	140.06	0.0357
HI	3	141	0.0339
HI	3	142	0.032
HI	3	142.72	0.0307
HI	3	143	0.0321
HI	3	144	0.04
HI	3	144.09	0.041
HI	3	145	0.0548
HI	3	146	0.0784
HI	3	146.82	0.1036
HI	3	147	0.1064
HI	3	148	0.1219
HI	3	149	0.1368
HI	3	150	0.1498
HI	3	151	0.1605
HI	3	152	0.1685
HI	3	152.34	0.1707
HI	3	153	0.1329
HI	3	154	0.0841
HI	3	155	0.0461
HI	3	155.19	0.0402
HI	3	156	0.0704
HI	3	156.66	0.1041
HI	3	156.66	0.1041
HI	3	157	0.0978
HI	3	158	0.0876
HI	3	158.72	0.0879
HI	3	159	0.0735
HI	3	159.7	0.0428
HI	3	160	0.0302
HI	3	160.06	0.0284
HI	3	161	0.0228
HI	3	161.54	0.0198
HI	3	161.54	0.0198
HI	3	162	0.0302
HI	3	162.08	0.0328
HI	3	162.08	0.0328
HI	3	162.78	0.0554
HI	3	163	0.0608
HI	3	164	0.089
HI	3	165	0.1209
HI	3	166	0.1522
HI	3	166.62	0.1699
HI	3	167	0.1733
HI	3	168	0.1797
HI	3	169	0.1815
HI	3	170	0.1787
HI	3	170.27	0.1771
HI	3	171	0.1918
HI	3	172	0.2143
HI	3	173	0.239
HI	3	174	0.2655
HI	3	175	0.2934
HI	3	176	0.3225
HI	3	177	0.3529
HI	3	177.07	0.3549
HI	3	178	0.3249
HI	3	179	0.2936
HI	3	180	0.2641
HI	3	181	0.2375
HI	3	181.68	0.2215
HI	3	182	0.2052
HI	3	182.12	0.1991
HI	3	183	0.1798
HI	3	184	0.1668
HI	3	185	0.1646
HI	3	185.83	0.1705
HI	3	186	0.1689
HI	3	187	0.1594
HI	3	188	0.1495
HI	3	189	0.1389
HI	3	190	0.1278
HI	3	191	0.1162
HI	3	192	0.1044
HI	3	193	0.0926
HI	3	194	0.0812
HI	3	195	0.0704
HI	3	195.33	0.0671
HI	3	196	0.0536
HI	3	197	0.0359
HI	3	198	0.0214
HI	3	199	0.0107
HI	3	199.9	0.0046
HI	3	200	0.0068
HI	3	201	0.0579
HI	3	201.85	0.1336
HI	3	202	0.1295
HI	3	202.15	0.1262
HI	3	203	0.1595
HI	3	204	0.2164
HI	3	204.52	0.2522
HI	3	205	0.2801
HI	3	206	0.3431
HI	3	207	0.408
HI	3	208	0.4695
HI	3	209	0.5242
HI	3	209.45	0.5465
HI	4	0	0.0583
HI	4	1	0.0442
HI	4	2	0.0313
HI	4	3	0.0203
HI	4	3.56	0.015
HI	4	4	0.0123
HI	4	5	0.0203
HI	4	6	0.0499
HI	4	6.19	0.0577
HI	4	7	0.0673
HI	4	7.3	0.0729
HI	4	8	0.108
HI	4	9	0.1676
HI	4	10	0.2346
HI	4	10.24	0.2515
HI	4	11	0.2326
HI	4	12	0.2131
HI	4	13	0.1995
HI	4	14	0.1904
HI	4	14.31	0.1883
HI	4	15	0.2149
HI	4	16	0.2541
HI	4	17	0.2926
HI	4	17.8	0.3218
HI	4	18	0.3385
HI	4	19	0.4364
HI	4	19.19	0.4549
HI	4	20	0.4493
HI	4	21	0.4344
HI	4	22	0.4108
HI	4	23	0.3797
HI	4	24	0.3433
HI	4	24.7	0.3161
HI	4	25	0.2477
HI	4	26	0.1043
HI	4	27	0.1817
HI	4	27.43	0.2657
HI	4	28	0.2562
HI	4	29	0.2381
HI	4	30	0.2195
HI	4	31	0.2031
HI	4	32	0.1921
HI	4	32.37	0.1898
HI	4	33	0.2018
HI	4	34	0.2484
HI	4	35	0.3206
HI	4	36	0.405
HI	4	36.03	0.4079
HI	4	36.14	0.4118
HI	4	37	0.4125
HI	4	37.95	0.4273
HI	4	38	0.4231
HI	4	39	0.3321
HI	4	40	0.2415
HI	4	40.63	0.1887
HI	4	41	0.2166
HI	4	42	0.3061
HI	4	43	0.4171
HI	4	44	0.5466
HI	4	45	0.6895
HI	4	46	0.84
HI	4	47	0.993
HI	4	48	1.1441
HI	4	49	1.2902
HI	4	50	1.429
HI	4	50.67	1.5169
HI	4	51	1.6003
HI	4	52	1.8609
HI	4	52.72	2.026
HI	4	53	2.0084
HI	4	54	1.9304
HI	4	55	1.829
HI	4	56	1.7036
HI	4	57	1.5559
HI	4	58	1.3908
HI	4	58.2	1.356
HI	4	58.56	1.4487
HI	4	59	1.3527
HI	4	60	1.061
HI	4	61	0.6942
HI	4	61.54	0.5078
HI	4	62	0.4856
HI	4	63	0.4386
HI	4	63.21	0.4294
HI	4	63.78	0.49
HI	4	63.78	0.49
HI	4	64	0.4254
HI	4	64.13	0.3838
HI	4	65	0.4369
HI	4	65.65	0.4761
HI	4	65.98	0.5904
HI	4	65.98	0.5904
HI	4	66	0.594
HI	4	66.25	0.6289
HI	4	66.25	0.6289
HI	4	66.25	0.6289
HI	4	66.52	0.6416
HI	4	66.79	0.6754
HI	4	67	0.707
HI	4	67.07	0.7179
HI	4	67.07	0.7179
HI	4	67.07	0.7179
HI	4	67.62	0.5887
HI	4	67.91	0.5432
HI	4	68	0.5441
HI	4	68.37	0.5446
HI	4	68.37	0.5446
HI	4	68.83	0.5687
HI	4	69	0.6289
HI	4	69.92	0.8388
HI	4	69.92	0.8388
HI	4	69.92	0.8388
HI	4	70	0.8373
HI	4	70.44	0.8287
HI	4	70.71	0.8321
HI	4	70.71	0.8321
HI	4	71	0.7895
HI	4	71.53	0.6707
HI	4	72	0.5447
HI	4	72.17	0.5012
HI	4	73	0.3566
HI	4	73.14	0.3333
HI	4	74	0.2485
HI	4	74.8	0.1756
HI	4	75	0.1927
HI	4	76	0.2608
HI	4	76.16	0.2673
HI	4	77	0.3655
HI	4	77.53	0.424
HI	4	78	0.434
HI	4	79	0.4569
HI	4	79.22	0.4622
HI	4	79.6	0.5144
HI	4	80	0.5476
HI	4	81	0.6306
HI	4	81.55	0.6746
HI	4	81.55	0.6746
HI	4	82	0.8614
HI	4	83	1.2397
HI	4	83.79	1.4631
HI	4	84	1.4964
HI	4	84.95	1.644
HI	4	85	1.6474
HI	4	85.58	1.6868
HI	4	86	1.7128
HI	4	86.16	1.7207
HI	4	87	1.7312
HI	4	88	1.7215
HI	4	89	1.6879
HI	4	89.02	1.6868
HI	4	89.02	1.6868
HI	4	89.02	1.6868
HI	4	89.31	1.7288
HI	4	89.31	1.7288
HI	4	90	1.7172
HI	4	90.1	1.7152
HI	4	91	1.6833
HI	4	92	1.542
HI	4	92.86	1.3533
HI	4	93	1.3602
HI	4	94	1.4023
HI	4	95	1.4331
HI	4	96	1.45
HI	4	97	1.4507
HI	4	98	1.4336
HI	4	99	1.3974
HI	4	100	1.3421
HI	4	101	1.2686
HI	4	102	1.1799
HI	4	103	1.0816
HI	4	103.37	1.0439
HI	4	104	0.9239
HI	4	104.74	0.7542
HI	4	105	0.7771
HI	4	105.04	0.781
HI	4	105.32	0.73
HI	4	106	0.6909
HI	4	106.19	0.6811
HI	4	107	0.6171
HI	4	107.06	0.6128
HI	4	108	0.512
HI	4	108.51	0.4634
HI	4	108.84	0.471
HI	4	109	0.4882
HI	4	109.12	0.5013
HI	4	109.45	0.4722
HI	4	110	0.576
HI	4	111	0.7968
HI	4	111.05	0.8088
HI	4	112	0.8155
HI	4	113	0.8202
HI	4	113.62	0.8225
HI	4	114	0.8228
HI	4	114.3	0.823
HI	4	115	0.7312
HI	4	115.47	0.671
HI	4	115.47	0.671
HI	4	115.47	0.671
HI	4	116	0.74
HI	4	117	0.8569
HI	4	117.16	0.8743
HI	4	118	0.899
HI	4	118.89	0.9253
HI	4	119	0.9247
HI	4	120	0.9227
HI	4	121	0.9282
HI	4	122	0.9428
HI	4	122.03	0.9434
HI	4	122.52	0.7319
HI	4	123	0.8698
HI	4	123.11	0.8969
HI	4	123.6	0.8231
HI	4	124	1.0876
HI	4	124.14	1.1562
HI	4	124.14	1.1562
HI	4	125	1.1401
HI	4	126	1.1061
HI	4	126.01	1.1057
HI	4	126.01	1.1057
HI	4	127	1.0499
HI	4	128	0.9777
HI	4	128.3	0.9515
HI	4	128.7	0.9251
HI	4	129	0.839
HI	4	129.16	0.7899
HI	4	129.9	0.7099
HI	4	129.9	0.7099
HI	4	129.9	0.7099
HI	4	130	0.7125
HI	4	130.89	0.736
HI	4	130.89	0.736
HI	4	131	0.7301
HI	4	131.34	0.7101
HI	4	131.62	0.6217
HI	4	132	0.6364
HI	4	132.09	0.6368
HI	4	132.43	0.7069
HI	4	132.9	0.6697
HI	4	133	0.6597
HI	4	134	0.5592
HI	4	135	0.457
HI	4	136	0.3571
HI	4	136.48	0.3118
HI	4	137	0.3479
HI	4	138	0.4401
HI	4	138.65	0.5061
HI	4	139	0.5226
HI	4	139.89	0.5617
HI	4	140	0.5713
HI	4	141	0.6759
HI	4	141.37	0.7213
HI	4	142	0.6875
HI	4	142.82	0.6406
HI	4	143	0.6353
HI	4	144	0.5993
HI	4	144.4	0.5824
HI	4	145	0.6567
HI	4	146	0.7833
HI	4	147	0.9054
HI	4	148	1.0145
HI	4	148.99	1.103
HI	4	149	1.106
HI	4	150	1.329
HI	4	151	1.5388
HI	4	152	1.7301
HI	4	153	1.9029
HI	4	153.56	1.9918
HI	4	154	1.8893
HI	4	155	1.6611
HI	4	155.07	1.6461
HI	4	156	1.5944
HI	4	156.17	1.5849
HI	4	157	1.3673
HI	4	158	1.0618
HI	4	158.69	0.8328
HI	4	159	0.9085
HI	4	160	1.0698
HI	4	161	1.1028
HI	4	161.23	1.0937
HI	4	162	1.0696
HI	4	162.16	1.0645
HI	4	163	1.0701
HI	4	164	1.0675
HI	4	165	1.0537
HI	4	166	1.0277
HI	4	167	0.9893
HI	4	168	0.9389
HI	4	169	0.8778
HI	4	170	0.8084
HI	4	170.81	0.7486
HI	4	171	0.7608
HI	4	171.93	0.815
HI	4	172	0.8154
HI	4	173	0.8252
HI	4	173.99	0.8511
HI	5	0	0.3137
HI	5	1	0.3302
HI	5	1.51	0.3394
HI	5	2	0.4365
HI	5	3	0.6201
HI	5	3.12	0.6391
HI	5	4	0.6406
HI	5	5	0.619
HI	5	5.71	0.5903
HI	5	5.98	0.6022
HI	5	6	0.6044
HI	5	6.29	0.6305
HI	5	7	0.661
HI	5	8	0.6996
HI	5	9	0.7323
HI	5	10	0.7586
HI	5	11	0.7787
HI	5	11.58	0.7875
HI	5	12	0.7845
HI	5	13	0.7752
HI	5	14	0.7627
HI	5	15	0.747
HI	5	16	0.7281
HI	5	17	0.7062
HI	5	18	0.6815
HI	5	19	0.6544
HI	5	20	0.6253
HI	5	21	0.5947
HI	5	22	0.5631
HI	5	23	0.531
HI	5	24	0.499
HI	5	25	0.4675
HI	5	26	0.4368
HI	5	27	0.4073
HI	5	28	0.3791
HI	5	29	0.3524
HI	5	29.76	0.3332
HI	5	30	0.3499
HI	5	31	0.422
HI	5	32	0.4991
HI	5	33	0.5797
HI	5	34	0.6627
HI	5	35	0.7468
HI	5	35.92	0.824
HI	5	36	0.838
HI	5	37	1.0039
HI	5	38	1.1613
HI	5	38.26	1.2002
HI	5	39	1.215
HI	5	40	1.2333
HI	5	41	1.2495
HI	5	42	1.2635
HI	5	43	1.2749
HI	5	44	1.2837
HI	5	45	1.2897
HI	5	46	1.2927
HI	5	47	1.2927
HI	5	48	1.2897
HI	5	49	1.2835
HI	5	50	1.2744
HI	5	51	1.2623
HI	5	52	1.2474
HI	5	53	1.23
HI	5	54	1.2102
HI	5	55	1.1884
HI	5	56	1.165
HI	5	57	1.1403
HI	5	58	1.1147
HI	5	58.7	1.0964
HI	5	59	1.1129
HI	5	60	1.1813
HI	5	61	1.2732
HI	5	61.5	1.3261
HI	5	62	1.3068
HI	5	63	1.2698
HI	5	64	1.2335
HI	5	64.37	1.2197
HI	5	65	1.1722
HI	5	66	1.0848
HI	5	67	0.9795
HI	5	68	0.8517
HI	5	69	0.6995
HI	5	69.71	0.5858
HI	5	70	0.5774
HI	5	71	0.5491
HI	5	72	0.5213
HI	5	72.76	0.5001
HI	5	73	0.519
HI	5	74	0.5961
HI	5	75	0.6669
HI	5	75.86	0.7214
HI	5	76	0.732
HI	5	77	0.8154
HI	5	77.55	0.8657
HI	5	78	0.9759
HI	5	78.54	0.9838
HI	5	79	0.7416
HI	5	79.01	0.7346
HI	5	79.54	0.4623
HI	5	80	0.4779
HI	5	81	0.5577
HI	5	82	0.6851
HI	5	83	0.8346
HI	5	83.29	0.8788
HI	5	84	0.7753
HI	5	84.32	0.7143
HI	5	84.4	0.6998
HI	5	84.4	0.6998
HI	5	84.84	0.7382
HI	5	84.84	0.7382
HI	5	85	0.7199
HI	5	85.5	0.6625
HI	5	85.8	0.6543
HI	5	85.8	0.6543
HI	5	86	0.6916
HI	5	86.07	0.7049
HI	5	86.35	0.6466
HI	5	86.35	0.6466
HI	5	86.35	0.6466
HI	5	86.35	0.6466
HI	5	86.35	0.6466
HI	5	86.35	0.6466
HI	5	86.35	0.6466
HI	5	87	0.7246
HI	5	88	0.8419
HI	5	88.03	0.8455
HI	5	88.39	0.8415
HI	5	88.6	0.841
HI	5	88.6	0.841
HI	5	88.6	0.841
HI	5	88.6	0.841
HI	5	88.6	0.841
HI	5	88.6	0.841
HI	5	89	0.7494
HI	5	89.7	0.6031
HI	5	89.7	0.6031
HI	5	89.7	0.6031
HI	5	90	0.501
HI	5	90.25	0.4331
HI	5	90.25	0.4331
HI	5	90.25	0.4331
HI	5	90.25	0.4331
HI	5	90.25	0.4331
HI	5	91	0.4433
HI	5	92	0.4572
HI	5	93	0.471
HI	5	94	0.4846
HI	5	95	0.4977
HI	5	95.42	0.5029
HI	5	96	0.5117
HI	5	97	0.5236
HI	5	98	0.5312
HI	5	99	0.5345
HI	5	100	0.5339
HI	5	100.29	0.533
HI	5	101	0.5272
HI	5	101.97	0.5131
HI	5	102	0.5182
HI	5	103	0.6789
HI	5	104	0.8484
HI	5	105	1.0195
HI	5	105.37	1.0828
HI	5	105.37	1.0828
HI	5	105.37	1.0828
HI	5	105.37	1.0828
HI	5	105.64	0.9582
HI	5	105.93	1.1595
HI	5	105.93	1.1595
HI	5	106	1.1634
HI	5	107	1.1971
HI	5	108	1.187
HI	5	109	1.1322
HI	5	110	1.0355
HI	5	110.49	0.9771
HI	5	110.49	0.9771
HI	5	110.75	1.037
HI	5	111	1.0166
HI	5	111.29	0.9992
HI	5	112	1.069
HI	5	112.95	1.1477
HI	5	113	1.1337
HI	5	114	0.8509
HI	5	114.32	0.7582
HI	5	114.76	0.7104
HI	5	114.76	0.7104
HI	5	115	0.7411
HI	5	115.23	0.7796
HI	5	115.23	0.7796
HI	5	116	0.4944
HI	5	117	0.2259
HI	5	117.19	0.1998
HI	5	118	0.2386
HI	5	118.04	0.2404
HI	5	119	0.3003
HI	5	120	0.4588
HI	5	120.2	0.4975
HI	5	121	0.5925
HI	5	122	0.7352
HI	5	122.3	0.7687
HI	5	122.3	0.7687
HI	5	123	0.7779
HI	5	124	0.7892
HI	5	125	0.7985
HI	5	125.33	0.801
HI	5	126	0.7198
HI	5	126.65	0.636
HI	5	127	0.5952
HI	5	127.55	0.5296
HI	5	128	0.5674
HI	5	128.12	0.5777
HI	5	129	0.6795
HI	5	130	0.8237
HI	5	131	0.9745
HI	5	131.25	1.0113
HI	5	131.25	1.0113
HI	5	131.25	1.0113
HI	5	131.25	1.0113
HI	5	131.25	1.0113
HI	5	131.7	1.0171
HI	5	132	0.8283
HI	5	132.14	0.7215
HI	5	132.58	0.7035
HI	5	133	0.7295
HI	5	133.92	0.734
HI	5	134	0.7237
HI	5	134.59	0.645
HI	5	134.78	0.6637
HI	5	135	0.6663
HI	5	136	0.6816
HI	5	136.29	0.6868
HI	5	137	0.6218
HI	5	138	0.5263
HI	5	138.42	0.4872
HI	5	139	0.4666
HI	5	139.69	0.4475
HI	5	140	0.4544
HI	5	141	0.4736
HI	5	141.37	0.4794
HI	5	142	0.6149
HI	5	143	0.8304
HI	5	143.71	0.9742
HI	5	144	0.9989
HI	5	144.84	1.0635
HI	5	145	1.0454
HI	5	145.42	0.994
HI	5	146	0.9426
HI	5	147	0.8722
HI	5	147.29	0.8574
HI	5	148	0.8444
HI	5	148.98	0.8226
HI	5	149	0.8289
HI	5	150	1.2924
HI	5	151	1.863
HI	5	152	2.4006
HI	5	153	2.8647
HI	5	153.49	3.0658
HI	5	154	3.1783
HI	5	155	3.3448
HI	5	156	3.4678
HI	5	156.83	3.5497
HI	5	157	3.5494
HI	5	158	3.5314
HI	5	159	3.4873
HI	5	160	3.4179
HI	5	161	3.3237
HI	5	161.51	3.2662
HI	5	161.51	3.2662
HI	5	162	3.3422
HI	5	162.7	3.4468
HI	5	163	3.5121
HI	5	163.59	3.6178
HI	5	164	3.6362
HI	5	165	3.7009
HI	5	166	3.7897
HI	5	166.22	3.8118
HI	5	167	3.6313
HI	5	167.65	3.3348
HI	5	168	3.3232
HI	5	169	3.2035
HI	5	169.72	2.9629
HI	5	170	2.8828
HI	5	170.63	2.6762
HI	5	171	2.7276
HI	5	172	2.8699
HI	5	173	3.0112
HI	5	173.95	3.1375
HI	5	174	3.1524
HI	5	175	3.3319
HI	5	176	3.2981
HI	5	176.63	3.1799
HI	5	177	3.1894
HI	5	178	3.1951
HI	5	179	3.1662
HI	5	180	3.0964
HI	5	181	2.9806
HI	5	182	2.8174
HI	5	182.05	2.8081
HI	5	183	2.6078
HI	5	184	2.3561
HI	5	185	2.0607
HI	5	186	1.7231
HI	5	187	1.3571
HI	5	187.55	1.1565
HI	5	188	1.078
HI	5	189	0.8685
HI	5	189.86	0.6444
HI	5	189.86	0.6444
HI	5	190	0.6693
HI	5	191	0.8375
HI	5	192	0.9666
HI	5	192.91	1.0384
HI	6	5	0.5901
HI	6	6	0.6967
HI	6	7	0.7908
HI	6	8	0.8648
HI	6	8	0.8642
HI	6	8.67	0.6513
HI	6	9	0.668
HI	6	9.86	0.6727
HI	6	9.86	0.6727
HI	6	9.86	0.6727
HI	6	9.86	0.6727
HI	6	9.86	0.6727
HI	6	10	0.6084
HI	6	10.69	0.2787
HI	6	11	0.236
HI	6	11.21	0.2117
HI	6	11.21	0.2117
HI	6	12	0.2776
HI	6	13	0.4216
HI	6	13.54	0.4978
HI	6	14	0.4593
HI	6	15	0.3775
HI	6	15.94	0.3043
HI	6	16	0.3072
HI	6	17	0.3439
HI	6	17.79	0.3578
HI	6	18	0.3373
HI	6	18.84	0.2474
HI	6	19	0.2433
HI	6	20	0.2108
HI	6	21	0.1786
HI	6	21.19	0.1738
HI	6	22	0.2256
HI	6	23	0.3025
HI	6	24	0.3897
HI	6	25	0.4815
HI	6	25.89	0.5628
HI	6	26	0.5604
HI	6	27	0.5147
HI	6	28	0.4209
HI	6	28.92	0.3014
HI	6	29	0.296
HI	6	30	0.2216
HI	6	30.84	0.1601
HI	6	30.84	0.1601
HI	6	31	0.164
HI	6	31.31	0.1705
HI	6	32	0.1726
HI	6	33	0.1726
HI	6	33.01	0.1726
HI	6	34	0.203
HI	6	34.25	0.2083
HI	6	34.56	0.1366
HI	6	35	0.1771
HI	6	36	0.2866
HI	6	37	0.4117
HI	6	37.93	0.5319
HI	6	38	0.5255
HI	6	39	0.4353
HI	6	39.43	0.3974
HI	6	40	0.7375
HI	6	40.67	1.0786
HI	6	41	1.1425
HI	6	41.23	1.1838
HI	6	41.78	0.7484
HI	6	41.78	0.7484
HI	6	42	0.7457
HI	6	42.88	0.7184
HI	6	43	0.7135
HI	6	44	0.6623
HI	6	45	0.5956
HI	6	45.16	0.5837
HI	6	46	0.6436
HI	6	46.17	0.6483
HI	6	47	0.4846
HI	6	47.13	0.4596
HI	6	47.4	0.3371
HI	6	47.96	0.3282
HI	6	48	0.3265
HI	6	49	0.2775
HI	6	50	0.2268
HI	6	51	0.1765
HI	6	52	0.1296
HI	6	52.13	0.124
HI	6	53	0.1353
HI	6	54	0.1492
HI	6	55	0.1635
HI	6	56	0.1775
HI	6	57	0.1903
HI	6	58	0.2016
HI	6	59	0.2108
HI	6	60	0.218
HI	6	60.95	0.223
HI	6	61	0.2206
HI	6	61.62	0.1916
HI	6	62	0.1781
HI	6	62.58	0.1574
HI	6	62.58	0.1574
HI	6	62.86	0.27
HI	6	63	0.2795
HI	6	63.76	0.3319
HI	6	64	0.2958
HI	6	64.04	0.29
HI	6	65	0.3482
HI	6	65.84	0.3935
HI	6	65.84	0.3935
HI	6	66	0.3802
HI	6	67	0.307
HI	6	67	0.3069
HI	6	68	0.2816
HI	6	69	0.2749
HI	6	70	0.2949
HI	6	71	0.3417
HI	6	72	0.4074
HI	6	72.06	0.4118
HI	6	72.48	0.4242
HI	6	73	0.4942
HI	6	73.89	0.62
HI	6	73.89	0.62
HI	6	73.89	0.62
HI	6	73.89	0.62
HI	6	74	0.6169
HI	6	74.72	0.595
HI	6	75	0.5736
HI	6	75.86	0.4442
HI	6	76	0.4064
HI	6	76.15	0.3743
HI	6	76.43	0.5278
HI	6	76.99	0.6061
HI	6	77	0.6055
HI	6	77.31	0.5819
HI	6	77.31	0.5819
HI	6	78	0.5303
HI	6	79	0.4594
HI	6	80	0.3943
HI	6	81	0.3364
HI	6	81.1	0.3312
HI	6	82	0.2189
HI	6	82.93	0.1218
HI	6	83	0.119
HI	6	84	0.0871
HI	6	85	0.0706
HI	6	86	0.0716
HI	6	87	0.0901
HI	6	88	0.1243
HI	6	88.38	0.1408
HI	6	89	0.1128
HI	6	90	0.0721
HI	6	91	0.0397
HI	6	92	0.0182
HI	6	93	0.0085
HI	6	93.32	0.0078
HI	6	94	0.0112
HI	6	95	0.0179
HI	6	96	0.0268
HI	6	97	0.0378
HI	6	98	0.0504
HI	6	99	0.0643
HI	6	100	0.0791
HI	6	101	0.0942
HI	6	101.54	0.1023
HI	6	102	0.1114
HI	6	103	0.1347
HI	6	104	0.1625
HI	6	105	0.1938
HI	6	106	0.2269
HI	6	106.91	0.2575
HI	6	107	0.2585
HI	6	108	0.2698
HI	6	109	0.2807
HI	6	110	0.2921
HI	6	111	0.3049
HI	6	111.17	0.3073
HI	6	112	0.2967
HI	6	113	0.2816
HI	6	113.86	0.2673
HI	6	114	0.2854
HI	6	114.87	0.4206
HI	6	115	0.4237
HI	6	116	0.4442
HI	6	117	0.459
HI	6	118	0.4673
HI	6	118.61	0.469
HI	6	119	0.5063
HI	6	120	0.5968
HI	6	121	0.6801
HI	6	121.47	0.717
HI	6	121.71	0.6971
HI	6	121.9	0.712
HI	6	122	0.7249
HI	6	123	0.846
HI	6	123.24	0.8745
HI	6	124	0.8823
HI	6	124.71	0.888
HI	6	125	0.8778
HI	6	126	0.8414
HI	6	127	0.8028
HI	6	128	0.7621
HI	6	129	0.7196
HI	6	130	0.6754
HI	6	131	0.6299
HI	6	132	0.5834
HI	6	133	0.5366
HI	6	134	0.4897
HI	6	135	0.4435
HI	6	136	0.3985
HI	6	137	0.3553
HI	6	138	0.3143
HI	6	139	0.276
HI	6	140	0.2408
HI	6	141	0.2086
HI	6	141.54	0.1927
HI	6	142	0.1672
HI	6	143	0.1362
HI	6	144	0.1433
HI	6	145	0.1783
HI	6	145.43	0.1971
HI	7	0	0.6275
HI	7	1	0.6265
HI	7	2	0.6356
HI	7	2.79	0.6469
HI	7	3	0.6488
HI	7	4	0.6591
HI	7	5	0.67
HI	7	6	0.6805
HI	7	7	0.6899
HI	7	8	0.6977
HI	7	8.17	0.6988
HI	7	9	0.664
HI	7	10	0.6142
HI	7	11	0.556
HI	7	12	0.4907
HI	7	12.34	0.4672
HI	7	13	0.4888
HI	7	14	0.5489
HI	7	15	0.6438
HI	7	16	0.7635
HI	7	17	0.8905
HI	7	18	1.0097
HI	7	18.43	1.0566
HI	7	19	1.0708
HI	7	20	1.0923
HI	7	21	1.1077
HI	7	22	1.1157
HI	7	23	1.1151
HI	7	24	1.1054
HI	7	25	1.0868
HI	7	26	1.0599
HI	7	27	1.0259
HI	7	28	0.9863
HI	7	28.29	0.974
HI	7	29	1.0903
HI	7	30	1.2274
HI	7	31	1.3119
HI	7	31.36	1.3253
HI	7	32	1.3263
HI	7	33	1.2999
HI	7	34	1.2289
HI	7	35	1.1085
HI	7	36	0.9435
HI	7	37	0.7527
HI	7	38	0.5692
HI	7	39	0.4199
HI	7	39.25	0.3891
HI	7	40	0.3612
HI	7	41	0.318
HI	7	42	0.2705
HI	7	42.23	0.2593
HI	7	43	0.257
HI	7	44	0.255
HI	7	45	0.2539
HI	7	46	0.2535
HI	7	47	0.2537
HI	7	48	0.2543
HI	7	49	0.2554
HI	7	49.22	0.2557
HI	7	50	0.3543
HI	7	51	0.5089
HI	7	52	0.6833
HI	7	53	0.8613
HI	7	54	1.0306
HI	7	55	1.1841
HI	7	55.22	1.2158
HI	7	56	1.1015
HI	7	57	0.9245
HI	7	58	0.7315
HI	7	58.73	0.5975
HI	7	59	0.5808
HI	7	59.86	0.5272
HI	7	60	0.5084
HI	7	60.67	0.4152
HI	7	60.67	0.4152
HI	7	61	0.4055
HI	7	62	0.3924
HI	7	62.21	0.3926
HI	7	62.21	0.3926
HI	7	63	0.2667
HI	7	64	0.1298
HI	7	64.02	0.1276
HI	7	64.02	0.1276
HI	7	64.02	0.1276
HI	7	64.02	0.1276
HI	7	64.02	0.1276
HI	7	64.84	0.0432
HI	7	64.84	0.0432
HI	7	64.84	0.0432
HI	7	64.84	0.0432
HI	7	64.84	0.0432
HI	7	65	0.0427
HI	7	65.65	0.0412
HI	7	65.65	0.0412
HI	7	66	0.0321
HI	7	67	0.0355
HI	7	67.02	0.036
HI	7	68	0.0429
HI	7	69	0.0549
HI	7	69.05	0.0555
HI	7	70	0.1003
HI	7	70.32	0.1345
HI	7	71	0.1874
HI	7	71.62	0.2378
HI	7	72	0.1928
HI	7	72.2	0.1843
HI	7	73	0.1558
HI	7	74	0.1358
HI	7	75	0.1381
HI	7	75.89	0.1621
HI	7	76	0.2081
HI	7	76.17	0.2807
HI	7	76.17	0.2807
HI	7	77	0.4604
HI	7	78	0.6532
HI	7	79	0.7868
HI	7	79.3	0.8143
HI	7	80	0.8232
HI	7	81	0.8227
HI	7	82	0.8013
HI	7	83	0.7535
HI	7	84	0.6787
HI	7	84.06	0.6739
HI	7	85	0.6549
HI	7	86	0.6364
HI	7	87	0.6186
HI	7	88	0.6003
HI	7	89	0.581
HI	7	90	0.5609
HI	7	91	0.541
HI	7	91.59	0.5298
HI	7	92	0.4668
HI	7	92.66	0.3712
HI	7	93	0.3671
HI	7	94	0.3534
HI	7	95	0.3378
HI	7	96	0.3214
HI	7	97	0.3056
HI	7	97.21	0.3025
HI	7	98	0.3322
HI	7	99	0.3671
HI	7	100	0.3958
HI	7	101	0.4182
HI	7	102	0.4366
HI	7	103	0.4529
HI	7	103.28	0.4572
HI	7	104	0.4051
HI	7	105	0.3327
HI	7	105.85	0.2728
HI	7	106	0.2768
HI	7	107	0.3106
HI	7	108	0.3548
HI	7	108.57	0.3835
HI	7	109	0.3816
HI	7	109.07	0.3813
HI	7	110	0.2863
HI	7	111	0.1894
HI	7	111.99	0.1091
HI	7	112	0.1087
HI	7	113	0.121
HI	7	113.83	0.1933
HI	7	114	0.1793
HI	7	114.5	0.1413
HI	7	114.84	0.2083
HI	7	115	0.2206
HI	7	115.98	0.2993
HI	7	116	0.3
HI	7	116.06	0.3015
HI	7	116.34	0.3522
HI	7	116.99	0.242
HI	7	117	0.242
HI	7	117.26	0.2418
HI	7	117.26	0.2418
HI	7	117.34	0.2419
HI	7	117.62	0.2498
HI	7	118	0.2732
HI	7	118.25	0.2891
HI	7	118.25	0.2891
HI	7	119	0.2444
HI	7	119.63	0.22
HI	7	119.63	0.22
HI	7	120	0.2211
HI	7	120.35	0.2228
HI	7	121	0.3402
HI	7	121.2	0.3766
HI	7	121.71	0.3815
HI	7	122	0.3215
HI	7	123	0.1468
HI	7	123.45	0.0986
HI	7	124	0.1399
HI	7	125	0.2688
HI	7	125.16	0.2933
HI	7	125.56	0.3568
HI	7	126	0.4864
HI	7	126.5	0.6503
HI	7	127	0.6528
HI	7	128	0.655
HI	7	129	0.6544
HI	7	129.46	0.6535
HI	7	130	0.6884
HI	7	131	0.7337
HI	7	132	0.7412
HI	7	132.22	0.7366
HI	7	133	0.5993
HI	7	134	0.4133
HI	7	134.79	0.2748
HI	7	135	0.2718
HI	7	135.12	0.2701
HI	7	136	0.1714
HI	7	137	0.0859
HI	7	137.03	0.0839
HI	7	138	0.0554
HI	7	139	0.0364
HI	7	140	0.0321
HI	7	141	0.0421
HI	7	141.24	0.0463
HI	7	141.24	0.0463
HI	7	142	0.0167
HI	7	142.68	0.0042
HI	7	143	0.0168
HI	7	144	0.1064
HI	7	144.15	0.1248
HI	7	145	0.1198
HI	7	146	0.1149
HI	7	146.68	0.1125
HI	7	147	0.0997
HI	7	148	0.0643
HI	7	149	0.0371
HI	7	149.82	0.0216
HI	7	150	0.0199
HI	7	151	0.0122
HI	7	152	0.008
HI	7	153	0.0082
HI	7	154	0.0135
HI	7	155	0.0243
HI	7	156	0.0409
HI	7	157	0.0633
HI	7	158	0.0909
HI	7	159	0.123
HI	7	160	0.1586
HI	7	161	0.1966
HI	7	161.82	0.2289
HI	7	162	0.2173
HI	7	163	0.1584
HI	7	164	0.1148
HI	7	165	0.0895
HI	7	165.79	0.0821
HI	7	166	0.0817
HI	7	167	0.079
HI	7	167.53	0.0773
HI	7	168	0.0713
HI	7	169	0.0788
HI	7	170	0.1158
HI	7	170.38	0.1366
HI	7	170.38	0.1366
HI	7	171	0.1483
HI	7	171.55	0.1592
HI	7	172	0.2264
HI	7	172.27	0.2738
HI	7	173	0.3555
HI	7	174	0.4734
HI	7	175	0.5879
HI	7	176	0.69
HI	7	177	0.7728
HI	7	178	0.831
HI	7	178.24	0.8407
HI	7	179	0.892
HI	7	180	0.9507
HI	7	181	1.0171
HI	7	181.69	1.076
HI	7	181.69	1.076
HI	7	182	1.1218
HI	7	183	1.2686
HI	7	184	1.4114
HI	7	185	1.5467
HI	7	185.46	1.6058
HI	7	186	1.5929
HI	7	187	1.5653
HI	7	188	1.53
HI	7	188.18	1.5226
HI	7	189	1.2259
HI	7	189.78	0.8543
HI	8	10	0.2499
HI	8	11	0.1981
HI	8	11.51	0.1706
HI	8	12	0.1601
HI	8	12.12	0.1589
HI	8	12.44	0.1552
HI	8	13	0.278
HI	8	13.96	0.519
HI	8	14	0.5184
HI	8	15	0.5029
HI	8	15.48	0.495
HI	8	16	0.4523
HI	8	17	0.3858
HI	8	18	0.3432
HI	8	18.54	0.33
HI	8	18.54	0.33
HI	8	19	0.3069
HI	8	20	0.2621
HI	8	21	0.2324
HI	8	21.21	0.2284
HI	8	22	0.1874
HI	8	22.35	0.1698
HI	8	23	0.1884
HI	8	24	0.2195
HI	8	25	0.2528
HI	8	26	0.2877
HI	8	27	0.3231
HI	8	28	0.3581
HI	8	29	0.3914
HI	8	30	0.422
HI	8	31	0.4491
HI	8	32	0.472
HI	8	33	0.4902
HI	8	34	0.5035
HI	8	35	0.5119
HI	8	35.37	0.5139
HI	8	36	0.5126
HI	8	37	0.5101
HI	8	38	0.5071
HI	8	39	0.5036
HI	8	40	0.4995
HI	8	41	0.4948
HI	8	41.36	0.4929
HI	8	42	0.514
HI	8	42.33	0.5304
HI	8	43	0.5749
HI	8	44	0.6024
HI	8	44.46	0.6038
HI	8	45	0.5648
HI	8	46	0.4969
HI	8	47	0.4342
HI	8	48	0.3771
HI	8	49	0.3258
HI	8	50	0.2803
HI	8	50.09	0.2763
HI	8	51	0.3005
HI	8	52	0.3273
HI	8	53	0.3538
HI	8	54	0.3796
HI	8	55	0.4045
HI	8	56	0.4281
HI	8	56.95	0.4491
HI	8	57	0.4487
HI	8	58	0.4405
HI	8	59	0.4327
HI	8	60	0.4245
HI	8	61	0.4155
HI	8	61.94	0.4062
HI	8	62	0.4074
HI	8	62.61	0.4181
HI	8	62.91	0.5442
HI	8	63	0.5285
HI	8	64	0.3493
HI	8	64.03	0.3437
HI	8	64.36	0.5107
HI	8	64.68	0.6116
HI	8	64.68	0.6116
HI	8	64.68	0.6116
HI	8	64.68	0.6116
HI	8	65	0.656
HI	8	65.04	0.6623
HI	8	65.04	0.6623
HI	8	65.04	0.6623
HI	8	65.04	0.6623
HI	8	65.04	0.6623
HI	8	65.04	0.6623
HI	8	65.74	0.7132
HI	8	65.74	0.7132
HI	8	66	0.7005
HI	8	66.73	0.6689
HI	8	67	0.5799
HI	8	67.01	0.5753
HI	8	67.01	0.5753
HI	8	67.3	0.5732
HI	8	67.58	0.4636
HI	8	67.63	0.4459
HI	8	67.63	0.4459
HI	8	68	0.4188
HI	8	69	0.357
HI	8	70	0.3169
HI	8	70.03	0.3161
HI	8	71	0.4496
HI	8	71.02	0.4522
HI	8	72	0.5591
HI	8	73	0.6705
HI	8	73.13	0.685
HI	8	73.71	0.6286
HI	8	73.71	0.6286
HI	8	74	0.6194
HI	8	74.28	0.6119
HI	8	74.28	0.6119
HI	8	74.55	0.578
HI	8	74.55	0.578
HI	8	74.83	0.2528
HI	8	75	0.2743
HI	8	75.38	0.3308
HI	8	75.52	0.3486
HI	8	75.52	0.3486
HI	8	76	0.3707
HI	8	76.41	0.3892
HI	8	76.71	0.4167
HI	8	77	0.3912
HI	8	77.45	0.3554
HI	8	77.45	0.3554
HI	8	77.45	0.3554
HI	8	77.63	0.4187
HI	8	77.96	0.5097
HI	8	77.96	0.5097
HI	8	78	0.5125
HI	8	79	0.6268
HI	8	79.19	0.6549
HI	8	79.46	0.6334
HI	8	80	0.6795
HI	8	80.17	0.6953
HI	8	80.17	0.6953
HI	8	80.64	0.6813
HI	8	80.64	0.6813
HI	8	80.64	0.6813
HI	8	80.97	0.8124
HI	8	81	0.8134
HI	8	82	0.8465
HI	8	82.07	0.8491
HI	8	82.57	0.8781
HI	8	83	0.964
HI	8	83.15	0.9931
HI	8	83.68	0.9792
HI	8	84	0.9507
HI	8	84.27	0.9265
HI	8	84.56	0.7147
HI	8	85	0.7011
HI	8	86	0.6628
HI	8	86.7	0.6289
HI	8	87	0.6019
HI	8	87.91	0.5129
HI	8	88	0.5091
HI	8	89	0.4672
HI	8	89.51	0.4472
HI	8	90	0.4538
HI	8	90.45	0.4551
HI	8	90.77	0.49
HI	8	91	0.4888
HI	8	91.34	0.4871
HI	8	91.34	0.4871
HI	8	92	0.3753
HI	8	93	0.2288
HI	8	93.28	0.1938
HI	8	93.28	0.1938
HI	8	93.28	0.1938
HI	8	93.84	0.1898
HI	8	94	0.1815
HI	8	94.39	0.1304
HI	8	95	0.1033
HI	8	95.81	0.0726
HI	8	95.81	0.0726
HI	8	96	0.0832
HI	8	96.46	0.1299
HI	8	97	0.1543
HI	8	98	0.2034
HI	8	99	0.2548
HI	8	99.43	0.2772
HI	8	100	0.2566
HI	8	100.24	0.2422
HI	8	101	0.2055
HI	8	101.37	0.1892
HI	8	102	0.1737
HI	8	103	0.1562
HI	8	103.85	0.1486
HI	8	104	0.1548
HI	8	104.48	0.1803
HI	8	105	0.195
HI	8	106	0.2304
HI	8	107	0.2719
HI	8	108	0.3147
HI	8	109	0.3542
HI	8	110	0.3874
HI	8	110.12	0.391
HI	8	110.49	0.4999
HI	8	111	0.4583
HI	8	112	0.3941
HI	8	112.77	0.3643
HI	8	113	0.3682
HI	8	114	0.3851
HI	8	115	0.4011
HI	8	116	0.4156
HI	8	117	0.4278
HI	8	117.87	0.4363
HI	8	118	0.4526
HI	8	119	0.5897
HI	8	120	0.7202
HI	8	121	0.8255
HI	8	122	0.8996
HI	8	123	0.9421
HI	8	123.74	0.9543
HI	8	124	0.9194
HI	8	125	0.7671
HI	8	125.85	0.6272
HI	8	126	0.6002
HI	8	127	0.4018
HI	8	127.27	0.3432
HI	8	128	0.4535
HI	8	128.62	0.5501
HI	8	129	0.6355
HI	8	130	0.8747
HI	8	131	1.1004
HI	8	132	1.2909
HI	8	132.15	1.3161
HI	8	133	1.2654
HI	8	134	1.1782
HI	8	135	1.0655
HI	8	135.18	1.0431
HI	8	136	0.9623
HI	8	137	0.8523
HI	8	138	0.7315
HI	8	139	0.6037
HI	8	139.65	0.5211
HI	8	140	0.524
HI	8	141	0.5215
HI	8	141.72	0.5066
HI	8	142	0.486
HI	8	142.26	0.464
HI	8	143	0.4752
HI	8	144	0.4813
HI	8	145	0.475
HI	8	146	0.4555
HI	8	147	0.4239
HI	8	147.03	0.4227
HI	8	148	0.3243
HI	8	149	0.2393
HI	8	150	0.172
HI	8	151	0.1212
HI	8	152	0.0851
HI	8	153	0.0608
HI	8	154	0.046
HI	8	155	0.0382
HI	8	155.48	0.0365
HI	8	155.86	0.0302
HI	8	156	0.0263
HI	8	156.4	0.0263
HI	8	156.4	0.0263
HI	8	157	0.0312
HI	8	158	0.0422
HI	8	158.05	0.0427
HI	9	0	0.0874
HI	9	1	0.0741
HI	9	2	0.0797
HI	9	3	0.1043
HI	9	3.78	0.133
HI	9	4	0.136
HI	9	5	0.147
HI	9	6	0.1526
HI	9	6.73	0.153
HI	9	7	0.1558
HI	9	8	0.1726
HI	9	8.56	0.1882
HI	9	8.56	0.1882
HI	9	9	0.1799
HI	9	10	0.1815
HI	9	11	0.2101
HI	9	11.73	0.2438
HI	9	12	0.2285
HI	9	13	0.1867
HI	9	13.87	0.1774
HI	9	14	0.1765
HI	9	15	0.1744
HI	9	16	0.1821
HI	9	17	0.2005
HI	9	18	0.2279
HI	9	19	0.2615
HI	9	20	0.2979
HI	9	20.65	0.3219
HI	9	21	0.3333
HI	9	22	0.3664
HI	9	23	0.3995
HI	9	24	0.432
HI	9	25	0.4637
HI	9	25.46	0.478
HI	9	26	0.55
HI	9	27	0.6964
HI	9	28	0.8526
HI	9	28.32	0.9029
HI	9	29	0.9101
HI	9	30	0.9087
HI	9	31	0.8916
HI	9	32	0.8576
HI	9	33	0.8068
HI	9	33.05	0.8036
HI	9	33.25	0.7778
HI	9	33.61	0.7294
HI	9	34	0.7453
HI	9	35	0.8114
HI	9	36	0.9027
HI	9	37	1.0088
HI	9	37.52	1.0676
HI	9	38	1.0677
HI	9	39	1.0656
HI	9	40	1.0602
HI	9	41	1.0513
HI	9	42	1.0386
HI	9	43	1.022
HI	9	44	1.0015
HI	9	45	0.9769
HI	9	46	0.9485
HI	9	47	0.9166
HI	9	48	0.8816
HI	9	49	0.8441
HI	9	50	0.8046
HI	9	50.33	0.7914
HI	9	51	0.8164
HI	9	52	0.8487
HI	9	53	0.8763
HI	9	54	0.9
HI	9	55	0.9207
HI	9	55.66	0.9329
HI	9	56	0.9427
HI	9	56.73	0.9697
HI	9	57	0.9095
HI	9	57.48	0.7814
HI	9	58	0.8322
HI	9	59	0.942
HI	9	59.91	1.0502
HI	9	60	1.0512
HI	9	61	1.067
HI	9	61.35	1.0746
HI	9	62	1.1786
HI	9	63	1.3218
HI	9	64	1.4441
HI	9	65	1.5506
HI	9	65.11	1.5619
HI	9	65.88	1.3412
HI	9	65.88	1.3412
HI	9	65.88	1.3412
HI	9	66	1.3159
HI	9	67	1.116
HI	9	67.84	0.9631
HI	9	67.84	0.9631
HI	9	67.84	0.9631
HI	9	68	0.9243
HI	9	68.2	0.8757
HI	9	68.2	0.8757
HI	9	68.2	0.8757
HI	9	68.2	0.8757
HI	9	68.2	0.8757
HI	9	68.2	0.8757
HI	9	68.2	0.8757
HI	9	68.2	0.8757
HI	9	68.86	0.8437
HI	9	68.86	0.8437
HI	9	69	0.8339
HI	9	69.87	0.8049
HI	9	69.87	0.8049
HI	9	69.87	0.8049
HI	9	70	0.7949
HI	9	71	0.7173
HI	9	71.81	0.6549
HI	9	72	0.6523
HI	9	73	0.6397
HI	9	73.2	0.6373
HI	9	74	0.5804
HI	9	74.07	0.5753
HI	9	74.49	0.5072
HI	9	75	0.5079
HI	9	76	0.52
HI	9	76.93	0.5428
HI	9	77	0.5445
HI	9	77.86	0.5752
HI	9	78	0.5405
HI	9	79	0.2586
HI	9	79.1	0.2308
HI	9	80	0.2355
HI	9	81	0.2301
HI	9	81.08	0.2292
HI	9	82	0.1572
HI	9	82.25	0.1381
HI	9	82.25	0.1381
HI	9	82.25	0.1381
HI	9	82.54	0.1563
HI	9	83	0.1407
HI	9	83.43	0.1266
HI	9	84	0.1061
HI	9	84.91	0.0757
HI	9	85	0.072
HI	9	85.57	0.0578
HI	9	86	0.0412
HI	9	86.55	0.0241
HI	9	86.89	0.0115
HI	9	87	0.0109
HI	9	88	0.0256
HI	9	88.43	0.0425
HI	9	88.84	0.1286
HI	9	89	0.1331
HI	9	90	0.1611
HI	9	90.07	0.1628
HI	9	90.27	0.1098
HI	9	91	0.2726
HI	9	91.12	0.3035
HI	9	92	0.4608
HI	9	92.87	0.6189
HI	9	93	0.5552
HI	9	93.19	0.4529
HI	9	93.4	0.4791
HI	9	94	0.4432
HI	9	94.87	0.3813
HI	9	95	0.4071
HI	9	96	0.6097
HI	9	96.19	0.6472
HI	9	97	0.648
HI	9	98	0.6436
HI	9	99	0.6328
HI	9	100	0.6155
HI	9	100.07	0.6141
HI	9	101	0.6564
HI	9	101.03	0.6577
HI	9	102	0.7222
HI	9	103	0.7879
HI	9	104	0.8512
HI	9	105	0.9108
HI	9	106	0.9657
HI	9	106.61	0.9966
HI	9	107	0.9661
HI	9	107.39	0.9346
HI	9	108	0.9711
HI	9	109	1.0124
HI	9	109.12	1.0158
HI	9	110	0.9888
HI	9	111	0.9495
HI	9	112	0.9011
HI	9	113	0.8445
HI	9	113.39	0.8207
HI	9	114	0.7871
HI	9	115	0.7254
HI	9	116	0.6564
HI	9	117	0.582
HI	9	118	0.5049
HI	9	119	0.428
HI	9	119.11	0.4199
HI	9	120	0.4852
HI	9	121	0.5637
HI	9	122	0.6441
HI	9	123	0.7226
HI	9	124	0.7959
HI	9	124.33	0.8186
HI	9	125	0.9312
HI	9	126	1.077
HI	9	127	1.1851
HI	9	128	1.2557
HI	9	128.15	1.2634
HI	9	129	1.1894
HI	9	130	1.0977
HI	9	131	1.0069
HI	9	132	0.9232
HI	9	133	0.8524
HI	9	133.98	0.7987
HI	9	134	0.8003
HI	9	135	0.8894
HI	9	136	0.9724
HI	9	137	1.0452
HI	9	138	1.1049
HI	9	139	1.1488
HI	9	139.4	1.1615
HI	9	140	1.1808
HI	9	141	1.2006
HI	9	142	1.2045
HI	9	143	1.1924
HI	9	144	1.1646
HI	9	145	1.122
HI	9	145.7	1.0841
HI	9	146	1.0654
HI	9	146.83	1.0081
HI	9	147	1.0054
HI	9	148	0.985
HI	9	149	0.9579
HI	9	150	0.925
HI	9	151	0.8876
HI	9	152	0.847
HI	9	152.83	0.8119
HI	9	153	0.8282
HI	9	154	0.917
HI	9	154.19	0.9332
HI	9	155	0.8682
HI	9	156	0.783
HI	9	157	0.696
HI	9	158	0.611
HI	9	159	0.5321
HI	9	160	0.4633
HI	9	161	0.4073
HI	9	161.6	0.3804
HI	9	162	0.3569
HI	9	163	0.3012
HI	9	164	0.2519
HI	9	164.21	0.2424
HI	9	165	0.226
HI	9	166	0.2069
HI	9	166.96	0.1904
HI	9	167	0.1864
HI	9	167.53	0.1357
HI	9	168	0.1217
HI	9	168.23	0.1152
HI	10	0	0.2096
HI	10	0.39	0.2281
HI	10	0.39	0.2281
HI	10	1	0.2137
HI	10	2	0.1947
HI	10	2.59	0.1861
HI	10	3	0.19
HI	10	4	0.2046
HI	10	5	0.2245
HI	10	5.56	0.2369
HI	10	6	0.2852
HI	10	7	0.4096
HI	10	8	0.5423
HI	10	9	0.6679
HI	10	10	0.7743
HI	10	11	0.8542
HI	10	12	0.9034
HI	10	12.75	0.9183
HI	10	13	0.9244
HI	10	14	0.9346
HI	10	15	0.9171
HI	10	16	0.8701
HI	10	17	0.7964
HI	10	18	0.7031
HI	10	19	0.5997
HI	10	20	0.4962
HI	10	20.84	0.4152
HI	10	21	0.4143
HI	10	22	0.4082
HI	10	23	0.4014
HI	10	24	0.3937
HI	10	25	0.385
HI	10	26	0.3753
HI	10	27	0.3645
HI	10	28	0.3524
HI	10	29	0.3389
HI	10	30	0.324
HI	10	31	0.3077
HI	10	32	0.2899
HI	10	33	0.2707
HI	10	34	0.2503
HI	10	35	0.2288
HI	10	36	0.2066
HI	10	37	0.184
HI	10	38	0.1615
HI	10	39	0.1396
HI	10	40	0.1187
HI	10	41	0.0994
HI	10	42	0.0819
HI	10	43	0.0666
HI	10	44	0.0535
HI	10	45	0.0425
HI	10	46	0.0338
HI	10	47	0.0269
HI	10	48	0.0218
HI	10	49	0.0183
HI	10	49.8	0.0165
HI	10	50	0.0149
HI	10	51	0.0084
HI	10	52	0.0047
HI	10	53	0.004
HI	10	54	0.0063
HI	10	54.54	0.0088
HI	10	55	0.0156
HI	10	56	0.0398
HI	10	57	0.0748
HI	10	57.64	0.1007
HI	10	58	0.1048
HI	10	58.48	0.1098
HI	10	59	0.1679
HI	10	59.81	0.2747
HI	10	60	0.281
HI	10	60.9	0.3112
HI	10	61	0.2997
HI	10	61.41	0.2536
HI	10	61.62	0.3128
HI	10	61.62	0.3128
HI	10	61.62	0.3128
HI	10	61.62	0.3128
HI	10	62	0.348
HI	10	63	0.4319
HI	10	63.68	0.4752
HI	10	64	0.4297
HI	10	64.85	0.3132
HI	10	64.85	0.3132
HI	10	64.94	0.2743
HI	10	64.94	0.2743
HI	10	65	0.2805
HI	10	65.75	0.3356
HI	10	66	0.3843
HI	10	66.31	0.4409
HI	10	67	0.3689
HI	10	68	0.262
HI	10	68.01	0.2611
HI	10	68.47	0.213
HI	10	68.77	0.2344
HI	10	69	0.2161
HI	10	69.24	0.1973
HI	10	69.53	0.199
HI	10	70	0.1863
HI	10	70.91	0.1613
HI	10	71	0.1561
HI	10	72	0.1084
HI	10	72.8	0.0885
HI	10	73	0.0875
HI	10	73.22	0.0866
HI	10	74	0.1443
HI	10	74.33	0.1712
HI	10	74.33	0.1712
HI	10	74.33	0.1712
HI	10	75	0.1649
HI	10	75.15	0.1654
HI	10	76	0.2394
HI	10	76.02	0.2409
HI	10	76.79	0.3104
HI	10	77	0.2954
HI	10	77.19	0.2875
HI	10	78	0.2618
HI	10	79	0.2269
HI	10	80	0.1896
HI	10	81	0.1516
HI	10	82	0.1149
HI	10	83	0.0818
HI	10	84	0.054
HI	10	85	0.0325
HI	10	85.45	0.0249
HI	10	86	0.0175
HI	10	87	0.0084
HI	10	88	0.0052
HI	10	89	0.0081
HI	10	89.33	0.0102
HI	10	90	0.0138
HI	10	91	0.0206
HI	10	92	0.0293
HI	10	93	0.0398
HI	10	94	0.0519
HI	10	95	0.0651
HI	10	96	0.0789
HI	10	97	0.0927
HI	10	98	0.1059
HI	10	99	0.1181
HI	10	100	0.1289
HI	10	101	0.1382
HI	10	102	0.146
HI	10	103	0.1525
HI	10	103.02	0.1526
HI	10	104	0.2006
HI	10	104.26	0.2124
HI	10	105	0.2433
HI	10	106	0.2841
HI	10	107	0.3192
HI	10	108	0.3447
HI	10	109	0.359
HI	10	109.24	0.3608
HI	10	109.58	0.3733
HI	10	109.58	0.3733
HI	10	110	0.3653
HI	10	111	0.3438
HI	10	111.99	0.3195
HI	10	112	0.3197
HI	10	113	0.3633
HI	10	114	0.4077
HI	10	115	0.4498
HI	10	115.28	0.4611
HI	10	115.6	0.438
HI	10	115.89	0.6066
HI	10	116	0.6104
HI	10	117	0.6382
HI	10	118	0.6516
HI	10	118.15	0.6523
HI	10	118.15	0.6523
HI	10	118.15	0.6523
HI	10	119	0.563
HI	10	119.87	0.4671
HI	10	120	0.4371
HI	10	120.75	0.2767
HI	10	121	0.2536
HI	10	122	0.171
HI	10	123	0.1098
HI	10	123.24	0.0993
HI	10	124	0.0583
HI	10	125	0.0187
HI	10	125.84	0.0027
HI	10	126	0.0033
HI	10	127	0.0081
HI	10	128	0.0154
HI	10	129	0.0249
HI	10	130	0.0361
HI	10	131	0.0484
HI	10	131.85	0.059
HI	10	132	0.0673
HI	10	133	0.1352
HI	10	134	0.2216
HI	10	134.68	0.2874
HI	10	135	0.248
HI	10	136	0.1434
HI	10	137	0.0763
HI	10	137.84	0.0536
HI	10	138	0.064
HI	10	138.71	0.1004
HI	10	139	0.1038
HI	10	140	0.1201
HI	10	141	0.1422
HI	10	142	0.168
HI	10	142.22	0.174
HI	10	143	0.162
HI	10	144	0.1288
HI	10	144.87	0.0918
HI	10	145	0.0901
HI	10	145.42	0.084
HI	10	146	0.1066
HI	10	146.22	0.1138
HI	10	146.22	0.1138
HI	10	147	0.2525
HI	10	148	0.4822
HI	10	148.29	0.5519
HI	10	149	0.5209
HI	10	150	0.4652
HI	10	151	0.396
HI	10	151.48	0.3598
PAPP	1	0	0.2543
PAPP	1	0.25	0.2625
PAPP	1	1	0.2912
PAPP	1	1.52	0.3067
PAPP	1	2	0.3521
PAPP	1	3	0.4495
PAPP	1	3.78	0.5196
PAPP	1	4	0.5145
PAPP	1	5	0.4827
PAPP	1	6	0.437
PAPP	1	6.11	0.431
PAPP	1	7	0.4103
PAPP	1	8	0.3812
PAPP	1	9	0.3468
PAPP	1	10	0.3091
PAPP	1	11	0.2701
PAPP	1	12	0.2317
PAPP	1	12.31	0.2203
PAPP	1	13	0.2871
PAPP	1	13.84	0.3712
PAPP	1	14	0.4045
PAPP	1	15	0.6484
PAPP	1	15.81	0.8673
PAPP	1	16	0.8521
PAPP	1	17	0.7633
PAPP	1	18	0.6636
PAPP	1	19	0.5612
PAPP	1	20	0.4652
PAPP	1	20.14	0.4528
PAPP	1	21	0.4754
PAPP	1	21.01	0.4755
PAPP	1	21.91	0.6122
PAPP	1	22	0.6084
PAPP	1	22.8	0.5591
PAPP	1	23	0.4599
PAPP	1	23.11	0.4076
PAPP	1	23.11	0.4076
PAPP	1	23.53	0.3723
PAPP	1	24	0.3325
PAPP	1	25	0.2452
PAPP	1	26	0.1631
PAPP	1	27	0.0951
PAPP	1	27.28	0.0795
PAPP	1	28	0.0919
PAPP	1	29	0.1105
PAPP	1	30	0.1293
PAPP	1	31	0.1469
PAPP	1	31.61	0.1567
PAPP	1	32	0.1438
PAPP	1	33	0.1207
PAPP	1	34	0.1142
PAPP	1	35	0.1263
PAPP	1	36	0.1574
PAPP	1	37	0.2051
PAPP	1	38	0.2656
PAPP	1	38.83	0.3221
PAPP	1	39	0.3094
PAPP	1	40	0.2493
PAPP	1	40.63	0.2263
PAPP	1	40.63	0.2263
PAPP	1	41	0.2287
PAPP	1	42	0.234
PAPP	1	43	0.2367
PAPP	1	43.74	0.2365
PAPP	1	44	0.2356
PAPP	1	44.09	0.2354
PAPP	1	45	0.2849
PAPP	1	46	0.3319
PAPP	1	46.08	0.3351
PAPP	1	46.36	0.3968
PAPP	1	47	0.3931
PAPP	1	48	0.373
PAPP	1	48.62	0.3532
PAPP	1	48.62	0.3532
PAPP	1	48.94	0.3049
PAPP	1	48.94	0.3049
PAPP	1	49	0.3091
PAPP	1	49.5	0.3364
PAPP	1	50	0.3799
PAPP	1	51	0.4619
PAPP	1	51.18	0.4746
PAPP	1	51.18	0.4746
PAPP	1	51.79	0.3324
PAPP	1	52	0.3366
PAPP	1	52.96	0.3364
PAPP	1	53	0.339
PAPP	1	54	0.4022
PAPP	1	55	0.4665
PAPP	1	56	0.5275
PAPP	1	57	0.5819
PAPP	1	57.49	0.6057
PAPP	1	58	0.6135
PAPP	1	58.7	0.6126
PAPP	1	58.7	0.6126
PAPP	1	59	0.595
PAPP	1	60	0.5317
PAPP	1	61	0.463
PAPP	1	62	0.3921
PAPP	1	63	0.3225
PAPP	1	64	0.2577
PAPP	1	64.59	0.2228
PAPP	1	65	0.2214
PAPP	1	66	0.2167
PAPP	1	66.35	0.2145
PAPP	1	67	0.2333
PAPP	1	68	0.2724
PAPP	1	69	0.3182
PAPP	1	69.35	0.3343
PAPP	1	69.88	0.3429
PAPP	1	69.88	0.3429
PAPP	1	69.88	0.3429
PAPP	1	70	0.3364
PAPP	1	70.15	0.3326
PAPP	1	70.42	0.3376
PAPP	1	70.42	0.3376
PAPP	1	71	0.3514
PAPP	1	72	0.3772
PAPP	1	72.68	0.3986
PAPP	1	73	0.4048
PAPP	1	73.25	0.4075
PAPP	1	74	0.4393
PAPP	1	74.94	0.4671
PAPP	1	75	0.4667
PAPP	1	75.32	0.466
PAPP	1	76	0.5146
PAPP	1	77	0.5729
PAPP	1	78	0.6103
PAPP	1	78.22	0.6155
PAPP	1	79	0.649
PAPP	1	79.22	0.6563
PAPP	1	80	0.6916
PAPP	1	81	0.7157
PAPP	1	81.02	0.7159
PAPP	1	81.87	0.6457
PAPP	1	82	0.6358
PAPP	1	83	0.5461
PAPP	1	84	0.4399
PAPP	1	84	0.4399
PAPP	1	84.68	0.4489
PAPP	1	85	0.452
PAPP	1	85.25	0.4558
PAPP	1	86	0.4208
PAPP	1	87	0.3585
PAPP	1	87.01	0.3576
PAPP	1	88	0.3499
PAPP	1	88.14	0.3478
PAPP	1	88.14	0.3478
PAPP	1	89	0.5598
PAPP	1	89.25	0.6333
PAPP	1	90	0.6952
PAPP	1	90.36	0.7144
PAPP	1	90.36	0.7144
PAPP	1	90.36	0.7144
PAPP	1	90.53	0.7193
PAPP	1	90.53	0.7193
PAPP	1	91	0.6355
PAPP	1	91.16	0.6047
PAPP	1	91.16	0.6047
PAPP	1	91.22	0.6051
PAPP	1	91.22	0.6051
PAPP	1	92	0.463
PAPP	1	92.39	0.415
PAPP	1	92.96	0.4285
PAPP	1	93	0.4252
PAPP	1	93.16	0.4117
PAPP	1	93.44	0.3806
PAPP	1	94	0.3682
PAPP	1	95	0.3376
PAPP	1	95.66	0.314
PAPP	1	96	0.2688
PAPP	1	97	0.1442
PAPP	1	97.63	0.0816
PAPP	1	98	0.0581
PAPP	1	99	0.0201
PAPP	1	99.06	0.0191
PAPP	1	100	0.0206
PAPP	1	101	0.0276
PAPP	1	101.19	0.0295
PAPP	1	101.96	0.0982
PAPP	1	102	0.0986
PAPP	1	103	0.1148
PAPP	1	103.18	0.1186
PAPP	1	104	0.095
PAPP	1	105	0.077
PAPP	1	105.12	0.0756
PAPP	1	106	0.0682
PAPP	1	106.79	0.0826
PAPP	1	106.79	0.0826
PAPP	1	107	0.0916
PAPP	1	107.71	0.176
PAPP	1	108	0.1887
PAPP	1	109	0.2323
PAPP	1	109.29	0.2444
PAPP	1	110	0.2532
PAPP	1	110.96	0.2535
PAPP	1	111	0.2514
PAPP	1	112	0.2002
PAPP	1	113	0.1597
PAPP	1	114	0.1343
PAPP	1	115	0.126
PAPP	1	115.25	0.1265
PAPP	1	116	0.1096
PAPP	1	117	0.0927
PAPP	1	118	0.0832
PAPP	1	119	0.0818
PAPP	1	119.33	0.083
PAPP	1	120	0.092
PAPP	1	121	0.1101
PAPP	1	121.21	0.1143
PAPP	1	122	0.0897
PAPP	1	122.08	0.0872
PAPP	1	122.47	0.0584
PAPP	1	123	0.0732
PAPP	1	124	0.1112
PAPP	1	124.32	0.1256
PAPP	1	125	0.1448
PAPP	1	126	0.1734
PAPP	1	127	0.2002
PAPP	1	128	0.223
PAPP	1	128.27	0.2282
PAPP	1	129	0.2359
PAPP	1	130	0.2449
PAPP	1	131	0.2515
PAPP	1	131.96	0.2551
PAPP	1	132	0.2548
PAPP	1	133	0.2452
PAPP	1	134	0.2327
PAPP	1	135	0.2176
PAPP	1	136	0.2003
PAPP	1	137	0.1814
PAPP	1	138	0.1618
PAPP	1	138.18	0.1582
PAPP	1	139	0.1538
PAPP	1	140	0.1497
PAPP	1	141	0.1474
PAPP	1	142	0.1472
PAPP	1	143	0.1492
PAPP	1	144	0.1534
PAPP	1	144.75	0.158
PAPP	1	145	0.1638
PAPP	1	145.59	0.1785
PAPP	1	146	0.1948
PAPP	1	146.72	0.2198
PAPP	1	147	0.2189
PAPP	1	147.73	0.2129
PAPP	1	148	0.2583
PAPP	1	148.09	0.2733
PAPP	1	149	0.1414
PAPP	1	149.56	0.0871
PAPP	1	150	0.052
PAPP	1	150.73	0.0502
PAPP	1	150.73	0.0502
PAPP	1	150.73	0.0502
PAPP	1	150.73	0.0502
PAPP	1	150.73	0.0502
PAPP	1	151	0.0437
PAPP	1	152	0.0351
PAPP	1	152.69	0.0443
PAPP	1	152.96	0.0776
PAPP	1	152.96	0.0776
PAPP	1	152.96	0.0776
PAPP	1	152.96	0.0776
PAPP	1	152.96	0.0776
PAPP	1	152.96	0.0776
PAPP	1	153	0.0815
PAPP	1	153.23	0.1066
PAPP	1	153.23	0.1066
PAPP	1	153.23	0.1066
PAPP	1	153.23	0.1066
PAPP	1	153.23	0.1066
PAPP	1	153.5	0.0776
PAPP	1	153.5	0.0776
PAPP	1	153.5	0.0776
PAPP	1	153.5	0.0776
PAPP	1	153.5	0.0776
PAPP	1	153.5	0.0776
PAPP	1	153.5	0.0776
PAPP	1	153.5	0.0776
PAPP	1	153.5	0.0776
PAPP	1	153.5	0.0776
PAPP	1	153.5	0.0776
PAPP	1	153.5	0.0776
PAPP	1	153.5	0.0776
PAPP	1	153.5	0.0776
PAPP	1	153.5	0.0776
PAPP	1	153.75	0.0977
PAPP	1	154	0.0907
PAPP	1	155	0.064
PAPP	1	156	0.0404
PAPP	1	157	0.0214
PAPP	1	158	0.0081
PAPP	1	159	0.0015
PAPP	1	160	0.0016
PAPP	1	160.39	0.0034
PAPP	1	161	0.0027
PAPP	1	162	0.0017
PAPP	1	163	0.001
PAPP	1	164	6e-04
PAPP	1	165	5e-04
PAPP	1	166	6e-04
PAPP	1	167	9e-04
PAPP	1	168	0.0013
PAPP	1	169	0.0019
PAPP	1	170	0.0026
PAPP	1	170.61	0.0031
PAPP	1	171	0.0023
PAPP	1	172	0.0026
PAPP	1	173	0.0069
PAPP	1	174	0.0156
PAPP	1	175	0.0289
PAPP	1	176	0.0467
PAPP	1	177	0.0683
PAPP	1	178	0.0929
PAPP	1	179	0.1196
PAPP	1	180	0.1473
PAPP	1	180.89	0.1719
PAPP	1	181	0.1713
PAPP	1	182	0.1651
PAPP	1	183	0.1567
PAPP	1	184	0.1462
PAPP	1	185	0.1341
PAPP	1	186	0.1208
PAPP	1	187	0.1069
PAPP	1	188	0.093
PAPP	1	189	0.0798
PAPP	1	190	0.0679
PAPP	1	191	0.0579
PAPP	1	192	0.0502
PAPP	1	193	0.0449
PAPP	1	194	0.0423
PAPP	1	194.61	0.0421
PAPP	1	194.61	0.0421
PAPP	1	194.61	0.0421
PAPP	1	195	0.0515
PAPP	1	195.47	0.0626
PAPP	1	196	0.05
PAPP	1	196.98	0.0318
PAPP	1	197	0.0318
PAPP	1	198	0.0322
PAPP	1	199	0.0344
PAPP	1	200	0.0385
PAPP	1	201	0.0442
PAPP	1	201.3	0.0461
PAPP	1	202	0.0402
PAPP	1	203	0.0333
PAPP	1	204	0.0287
PAPP	1	205	0.0269
PAPP	1	206	0.0283
PAPP	1	207	0.0331
PAPP	1	208	0.0413
PAPP	1	209	0.0526
PAPP	1	210	0.0665
PAPP	1	210.35	0.0719
PAPP	1	211	0.0617
PAPP	1	212	0.045
PAPP	1	213	0.0286
PAPP	1	214	0.0149
PAPP	1	215	0.0064
PAPP	1	216	0.0055
PAPP	1	217	0.0144
PAPP	1	218	0.0343
PAPP	1	218.22	0.0403
PAPP	1	219	0.1185
PAPP	1	219.13	0.1359
PAPP	1	219.44	0.0825
PAPP	1	219.44	0.0825
PAPP	1	220	0.0401
PAPP	1	221	0.0078
PAPP	1	221.01	0.0078
PAPP	1	221.96	0.0223
PAPP	1	222	0.0221
PAPP	1	223	0.0189
PAPP	1	224	0.0201
PAPP	1	224.6	0.0228
PAPP	1	224.97	0.0306
PAPP	1	225	0.0316
PAPP	1	225.83	0.0617
PAPP	1	226	0.055
PAPP	1	226.58	0.0394
PAPP	1	227	0.0368
PAPP	1	228	0.0359
PAPP	1	228.14	0.0363
PAPP	1	229	0.0596
PAPP	1	230	0.1001
PAPP	1	231	0.156
PAPP	1	232	0.2272
PAPP	1	233	0.3119
PAPP	1	234	0.4076
PAPP	1	234.97	0.5077
PAPP	1	235	0.5025
PAPP	1	236	0.3321
PAPP	1	237	0.19
PAPP	1	237.77	0.1067
PAPP	1	238	0.1124
PAPP	1	239	0.1389
PAPP	1	240	0.168
PAPP	1	241	0.1983
PAPP	1	242	0.2281
PAPP	1	243	0.2558
PAPP	1	243.07	0.2575
PAPP	1	244	0.242
PAPP	1	245	0.2283
PAPP	1	246	0.2213
PAPP	1	247	0.2235
PAPP	1	247.22	0.2253
PAPP	1	248	0.2516
PAPP	1	248.76	0.2694
PAPP	1	249	0.2133
PAPP	1	249.58	0.1055
PAPP	1	250	0.1014
PAPP	1	250	0.1013
PAPP	1	251	0.0958
PAPP	1	252	0.12
PAPP	1	253	0.176
PAPP	1	254	0.2614
PAPP	1	255	0.3696
PAPP	1	256	0.4911
PAPP	1	256.31	0.5299
PAPP	1	257	0.4901
PAPP	1	258	0.4095
PAPP	1	258.12	0.3985
PAPP	1	259	0.3915
PAPP	1	260	0.3719
PAPP	1	260.03	0.3712
PAPP	1	261	0.4165
PAPP	1	262	0.4741
PAPP	1	263	0.5422
PAPP	1	264	0.6188
PAPP	1	265	0.7011
PAPP	1	266	0.7854
PAPP	1	267	0.8678
PAPP	1	267.88	0.9362
PAPP	2	0	0.7927
PAPP	2	1	0.8026
PAPP	2	2	0.8008
PAPP	2	3	0.7864
PAPP	2	4	0.7598
PAPP	2	4.71	0.7344
PAPP	2	5	0.7871
PAPP	2	5.27	0.8291
PAPP	2	5.55	0.9265
PAPP	2	5.55	0.9265
PAPP	2	6	1.0446
PAPP	2	6.23	1.0947
PAPP	2	7	1.0991
PAPP	2	7.09	1.0973
PAPP	2	8	1.208
PAPP	2	8.1	1.2177
PAPP	2	8.67	1.111
PAPP	2	9	1.1876
PAPP	2	9.35	1.2586
PAPP	2	9.73	1.2286
PAPP	2	10	1.2253
PAPP	2	11	1.1999
PAPP	2	12	1.1541
PAPP	2	13	1.0901
PAPP	2	14	1.0119
PAPP	2	14.35	0.9823
PAPP	2	15	0.9584
PAPP	2	16	0.9126
PAPP	2	16.89	0.8632
PAPP	2	17	0.8655
PAPP	2	18	0.8716
PAPP	2	18.84	0.8537
PAPP	2	19	0.8923
PAPP	2	20	1.1562
PAPP	2	21	1.4443
PAPP	2	22	1.7202
PAPP	2	22.44	1.8288
PAPP	2	23	1.7705
PAPP	2	23.16	1.7496
PAPP	2	23.79	2.1883
PAPP	2	24	2.1223
PAPP	2	24.57	1.8974
PAPP	2	24.86	1.7243
PAPP	2	25	1.7585
PAPP	2	26	1.9781
PAPP	2	27	2.1195
PAPP	2	27	2.1197
PAPP	2	28	2.4483
PAPP	2	29	2.7185
PAPP	2	29.12	2.745
PAPP	2	30	2.3768
PAPP	2	30.21	2.269
PAPP	2	30.21	2.269
PAPP	2	31	2.3082
PAPP	2	32	2.2693
PAPP	2	32.35	2.2342
PAPP	2	33	2.3013
PAPP	2	34	2.3841
PAPP	2	35	2.4369
PAPP	2	36	2.4568
PAPP	2	37	2.4445
PAPP	2	38	2.4031
PAPP	2	38.75	2.3564
PAPP	2	39	2.3699
PAPP	2	40	2.4095
PAPP	2	41	2.424
PAPP	2	42	2.4103
PAPP	2	43	2.3667
PAPP	2	44	2.2938
PAPP	2	45	2.1944
PAPP	2	46	2.0733
PAPP	2	46.99	1.9386
PAPP	2	47	1.937
PAPP	2	48	1.8277
PAPP	2	49	1.7064
PAPP	2	50	1.5753
PAPP	2	51	1.4378
PAPP	2	52	1.2974
PAPP	2	53	1.1583
PAPP	2	54	1.0243
PAPP	2	55	0.8988
PAPP	2	56	0.7844
PAPP	2	57	0.6829
PAPP	2	58	0.595
PAPP	2	58.58	0.5502
PAPP	2	59	0.5644
PAPP	2	60	0.5973
PAPP	2	61	0.6285
PAPP	2	62	0.6567
PAPP	2	63	0.6811
PAPP	2	64	0.7005
PAPP	2	65	0.7143
PAPP	2	66	0.7219
PAPP	2	67	0.723
PAPP	2	68	0.7179
PAPP	2	68.02	0.7178
PAPP	2	69	0.5929
PAPP	2	70	0.4588
PAPP	2	70.04	0.4538
PAPP	2	71	0.5096
PAPP	2	71.33	0.5335
PAPP	2	72	0.533
PAPP	2	72.69	0.5232
PAPP	2	73	0.5131
PAPP	2	74	0.4702
PAPP	2	74.94	0.4197
PAPP	2	75	0.4243
PAPP	2	75.94	0.4901
PAPP	2	76	0.4941
PAPP	2	77	0.5517
PAPP	2	78	0.5875
PAPP	2	78.97	0.5941
PAPP	2	79	0.5941
PAPP	2	79.87	0.5885
PAPP	2	80	0.5704
PAPP	2	81	0.4447
PAPP	2	81.81	0.37
PAPP	2	81.81	0.37
PAPP	2	81.81	0.37
PAPP	2	82	0.3858
PAPP	2	82.69	0.4336
PAPP	2	83	0.4505
PAPP	2	84	0.4905
PAPP	2	84.33	0.4981
PAPP	2	85	0.5632
PAPP	2	86	0.6554
PAPP	2	87	0.7347
PAPP	2	87.51	0.7684
PAPP	2	88	0.7604
PAPP	2	89	0.7388
PAPP	2	90	0.71
PAPP	2	91	0.6742
PAPP	2	92	0.6319
PAPP	2	93	0.5841
PAPP	2	94	0.5322
PAPP	2	95	0.4782
PAPP	2	96	0.4236
PAPP	2	96.92	0.3746
PAPP	2	97	0.3773
PAPP	2	98	0.4079
PAPP	2	99	0.4353
PAPP	2	100	0.4577
PAPP	2	101	0.4737
PAPP	2	102	0.4827
PAPP	2	102.4	0.4844
PAPP	2	103	0.4978
PAPP	2	104	0.5185
PAPP	2	105	0.5365
PAPP	2	106	0.5513
PAPP	2	107	0.5624
PAPP	2	108	0.57
PAPP	2	109	0.5742
PAPP	2	109.98	0.5756
PAPP	2	110	0.5749
PAPP	2	111	0.5286
PAPP	2	112	0.477
PAPP	2	113	0.422
PAPP	2	114	0.3659
PAPP	2	115	0.311
PAPP	2	116	0.2595
PAPP	2	116.72	0.2253
PAPP	2	117	0.2407
PAPP	2	118	0.3012
PAPP	2	119	0.3653
PAPP	2	120	0.4272
PAPP	2	120.68	0.4651
PAPP	2	121	0.4253
PAPP	2	121.35	0.3843
PAPP	2	122	0.2324
PAPP	2	122.54	0.1404
PAPP	2	122.68	0.1576
PAPP	2	123	0.1439
PAPP	2	123.54	0.1404
PAPP	2	124	0.1446
PAPP	2	124.36	0.1444
PAPP	2	124.36	0.1444
PAPP	2	125	0.1376
PAPP	2	126	0.1234
PAPP	2	127	0.1062
PAPP	2	128	0.0885
PAPP	2	128.09	0.087
PAPP	2	128.38	0.1207
PAPP	2	128.67	0.1234
PAPP	2	128.67	0.1234
PAPP	2	128.95	0.0898
PAPP	2	129	0.0925
PAPP	2	129.36	0.1155
PAPP	2	129.69	0.1701
PAPP	2	130	0.136
PAPP	2	130.39	0.0966
PAPP	2	130.39	0.0966
PAPP	2	130.39	0.0966
PAPP	2	130.39	0.0966
PAPP	2	130.39	0.0966
PAPP	2	130.39	0.0966
PAPP	2	130.39	0.0966
PAPP	2	130.39	0.0966
PAPP	2	130.39	0.0966
PAPP	2	130.39	0.0966
PAPP	2	130.39	0.0966
PAPP	2	130.39	0.0966
PAPP	2	130.39	0.0966
PAPP	2	130.59	0.1086
PAPP	2	130.59	0.1086
PAPP	2	130.79	0.1132
PAPP	2	130.79	0.1132
PAPP	2	131	0.183
PAPP	2	131.11	0.2295
PAPP	2	131.71	0.2221
PAPP	2	131.71	0.2221
PAPP	2	131.71	0.2221
PAPP	2	131.71	0.2221
PAPP	2	131.71	0.2221
PAPP	2	131.71	0.2221
PAPP	2	131.71	0.2221
PAPP	2	132	0.2483
PAPP	2	132.25	0.2738
PAPP	2	132.25	0.2738
PAPP	2	132.25	0.2738
PAPP	2	133	0.3434
PAPP	2	133.14	0.3646
PAPP	2	133.5	0.4113
PAPP	2	133.63	0.3939
PAPP	2	133.63	0.3939
PAPP	2	133.63	0.3939
PAPP	2	134	0.385
PAPP	2	134.17	0.3787
PAPP	2	134.17	0.3787
PAPP	2	135	0.4445
PAPP	2	135.56	0.4852
PAPP	2	135.84	0.5153
PAPP	2	135.84	0.5153
PAPP	2	136	0.519
PAPP	2	136.33	0.5218
PAPP	2	136.33	0.5218
PAPP	2	137	0.6997
PAPP	2	137.41	0.823
PAPP	2	138	0.7409
PAPP	2	138.58	0.6562
PAPP	2	139	0.6166
PAPP	2	139.43	0.5648
PAPP	2	139.43	0.5648
PAPP	2	140	0.5358
PAPP	2	140.53	0.5005
PAPP	2	141	0.5364
PAPP	2	141.07	0.5428
PAPP	2	141.07	0.5428
PAPP	2	141.07	0.5428
PAPP	2	142	0.5677
PAPP	2	142.88	0.5791
PAPP	2	142.88	0.5791
PAPP	2	143	0.5787
PAPP	2	144	0.5577
PAPP	2	144.42	0.5408
PAPP	2	144.78	0.5381
PAPP	2	145	0.4885
PAPP	2	145.32	0.4108
PAPP	2	145.32	0.4108
PAPP	2	146	0.4739
PAPP	2	146.14	0.486
PAPP	2	146.14	0.486
PAPP	2	146.14	0.486
PAPP	2	147	0.4531
PAPP	2	148	0.4033
PAPP	2	148.55	0.3735
PAPP	2	149	0.4145
PAPP	2	150	0.5095
PAPP	2	151	0.6055
PAPP	2	152	0.6958
PAPP	2	153	0.775
PAPP	2	154	0.8401
PAPP	2	154.02	0.8412
PAPP	2	154.02	0.8412
PAPP	2	154.56	0.9414
PAPP	2	154.56	0.9414
PAPP	2	154.83	0.8439
PAPP	2	155	0.8338
PAPP	2	155.67	0.7559
PAPP	2	156	0.74
PAPP	2	156.84	0.6719
PAPP	2	157	0.6732
PAPP	2	158	0.6635
PAPP	2	158.32	0.6547
PAPP	2	159	0.6275
PAPP	2	159.79	0.571
PAPP	2	160	0.6123
PAPP	2	160.39	0.6879
PAPP	2	160.78	0.5723
PAPP	2	160.78	0.5723
PAPP	2	161	0.5409
PAPP	2	161.73	0.425
PAPP	2	162	0.4869
PAPP	2	162.81	0.6746
PAPP	2	163	0.7132
PAPP	2	163.3	0.7678
PAPP	2	163.47	0.6765
PAPP	2	164	0.4943
PAPP	2	164.34	0.3787
PAPP	2	165	0.4173
PAPP	2	165.88	0.46
PAPP	2	166	0.4631
PAPP	2	167	0.4865
PAPP	2	168	0.5055
PAPP	2	169	0.5187
PAPP	2	170	0.5251
PAPP	2	171	0.5243
PAPP	2	171.74	0.5191
PAPP	2	172	0.5169
PAPP	2	173	0.5112
PAPP	2	174	0.5108
PAPP	2	175	0.5158
PAPP	2	176	0.5261
PAPP	2	177	0.5409
PAPP	2	177.6	0.5515
PAPP	2	178	0.5249
PAPP	2	179	0.4515
PAPP	2	180	0.3743
PAPP	2	180.37	0.3465
PAPP	2	181	0.2776
PAPP	2	181.76	0.2329
PAPP	2	182	0.1419
PAPP	2	182.75	0.0013
PAPP	2	183	0.0038
PAPP	2	183.36	0.01
PAPP	2	183.36	0.01
PAPP	2	183.36	0.01
PAPP	2	184	0.007
PAPP	2	185	0.0129
PAPP	2	185.42	0.0188
PAPP	2	185.42	0.0188
PAPP	2	186	0.0265
PAPP	2	186.64	0.0484
PAPP	2	187	0.0396
PAPP	2	187.19	0.0361
PAPP	2	187.19	0.0361
PAPP	2	188	0.0445
PAPP	2	188.01	0.0448
PAPP	2	188.01	0.0448
PAPP	2	188.47	0.0265
PAPP	2	188.78	0.0265
PAPP	2	189	0.0322
PAPP	2	189.65	0.0747
PAPP	2	190	0.0795
PAPP	2	191	0.0908
PAPP	2	191.03	0.091
PAPP	2	191.71	0.0386
PAPP	2	192	0.0248
PAPP	2	192.69	0.0051
PAPP	2	193	0.0031
PAPP	2	193.68	0.0011
PAPP	2	194	9e-04
PAPP	2	195	6e-04
PAPP	2	196	7e-04
PAPP	2	196.21	7e-04
PAPP	2	197	6e-04
PAPP	2	198	0.0055
PAPP	2	199	0.0159
PAPP	2	200	0.032
PAPP	2	201	0.0532
PAPP	2	202	0.0789
PAPP	2	203	0.1079
PAPP	2	204	0.1393
PAPP	2	204.23	0.1469
PAPP	2	205	0.1365
PAPP	2	206	0.1252
PAPP	2	207	0.117
PAPP	2	208	0.1123
PAPP	2	209	0.1112
PAPP	2	209.59	0.1123
PAPP	2	210	0.0827
PAPP	2	210.97	0.0315
PAPP	2	211	0.0334
PAPP	2	211.48	0.0774
PAPP	2	211.48	0.0774
PAPP	2	212	0.0187
PAPP	2	212.25	0.0054
PAPP	2	213	0.0151
PAPP	2	214	0.0354
PAPP	2	215	0.0617
PAPP	2	215.17	0.0666
PAPP	2	216	0.1048
PAPP	2	217	0.1609
PAPP	2	218	0.2242
PAPP	2	218.7	0.27
PAPP	2	219	0.2332
PAPP	2	219.99	0.1221
PAPP	2	220	0.1228
PAPP	2	221	0.2245
PAPP	2	221.54	0.2827
PAPP	2	222	0.2653
PAPP	2	222.31	0.2527
PAPP	2	223	0.209
PAPP	2	224	0.1652
PAPP	2	225	0.149
PAPP	2	225.96	0.1607
PAPP	2	226	0.1597
PAPP	2	227	0.135
PAPP	2	228	0.1114
PAPP	2	228.44	0.1021
PAPP	2	229	0.0622
PAPP	2	230	0.0701
PAPP	2	231	0.1627
PAPP	2	231.5	0.2301
PAPP	2	232	0.2174
PAPP	2	233	0.19
PAPP	2	234	0.161
PAPP	2	235	0.1323
PAPP	2	236	0.1058
PAPP	2	237	0.0832
PAPP	2	237.74	0.0695
PAPP	2	238	0.0756
PAPP	2	239	0.1037
PAPP	2	240	0.1367
PAPP	2	240.31	0.1472
PAPP	2	240.62	0.1515
PAPP	2	241	0.1763
PAPP	2	242	0.2445
PAPP	2	242.86	0.2992
PAPP	2	243	0.3064
PAPP	2	244	0.359
PAPP	2	244.56	0.384
PAPP	2	245	0.1967
PAPP	2	245.2	0.1315
PAPP	2	246	0.0903
PAPP	2	246.13	0.0851
PAPP	2	247	0.0859
PAPP	2	248	0.0871
PAPP	2	249	0.0886
PAPP	2	250	0.0904
PAPP	2	251	0.0925
PAPP	2	251.18	0.0929
PAPP	3	35	0.6856
PAPP	3	36	0.8686
PAPP	3	37	1.0493
PAPP	3	38	1.2101
PAPP	3	38.27	1.2481
PAPP	3	39	1.2204
PAPP	3	40	1.1762
PAPP	3	41	1.1254
PAPP	3	42	1.0689
PAPP	3	43	1.008
PAPP	3	44	0.944
PAPP	3	45	0.8782
PAPP	3	46	0.8121
PAPP	3	47	0.7469
PAPP	3	48	0.6837
PAPP	3	48.27	0.6669
PAPP	3	49	0.7311
PAPP	3	49.83	0.7897
PAPP	3	50	0.8023
PAPP	3	51	0.8684
PAPP	3	52	0.9188
PAPP	3	53	0.9504
PAPP	3	53.88	0.9629
PAPP	3	54	0.9529
PAPP	3	54.92	0.8583
PAPP	3	55	0.8564
PAPP	3	56	0.8254
PAPP	3	57	0.7882
PAPP	3	57.8	0.757
PAPP	3	58	0.7418
PAPP	3	59	0.6455
PAPP	3	59.24	0.6185
PAPP	3	60	0.64
PAPP	3	60.87	0.6436
PAPP	3	61	0.6241
PAPP	3	61.51	0.546
PAPP	3	62	0.503
PAPP	3	63	0.4048
PAPP	3	63.63	0.3406
PAPP	3	64	0.3761
PAPP	3	65	0.4704
PAPP	3	65.18	0.4868
PAPP	3	66	0.4158
PAPP	3	67	0.3317
PAPP	3	68	0.2541
PAPP	3	69	0.1863
PAPP	3	70	0.1308
PAPP	3	71	0.0889
PAPP	3	71.8	0.0655
PAPP	3	72	0.06
PAPP	3	73	0.0483
PAPP	3	74	0.0641
PAPP	3	74.83	0.0957
PAPP	3	75	0.0797
PAPP	3	75.12	0.0728
PAPP	3	76	0.1592
PAPP	3	76.41	0.2066
PAPP	3	76.41	0.2066
PAPP	3	76.58	0.2043
PAPP	3	76.58	0.2043
PAPP	3	76.58	0.2043
PAPP	3	76.58	0.2043
PAPP	3	76.99	0.2048
PAPP	3	77	0.2037
PAPP	3	77.4	0.1505
PAPP	3	77.4	0.1505
PAPP	3	77.4	0.1505
PAPP	3	77.4	0.1505
PAPP	3	77.4	0.1505
PAPP	3	77.67	0.0583
PAPP	3	77.67	0.0583
PAPP	3	77.67	0.0583
PAPP	3	77.67	0.0583
PAPP	3	77.67	0.0583
PAPP	3	77.67	0.0583
PAPP	3	77.67	0.0583
PAPP	3	78	0.0713
PAPP	3	78.21	0.0837
PAPP	3	78.21	0.0837
PAPP	3	78.21	0.0837
PAPP	3	78.5	0.1061
PAPP	3	79	0.1027
PAPP	3	79.15	0.1011
PAPP	3	79.15	0.1011
PAPP	3	80	0.0757
PAPP	3	80.59	0.0582
PAPP	3	80.59	0.0582
PAPP	3	81	0.0648
PAPP	3	81.82	0.0757
PAPP	3	82	0.0928
PAPP	3	82.1	0.1028
PAPP	3	82.1	0.1028
PAPP	3	83	0.1027
PAPP	3	83.26	0.1012
PAPP	3	84	0.0739
PAPP	3	84.14	0.069
PAPP	3	84.14	0.069
PAPP	3	84.7	0.0443
PAPP	3	84.97	0.0271
PAPP	3	84.97	0.0271
PAPP	3	84.97	0.0271
PAPP	3	85	0.0268
PAPP	3	86	0.0281
PAPP	3	86.42	0.0353
PAPP	3	87	0.0204
PAPP	3	88	0.0076
PAPP	3	88.53	0.0076
PAPP	3	89	0.0071
PAPP	3	90	0.0098
PAPP	3	91	0.0165
PAPP	3	92	0.0288
PAPP	3	93	0.0514
PAPP	3	93.11	0.0547
PAPP	3	94	0.0244
PAPP	3	95	0.0088
PAPP	3	96	0.0155
PAPP	3	97	0.0444
PAPP	3	97.35	0.0593
PAPP	3	98	0.0414
PAPP	3	99	0.0189
PAPP	3	100	0.0047
PAPP	3	100.84	3e-04
PAPP	3	101	1e-04
PAPP	3	102	0.03
PAPP	3	102.6	0.0712
PAPP	3	103	0.1076
PAPP	3	103.79	0.1999
PAPP	3	104	0.2161
PAPP	3	104.5	0.2573
PAPP	3	105	0.3264
PAPP	3	105.51	0.406
PAPP	3	106	0.3851
PAPP	3	107	0.3641
PAPP	3	107.55	0.3653
PAPP	3	108	0.365
PAPP	3	109	0.4019
PAPP	3	110	0.4715
PAPP	3	111	0.5508
PAPP	3	112	0.6202
PAPP	3	112.09	0.6255
PAPP	3	113	0.6091
PAPP	3	114	0.5917
PAPP	3	115	0.5744
PAPP	3	115.54	0.5647
PAPP	3	115.54	0.5647
PAPP	3	116	0.5762
PAPP	3	117	0.6385
PAPP	3	117.23	0.6597
PAPP	3	117.23	0.6597
PAPP	3	118	0.5821
PAPP	3	118.63	0.5002
PAPP	3	119	0.4796
PAPP	3	120	0.4095
PAPP	3	121	0.3275
PAPP	3	121.37	0.2971
PAPP	3	122	0.3467
PAPP	3	122.85	0.4086
PAPP	3	122.85	0.4086
PAPP	3	123	0.4019
PAPP	3	123.9	0.3546
PAPP	3	123.9	0.3546
PAPP	3	124	0.3523
PAPP	3	124.24	0.348
PAPP	3	124.24	0.348
PAPP	3	125	0.5104
PAPP	3	125.06	0.5223
PAPP	3	125.49	0.6072
PAPP	3	125.49	0.6072
PAPP	3	125.93	0.5882
PAPP	3	126	0.59
PAPP	3	126.76	0.6197
PAPP	3	126.76	0.6197
PAPP	3	126.76	0.6197
PAPP	3	126.76	0.6197
PAPP	3	126.76	0.6197
PAPP	3	127	0.6335
PAPP	3	127.13	0.6406
PAPP	3	127.13	0.6406
PAPP	3	127.51	0.5545
PAPP	3	127.79	0.5216
PAPP	3	128	0.5453
PAPP	3	128.27	0.5706
PAPP	3	128.27	0.5706
PAPP	3	128.54	0.5516
PAPP	3	128.54	0.5516
PAPP	3	129	0.6064
PAPP	3	129.08	0.6217
PAPP	3	130	0.5919
PAPP	3	130.76	0.5395
PAPP	3	131	0.5532
PAPP	3	131.75	0.5673
PAPP	3	132	0.6039
PAPP	3	132.15	0.627
PAPP	3	133	0.6335
PAPP	3	134	0.6327
PAPP	3	134.73	0.6266
PAPP	3	135	0.6461
PAPP	3	136	0.7095
PAPP	3	136.98	0.7539
PAPP	3	137	0.7544
PAPP	3	138	0.7704
PAPP	3	139	0.775
PAPP	3	140	0.7676
PAPP	3	140.06	0.7667
PAPP	3	141	0.8672
PAPP	3	142	0.966
PAPP	3	142.72	1.0268
PAPP	3	143	0.9941
PAPP	3	144	0.8812
PAPP	3	144.09	0.8723
PAPP	3	145	0.8585
PAPP	3	146	0.8191
PAPP	3	146.82	0.7693
PAPP	3	147	0.7683
PAPP	3	148	0.7729
PAPP	3	149	0.7961
PAPP	3	150	0.8375
PAPP	3	151	0.8937
PAPP	3	152	0.9601
PAPP	3	152.34	0.9838
PAPP	3	153	0.9707
PAPP	3	154	0.9269
PAPP	3	155	0.858
PAPP	3	155.19	0.8427
PAPP	3	156	1.0012
PAPP	3	156.66	1.0997
PAPP	3	156.66	1.0997
PAPP	3	157	1.1145
PAPP	3	158	1.1078
PAPP	3	158.72	1.0562
PAPP	3	159	1.1265
PAPP	3	159.7	1.2818
PAPP	3	160	1.4077
PAPP	3	160.06	1.4279
PAPP	3	161	1.5817
PAPP	3	161.54	1.6517
PAPP	3	161.54	1.6517
PAPP	3	162	1.3269
PAPP	3	162.08	1.2645
PAPP	3	162.08	1.2645
PAPP	3	162.78	1.0798
PAPP	3	163	1.02
PAPP	3	164	0.7525
PAPP	3	165	0.5056
PAPP	3	166	0.3013
PAPP	3	166.62	0.2021
PAPP	3	167	0.1721
PAPP	3	168	0.1019
PAPP	3	169	0.0507
PAPP	3	170	0.0224
PAPP	3	170.27	0.0189
PAPP	3	171	0.0207
PAPP	3	172	0.0242
PAPP	3	173	0.0289
PAPP	3	174	0.0345
PAPP	3	175	0.0408
PAPP	3	176	0.0475
PAPP	3	177	0.0542
PAPP	3	177.07	0.0546
PAPP	3	178	0.0698
PAPP	3	179	0.0978
PAPP	3	180	0.1365
PAPP	3	181	0.1829
PAPP	3	181.68	0.2167
PAPP	3	182	0.2426
PAPP	3	182.12	0.251
PAPP	3	183	0.1799
PAPP	3	184	0.1152
PAPP	3	185	0.0749
PAPP	3	185.83	0.0626
PAPP	3	186	0.0607
PAPP	3	187	0.0511
PAPP	3	188	0.045
PAPP	3	189	0.0446
PAPP	3	190	0.0516
PAPP	3	191	0.0676
PAPP	3	192	0.0938
PAPP	3	193	0.1305
PAPP	3	194	0.1773
PAPP	3	195	0.2335
PAPP	3	195.33	0.2535
PAPP	3	196	0.1911
PAPP	3	197	0.1129
PAPP	3	198	0.0562
PAPP	3	199	0.0229
PAPP	3	199.9	0.0124
PAPP	3	200	0.0144
PAPP	3	201	0.0707
PAPP	3	201.85	0.1626
PAPP	3	202	0.1848
PAPP	3	202.15	0.2064
PAPP	3	203	0.2283
PAPP	3	204	0.2453
PAPP	3	204.52	0.2497
PAPP	3	205	0.2636
PAPP	3	206	0.2943
PAPP	3	207	0.3251
PAPP	3	208	0.3531
PAPP	3	209	0.3757
PAPP	3	209.45	0.3837
PAPP	4	0	0.3
PAPP	4	1	0.2702
PAPP	4	2	0.2386
PAPP	4	3	0.2078
PAPP	4	3.56	0.1919
PAPP	4	4	0.2006
PAPP	4	5	0.2201
PAPP	4	6	0.2379
PAPP	4	6.19	0.241
PAPP	4	7	0.2395
PAPP	4	7.3	0.2378
PAPP	4	8	0.1837
PAPP	4	9	0.1145
PAPP	4	10	0.0599
PAPP	4	10.24	0.0492
PAPP	4	11	0.0579
PAPP	4	12	0.071
PAPP	4	13	0.0852
PAPP	4	14	0.0995
PAPP	4	14.31	0.1037
PAPP	4	15	0.0769
PAPP	4	16	0.0496
PAPP	4	17	0.0385
PAPP	4	17.8	0.0414
PAPP	4	18	0.0481
PAPP	4	19	0.0952
PAPP	4	19.19	0.1061
PAPP	4	20	0.1283
PAPP	4	21	0.1577
PAPP	4	22	0.1876
PAPP	4	23	0.2161
PAPP	4	24	0.2414
PAPP	4	24.7	0.2566
PAPP	4	25	0.2233
PAPP	4	26	0.1229
PAPP	4	27	0.0501
PAPP	4	27.43	0.029
PAPP	4	28	0.0298
PAPP	4	29	0.0331
PAPP	4	30	0.039
PAPP	4	31	0.0476
PAPP	4	32	0.0593
PAPP	4	32.37	0.0643
PAPP	4	33	0.0526
PAPP	4	34	0.0386
PAPP	4	35	0.0314
PAPP	4	36	0.0315
PAPP	4	36.03	0.0316
PAPP	4	36.14	0.0337
PAPP	4	37	0.041
PAPP	4	37.95	0.0499
PAPP	4	38	0.0498
PAPP	4	39	0.0457
PAPP	4	40	0.0403
PAPP	4	40.63	0.0366
PAPP	4	41	0.0344
PAPP	4	42	0.0285
PAPP	4	43	0.0231
PAPP	4	44	0.0189
PAPP	4	45	0.0163
PAPP	4	46	0.0161
PAPP	4	47	0.0184
PAPP	4	48	0.0236
PAPP	4	49	0.0315
PAPP	4	50	0.042
PAPP	4	50.67	0.0503
PAPP	4	51	0.0576
PAPP	4	52	0.0815
PAPP	4	52.72	0.0987
PAPP	4	53	0.1044
PAPP	4	54	0.1303
PAPP	4	55	0.1634
PAPP	4	56	0.202
PAPP	4	57	0.2441
PAPP	4	58	0.2875
PAPP	4	58.2	0.2962
PAPP	4	58.56	0.1993
PAPP	4	59	0.249
PAPP	4	60	0.3806
PAPP	4	61	0.5213
PAPP	4	61.54	0.5927
PAPP	4	62	0.5397
PAPP	4	63	0.4155
PAPP	4	63.21	0.3898
PAPP	4	63.78	0.3634
PAPP	4	63.78	0.3634
PAPP	4	64	0.3641
PAPP	4	64.13	0.3755
PAPP	4	65	0.4047
PAPP	4	65.65	0.41
PAPP	4	65.98	0.4077
PAPP	4	65.98	0.4077
PAPP	4	66	0.4083
PAPP	4	66.25	0.4144
PAPP	4	66.25	0.4144
PAPP	4	66.25	0.4144
PAPP	4	66.52	0.4077
PAPP	4	66.79	0.4251
PAPP	4	67	0.41
PAPP	4	67.07	0.4073
PAPP	4	67.07	0.4073
PAPP	4	67.07	0.4073
PAPP	4	67.62	0.4955
PAPP	4	67.91	0.4081
PAPP	4	68	0.4107
PAPP	4	68.37	0.4273
PAPP	4	68.37	0.4273
PAPP	4	68.83	0.4374
PAPP	4	69	0.4309
PAPP	4	69.92	0.4068
PAPP	4	69.92	0.4068
PAPP	4	69.92	0.4068
PAPP	4	70	0.4067
PAPP	4	70.44	0.4074
PAPP	4	70.71	0.4074
PAPP	4	70.71	0.4074
PAPP	4	71	0.4494
PAPP	4	71.53	0.5457
PAPP	4	72	0.5264
PAPP	4	72.17	0.5186
PAPP	4	73	0.4796
PAPP	4	73.14	0.4725
PAPP	4	74	0.3888
PAPP	4	74.8	0.3064
PAPP	4	75	0.2879
PAPP	4	76	0.2
PAPP	4	76.16	0.1881
PAPP	4	77	0.2624
PAPP	4	77.53	0.3366
PAPP	4	78	0.3814
PAPP	4	79	0.4741
PAPP	4	79.22	0.4925
PAPP	4	79.6	0.4043
PAPP	4	80	0.3733
PAPP	4	81	0.2859
PAPP	4	81.55	0.2371
PAPP	4	81.55	0.2371
PAPP	4	82	0.2267
PAPP	4	83	0.2195
PAPP	4	83.79	0.2323
PAPP	4	84	0.236
PAPP	4	84.95	0.2413
PAPP	4	85	0.2423
PAPP	4	85.58	0.2398
PAPP	4	86	0.159
PAPP	4	86.16	0.1382
PAPP	4	87	0.1226
PAPP	4	88	0.1034
PAPP	4	89	0.0851
PAPP	4	89.02	0.0847
PAPP	4	89.02	0.0847
PAPP	4	89.02	0.0847
PAPP	4	89.31	0.0562
PAPP	4	89.31	0.0562
PAPP	4	90	0.0126
PAPP	4	90.1	0.0124
PAPP	4	91	0.023
PAPP	4	92	0.0543
PAPP	4	92.86	0.0954
PAPP	4	93	0.0913
PAPP	4	94	0.0729
PAPP	4	95	0.0729
PAPP	4	96	0.0931
PAPP	4	97	0.1343
PAPP	4	98	0.1955
PAPP	4	99	0.2742
PAPP	4	100	0.3661
PAPP	4	101	0.4662
PAPP	4	102	0.5689
PAPP	4	103	0.6692
PAPP	4	103.37	0.7051
PAPP	4	104	0.7761
PAPP	4	104.74	0.8206
PAPP	4	105	0.8365
PAPP	4	105.04	0.8401
PAPP	4	105.32	0.88
PAPP	4	106	0.78
PAPP	4	106.19	0.7466
PAPP	4	107	0.6044
PAPP	4	107.06	0.5944
PAPP	4	108	0.623
PAPP	4	108.51	0.6259
PAPP	4	108.84	0.6566
PAPP	4	109	0.5687
PAPP	4	109.12	0.4991
PAPP	4	109.45	0.6385
PAPP	4	110	0.6607
PAPP	4	111	0.682
PAPP	4	111.05	0.6824
PAPP	4	112	0.7319
PAPP	4	113	0.7624
PAPP	4	113.62	0.7695
PAPP	4	114	0.7874
PAPP	4	114.3	0.7999
PAPP	4	115	0.6142
PAPP	4	115.47	0.4902
PAPP	4	115.47	0.4902
PAPP	4	115.47	0.4902
PAPP	4	116	0.4751
PAPP	4	117	0.4398
PAPP	4	117.16	0.4334
PAPP	4	118	0.4342
PAPP	4	118.89	0.4368
PAPP	4	119	0.4285
PAPP	4	120	0.3477
PAPP	4	121	0.2653
PAPP	4	122	0.1919
PAPP	4	122.03	0.19
PAPP	4	122.52	0.16
PAPP	4	123	0.1083
PAPP	4	123.11	0.0996
PAPP	4	123.6	0.1342
PAPP	4	124	0.1647
PAPP	4	124.14	0.1769
PAPP	4	124.14	0.1769
PAPP	4	125	0.1847
PAPP	4	126	0.1863
PAPP	4	126.01	0.1863
PAPP	4	126.01	0.1863
PAPP	4	127	0.2312
PAPP	4	128	0.2976
PAPP	4	128.3	0.3198
PAPP	4	128.7	0.3317
PAPP	4	129	0.2527
PAPP	4	129.16	0.2183
PAPP	4	129.9	0.2023
PAPP	4	129.9	0.2023
PAPP	4	129.9	0.2023
PAPP	4	130	0.203
PAPP	4	130.89	0.2078
PAPP	4	130.89	0.2078
PAPP	4	131	0.2036
PAPP	4	131.34	0.1861
PAPP	4	131.62	0.2499
PAPP	4	132	0.183
PAPP	4	132.09	0.1741
PAPP	4	132.43	0.1353
PAPP	4	132.9	0.1189
PAPP	4	133	0.1182
PAPP	4	134	0.1092
PAPP	4	135	0.098
PAPP	4	136	0.0853
PAPP	4	136.48	0.079
PAPP	4	137	0.0531
PAPP	4	138	0.0208
PAPP	4	138.65	0.0137
PAPP	4	139	0.0205
PAPP	4	139.89	0.0435
PAPP	4	140	0.0448
PAPP	4	141	0.056
PAPP	4	141.37	0.0601
PAPP	4	142	0.0827
PAPP	4	142.82	0.1153
PAPP	4	143	0.1283
PAPP	4	144	0.2095
PAPP	4	144.4	0.244
PAPP	4	145	0.2523
PAPP	4	146	0.2643
PAPP	4	147	0.2728
PAPP	4	148	0.2774
PAPP	4	148.99	0.2782
PAPP	4	149	0.2784
PAPP	4	150	0.2955
PAPP	4	151	0.3132
PAPP	4	152	0.3298
PAPP	4	153	0.3439
PAPP	4	153.56	0.3505
PAPP	4	154	0.4
PAPP	4	155	0.5033
PAPP	4	155.07	0.5094
PAPP	4	156	0.5759
PAPP	4	156.17	0.5841
PAPP	4	157	0.7385
PAPP	4	158	0.9191
PAPP	4	158.69	1.0289
PAPP	4	159	0.9956
PAPP	4	160	0.8566
PAPP	4	161	0.6851
PAPP	4	161.23	0.6443
PAPP	4	162	0.8392
PAPP	4	162.16	0.8756
PAPP	4	163	0.9219
PAPP	4	164	0.974
PAPP	4	165	1.0202
PAPP	4	166	1.058
PAPP	4	167	1.0853
PAPP	4	168	1.1009
PAPP	4	169	1.1047
PAPP	4	170	1.0978
PAPP	4	170.81	1.0855
PAPP	4	171	1.0156
PAPP	4	171.93	0.6762
PAPP	4	172	0.6644
PAPP	4	173	0.4946
PAPP	4	173.99	0.3557
PAPP	5	0	0.0901
PAPP	5	1	0.046
PAPP	5	1.51	0.0289
PAPP	5	2	0.0421
PAPP	5	3	0.1124
PAPP	5	3.12	0.1239
PAPP	5	4	0.1096
PAPP	5	5	0.0907
PAPP	5	5.71	0.077
PAPP	5	5.98	0.0801
PAPP	5	6	0.0823
PAPP	5	6.29	0.1112
PAPP	5	7	0.1216
PAPP	5	8	0.1379
PAPP	5	9	0.1555
PAPP	5	10	0.1734
PAPP	5	11	0.1906
PAPP	5	11.58	0.1999
PAPP	5	12	0.1949
PAPP	5	13	0.1834
PAPP	5	14	0.1725
PAPP	5	15	0.1625
PAPP	5	16	0.1536
PAPP	5	17	0.1461
PAPP	5	18	0.1402
PAPP	5	19	0.1362
PAPP	5	20	0.1342
PAPP	5	21	0.1345
PAPP	5	22	0.137
PAPP	5	23	0.1418
PAPP	5	24	0.1489
PAPP	5	25	0.1581
PAPP	5	26	0.1693
PAPP	5	27	0.1822
PAPP	5	28	0.1968
PAPP	5	29	0.2127
PAPP	5	29.76	0.2255
PAPP	5	30	0.2215
PAPP	5	31	0.2042
PAPP	5	32	0.1853
PAPP	5	33	0.1653
PAPP	5	34	0.1449
PAPP	5	35	0.1249
PAPP	5	35.92	0.1076
PAPP	5	36	0.1071
PAPP	5	37	0.0993
PAPP	5	38	0.0886
PAPP	5	38.26	0.0855
PAPP	5	39	0.0881
PAPP	5	40	0.0913
PAPP	5	41	0.094
PAPP	5	42	0.0963
PAPP	5	43	0.0979
PAPP	5	44	0.0989
PAPP	5	45	0.0991
PAPP	5	46	0.0984
PAPP	5	47	0.0969
PAPP	5	48	0.0945
PAPP	5	49	0.0912
PAPP	5	50	0.0872
PAPP	5	51	0.0826
PAPP	5	52	0.0774
PAPP	5	53	0.0718
PAPP	5	54	0.0661
PAPP	5	55	0.0602
PAPP	5	56	0.0543
PAPP	5	57	0.0487
PAPP	5	58	0.0433
PAPP	5	58.7	0.0397
PAPP	5	59	0.0376
PAPP	5	60	0.0365
PAPP	5	61	0.0448
PAPP	5	61.5	0.0522
PAPP	5	62	0.056
PAPP	5	63	0.0647
PAPP	5	64	0.074
PAPP	5	64.37	0.0773
PAPP	5	65	0.0687
PAPP	5	66	0.0578
PAPP	5	67	0.051
PAPP	5	68	0.0489
PAPP	5	69	0.0517
PAPP	5	69.71	0.0562
PAPP	5	70	0.0682
PAPP	5	71	0.1194
PAPP	5	72	0.1829
PAPP	5	72.76	0.235
PAPP	5	73	0.2373
PAPP	5	74	0.2488
PAPP	5	75	0.2633
PAPP	5	75.86	0.2789
PAPP	5	76	0.2842
PAPP	5	77	0.345
PAPP	5	77.55	0.3927
PAPP	5	78	0.4139
PAPP	5	78.54	0.4277
PAPP	5	79	0.308
PAPP	5	79.01	0.3051
PAPP	5	79.54	0.2141
PAPP	5	80	0.1837
PAPP	5	81	0.1202
PAPP	5	82	0.0664
PAPP	5	83	0.0277
PAPP	5	83.29	0.0198
PAPP	5	84	0.0765
PAPP	5	84.32	0.1155
PAPP	5	84.4	0.1224
PAPP	5	84.4	0.1224
PAPP	5	84.84	0.077
PAPP	5	84.84	0.077
PAPP	5	85	0.0905
PAPP	5	85.5	0.1406
PAPP	5	85.8	0.2313
PAPP	5	85.8	0.2313
PAPP	5	86	0.209
PAPP	5	86.07	0.2012
PAPP	5	86.35	0.1794
PAPP	5	86.35	0.1794
PAPP	5	86.35	0.1794
PAPP	5	86.35	0.1794
PAPP	5	86.35	0.1794
PAPP	5	86.35	0.1794
PAPP	5	86.35	0.1794
PAPP	5	87	0.2208
PAPP	5	88	0.2851
PAPP	5	88.03	0.287
PAPP	5	88.39	0.1897
PAPP	5	88.6	0.1907
PAPP	5	88.6	0.1907
PAPP	5	88.6	0.1907
PAPP	5	88.6	0.1907
PAPP	5	88.6	0.1907
PAPP	5	88.6	0.1907
PAPP	5	89	0.1834
PAPP	5	89.7	0.1886
PAPP	5	89.7	0.1886
PAPP	5	89.7	0.1886
PAPP	5	90	0.1385
PAPP	5	90.25	0.1216
PAPP	5	90.25	0.1216
PAPP	5	90.25	0.1216
PAPP	5	90.25	0.1216
PAPP	5	90.25	0.1216
PAPP	5	91	0.1388
PAPP	5	92	0.1628
PAPP	5	93	0.1873
PAPP	5	94	0.2113
PAPP	5	95	0.2341
PAPP	5	95.42	0.2432
PAPP	5	96	0.2177
PAPP	5	97	0.1749
PAPP	5	98	0.1355
PAPP	5	99	0.1008
PAPP	5	100	0.0719
PAPP	5	100.29	0.0647
PAPP	5	101	0.0744
PAPP	5	101.97	0.096
PAPP	5	102	0.098
PAPP	5	103	0.1681
PAPP	5	104	0.2556
PAPP	5	105	0.3514
PAPP	5	105.37	0.3872
PAPP	5	105.37	0.3872
PAPP	5	105.37	0.3872
PAPP	5	105.37	0.3872
PAPP	5	105.64	0.3549
PAPP	5	105.93	0.3872
PAPP	5	105.93	0.3872
PAPP	5	106	0.3886
PAPP	5	107	0.4046
PAPP	5	108	0.412
PAPP	5	109	0.4102
PAPP	5	110	0.3998
PAPP	5	110.49	0.3921
PAPP	5	110.49	0.3921
PAPP	5	110.75	0.4244
PAPP	5	111	0.476
PAPP	5	111.29	0.5291
PAPP	5	112	0.4808
PAPP	5	112.95	0.4008
PAPP	5	113	0.4018
PAPP	5	114	0.4041
PAPP	5	114.32	0.3986
PAPP	5	114.76	0.2893
PAPP	5	114.76	0.2893
PAPP	5	115	0.2588
PAPP	5	115.23	0.2281
PAPP	5	115.23	0.2281
PAPP	5	116	0.2048
PAPP	5	117	0.1811
PAPP	5	117.19	0.1778
PAPP	5	118	0.1254
PAPP	5	118.04	0.1228
PAPP	5	119	0.1109
PAPP	5	120	0.0966
PAPP	5	120.2	0.0936
PAPP	5	121	0.1131
PAPP	5	122	0.1507
PAPP	5	122.3	0.1643
PAPP	5	122.3	0.1643
PAPP	5	123	0.1754
PAPP	5	124	0.1881
PAPP	5	125	0.1961
PAPP	5	125.33	0.1977
PAPP	5	126	0.1987
PAPP	5	126.65	0.2114
PAPP	5	127	0.191
PAPP	5	127.55	0.1571
PAPP	5	128	0.1576
PAPP	5	128.12	0.1574
PAPP	5	129	0.1973
PAPP	5	130	0.242
PAPP	5	131	0.2796
PAPP	5	131.25	0.2874
PAPP	5	131.25	0.2874
PAPP	5	131.25	0.2874
PAPP	5	131.25	0.2874
PAPP	5	131.25	0.2874
PAPP	5	131.7	0.2078
PAPP	5	132	0.1639
PAPP	5	132.14	0.1452
PAPP	5	132.58	0.1108
PAPP	5	133	0.0944
PAPP	5	133.92	0.0921
PAPP	5	134	0.0976
PAPP	5	134.59	0.1522
PAPP	5	134.78	0.1841
PAPP	5	135	0.1759
PAPP	5	136	0.1374
PAPP	5	136.29	0.1265
PAPP	5	137	0.1114
PAPP	5	138	0.0872
PAPP	5	138.42	0.077
PAPP	5	139	0.0891
PAPP	5	139.69	0.1032
PAPP	5	140	0.1003
PAPP	5	141	0.0902
PAPP	5	141.37	0.0865
PAPP	5	142	0.0733
PAPP	5	143	0.0597
PAPP	5	143.71	0.0573
PAPP	5	144	0.0659
PAPP	5	144.84	0.0935
PAPP	5	145	0.1068
PAPP	5	145.42	0.143
PAPP	5	146	0.1704
PAPP	5	147	0.2178
PAPP	5	147.29	0.2309
PAPP	5	148	0.1928
PAPP	5	148.98	0.1442
PAPP	5	149	0.1437
PAPP	5	150	0.1165
PAPP	5	151	0.0938
PAPP	5	152	0.0769
PAPP	5	153	0.0671
PAPP	5	153.49	0.065
PAPP	5	154	0.055
PAPP	5	155	0.0668
PAPP	5	156	0.1085
PAPP	5	156.83	0.1557
PAPP	5	157	0.1564
PAPP	5	158	0.1601
PAPP	5	159	0.1625
PAPP	5	160	0.1637
PAPP	5	161	0.1634
PAPP	5	161.51	0.1628
PAPP	5	161.51	0.1628
PAPP	5	162	0.2081
PAPP	5	162.7	0.2753
PAPP	5	163	0.3004
PAPP	5	163.59	0.3449
PAPP	5	164	0.3314
PAPP	5	165	0.2937
PAPP	5	166	0.2516
PAPP	5	166.22	0.242
PAPP	5	167	0.1482
PAPP	5	167.65	0.0935
PAPP	5	168	0.1022
PAPP	5	169	0.1293
PAPP	5	169.72	0.1485
PAPP	5	170	0.1273
PAPP	5	170.63	0.0875
PAPP	5	171	0.0906
PAPP	5	172	0.0994
PAPP	5	173	0.1079
PAPP	5	173.95	0.1153
PAPP	5	174	0.1158
PAPP	5	175	0.128
PAPP	5	176	0.1458
PAPP	5	176.63	0.1589
PAPP	5	177	0.1478
PAPP	5	178	0.1198
PAPP	5	179	0.0979
PAPP	5	180	0.0861
PAPP	5	181	0.0876
PAPP	5	182	0.1044
PAPP	5	182.05	0.1057
PAPP	5	183	0.1328
PAPP	5	184	0.1666
PAPP	5	185	0.2034
PAPP	5	186	0.2408
PAPP	5	187	0.276
PAPP	5	187.55	0.2937
PAPP	5	188	0.3051
PAPP	5	189	0.3286
PAPP	5	189.86	0.3464
PAPP	5	189.86	0.3464
PAPP	5	190	0.343
PAPP	5	191	0.3279
PAPP	5	192	0.3321
PAPP	5	192.91	0.3528
PAPP	6	5	0.1022
PAPP	6	6	0.0827
PAPP	6	7	0.0639
PAPP	6	8	0.0474
PAPP	6	8	0.0475
PAPP	6	8.67	0.079
PAPP	6	9	0.0746
PAPP	6	9.86	0.0638
PAPP	6	9.86	0.0638
PAPP	6	9.86	0.0638
PAPP	6	9.86	0.0638
PAPP	6	9.86	0.0638
PAPP	6	10	0.0666
PAPP	6	10.69	0.0882
PAPP	6	11	0.0917
PAPP	6	11.21	0.0983
PAPP	6	11.21	0.0983
PAPP	6	12	0.1481
PAPP	6	13	0.22
PAPP	6	13.54	0.2596
PAPP	6	14	0.2211
PAPP	6	15	0.1538
PAPP	6	15.94	0.1164
PAPP	6	16	0.1123
PAPP	6	17	0.0534
PAPP	6	17.79	0.0229
PAPP	6	18	0.0242
PAPP	6	18.84	0.0316
PAPP	6	19	0.0374
PAPP	6	20	0.0974
PAPP	6	21	0.1899
PAPP	6	21.19	0.2098
PAPP	6	22	0.1649
PAPP	6	23	0.1184
PAPP	6	24	0.0862
PAPP	6	25	0.071
PAPP	6	25.89	0.0714
PAPP	6	26	0.0719
PAPP	6	27	0.0757
PAPP	6	28	0.0782
PAPP	6	28.92	0.079
PAPP	6	29	0.0829
PAPP	6	30	0.1441
PAPP	6	30.84	0.2058
PAPP	6	30.84	0.2058
PAPP	6	31	0.183
PAPP	6	31.31	0.1422
PAPP	6	32	0.1353
PAPP	6	33	0.1223
PAPP	6	33.01	0.1222
PAPP	6	34	0.0976
PAPP	6	34.25	0.0949
PAPP	6	34.56	0.1283
PAPP	6	35	0.137
PAPP	6	36	0.156
PAPP	6	37	0.1726
PAPP	6	37.93	0.1849
PAPP	6	38	0.1919
PAPP	6	39	0.3034
PAPP	6	39.43	0.3542
PAPP	6	40	0.3108
PAPP	6	40.67	0.2826
PAPP	6	41	0.313
PAPP	6	41.23	0.3319
PAPP	6	41.78	0.3406
PAPP	6	41.78	0.3406
PAPP	6	42	0.3742
PAPP	6	42.88	0.532
PAPP	6	43	0.539
PAPP	6	44	0.5878
PAPP	6	45	0.6172
PAPP	6	45.16	0.6199
PAPP	6	46	0.7977
PAPP	6	46.17	0.8452
PAPP	6	47	0.9416
PAPP	6	47.13	0.9513
PAPP	6	47.4	0.8931
PAPP	6	47.96	1.1263
PAPP	6	48	1.1261
PAPP	6	49	1.1127
PAPP	6	50	1.0849
PAPP	6	51	1.0442
PAPP	6	52	0.9932
PAPP	6	52.13	0.986
PAPP	6	53	1.0254
PAPP	6	54	1.0693
PAPP	6	55	1.1109
PAPP	6	56	1.1494
PAPP	6	57	1.1841
PAPP	6	58	1.2142
PAPP	6	59	1.2394
PAPP	6	60	1.2596
PAPP	6	60.95	1.2743
PAPP	6	61	1.271
PAPP	6	61.62	1.2245
PAPP	6	62	1.2444
PAPP	6	62.58	1.258
PAPP	6	62.58	1.258
PAPP	6	62.86	1.274
PAPP	6	63	1.3142
PAPP	6	63.76	1.5025
PAPP	6	64	1.624
PAPP	6	64.04	1.6399
PAPP	6	65	1.7308
PAPP	6	65.84	1.7158
PAPP	6	65.84	1.7158
PAPP	6	66	1.6853
PAPP	6	67	1.4313
PAPP	6	67	1.4311
PAPP	6	68	1.3651
PAPP	6	69	1.2776
PAPP	6	70	1.1723
PAPP	6	71	1.0565
PAPP	6	72	0.9394
PAPP	6	72.06	0.9326
PAPP	6	72.48	0.9139
PAPP	6	73	0.8382
PAPP	6	73.89	0.6842
PAPP	6	73.89	0.6842
PAPP	6	73.89	0.6842
PAPP	6	73.89	0.6842
PAPP	6	74	0.6815
PAPP	6	74.72	0.6401
PAPP	6	75	0.591
PAPP	6	75.86	0.4348
PAPP	6	76	0.4771
PAPP	6	76.15	0.5173
PAPP	6	76.43	0.512
PAPP	6	76.99	0.5484
PAPP	6	77	0.5473
PAPP	6	77.31	0.5119
PAPP	6	77.31	0.5119
PAPP	6	78	0.4503
PAPP	6	79	0.3611
PAPP	6	80	0.2825
PAPP	6	81	0.2251
PAPP	6	81.1	0.2209
PAPP	6	82	0.286
PAPP	6	82.93	0.3637
PAPP	6	83	0.3642
PAPP	6	84	0.3682
PAPP	6	85	0.3663
PAPP	6	86	0.3582
PAPP	6	87	0.3447
PAPP	6	88	0.3273
PAPP	6	88.38	0.3201
PAPP	6	89	0.3386
PAPP	6	90	0.3672
PAPP	6	91	0.3931
PAPP	6	92	0.4157
PAPP	6	93	0.4342
PAPP	6	93.32	0.4392
PAPP	6	94	0.3958
PAPP	6	95	0.3308
PAPP	6	96	0.2662
PAPP	6	97	0.2049
PAPP	6	98	0.1491
PAPP	6	99	0.1012
PAPP	6	100	0.0626
PAPP	6	101	0.034
PAPP	6	101.54	0.0227
PAPP	6	102	0.0285
PAPP	6	103	0.0443
PAPP	6	104	0.064
PAPP	6	105	0.0867
PAPP	6	106	0.1113
PAPP	6	106.91	0.1342
PAPP	6	107	0.1352
PAPP	6	108	0.146
PAPP	6	109	0.1552
PAPP	6	110	0.1625
PAPP	6	111	0.1676
PAPP	6	111.17	0.1683
PAPP	6	112	0.1367
PAPP	6	113	0.1011
PAPP	6	113.86	0.0741
PAPP	6	114	0.0765
PAPP	6	114.87	0.0898
PAPP	6	115	0.0934
PAPP	6	116	0.1229
PAPP	6	117	0.1542
PAPP	6	118	0.1847
PAPP	6	118.61	0.2016
PAPP	6	119	0.1624
PAPP	6	120	0.0801
PAPP	6	121	0.0268
PAPP	6	121.47	0.012
PAPP	6	121.71	0.0226
PAPP	6	121.9	0.0241
PAPP	6	122	0.0211
PAPP	6	123	0.0023
PAPP	6	123.24	6e-04
PAPP	6	124	0.0012
PAPP	6	124.71	0.0025
PAPP	6	125	0.0024
PAPP	6	126	0.0022
PAPP	6	127	0.0021
PAPP	6	128	0.0021
PAPP	6	129	0.0023
PAPP	6	130	0.0026
PAPP	6	131	0.0032
PAPP	6	132	0.0039
PAPP	6	133	0.0048
PAPP	6	134	0.0058
PAPP	6	135	0.007
PAPP	6	136	0.0083
PAPP	6	137	0.0097
PAPP	6	138	0.0112
PAPP	6	139	0.0126
PAPP	6	140	0.014
PAPP	6	141	0.0154
PAPP	6	141.54	0.0162
PAPP	6	142	0.0109
PAPP	6	143	0.0029
PAPP	6	144	1e-04
PAPP	6	145	0.0029
PAPP	6	145.43	0.0056
PAPP	7	0	0.0347
PAPP	7	1	0.0736
PAPP	7	2	0.1279
PAPP	7	2.79	0.1786
PAPP	7	3	0.178
PAPP	7	4	0.1749
PAPP	7	5	0.1714
PAPP	7	6	0.1677
PAPP	7	7	0.1637
PAPP	7	8	0.1597
PAPP	7	8.17	0.1591
PAPP	7	9	0.1626
PAPP	7	10	0.1658
PAPP	7	11	0.1679
PAPP	7	12	0.1687
PAPP	7	12.34	0.1686
PAPP	7	13	0.1692
PAPP	7	14	0.1701
PAPP	7	15	0.1714
PAPP	7	16	0.1736
PAPP	7	17	0.177
PAPP	7	18	0.1815
PAPP	7	18.43	0.1839
PAPP	7	19	0.1663
PAPP	7	20	0.1425
PAPP	7	21	0.1302
PAPP	7	22	0.131
PAPP	7	23	0.146
PAPP	7	24	0.1752
PAPP	7	25	0.2177
PAPP	7	26	0.2716
PAPP	7	27	0.3345
PAPP	7	28	0.4036
PAPP	7	28.29	0.4243
PAPP	7	29	0.3805
PAPP	7	30	0.3087
PAPP	7	31	0.2329
PAPP	7	31.36	0.2064
PAPP	7	32	0.2235
PAPP	7	33	0.2546
PAPP	7	34	0.29
PAPP	7	35	0.3283
PAPP	7	36	0.3672
PAPP	7	37	0.4048
PAPP	7	38	0.4389
PAPP	7	39	0.4685
PAPP	7	39.25	0.475
PAPP	7	40	0.3885
PAPP	7	41	0.2733
PAPP	7	42	0.1694
PAPP	7	42.23	0.1484
PAPP	7	43	0.1404
PAPP	7	44	0.1341
PAPP	7	45	0.1343
PAPP	7	46	0.1427
PAPP	7	47	0.1602
PAPP	7	48	0.187
PAPP	7	49	0.2222
PAPP	7	49.22	0.2308
PAPP	7	50	0.2267
PAPP	7	51	0.2267
PAPP	7	52	0.2335
PAPP	7	53	0.2477
PAPP	7	54	0.2691
PAPP	7	55	0.2963
PAPP	7	55.22	0.303
PAPP	7	56	0.2852
PAPP	7	57	0.2582
PAPP	7	58	0.2283
PAPP	7	58.73	0.2058
PAPP	7	59	0.2058
PAPP	7	59.86	0.2172
PAPP	7	60	0.2309
PAPP	7	60.67	0.297
PAPP	7	60.67	0.297
PAPP	7	61	0.3219
PAPP	7	62	0.3527
PAPP	7	62.21	0.3479
PAPP	7	62.21	0.3479
PAPP	7	63	0.3351
PAPP	7	64	0.3005
PAPP	7	64.02	0.2996
PAPP	7	64.02	0.2996
PAPP	7	64.02	0.2996
PAPP	7	64.02	0.2996
PAPP	7	64.02	0.2996
PAPP	7	64.84	0.5665
PAPP	7	64.84	0.5665
PAPP	7	64.84	0.5665
PAPP	7	64.84	0.5665
PAPP	7	64.84	0.5665
PAPP	7	65	0.5032
PAPP	7	65.65	0.2727
PAPP	7	65.65	0.2727
PAPP	7	66	0.292
PAPP	7	67	0.3296
PAPP	7	67.02	0.33
PAPP	7	68	0.3079
PAPP	7	69	0.2758
PAPP	7	69.05	0.2742
PAPP	7	70	0.3959
PAPP	7	70.32	0.4357
PAPP	7	71	0.415
PAPP	7	71.62	0.3904
PAPP	7	72	0.4404
PAPP	7	72.2	0.4658
PAPP	7	73	0.4715
PAPP	7	74	0.4796
PAPP	7	75	0.4937
PAPP	7	75.89	0.5139
PAPP	7	76	0.4872
PAPP	7	76.17	0.4394
PAPP	7	76.17	0.4394
PAPP	7	77	0.4984
PAPP	7	78	0.5789
PAPP	7	79	0.6736
PAPP	7	79.3	0.7045
PAPP	7	80	0.7368
PAPP	7	81	0.7813
PAPP	7	82	0.8213
PAPP	7	83	0.8551
PAPP	7	84	0.8816
PAPP	7	84.06	0.8829
PAPP	7	85	0.8547
PAPP	7	86	0.8308
PAPP	7	87	0.8135
PAPP	7	88	0.8031
PAPP	7	89	0.7993
PAPP	7	90	0.8016
PAPP	7	91	0.8094
PAPP	7	91.59	0.8164
PAPP	7	92	0.9351
PAPP	7	92.66	1.1248
PAPP	7	93	1.1169
PAPP	7	94	1.082
PAPP	7	95	1.0317
PAPP	7	96	0.9715
PAPP	7	97	0.9081
PAPP	7	97.21	0.895
PAPP	7	98	0.7375
PAPP	7	99	0.5551
PAPP	7	100	0.4046
PAPP	7	101	0.2971
PAPP	7	102	0.2385
PAPP	7	103	0.2281
PAPP	7	103.28	0.233
PAPP	7	104	0.3167
PAPP	7	105	0.4542
PAPP	7	105.85	0.5811
PAPP	7	106	0.594
PAPP	7	107	0.6872
PAPP	7	108	0.7803
PAPP	7	108.57	0.8286
PAPP	7	109	0.787
PAPP	7	109.07	0.7807
PAPP	7	110	0.6542
PAPP	7	111	0.5022
PAPP	7	111.99	0.3553
PAPP	7	112	0.3541
PAPP	7	113	0.2604
PAPP	7	113.83	0.1854
PAPP	7	114	0.1904
PAPP	7	114.5	0.2121
PAPP	7	114.84	0.2355
PAPP	7	115	0.2316
PAPP	7	115.98	0.2073
PAPP	7	116	0.2111
PAPP	7	116.06	0.2201
PAPP	7	116.34	0.266
PAPP	7	116.99	0.3712
PAPP	7	117	0.3712
PAPP	7	117.26	0.3718
PAPP	7	117.26	0.3718
PAPP	7	117.34	0.3549
PAPP	7	117.62	0.4215
PAPP	7	118	0.4322
PAPP	7	118.25	0.4391
PAPP	7	118.25	0.4391
PAPP	7	119	0.3637
PAPP	7	119.63	0.2978
PAPP	7	119.63	0.2978
PAPP	7	120	0.4016
PAPP	7	120.35	0.5046
PAPP	7	121	0.6121
PAPP	7	121.2	0.6427
PAPP	7	121.71	0.5766
PAPP	7	122	0.5898
PAPP	7	123	0.6211
PAPP	7	123.45	0.6271
PAPP	7	124	0.7213
PAPP	7	125	0.867
PAPP	7	125.16	0.8854
PAPP	7	125.56	0.7307
PAPP	7	126	0.6862
PAPP	7	126.5	0.6263
PAPP	7	127	0.6132
PAPP	7	128	0.5923
PAPP	7	129	0.5803
PAPP	7	129.46	0.5773
PAPP	7	130	0.6191
PAPP	7	131	0.7095
PAPP	7	132	0.8028
PAPP	7	132.22	0.8217
PAPP	7	133	0.8413
PAPP	7	134	0.8439
PAPP	7	134.79	0.8281
PAPP	7	135	0.8474
PAPP	7	135.12	0.8575
PAPP	7	136	0.8049
PAPP	7	137	0.7073
PAPP	7	137.03	0.7034
PAPP	7	138	0.7949
PAPP	7	139	0.8884
PAPP	7	140	0.9747
PAPP	7	141	1.0486
PAPP	7	141.24	1.0641
PAPP	7	141.24	1.0641
PAPP	7	142	1.2164
PAPP	7	142.68	1.326
PAPP	7	143	1.3247
PAPP	7	144	1.2777
PAPP	7	144.15	1.2652
PAPP	7	145	1.1568
PAPP	7	146	1.01
PAPP	7	146.68	0.9026
PAPP	7	147	0.9269
PAPP	7	148	0.9931
PAPP	7	149	1.0387
PAPP	7	149.82	1.0587
PAPP	7	150	1.0626
PAPP	7	151	1.0874
PAPP	7	152	1.1181
PAPP	7	153	1.1544
PAPP	7	154	1.1955
PAPP	7	155	1.2403
PAPP	7	156	1.2867
PAPP	7	157	1.3328
PAPP	7	158	1.3763
PAPP	7	159	1.4154
PAPP	7	160	1.4487
PAPP	7	161	1.4753
PAPP	7	161.82	1.492
PAPP	7	162	1.4792
PAPP	7	163	1.4004
PAPP	7	164	1.3137
PAPP	7	165	1.2224
PAPP	7	165.79	1.1491
PAPP	7	166	1.1474
PAPP	7	167	1.1396
PAPP	7	167.53	1.1364
PAPP	7	168	1.1418
PAPP	7	169	1.1226
PAPP	7	170	1.0623
PAPP	7	170.38	1.0307
PAPP	7	170.38	1.0307
PAPP	7	171	0.9793
PAPP	7	171.55	0.9147
PAPP	7	172	0.9466
PAPP	7	172.27	0.9542
PAPP	7	173	1.0103
PAPP	7	174	1.0651
PAPP	7	175	1.0871
PAPP	7	176	1.0715
PAPP	7	177	1.018
PAPP	7	178	0.9312
PAPP	7	178.24	0.9061
PAPP	7	179	0.9565
PAPP	7	180	0.9972
PAPP	7	181	1.0027
PAPP	7	181.69	0.9865
PAPP	7	181.69	0.9865
PAPP	7	182	1.0085
PAPP	7	183	1.0668
PAPP	7	184	1.1008
PAPP	7	185	1.1067
PAPP	7	185.46	1.1
PAPP	7	186	1.2008
PAPP	7	187	1.3867
PAPP	7	188	1.5495
PAPP	7	188.18	1.5746
PAPP	7	189	1.6944
PAPP	7	189.78	1.7486
PAPP	8	10	0.1405
PAPP	8	11	0.1373
PAPP	8	11.51	0.1623
PAPP	8	12	0.1972
PAPP	8	12.12	0.2057
PAPP	8	12.44	0.2069
PAPP	8	13	0.2093
PAPP	8	13.96	0.2591
PAPP	8	14	0.2599
PAPP	8	15	0.2741
PAPP	8	15.48	0.2767
PAPP	8	16	0.2908
PAPP	8	17	0.3364
PAPP	8	18	0.4024
PAPP	8	18.54	0.4429
PAPP	8	18.54	0.4429
PAPP	8	19	0.4403
PAPP	8	20	0.4286
PAPP	8	21	0.409
PAPP	8	21.21	0.4039
PAPP	8	22	0.4413
PAPP	8	22.35	0.4484
PAPP	8	23	0.4204
PAPP	8	24	0.3768
PAPP	8	25	0.3336
PAPP	8	26	0.2918
PAPP	8	27	0.2527
PAPP	8	28	0.2172
PAPP	8	29	0.1862
PAPP	8	30	0.1604
PAPP	8	31	0.14
PAPP	8	32	0.1252
PAPP	8	33	0.1157
PAPP	8	34	0.1111
PAPP	8	35	0.1108
PAPP	8	35.37	0.1117
PAPP	8	36	0.1522
PAPP	8	37	0.2362
PAPP	8	38	0.3421
PAPP	8	39	0.4649
PAPP	8	40	0.5976
PAPP	8	41	0.7323
PAPP	8	41.36	0.7805
PAPP	8	42	0.7629
PAPP	8	42.33	0.7488
PAPP	8	43	0.8106
PAPP	8	44	0.9004
PAPP	8	44.46	0.9345
PAPP	8	45	0.8579
PAPP	8	46	0.7094
PAPP	8	47	0.5584
PAPP	8	48	0.415
PAPP	8	49	0.2887
PAPP	8	50	0.1876
PAPP	8	50.09	0.1796
PAPP	8	51	0.2012
PAPP	8	52	0.2241
PAPP	8	53	0.2453
PAPP	8	54	0.2637
PAPP	8	55	0.2787
PAPP	8	56	0.2899
PAPP	8	56.95	0.2969
PAPP	8	57	0.2978
PAPP	8	58	0.309
PAPP	8	59	0.3081
PAPP	8	60	0.2951
PAPP	8	61	0.2714
PAPP	8	61.94	0.2412
PAPP	8	62	0.2339
PAPP	8	62.61	0.1898
PAPP	8	62.91	0.2602
PAPP	8	63	0.2671
PAPP	8	64	0.3309
PAPP	8	64.03	0.3323
PAPP	8	64.36	0.2531
PAPP	8	64.68	0.2148
PAPP	8	64.68	0.2148
PAPP	8	64.68	0.2148
PAPP	8	64.68	0.2148
PAPP	8	65	0.2658
PAPP	8	65.04	0.2721
PAPP	8	65.04	0.2721
PAPP	8	65.04	0.2721
PAPP	8	65.04	0.2721
PAPP	8	65.04	0.2721
PAPP	8	65.04	0.2721
PAPP	8	65.74	0.2565
PAPP	8	65.74	0.2565
PAPP	8	66	0.2553
PAPP	8	66.73	0.2658
PAPP	8	67	0.2015
PAPP	8	67.01	0.1981
PAPP	8	67.01	0.1981
PAPP	8	67.3	0.1993
PAPP	8	67.58	0.1468
PAPP	8	67.63	0.1392
PAPP	8	67.63	0.1392
PAPP	8	68	0.1433
PAPP	8	69	0.1616
PAPP	8	70	0.187
PAPP	8	70.03	0.1878
PAPP	8	71	0.045
PAPP	8	71.02	0.0436
PAPP	8	72	0.001
PAPP	8	73	0.044
PAPP	8	73.13	0.056
PAPP	8	73.71	0.0327
PAPP	8	73.71	0.0327
PAPP	8	74	0.0316
PAPP	8	74.28	0.0456
PAPP	8	74.28	0.0456
PAPP	8	74.55	0.1027
PAPP	8	74.55	0.1027
PAPP	8	74.83	0.1807
PAPP	8	75	0.1814
PAPP	8	75.38	0.1815
PAPP	8	75.52	0.1549
PAPP	8	75.52	0.1549
PAPP	8	76	0.144
PAPP	8	76.41	0.1388
PAPP	8	76.71	0.1487
PAPP	8	77	0.1688
PAPP	8	77.45	0.1996
PAPP	8	77.45	0.1996
PAPP	8	77.45	0.1996
PAPP	8	77.63	0.1716
PAPP	8	77.96	0.1235
PAPP	8	77.96	0.1235
PAPP	8	78	0.1213
PAPP	8	79	0.1481
PAPP	8	79.19	0.1719
PAPP	8	79.46	0.2244
PAPP	8	80	0.1837
PAPP	8	80.17	0.1709
PAPP	8	80.17	0.1709
PAPP	8	80.64	0.1841
PAPP	8	80.64	0.1841
PAPP	8	80.64	0.1841
PAPP	8	80.97	0.1496
PAPP	8	81	0.1532
PAPP	8	82	0.268
PAPP	8	82.07	0.2767
PAPP	8	82.57	0.2529
PAPP	8	83	0.2474
PAPP	8	83.15	0.2439
PAPP	8	83.68	0.1632
PAPP	8	84	0.1217
PAPP	8	84.27	0.0969
PAPP	8	84.56	0.1697
PAPP	8	85	0.2058
PAPP	8	86	0.3057
PAPP	8	86.7	0.386
PAPP	8	87	0.4285
PAPP	8	87.91	0.5549
PAPP	8	88	0.5501
PAPP	8	89	0.4919
PAPP	8	89.51	0.4633
PAPP	8	90	0.5889
PAPP	8	90.45	0.705
PAPP	8	90.77	0.6435
PAPP	8	91	0.6691
PAPP	8	91.34	0.704
PAPP	8	91.34	0.704
PAPP	8	92	0.7808
PAPP	8	93	0.8627
PAPP	8	93.28	0.8767
PAPP	8	93.28	0.8767
PAPP	8	93.28	0.8767
PAPP	8	93.84	0.9467
PAPP	8	94	0.9586
PAPP	8	94.39	0.9547
PAPP	8	95	0.9531
PAPP	8	95.81	0.9068
PAPP	8	95.81	0.9068
PAPP	8	96	1.003
PAPP	8	96.46	1.254
PAPP	8	97	1.3108
PAPP	8	98	1.3896
PAPP	8	99	1.422
PAPP	8	99.43	1.4206
PAPP	8	100	1.1887
PAPP	8	100.24	1.0924
PAPP	8	101	1.1714
PAPP	8	101.37	1.1838
PAPP	8	102	1.1844
PAPP	8	103	1.1417
PAPP	8	103.85	1.066
PAPP	8	104	1.1646
PAPP	8	104.48	1.479
PAPP	8	105	1.5194
PAPP	8	106	1.5802
PAPP	8	107	1.6127
PAPP	8	108	1.6132
PAPP	8	109	1.5823
PAPP	8	110	1.5247
PAPP	8	110.12	1.516
PAPP	8	110.49	1.4393
PAPP	8	111	1.5341
PAPP	8	112	1.6695
PAPP	8	112.77	1.7181
PAPP	8	113	1.721
PAPP	8	114	1.7144
PAPP	8	115	1.6739
PAPP	8	116	1.5996
PAPP	8	117	1.4966
PAPP	8	117.87	1.3896
PAPP	8	118	1.3837
PAPP	8	119	1.3231
PAPP	8	120	1.2384
PAPP	8	121	1.1334
PAPP	8	122	1.0147
PAPP	8	123	0.8902
PAPP	8	123.74	0.7989
PAPP	8	124	0.7597
PAPP	8	125	0.6041
PAPP	8	125.85	0.4793
PAPP	8	126	0.5098
PAPP	8	127	0.7072
PAPP	8	127.27	0.7579
PAPP	8	128	0.8246
PAPP	8	128.62	0.8562
PAPP	8	129	0.7825
PAPP	8	130	0.5947
PAPP	8	131	0.4363
PAPP	8	132	0.3237
PAPP	8	132.15	0.3112
PAPP	8	133	0.3103
PAPP	8	134	0.3046
PAPP	8	135	0.2949
PAPP	8	135.18	0.2928
PAPP	8	136	0.2926
PAPP	8	137	0.2886
PAPP	8	138	0.2808
PAPP	8	139	0.2697
PAPP	8	139.65	0.2614
PAPP	8	140	0.2503
PAPP	8	141	0.2585
PAPP	8	141.72	0.2985
PAPP	8	142	0.2608
PAPP	8	142.26	0.2262
PAPP	8	143	0.2857
PAPP	8	144	0.3767
PAPP	8	145	0.4751
PAPP	8	146	0.5742
PAPP	8	147	0.6664
PAPP	8	147.03	0.6692
PAPP	8	148	0.6639
PAPP	8	149	0.6497
PAPP	8	150	0.6269
PAPP	8	151	0.5959
PAPP	8	152	0.558
PAPP	8	153	0.5144
PAPP	8	154	0.4669
PAPP	8	155	0.4171
PAPP	8	155.48	0.3931
PAPP	8	155.86	0.3755
PAPP	8	156	0.3471
PAPP	8	156.4	0.2727
PAPP	8	156.4	0.2727
PAPP	8	157	0.2449
PAPP	8	158	0.2054
PAPP	8	158.05	0.2038
PAPP	9	0	0.0448
PAPP	9	1	0.0379
PAPP	9	2	0.0318
PAPP	9	3	0.027
PAPP	9	3.78	0.0243
PAPP	9	4	0.0231
PAPP	9	5	0.0174
PAPP	9	6	0.0119
PAPP	9	6.73	0.0083
PAPP	9	7	0.0108
PAPP	9	8	0.0483
PAPP	9	8.56	0.0862
PAPP	9	8.56	0.0862
PAPP	9	9	0.0816
PAPP	9	10	0.075
PAPP	9	11	0.074
PAPP	9	11.73	0.0771
PAPP	9	12	0.0917
PAPP	9	13	0.1584
PAPP	9	13.87	0.2264
PAPP	9	14	0.2271
PAPP	9	15	0.2354
PAPP	9	16	0.2473
PAPP	9	17	0.2623
PAPP	9	18	0.2793
PAPP	9	19	0.2976
PAPP	9	20	0.3164
PAPP	9	20.65	0.3287
PAPP	9	21	0.3479
PAPP	9	22	0.4058
PAPP	9	23	0.4649
PAPP	9	24	0.5221
PAPP	9	25	0.5745
PAPP	9	25.46	0.5965
PAPP	9	26	0.656
PAPP	9	27	0.7753
PAPP	9	28	0.8955
PAPP	9	28.32	0.9318
PAPP	9	29	0.9142
PAPP	9	30	0.8754
PAPP	9	31	0.8234
PAPP	9	32	0.7623
PAPP	9	33	0.6973
PAPP	9	33.05	0.6938
PAPP	9	33.25	0.6976
PAPP	9	33.61	0.7658
PAPP	9	34	0.7901
PAPP	9	35	0.8489
PAPP	9	36	0.9002
PAPP	9	37	0.9408
PAPP	9	37.52	0.9567
PAPP	9	38	0.9877
PAPP	9	39	1.0532
PAPP	9	40	1.1195
PAPP	9	41	1.1859
PAPP	9	42	1.2515
PAPP	9	43	1.3154
PAPP	9	44	1.3766
PAPP	9	45	1.4339
PAPP	9	46	1.4865
PAPP	9	47	1.5335
PAPP	9	48	1.5744
PAPP	9	49	1.6089
PAPP	9	50	1.6372
PAPP	9	50.33	1.6451
PAPP	9	51	1.5205
PAPP	9	52	1.3317
PAPP	9	53	1.1489
PAPP	9	54	0.9823
PAPP	9	55	0.8392
PAPP	9	55.66	0.76
PAPP	9	56	0.6794
PAPP	9	56.73	0.5211
PAPP	9	57	0.5156
PAPP	9	57.48	0.512
PAPP	9	58	0.5025
PAPP	9	59	0.4825
PAPP	9	59.91	0.4644
PAPP	9	60	0.4602
PAPP	9	61	0.4134
PAPP	9	61.35	0.3978
PAPP	9	62	0.3621
PAPP	9	63	0.3034
PAPP	9	64	0.2437
PAPP	9	65	0.187
PAPP	9	65.11	0.1809
PAPP	9	65.88	0.1059
PAPP	9	65.88	0.1059
PAPP	9	65.88	0.1059
PAPP	9	66	0.1044
PAPP	9	67	0.0887
PAPP	9	67.84	0.0723
PAPP	9	67.84	0.0723
PAPP	9	67.84	0.0723
PAPP	9	68	0.0639
PAPP	9	68.2	0.0535
PAPP	9	68.2	0.0535
PAPP	9	68.2	0.0535
PAPP	9	68.2	0.0535
PAPP	9	68.2	0.0535
PAPP	9	68.2	0.0535
PAPP	9	68.2	0.0535
PAPP	9	68.2	0.0535
PAPP	9	68.86	0.056
PAPP	9	68.86	0.056
PAPP	9	69	0.0489
PAPP	9	69.87	0.0265
PAPP	9	69.87	0.0265
PAPP	9	69.87	0.0265
PAPP	9	70	0.0264
PAPP	9	71	0.0323
PAPP	9	71.81	0.0449
PAPP	9	72	0.0416
PAPP	9	73	0.0325
PAPP	9	73.2	0.0322
PAPP	9	74	0.0312
PAPP	9	74.07	0.033
PAPP	9	74.49	0.0135
PAPP	9	75	0.0131
PAPP	9	76	0.0137
PAPP	9	76.93	0.0161
PAPP	9	77	0.0147
PAPP	9	77.86	0.003
PAPP	9	78	0.0048
PAPP	9	79	0.0463
PAPP	9	79.1	0.0531
PAPP	9	80	0.0294
PAPP	9	81	0.0263
PAPP	9	81.08	0.0271
PAPP	9	82	0.0236
PAPP	9	82.25	0.0225
PAPP	9	82.25	0.0225
PAPP	9	82.25	0.0225
PAPP	9	82.54	0.0344
PAPP	9	83	0.0907
PAPP	9	83.43	0.1798
PAPP	9	84	0.2074
PAPP	9	84.91	0.2651
PAPP	9	85	0.2591
PAPP	9	85.57	0.2157
PAPP	9	86	0.1825
PAPP	9	86.55	0.1688
PAPP	9	86.89	0.1826
PAPP	9	87	0.1787
PAPP	9	88	0.1387
PAPP	9	88.43	0.1202
PAPP	9	88.84	0.091
PAPP	9	89	0.0997
PAPP	9	90	0.1558
PAPP	9	90.07	0.1593
PAPP	9	90.27	0.1796
PAPP	9	91	0.3077
PAPP	9	91.12	0.3306
PAPP	9	92	0.2982
PAPP	9	92.87	0.2563
PAPP	9	93	0.2521
PAPP	9	93.19	0.252
PAPP	9	93.4	0.2567
PAPP	9	94	0.2541
PAPP	9	94.87	0.2465
PAPP	9	95	0.2552
PAPP	9	96	0.338
PAPP	9	96.19	0.3566
PAPP	9	97	0.3061
PAPP	9	98	0.2536
PAPP	9	99	0.2179
PAPP	9	100	0.202
PAPP	9	100.07	0.2016
PAPP	9	101	0.2167
PAPP	9	101.03	0.2172
PAPP	9	102	0.218
PAPP	9	103	0.2189
PAPP	9	104	0.2201
PAPP	9	105	0.2216
PAPP	9	106	0.2234
PAPP	9	106.61	0.2245
PAPP	9	107	0.2359
PAPP	9	107.39	0.2484
PAPP	9	108	0.273
PAPP	9	109	0.3029
PAPP	9	109.12	0.3055
PAPP	9	110	0.3401
PAPP	9	111	0.3787
PAPP	9	112	0.4151
PAPP	9	113	0.4482
PAPP	9	113.39	0.4601
PAPP	9	114	0.4723
PAPP	9	115	0.4915
PAPP	9	116	0.5085
PAPP	9	117	0.5224
PAPP	9	118	0.532
PAPP	9	119	0.5368
PAPP	9	119.11	0.537
PAPP	9	120	0.5181
PAPP	9	121	0.4907
PAPP	9	122	0.4573
PAPP	9	123	0.4192
PAPP	9	124	0.3781
PAPP	9	124.33	0.3641
PAPP	9	125	0.3525
PAPP	9	126	0.3352
PAPP	9	127	0.318
PAPP	9	128	0.3009
PAPP	9	128.15	0.2983
PAPP	9	129	0.2937
PAPP	9	130	0.2852
PAPP	9	131	0.2736
PAPP	9	132	0.2593
PAPP	9	133	0.2428
PAPP	9	133.98	0.2251
PAPP	9	134	0.2253
PAPP	9	135	0.2373
PAPP	9	136	0.2471
PAPP	9	137	0.254
PAPP	9	138	0.2574
PAPP	9	139	0.2571
PAPP	9	139.4	0.256
PAPP	9	140	0.256
PAPP	9	141	0.2613
PAPP	9	142	0.2728
PAPP	9	143	0.2889
PAPP	9	144	0.3075
PAPP	9	145	0.3264
PAPP	9	145.7	0.3388
PAPP	9	146	0.3444
PAPP	9	146.83	0.3475
PAPP	9	147	0.3564
PAPP	9	148	0.4107
PAPP	9	149	0.4633
PAPP	9	150	0.5103
PAPP	9	151	0.5485
PAPP	9	152	0.5759
PAPP	9	152.83	0.59
PAPP	9	153	0.598
PAPP	9	154	0.6146
PAPP	9	154.19	0.6115
PAPP	9	155	0.5922
PAPP	9	156	0.5616
PAPP	9	157	0.5239
PAPP	9	158	0.4802
PAPP	9	159	0.4326
PAPP	9	160	0.3835
PAPP	9	161	0.3355
PAPP	9	161.6	0.3079
PAPP	9	162	0.3213
PAPP	9	163	0.351
PAPP	9	164	0.3731
PAPP	9	164.21	0.3767
PAPP	9	165	0.4237
PAPP	9	166	0.4724
PAPP	9	166.96	0.5028
PAPP	9	167	0.4991
PAPP	9	167.53	0.4413
PAPP	9	168	0.399
PAPP	9	168.23	0.3748
PAPP	10	0	0.3902
PAPP	10	0.39	0.3987
PAPP	10	0.39	0.3987
PAPP	10	1	0.3858
PAPP	10	2	0.3526
PAPP	10	2.59	0.3276
PAPP	10	3	0.321
PAPP	10	4	0.2978
PAPP	10	5	0.2662
PAPP	10	5.56	0.2461
PAPP	10	6	0.2293
PAPP	10	7	0.1884
PAPP	10	8	0.1467
PAPP	10	9	0.1079
PAPP	10	10	0.0756
PAPP	10	11	0.0526
PAPP	10	12	0.0409
PAPP	10	12.75	0.0401
PAPP	10	13	0.0449
PAPP	10	14	0.0683
PAPP	10	15	0.0986
PAPP	10	16	0.1353
PAPP	10	17	0.1773
PAPP	10	18	0.2231
PAPP	10	19	0.271
PAPP	10	20	0.3191
PAPP	10	20.84	0.3585
PAPP	10	21	0.3564
PAPP	10	22	0.3426
PAPP	10	23	0.3273
PAPP	10	24	0.3105
PAPP	10	25	0.2924
PAPP	10	26	0.2731
PAPP	10	27	0.2526
PAPP	10	28	0.2311
PAPP	10	29	0.2089
PAPP	10	30	0.1863
PAPP	10	31	0.1636
PAPP	10	32	0.141
PAPP	10	33	0.1191
PAPP	10	34	0.0982
PAPP	10	35	0.0787
PAPP	10	36	0.0609
PAPP	10	37	0.0451
PAPP	10	38	0.0315
PAPP	10	39	0.0204
PAPP	10	40	0.0117
PAPP	10	41	0.0056
PAPP	10	42	0.0018
PAPP	10	43	5e-04
PAPP	10	44	0.0012
PAPP	10	45	0.004
PAPP	10	46	0.0085
PAPP	10	47	0.0145
PAPP	10	48	0.0218
PAPP	10	49	0.0302
PAPP	10	49.8	0.0376
PAPP	10	50	0.0381
PAPP	10	51	0.0402
PAPP	10	52	0.0419
PAPP	10	53	0.0428
PAPP	10	54	0.043
PAPP	10	54.54	0.0428
PAPP	10	55	0.0618
PAPP	10	56	0.1144
PAPP	10	57	0.1784
PAPP	10	57.64	0.2225
PAPP	10	58	0.2462
PAPP	10	58.48	0.2822
PAPP	10	59	0.1959
PAPP	10	59.81	0.1003
PAPP	10	60	0.1182
PAPP	10	60.9	0.2131
PAPP	10	61	0.2348
PAPP	10	61.41	0.3267
PAPP	10	61.62	0.321
PAPP	10	61.62	0.321
PAPP	10	61.62	0.321
PAPP	10	61.62	0.321
PAPP	10	62	0.3027
PAPP	10	63	0.2469
PAPP	10	63.68	0.2068
PAPP	10	64	0.2123
PAPP	10	64.85	0.2457
PAPP	10	64.85	0.2457
PAPP	10	64.94	0.2618
PAPP	10	64.94	0.2618
PAPP	10	65	0.2571
PAPP	10	65.75	0.2414
PAPP	10	66	0.224
PAPP	10	66.31	0.2033
PAPP	10	67	0.1508
PAPP	10	68	0.098
PAPP	10	68.01	0.0977
PAPP	10	68.47	0.1283
PAPP	10	68.77	0.146
PAPP	10	69	0.1625
PAPP	10	69.24	0.1793
PAPP	10	69.53	0.18
PAPP	10	70	0.1769
PAPP	10	70.91	0.171
PAPP	10	71	0.1729
PAPP	10	72	0.1928
PAPP	10	72.8	0.2054
PAPP	10	73	0.2093
PAPP	10	73.22	0.2136
PAPP	10	74	0.2178
PAPP	10	74.33	0.2153
PAPP	10	74.33	0.2153
PAPP	10	74.33	0.2153
PAPP	10	75	0.2563
PAPP	10	75.15	0.268
PAPP	10	76	0.2632
PAPP	10	76.02	0.2629
PAPP	10	76.79	0.2449
PAPP	10	77	0.214
PAPP	10	77.19	0.1886
PAPP	10	78	0.218
PAPP	10	79	0.263
PAPP	10	80	0.3168
PAPP	10	81	0.3776
PAPP	10	82	0.4433
PAPP	10	83	0.511
PAPP	10	84	0.5778
PAPP	10	85	0.641
PAPP	10	85.45	0.6675
PAPP	10	86	0.6227
PAPP	10	87	0.5348
PAPP	10	88	0.4433
PAPP	10	89	0.3548
PAPP	10	89.33	0.3274
PAPP	10	90	0.3466
PAPP	10	91	0.3768
PAPP	10	92	0.4085
PAPP	10	93	0.4412
PAPP	10	94	0.4741
PAPP	10	95	0.5065
PAPP	10	96	0.5375
PAPP	10	97	0.5664
PAPP	10	98	0.5925
PAPP	10	99	0.615
PAPP	10	100	0.6335
PAPP	10	101	0.6479
PAPP	10	102	0.6579
PAPP	10	103	0.6638
PAPP	10	103.02	0.6639
PAPP	10	104	0.7515
PAPP	10	104.26	0.7741
PAPP	10	105	0.8566
PAPP	10	106	0.9634
PAPP	10	107	1.0583
PAPP	10	108	1.1355
PAPP	10	109	1.191
PAPP	10	109.24	1.201
PAPP	10	109.58	1.1354
PAPP	10	109.58	1.1354
PAPP	10	110	1.0509
PAPP	10	111	0.8586
PAPP	10	111.99	0.6958
PAPP	10	112	0.6961
PAPP	10	113	0.743
PAPP	10	114	0.7809
PAPP	10	115	0.8076
PAPP	10	115.28	0.813
PAPP	10	115.6	0.7624
PAPP	10	115.89	0.7107
PAPP	10	116	0.716
PAPP	10	117	0.7641
PAPP	10	118	0.8104
PAPP	10	118.15	0.817
PAPP	10	118.15	0.817
PAPP	10	118.15	0.817
PAPP	10	119	0.6777
PAPP	10	119.87	0.5432
PAPP	10	120	0.5586
PAPP	10	120.75	0.6413
PAPP	10	121	0.6657
PAPP	10	122	0.758
PAPP	10	123	0.8385
PAPP	10	123.24	0.8552
PAPP	10	124	0.8212
PAPP	10	125	0.7595
PAPP	10	125.84	0.6964
PAPP	10	126	0.7048
PAPP	10	127	0.7541
PAPP	10	128	0.7991
PAPP	10	129	0.8379
PAPP	10	130	0.8694
PAPP	10	131	0.8929
PAPP	10	131.85	0.9063
PAPP	10	132	0.9155
PAPP	10	133	0.9664
PAPP	10	134	0.9995
PAPP	10	134.68	1.0108
PAPP	10	135	1.0426
PAPP	10	136	1.135
PAPP	10	137	1.2146
PAPP	10	137.84	1.2698
PAPP	10	138	1.2973
PAPP	10	138.71	1.4018
PAPP	10	139	1.4105
PAPP	10	140	1.4266
PAPP	10	141	1.4167
PAPP	10	142	1.3786
PAPP	10	142.22	1.3664
PAPP	10	143	1.2696
PAPP	10	144	1.1195
PAPP	10	144.87	0.976
PAPP	10	145	0.9853
PAPP	10	145.42	0.9804
PAPP	10	146	1.0925
PAPP	10	146.22	1.1237
PAPP	10	146.22	1.1237
PAPP	10	147	1.1387
PAPP	10	148	1.1192
PAPP	10	148.29	1.1055
PAPP	10	149	1.1619
PAPP	10	150	1.2214
PAPP	10	151	1.2528
PAPP	10	151.48	1.2574
PH	1	0	0.5925
PH	1	0.25	0.5932
PH	1	1	0.5461
PH	1	1.52	0.4994
PH	1	2	0.52
PH	1	3	0.5113
PH	1	3.78	0.4307
PH	1	4	0.4287
PH	1	5	0.4188
PH	1	6	0.4081
PH	1	6.11	0.4068
PH	1	7	0.4363
PH	1	8	0.4733
PH	1	9	0.5133
PH	1	10	0.5545
PH	1	11	0.5953
PH	1	12	0.6339
PH	1	12.31	0.6453
PH	1	13	0.6447
PH	1	13.84	0.6359
PH	1	14	0.6282
PH	1	15	0.5757
PH	1	15.81	0.5289
PH	1	16	0.5138
PH	1	17	0.4359
PH	1	18	0.3631
PH	1	19	0.3001
PH	1	20	0.2506
PH	1	20.14	0.245
PH	1	21	0.2505
PH	1	21.01	0.2505
PH	1	21.91	0.2313
PH	1	22	0.2336
PH	1	22.8	0.2583
PH	1	23	0.2453
PH	1	23.11	0.2386
PH	1	23.11	0.2386
PH	1	23.53	0.2263
PH	1	24	0.2022
PH	1	25	0.1529
PH	1	26	0.1095
PH	1	27	0.0751
PH	1	27.28	0.0673
PH	1	28	0.0728
PH	1	29	0.0997
PH	1	30	0.1495
PH	1	31	0.2173
PH	1	31.61	0.2641
PH	1	32	0.2583
PH	1	33	0.2413
PH	1	34	0.2214
PH	1	35	0.1989
PH	1	36	0.175
PH	1	37	0.1506
PH	1	38	0.1271
PH	1	38.83	0.109
PH	1	39	0.1176
PH	1	40	0.1775
PH	1	40.63	0.222
PH	1	40.63	0.222
PH	1	41	0.2186
PH	1	42	0.2051
PH	1	43	0.1863
PH	1	43.74	0.17
PH	1	44	0.1798
PH	1	44.09	0.1832
PH	1	45	0.1517
PH	1	46	0.1489
PH	1	46.08	0.1501
PH	1	46.36	0.1536
PH	1	47	0.1477
PH	1	48	0.1584
PH	1	48.62	0.1781
PH	1	48.62	0.1781
PH	1	48.94	0.1782
PH	1	48.94	0.1782
PH	1	49	0.1783
PH	1	49.5	0.1783
PH	1	50	0.1858
PH	1	51	0.214
PH	1	51.18	0.221
PH	1	51.18	0.221
PH	1	51.79	0.3189
PH	1	52	0.3136
PH	1	52.96	0.2834
PH	1	53	0.2833
PH	1	54	0.277
PH	1	55	0.2662
PH	1	56	0.2599
PH	1	57	0.2632
PH	1	57.49	0.2678
PH	1	58	0.2394
PH	1	58.7	0.2013
PH	1	58.7	0.2013
PH	1	59	0.2113
PH	1	60	0.2528
PH	1	61	0.306
PH	1	62	0.3678
PH	1	63	0.4338
PH	1	64	0.5003
PH	1	64.59	0.5388
PH	1	65	0.5421
PH	1	66	0.5469
PH	1	66.35	0.5475
PH	1	67	0.5143
PH	1	68	0.4624
PH	1	69	0.4106
PH	1	69.35	0.3927
PH	1	69.88	0.3123
PH	1	69.88	0.3123
PH	1	69.88	0.3123
PH	1	70	0.3744
PH	1	70.15	0.4483
PH	1	70.42	0.4305
PH	1	70.42	0.4305
PH	1	71	0.4121
PH	1	72	0.3683
PH	1	72.68	0.3327
PH	1	73	0.3338
PH	1	73.25	0.3317
PH	1	74	0.4078
PH	1	74.94	0.5054
PH	1	75	0.5107
PH	1	75.32	0.5385
PH	1	76	0.6105
PH	1	77	0.775
PH	1	78	0.9562
PH	1	78.22	0.9947
PH	1	79	1.0634
PH	1	79.22	1.089
PH	1	80	1.1129
PH	1	81	1.1237
PH	1	81.02	1.1235
PH	1	81.87	1.1215
PH	1	82	1.1441
PH	1	83	1.3009
PH	1	84	1.4354
PH	1	84	1.4354
PH	1	84.68	1.4346
PH	1	85	1.4145
PH	1	85.25	1.402
PH	1	86	1.2984
PH	1	87	1.1236
PH	1	87.01	1.121
PH	1	88	0.9754
PH	1	88.14	0.9498
PH	1	88.14	0.9498
PH	1	89	0.783
PH	1	89.25	0.7281
PH	1	90	0.6726
PH	1	90.36	0.6391
PH	1	90.36	0.6391
PH	1	90.36	0.6391
PH	1	90.53	0.6407
PH	1	90.53	0.6407
PH	1	91	0.5245
PH	1	91.16	0.4804
PH	1	91.16	0.4804
PH	1	91.22	0.4811
PH	1	91.22	0.4811
PH	1	92	0.6225
PH	1	92.39	0.6849
PH	1	92.96	0.7475
PH	1	93	0.7502
PH	1	93.16	0.7611
PH	1	93.44	0.8355
PH	1	94	0.9105
PH	1	95	0.9984
PH	1	95.66	1.021
PH	1	96	1.0388
PH	1	97	1.065
PH	1	97.63	1.0636
PH	1	98	1.0689
PH	1	99	1.0512
PH	1	99.06	1.0491
PH	1	100	0.8647
PH	1	101	0.6228
PH	1	101.19	0.5763
PH	1	101.96	0.4746
PH	1	102	0.4743
PH	1	103	0.4582
PH	1	103.18	0.4538
PH	1	104	0.347
PH	1	105	0.1887
PH	1	105.12	0.1712
PH	1	106	0.2089
PH	1	106.79	0.2409
PH	1	106.79	0.2409
PH	1	107	0.2392
PH	1	107.71	0.216
PH	1	108	0.203
PH	1	109	0.1605
PH	1	109.29	0.149
PH	1	110	0.1128
PH	1	110.96	0.071
PH	1	111	0.073
PH	1	112	0.1327
PH	1	113	0.21
PH	1	114	0.3023
PH	1	115	0.4063
PH	1	115.25	0.4333
PH	1	116	0.4853
PH	1	117	0.5467
PH	1	118	0.5927
PH	1	119	0.6199
PH	1	119.33	0.6248
PH	1	120	0.5983
PH	1	121	0.5047
PH	1	121.21	0.4775
PH	1	122	0.4746
PH	1	122.08	0.4741
PH	1	122.47	0.6281
PH	1	123	0.7155
PH	1	124	0.8637
PH	1	124.32	0.9046
PH	1	125	0.8751
PH	1	126	0.8231
PH	1	127	0.7618
PH	1	128	0.6926
PH	1	128.27	0.6732
PH	1	129	0.6497
PH	1	130	0.6092
PH	1	131	0.5609
PH	1	131.96	0.5098
PH	1	132	0.5103
PH	1	133	0.5232
PH	1	134	0.529
PH	1	135	0.5228
PH	1	136	0.5006
PH	1	137	0.4613
PH	1	138	0.4075
PH	1	138.18	0.3967
PH	1	139	0.4207
PH	1	140	0.4506
PH	1	141	0.4802
PH	1	142	0.5092
PH	1	143	0.5374
PH	1	144	0.5651
PH	1	144.75	0.5862
PH	1	145	0.5492
PH	1	145.59	0.4603
PH	1	146	0.4596
PH	1	146.72	0.449
PH	1	147	0.4154
PH	1	147.73	0.3194
PH	1	148	0.3043
PH	1	148.09	0.2993
PH	1	149	0.416
PH	1	149.56	0.487
PH	1	150	0.4713
PH	1	150.73	0.4391
PH	1	150.73	0.4391
PH	1	150.73	0.4391
PH	1	150.73	0.4391
PH	1	150.73	0.4391
PH	1	151	0.4578
PH	1	152	0.5106
PH	1	152.69	0.5306
PH	1	152.96	0.6264
PH	1	152.96	0.6264
PH	1	152.96	0.6264
PH	1	152.96	0.6264
PH	1	152.96	0.6264
PH	1	152.96	0.6264
PH	1	153	0.6465
PH	1	153.23	0.7598
PH	1	153.23	0.7598
PH	1	153.23	0.7598
PH	1	153.23	0.7598
PH	1	153.23	0.7598
PH	1	153.5	0.6264
PH	1	153.5	0.6264
PH	1	153.5	0.6264
PH	1	153.5	0.6264
PH	1	153.5	0.6264
PH	1	153.5	0.6264
PH	1	153.5	0.6264
PH	1	153.5	0.6264
PH	1	153.5	0.6264
PH	1	153.5	0.6264
PH	1	153.5	0.6264
PH	1	153.5	0.6264
PH	1	153.5	0.6264
PH	1	153.5	0.6264
PH	1	153.5	0.6264
PH	1	153.75	0.7422
PH	1	154	0.7369
PH	1	155	0.713
PH	1	156	0.6846
PH	1	157	0.6521
PH	1	158	0.6168
PH	1	159	0.5805
PH	1	160	0.5452
PH	1	160.39	0.5323
PH	1	161	0.5019
PH	1	162	0.4502
PH	1	163	0.3962
PH	1	164	0.3414
PH	1	165	0.2872
PH	1	166	0.2357
PH	1	167	0.1889
PH	1	168	0.1489
PH	1	169	0.1171
PH	1	170	0.0946
PH	1	170.61	0.0857
PH	1	171	0.0932
PH	1	172	0.1157
PH	1	173	0.1426
PH	1	174	0.173
PH	1	175	0.206
PH	1	176	0.24
PH	1	177	0.2735
PH	1	178	0.3052
PH	1	179	0.3338
PH	1	180	0.3588
PH	1	180.89	0.3775
PH	1	181	0.3706
PH	1	182	0.3139
PH	1	183	0.2661
PH	1	184	0.2303
PH	1	185	0.2089
PH	1	186	0.2036
PH	1	187	0.2146
PH	1	188	0.241
PH	1	189	0.2811
PH	1	190	0.3327
PH	1	191	0.3931
PH	1	192	0.4601
PH	1	193	0.5315
PH	1	194	0.6056
PH	1	194.61	0.6511
PH	1	194.61	0.6511
PH	1	194.61	0.6511
PH	1	195	0.6768
PH	1	195.47	0.6964
PH	1	196	0.691
PH	1	196.98	0.6655
PH	1	197	0.6666
PH	1	198	0.7111
PH	1	199	0.7394
PH	1	200	0.751
PH	1	201	0.7491
PH	1	201.3	0.7465
PH	1	202	0.7992
PH	1	203	0.8746
PH	1	204	0.9499
PH	1	205	1.0241
PH	1	206	1.0965
PH	1	207	1.1663
PH	1	208	1.233
PH	1	209	1.296
PH	1	210	1.3552
PH	1	210.35	1.3748
PH	1	211	1.2896
PH	1	212	1.1495
PH	1	213	0.9988
PH	1	214	0.8405
PH	1	215	0.6805
PH	1	216	0.5283
PH	1	217	0.3941
PH	1	218	0.2856
PH	1	218.22	0.2653
PH	1	219	0.3535
PH	1	219.13	0.3679
PH	1	219.44	0.421
PH	1	219.44	0.421
PH	1	220	0.4374
PH	1	221	0.4675
PH	1	221.01	0.4679
PH	1	221.96	0.3911
PH	1	222	0.3917
PH	1	223	0.4144
PH	1	224	0.4455
PH	1	224.6	0.4678
PH	1	224.97	0.5787
PH	1	225	0.5776
PH	1	225.83	0.5516
PH	1	226	0.548
PH	1	226.58	0.5353
PH	1	227	0.5412
PH	1	228	0.5317
PH	1	228.14	0.5278
PH	1	229	0.5307
PH	1	230	0.529
PH	1	231	0.5217
PH	1	232	0.5093
PH	1	233	0.4922
PH	1	234	0.4712
PH	1	234.97	0.4478
PH	1	235	0.45
PH	1	236	0.5248
PH	1	237	0.5985
PH	1	237.77	0.6527
PH	1	238	0.6534
PH	1	239	0.6582
PH	1	240	0.6665
PH	1	241	0.6787
PH	1	242	0.6949
PH	1	243	0.7151
PH	1	243.07	0.7166
PH	1	244	0.7808
PH	1	245	0.8536
PH	1	246	0.9222
PH	1	247	0.9767
PH	1	247.22	0.9861
PH	1	248	0.9507
PH	1	248.76	0.91
PH	1	249	0.9065
PH	1	249.58	0.9007
PH	1	250	0.9894
PH	1	250	0.9894
PH	1	251	0.9575
PH	1	252	0.9147
PH	1	253	0.862
PH	1	254	0.802
PH	1	255	0.7382
PH	1	256	0.6751
PH	1	256.31	0.6564
PH	1	257	0.7494
PH	1	258	0.7851
PH	1	258.12	0.7825
PH	1	259	0.6742
PH	1	260	0.5489
PH	1	260.03	0.5455
PH	1	261	0.5384
PH	1	262	0.5291
PH	1	263	0.5178
PH	1	264	0.5043
PH	1	265	0.4886
PH	1	266	0.4709
PH	1	267	0.4512
PH	1	267.88	0.4325
PH	2	0	0.3094
PH	2	1	0.2563
PH	2	2	0.2069
PH	2	3	0.1635
PH	2	4	0.128
PH	2	4.71	0.1085
PH	2	5	0.0961
PH	2	5.27	0.0864
PH	2	5.55	0.0883
PH	2	5.55	0.0883
PH	2	6	0.0479
PH	2	6.23	0.0816
PH	2	7	0.0601
PH	2	7.09	0.0594
PH	2	8	0.0636
PH	2	8.1	0.064
PH	2	8.67	0.1126
PH	2	9	0.1738
PH	2	9.35	0.2498
PH	2	9.73	0.2077
PH	2	10	0.1971
PH	2	11	0.1608
PH	2	12	0.1296
PH	2	13	0.105
PH	2	14	0.088
PH	2	14.35	0.084
PH	2	15	0.0919
PH	2	16	0.1036
PH	2	16.89	0.113
PH	2	17	0.1112
PH	2	18	0.0983
PH	2	18.84	0.091
PH	2	19	0.0946
PH	2	20	0.1171
PH	2	21	0.1398
PH	2	22	0.1615
PH	2	22.44	0.1707
PH	2	23	0.2035
PH	2	23.16	0.2131
PH	2	23.79	0.2092
PH	2	24	0.1963
PH	2	24.57	0.1742
PH	2	24.86	0.1843
PH	2	25	0.1817
PH	2	26	0.1677
PH	2	27	0.1616
PH	2	27	0.1616
PH	2	28	0.1418
PH	2	29	0.1201
PH	2	29.12	0.1176
PH	2	30	0.1839
PH	2	30.21	0.2008
PH	2	30.21	0.2008
PH	2	31	0.1504
PH	2	32	0.0947
PH	2	32.35	0.0777
PH	2	33	0.0726
PH	2	34	0.0659
PH	2	35	0.0603
PH	2	36	0.0555
PH	2	37	0.0513
PH	2	38	0.0474
PH	2	38.75	0.0445
PH	2	39	0.0396
PH	2	40	0.0237
PH	2	41	0.0137
PH	2	42	0.0105
PH	2	43	0.0143
PH	2	44	0.0252
PH	2	45	0.0428
PH	2	46	0.0664
PH	2	46.99	0.0945
PH	2	47	0.0944
PH	2	48	0.0838
PH	2	49	0.0731
PH	2	50	0.0625
PH	2	51	0.0523
PH	2	52	0.0426
PH	2	53	0.0338
PH	2	54	0.0262
PH	2	55	0.02
PH	2	56	0.0154
PH	2	57	0.0124
PH	2	58	0.0111
PH	2	58.58	0.0111
PH	2	59	0.0102
PH	2	60	0.0084
PH	2	61	0.007
PH	2	62	0.0062
PH	2	63	0.0058
PH	2	64	0.006
PH	2	65	0.0068
PH	2	66	0.0081
PH	2	67	0.01
PH	2	68	0.0126
PH	2	68.02	0.0126
PH	2	69	0.0391
PH	2	70	0.0848
PH	2	70.04	0.0868
PH	2	71	0.1397
PH	2	71.33	0.1606
PH	2	72	0.1173
PH	2	72.69	0.0782
PH	2	73	0.0954
PH	2	74	0.1617
PH	2	74.94	0.2326
PH	2	75	0.2272
PH	2	75.94	0.1489
PH	2	76	0.1517
PH	2	77	0.2113
PH	2	78	0.2761
PH	2	78.97	0.3134
PH	2	79	0.3122
PH	2	79.87	0.2806
PH	2	80	0.2822
PH	2	81	0.294
PH	2	81.81	0.3023
PH	2	81.81	0.3023
PH	2	81.81	0.3023
PH	2	82	0.2807
PH	2	82.69	0.1953
PH	2	83	0.2227
PH	2	84	0.3162
PH	2	84.33	0.3476
PH	2	85	0.3572
PH	2	86	0.3833
PH	2	87	0.4214
PH	2	87.51	0.4446
PH	2	88	0.4195
PH	2	89	0.3683
PH	2	90	0.3193
PH	2	91	0.2746
PH	2	92	0.2368
PH	2	93	0.2079
PH	2	94	0.1895
PH	2	95	0.1823
PH	2	96	0.1856
PH	2	96.92	0.1966
PH	2	97	0.1952
PH	2	98	0.1771
PH	2	99	0.1563
PH	2	100	0.1343
PH	2	101	0.1131
PH	2	102	0.0939
PH	2	102.4	0.0868
PH	2	103	0.0944
PH	2	104	0.1111
PH	2	105	0.1327
PH	2	106	0.1584
PH	2	107	0.1876
PH	2	108	0.2194
PH	2	109	0.2528
PH	2	109.98	0.2864
PH	2	110	0.286
PH	2	111	0.2629
PH	2	112	0.2444
PH	2	113	0.2309
PH	2	114	0.2224
PH	2	115	0.2186
PH	2	116	0.2188
PH	2	116.72	0.2209
PH	2	117	0.2072
PH	2	118	0.1585
PH	2	119	0.1148
PH	2	120	0.0819
PH	2	120.68	0.0672
PH	2	121	0.0679
PH	2	121.35	0.0691
PH	2	122	0.1106
PH	2	122.54	0.1497
PH	2	122.68	0.1638
PH	2	123	0.169
PH	2	123.54	0.1821
PH	2	124	0.1401
PH	2	124.36	0.1124
PH	2	124.36	0.1124
PH	2	125	0.1484
PH	2	126	0.2146
PH	2	127	0.2861
PH	2	128	0.355
PH	2	128.09	0.3606
PH	2	128.38	0.3558
PH	2	128.67	0.402
PH	2	128.67	0.402
PH	2	128.95	0.4094
PH	2	129	0.4147
PH	2	129.36	0.4499
PH	2	129.69	0.4051
PH	2	130	0.3646
PH	2	130.39	0.3135
PH	2	130.39	0.3135
PH	2	130.39	0.3135
PH	2	130.39	0.3135
PH	2	130.39	0.3135
PH	2	130.39	0.3135
PH	2	130.39	0.3135
PH	2	130.39	0.3135
PH	2	130.39	0.3135
PH	2	130.39	0.3135
PH	2	130.39	0.3135
PH	2	130.39	0.3135
PH	2	130.39	0.3135
PH	2	130.59	0.262
PH	2	130.59	0.262
PH	2	130.79	0.245
PH	2	130.79	0.245
PH	2	131	0.2293
PH	2	131.11	0.222
PH	2	131.71	0.1891
PH	2	131.71	0.1891
PH	2	131.71	0.1891
PH	2	131.71	0.1891
PH	2	131.71	0.1891
PH	2	131.71	0.1891
PH	2	131.71	0.1891
PH	2	132	0.164
PH	2	132.25	0.1537
PH	2	132.25	0.1537
PH	2	132.25	0.1537
PH	2	133	0.1446
PH	2	133.14	0.1456
PH	2	133.5	0.1529
PH	2	133.63	0.1553
PH	2	133.63	0.1553
PH	2	133.63	0.1553
PH	2	134	0.1138
PH	2	134.17	0.097
PH	2	134.17	0.097
PH	2	135	0.1135
PH	2	135.56	0.1306
PH	2	135.84	0.1313
PH	2	135.84	0.1313
PH	2	136	0.1243
PH	2	136.33	0.1154
PH	2	136.33	0.1154
PH	2	137	0.1013
PH	2	137.41	0.1047
PH	2	138	0.1081
PH	2	138.58	0.1105
PH	2	139	0.0657
PH	2	139.43	0.0382
PH	2	139.43	0.0382
PH	2	140	0.0339
PH	2	140.53	0.057
PH	2	141	0.0314
PH	2	141.07	0.0281
PH	2	141.07	0.0281
PH	2	141.07	0.0281
PH	2	142	0.0075
PH	2	142.88	0.0295
PH	2	142.88	0.0295
PH	2	143	0.0237
PH	2	144	0.0051
PH	2	144.42	0.0129
PH	2	144.78	0.0112
PH	2	145	0.015
PH	2	145.32	0.0236
PH	2	145.32	0.0236
PH	2	146	0.0368
PH	2	146.14	0.0422
PH	2	146.14	0.0422
PH	2	146.14	0.0422
PH	2	147	0.0743
PH	2	148	0.1378
PH	2	148.55	0.1783
PH	2	149	0.1853
PH	2	150	0.2006
PH	2	151	0.2152
PH	2	152	0.229
PH	2	153	0.2418
PH	2	154	0.2535
PH	2	154.02	0.2537
PH	2	154.02	0.2537
PH	2	154.56	0.316
PH	2	154.56	0.316
PH	2	154.83	0.2325
PH	2	155	0.2324
PH	2	155.67	0.2514
PH	2	156	0.2482
PH	2	156.84	0.2497
PH	2	157	0.2493
PH	2	158	0.2414
PH	2	158.32	0.2367
PH	2	159	0.2266
PH	2	159.79	0.2425
PH	2	160	0.3149
PH	2	160.39	0.4582
PH	2	160.78	0.491
PH	2	160.78	0.491
PH	2	161	0.459
PH	2	161.73	0.3513
PH	2	162	0.3613
PH	2	162.81	0.3949
PH	2	163	0.3963
PH	2	163.3	0.3991
PH	2	163.47	0.3977
PH	2	164	0.4039
PH	2	164.34	0.4168
PH	2	165	0.4622
PH	2	165.88	0.529
PH	2	166	0.5374
PH	2	167	0.6072
PH	2	168	0.6759
PH	2	169	0.7417
PH	2	170	0.8034
PH	2	171	0.8602
PH	2	171.74	0.8987
PH	2	172	0.8915
PH	2	173	0.8597
PH	2	174	0.8213
PH	2	175	0.7768
PH	2	176	0.7271
PH	2	177	0.6743
PH	2	177.6	0.642
PH	2	178	0.6357
PH	2	179	0.6152
PH	2	180	0.5878
PH	2	180.37	0.576
PH	2	181	0.5448
PH	2	181.76	0.5192
PH	2	182	0.4994
PH	2	182.75	0.4118
PH	2	183	0.3898
PH	2	183.36	0.3593
PH	2	183.36	0.3593
PH	2	183.36	0.3593
PH	2	184	0.3028
PH	2	185	0.2201
PH	2	185.42	0.1886
PH	2	185.42	0.1886
PH	2	186	0.1848
PH	2	186.64	0.1763
PH	2	187	0.126
PH	2	187.19	0.1034
PH	2	187.19	0.1034
PH	2	188	0.1194
PH	2	188.01	0.1197
PH	2	188.01	0.1197
PH	2	188.47	0.1865
PH	2	188.78	0.1866
PH	2	189	0.1612
PH	2	189.65	0.1009
PH	2	190	0.0774
PH	2	191	0.0269
PH	2	191.03	0.0259
PH	2	191.71	0.1028
PH	2	192	0.1088
PH	2	192.69	0.1239
PH	2	193	0.1141
PH	2	193.68	0.0929
PH	2	194	0.1003
PH	2	195	0.1252
PH	2	196	0.15
PH	2	196.21	0.1548
PH	2	197	0.1886
PH	2	198	0.2399
PH	2	199	0.2995
PH	2	200	0.3649
PH	2	201	0.4318
PH	2	202	0.4959
PH	2	203	0.5535
PH	2	204	0.6018
PH	2	204.23	0.6117
PH	2	205	0.5788
PH	2	206	0.5251
PH	2	207	0.4621
PH	2	208	0.3941
PH	2	209	0.3264
PH	2	209.59	0.2884
PH	2	210	0.2978
PH	2	210.97	0.3198
PH	2	211	0.321
PH	2	211.48	0.3415
PH	2	211.48	0.3415
PH	2	212	0.3147
PH	2	212.25	0.2977
PH	2	213	0.2459
PH	2	214	0.2122
PH	2	215	0.2261
PH	2	215.17	0.2327
PH	2	216	0.2544
PH	2	217	0.281
PH	2	218	0.3079
PH	2	218.7	0.3269
PH	2	219	0.2954
PH	2	219.99	0.2188
PH	2	220	0.2189
PH	2	221	0.2404
PH	2	221.54	0.2522
PH	2	222	0.4589
PH	2	222.31	0.5679
PH	2	223	0.5935
PH	2	224	0.6303
PH	2	225	0.6673
PH	2	225.96	0.703
PH	2	226	0.7107
PH	2	227	0.8912
PH	2	228	1.0638
PH	2	228.44	1.1326
PH	2	229	1.1453
PH	2	230	1.157
PH	2	231	1.1486
PH	2	231.5	1.134
PH	2	232	1.1218
PH	2	233	1.096
PH	2	234	1.0683
PH	2	235	1.0391
PH	2	236	1.0085
PH	2	237	0.977
PH	2	237.74	0.9533
PH	2	238	0.9226
PH	2	239	0.7905
PH	2	240	0.6303
PH	2	240.31	0.5772
PH	2	240.62	0.5869
PH	2	241	0.586
PH	2	242	0.5856
PH	2	242.86	0.5874
PH	2	243	0.5882
PH	2	244	0.5941
PH	2	244.56	0.5974
PH	2	245	0.6293
PH	2	245.2	0.6441
PH	2	246	0.803
PH	2	246.13	0.822
PH	2	247	0.8068
PH	2	248	0.7803
PH	2	249	0.7429
PH	2	250	0.694
PH	2	251	0.6354
PH	2	251.18	0.6242
PH	3	35	0.1448
PH	3	36	0.2135
PH	3	37	0.2899
PH	3	38	0.3689
PH	3	38.27	0.39
PH	3	39	0.3605
PH	3	40	0.3259
PH	3	41	0.2993
PH	3	42	0.2811
PH	3	43	0.2703
PH	3	44	0.2657
PH	3	45	0.2657
PH	3	46	0.2688
PH	3	47	0.2739
PH	3	48	0.2802
PH	3	48.27	0.282
PH	3	49	0.3174
PH	3	49.83	0.3648
PH	3	50	0.3631
PH	3	51	0.3626
PH	3	52	0.3761
PH	3	53	0.4006
PH	3	53.88	0.4287
PH	3	54	0.4206
PH	3	54.92	0.3618
PH	3	55	0.3654
PH	3	56	0.4163
PH	3	57	0.4706
PH	3	57.8	0.513
PH	3	58	0.5094
PH	3	59	0.4967
PH	3	59.24	0.495
PH	3	60	0.4103
PH	3	60.87	0.3288
PH	3	61	0.3348
PH	3	61.51	0.362
PH	3	62	0.4013
PH	3	63	0.4798
PH	3	63.63	0.5252
PH	3	64	0.6026
PH	3	65	0.8235
PH	3	65.18	0.8648
PH	3	66	0.9207
PH	3	67	0.9862
PH	3	68	1.0475
PH	3	69	1.1034
PH	3	70	1.1531
PH	3	71	1.1961
PH	3	71.8	1.2252
PH	3	72	1.2026
PH	3	73	1.0833
PH	3	74	0.9601
PH	3	74.83	0.8642
PH	3	75	0.8522
PH	3	75.12	0.844
PH	3	76	0.8003
PH	3	76.41	0.7688
PH	3	76.41	0.7688
PH	3	76.58	0.7961
PH	3	76.58	0.7961
PH	3	76.58	0.7961
PH	3	76.58	0.7961
PH	3	76.99	0.9096
PH	3	77	0.9085
PH	3	77.4	0.8513
PH	3	77.4	0.8513
PH	3	77.4	0.8513
PH	3	77.4	0.8513
PH	3	77.4	0.8513
PH	3	77.67	0.9734
PH	3	77.67	0.9734
PH	3	77.67	0.9734
PH	3	77.67	0.9734
PH	3	77.67	0.9734
PH	3	77.67	0.9734
PH	3	77.67	0.9734
PH	3	78	0.9121
PH	3	78.21	0.8721
PH	3	78.21	0.8721
PH	3	78.21	0.8721
PH	3	78.5	1.0163
PH	3	79	1.084
PH	3	79.15	1.1047
PH	3	79.15	1.1047
PH	3	80	1.1776
PH	3	80.59	1.2259
PH	3	80.59	1.2259
PH	3	81	1.1839
PH	3	81.82	1.0493
PH	3	82	1.036
PH	3	82.1	1.0284
PH	3	82.1	1.0284
PH	3	83	1.1614
PH	3	83.26	1.1992
PH	3	84	1.2188
PH	3	84.14	1.2222
PH	3	84.14	1.2222
PH	3	84.7	1.2652
PH	3	84.97	1.1882
PH	3	84.97	1.1882
PH	3	84.97	1.1882
PH	3	85	1.1832
PH	3	86	1.0171
PH	3	86.42	0.9436
PH	3	87	0.9058
PH	3	88	0.8477
PH	3	88.53	0.8235
PH	3	89	0.7796
PH	3	90	0.6733
PH	3	91	0.557
PH	3	92	0.4509
PH	3	93	0.3768
PH	3	93.11	0.371
PH	3	94	0.2774
PH	3	95	0.1932
PH	3	96	0.1347
PH	3	97	0.1033
PH	3	97.35	0.0984
PH	3	98	0.1003
PH	3	99	0.1227
PH	3	100	0.1674
PH	3	100.84	0.2189
PH	3	101	0.2246
PH	3	102	0.2636
PH	3	102.6	0.2884
PH	3	103	0.2997
PH	3	103.79	0.3227
PH	3	104	0.2853
PH	3	104.5	0.1994
PH	3	105	0.186
PH	3	105.51	0.1771
PH	3	106	0.1672
PH	3	107	0.1521
PH	3	107.55	0.1466
PH	3	108	0.1301
PH	3	109	0.0937
PH	3	110	0.0597
PH	3	111	0.0336
PH	3	112	0.0233
PH	3	112.09	0.0234
PH	3	113	0.0248
PH	3	114	0.0471
PH	3	115	0.0892
PH	3	115.54	0.1189
PH	3	115.54	0.1189
PH	3	116	0.1667
PH	3	117	0.263
PH	3	117.23	0.2806
PH	3	117.23	0.2806
PH	3	118	0.4179
PH	3	118.63	0.5295
PH	3	119	0.526
PH	3	120	0.5146
PH	3	121	0.5
PH	3	121.37	0.4938
PH	3	122	0.33
PH	3	122.85	0.1233
PH	3	122.85	0.1233
PH	3	123	0.135
PH	3	123.9	0.2136
PH	3	123.9	0.2136
PH	3	124	0.1543
PH	3	124.24	0.0323
PH	3	124.24	0.0323
PH	3	125	0.064
PH	3	125.06	0.067
PH	3	125.49	0.0776
PH	3	125.49	0.0776
PH	3	125.93	0.0742
PH	3	126	0.0789
PH	3	126.76	0.1473
PH	3	126.76	0.1473
PH	3	126.76	0.1473
PH	3	126.76	0.1473
PH	3	126.76	0.1473
PH	3	127	0.1369
PH	3	127.13	0.1315
PH	3	127.13	0.1315
PH	3	127.51	0.0671
PH	3	127.79	0.036
PH	3	128	0.0402
PH	3	128.27	0.0474
PH	3	128.27	0.0474
PH	3	128.54	0.0501
PH	3	128.54	0.0501
PH	3	129	0.1203
PH	3	129.08	0.1359
PH	3	130	0.1677
PH	3	130.76	0.2793
PH	3	131	0.2778
PH	3	131.75	0.2718
PH	3	132	0.2767
PH	3	132.15	0.2796
PH	3	133	0.3272
PH	3	134	0.3836
PH	3	134.73	0.4228
PH	3	135	0.401
PH	3	136	0.3151
PH	3	136.98	0.2413
PH	3	137	0.2422
PH	3	138	0.2798
PH	3	139	0.3093
PH	3	140	0.3221
PH	3	140.06	0.3223
PH	3	141	0.3727
PH	3	142	0.423
PH	3	142.72	0.4553
PH	3	143	0.4165
PH	3	144	0.2752
PH	3	144.09	0.2634
PH	3	145	0.221
PH	3	146	0.1724
PH	3	146.82	0.1346
PH	3	147	0.1376
PH	3	148	0.158
PH	3	149	0.1844
PH	3	150	0.2149
PH	3	151	0.2477
PH	3	152	0.2817
PH	3	152.34	0.2933
PH	3	153	0.2758
PH	3	154	0.2498
PH	3	155	0.2251
PH	3	155.19	0.2206
PH	3	156	0.2521
PH	3	156.66	0.3023
PH	3	156.66	0.3023
PH	3	157	0.2498
PH	3	158	0.114
PH	3	158.72	0.0461
PH	3	159	0.05
PH	3	159.7	0.0649
PH	3	160	0.0744
PH	3	160.06	0.0764
PH	3	161	0.0725
PH	3	161.54	0.0719
PH	3	161.54	0.0719
PH	3	162	0.0181
PH	3	162.08	0.0123
PH	3	162.08	0.0123
PH	3	162.78	0.0111
PH	3	163	0.008
PH	3	164	0.0181
PH	3	165	0.072
PH	3	166	0.161
PH	3	166.62	0.2269
PH	3	167	0.2581
PH	3	168	0.3616
PH	3	169	0.4787
PH	3	170	0.5843
PH	3	170.27	0.6085
PH	3	171	0.5727
PH	3	172	0.5167
PH	3	173	0.4546
PH	3	174	0.3892
PH	3	175	0.3242
PH	3	176	0.2633
PH	3	177	0.2097
PH	3	177.07	0.2065
PH	3	178	0.1891
PH	3	179	0.1672
PH	3	180	0.143
PH	3	181	0.1184
PH	3	181.68	0.1022
PH	3	182	0.1572
PH	3	182.12	0.1799
PH	3	183	0.1914
PH	3	184	0.2011
PH	3	185	0.2062
PH	3	185.83	0.2067
PH	3	186	0.2021
PH	3	187	0.1757
PH	3	188	0.1505
PH	3	189	0.127
PH	3	190	0.1056
PH	3	191	0.087
PH	3	192	0.0713
PH	3	193	0.0588
PH	3	194	0.0493
PH	3	195	0.0427
PH	3	195.33	0.0411
PH	3	196	0.024
PH	3	197	0.0067
PH	3	198	2e-04
PH	3	199	0.0046
PH	3	199.9	0.0174
PH	3	200	0.0191
PH	3	201	0.0691
PH	3	201.85	0.1463
PH	3	202	0.1209
PH	3	202.15	0.1001
PH	3	203	0.078
PH	3	204	0.0636
PH	3	204.52	0.0611
PH	3	205	0.0642
PH	3	206	0.0755
PH	3	207	0.0939
PH	3	208	0.119
PH	3	209	0.149
PH	3	209.45	0.1638
PH	4	0	0.5824
PH	4	1	0.6194
PH	4	2	0.6466
PH	4	3	0.6619
PH	4	3.56	0.665
PH	4	4	0.733
PH	4	5	0.8808
PH	4	6	1.0106
PH	4	6.19	1.0327
PH	4	7	0.8967
PH	4	7.3	0.8424
PH	4	8	0.7
PH	4	9	0.5061
PH	4	10	0.3327
PH	4	10.24	0.2949
PH	4	11	0.2814
PH	4	12	0.2546
PH	4	13	0.2204
PH	4	14	0.1851
PH	4	14.31	0.1753
PH	4	15	0.2112
PH	4	16	0.2668
PH	4	17	0.3243
PH	4	17.8	0.3693
PH	4	18	0.4009
PH	4	19	0.5615
PH	4	19.19	0.5912
PH	4	20	0.6668
PH	4	21	0.7574
PH	4	22	0.8338
PH	4	23	0.8844
PH	4	24	0.9009
PH	4	24.7	0.8913
PH	4	25	0.8775
PH	4	26	0.8135
PH	4	27	0.7292
PH	4	27.43	0.6901
PH	4	28	0.6609
PH	4	29	0.5999
PH	4	30	0.5286
PH	4	31	0.4515
PH	4	32	0.3748
PH	4	32.37	0.3481
PH	4	33	0.3766
PH	4	34	0.4312
PH	4	35	0.4974
PH	4	36	0.5743
PH	4	36.03	0.577
PH	4	36.14	0.5747
PH	4	37	0.4934
PH	4	37.95	0.3272
PH	4	38	0.3289
PH	4	39	0.3661
PH	4	40	0.4032
PH	4	40.63	0.4263
PH	4	41	0.4262
PH	4	42	0.423
PH	4	43	0.4163
PH	4	44	0.4076
PH	4	45	0.3987
PH	4	46	0.3913
PH	4	47	0.3866
PH	4	48	0.3851
PH	4	49	0.3866
PH	4	50	0.3905
PH	4	50.67	0.3941
PH	4	51	0.4011
PH	4	52	0.4217
PH	4	52.72	0.4362
PH	4	53	0.4641
PH	4	54	0.5721
PH	4	55	0.6885
PH	4	56	0.8097
PH	4	57	0.9322
PH	4	58	1.0534
PH	4	58.2	1.0775
PH	4	58.56	1.0589
PH	4	59	1.0864
PH	4	60	1.1337
PH	4	61	1.1566
PH	4	61.54	1.1582
PH	4	62	1.3132
PH	4	63	1.5633
PH	4	63.21	1.604
PH	4	63.78	1.5736
PH	4	63.78	1.5736
PH	4	64	1.5844
PH	4	64.13	1.5911
PH	4	65	1.6278
PH	4	65.65	1.6561
PH	4	65.98	1.6689
PH	4	65.98	1.6689
PH	4	66	1.6677
PH	4	66.25	1.6634
PH	4	66.25	1.6634
PH	4	66.25	1.6634
PH	4	66.52	1.6675
PH	4	66.79	1.6653
PH	4	67	1.6641
PH	4	67.07	1.6662
PH	4	67.07	1.6662
PH	4	67.07	1.6662
PH	4	67.62	1.8434
PH	4	67.91	2.0386
PH	4	68	2.0332
PH	4	68.37	2.0225
PH	4	68.37	2.0225
PH	4	68.83	2.0231
PH	4	69	2.0022
PH	4	69.92	1.8861
PH	4	69.92	1.8861
PH	4	69.92	1.8861
PH	4	70	1.8866
PH	4	70.44	1.889
PH	4	70.71	1.8769
PH	4	70.71	1.8769
PH	4	71	1.7571
PH	4	71.53	1.4245
PH	4	72	1.4287
PH	4	72.17	1.4322
PH	4	73	1.6527
PH	4	73.14	1.6828
PH	4	74	1.5182
PH	4	74.8	1.3521
PH	4	75	1.3455
PH	4	76	1.2431
PH	4	76.16	1.216
PH	4	77	1.2344
PH	4	77.53	1.2452
PH	4	78	1.2387
PH	4	79	1.2269
PH	4	79.22	1.2248
PH	4	79.6	1.3618
PH	4	80	1.3143
PH	4	81	1.1899
PH	4	81.55	1.1186
PH	4	81.55	1.1186
PH	4	82	1.0207
PH	4	83	0.7737
PH	4	83.79	0.5507
PH	4	84	0.5453
PH	4	84.95	0.5265
PH	4	85	0.5232
PH	4	85.58	0.5021
PH	4	86	0.5074
PH	4	86.16	0.5093
PH	4	87	0.3621
PH	4	88	0.1996
PH	4	89	0.0784
PH	4	89.02	0.0763
PH	4	89.02	0.0763
PH	4	89.02	0.0763
PH	4	89.31	0.0736
PH	4	89.31	0.0736
PH	4	90	0.0809
PH	4	90.1	0.0829
PH	4	91	0.0496
PH	4	92	0.119
PH	4	92.86	0.2538
PH	4	93	0.251
PH	4	94	0.2314
PH	4	95	0.2116
PH	4	96	0.1916
PH	4	97	0.1716
PH	4	98	0.1521
PH	4	99	0.1337
PH	4	100	0.1166
PH	4	101	0.1016
PH	4	102	0.0887
PH	4	103	0.078
PH	4	103.37	0.0746
PH	4	104	0.0833
PH	4	104.74	0.1018
PH	4	105	0.0966
PH	4	105.04	0.0957
PH	4	105.32	0.0815
PH	4	106	0.0678
PH	4	106.19	0.0646
PH	4	107	0.0777
PH	4	107.06	0.0786
PH	4	108	0.0952
PH	4	108.51	0.1107
PH	4	108.84	0.1048
PH	4	109	0.1416
PH	4	109.12	0.1709
PH	4	109.45	0.1634
PH	4	110	0.1611
PH	4	111	0.1806
PH	4	111.05	0.1824
PH	4	112	0.2102
PH	4	113	0.2443
PH	4	113.62	0.2646
PH	4	114	0.229
PH	4	114.3	0.2015
PH	4	115	0.1703
PH	4	115.47	0.1627
PH	4	115.47	0.1627
PH	4	115.47	0.1627
PH	4	116	0.1491
PH	4	117	0.1185
PH	4	117.16	0.1131
PH	4	118	0.1008
PH	4	118.89	0.0962
PH	4	119	0.098
PH	4	120	0.1195
PH	4	121	0.1492
PH	4	122	0.1852
PH	4	122.03	0.1863
PH	4	122.52	0.1582
PH	4	123	0.2641
PH	4	123.11	0.2895
PH	4	123.6	0.3302
PH	4	124	0.2324
PH	4	124.14	0.2003
PH	4	124.14	0.2003
PH	4	125	0.28
PH	4	126	0.3837
PH	4	126.01	0.3847
PH	4	126.01	0.3847
PH	4	127	0.5691
PH	4	128	0.6247
PH	4	128.3	0.6198
PH	4	128.7	0.6365
PH	4	129	0.6323
PH	4	129.16	0.63
PH	4	129.9	0.4452
PH	4	129.9	0.4452
PH	4	129.9	0.4452
PH	4	130	0.448
PH	4	130.89	0.4739
PH	4	130.89	0.4739
PH	4	131	0.4576
PH	4	131.34	0.4077
PH	4	131.62	0.6602
PH	4	132	0.6708
PH	4	132.09	0.6733
PH	4	132.43	0.6475
PH	4	132.9	0.6752
PH	4	133	0.6623
PH	4	134	0.5323
PH	4	135	0.4057
PH	4	136	0.2996
PH	4	136.48	0.2595
PH	4	137	0.2534
PH	4	138	0.2434
PH	4	138.65	0.238
PH	4	139	0.2148
PH	4	139.89	0.1544
PH	4	140	0.1472
PH	4	141	0.0949
PH	4	141.37	0.0829
PH	4	142	0.0591
PH	4	142.82	0.0345
PH	4	143	0.0416
PH	4	144	0.1035
PH	4	144.4	0.1374
PH	4	145	0.162
PH	4	146	0.2074
PH	4	147	0.2561
PH	4	148	0.3052
PH	4	148.99	0.3515
PH	4	149	0.3519
PH	4	150	0.3782
PH	4	151	0.3955
PH	4	152	0.4001
PH	4	153	0.3897
PH	4	153.56	0.3773
PH	4	154	0.356
PH	4	155	0.2957
PH	4	155.07	0.2913
PH	4	156	0.2693
PH	4	156.17	0.2639
PH	4	157	0.4705
PH	4	158	0.7317
PH	4	158.69	0.8915
PH	4	159	0.8532
PH	4	160	0.6921
PH	4	161	0.4715
PH	4	161.23	0.4175
PH	4	162	0.4241
PH	4	162.16	0.4241
PH	4	163	0.3432
PH	4	164	0.2553
PH	4	165	0.1796
PH	4	166	0.119
PH	4	167	0.0758
PH	4	168	0.0513
PH	4	169	0.0452
PH	4	170	0.0559
PH	4	170.81	0.075
PH	4	171	0.0843
PH	4	171.93	0.1383
PH	4	172	0.1352
PH	4	173	0.0875
PH	4	173.99	0.046
PH	5	0	2.0483
PH	5	1	1.7757
PH	5	1.51	1.611
PH	5	2	1.6596
PH	5	3	1.7323
PH	5	3.12	1.7387
PH	5	4	1.6371
PH	5	5	1.513
PH	5	5.71	1.4217
PH	5	5.98	1.356
PH	5	6	1.3497
PH	5	6.29	1.2681
PH	5	7	1.3355
PH	5	8	1.4225
PH	5	9	1.4981
PH	5	10	1.5607
PH	5	11	1.6098
PH	5	11.58	1.6319
PH	5	12	1.6495
PH	5	13	1.6885
PH	5	14	1.7227
PH	5	15	1.7508
PH	5	16	1.7716
PH	5	17	1.7842
PH	5	18	1.7879
PH	5	19	1.7825
PH	5	20	1.768
PH	5	21	1.7448
PH	5	22	1.7135
PH	5	23	1.6749
PH	5	24	1.6302
PH	5	25	1.5803
PH	5	26	1.5265
PH	5	27	1.4699
PH	5	28	1.4119
PH	5	29	1.3533
PH	5	29.76	1.3091
PH	5	30	1.3996
PH	5	31	1.8044
PH	5	32	2.2222
PH	5	33	2.6156
PH	5	34	2.9663
PH	5	35	3.2658
PH	5	35.92	3.4907
PH	5	36	3.49
PH	5	37	3.4191
PH	5	38	3.2254
PH	5	38.26	3.1531
PH	5	39	3.228
PH	5	40	3.3237
PH	5	41	3.4114
PH	5	42	3.49
PH	5	43	3.5584
PH	5	44	3.6158
PH	5	45	3.6611
PH	5	46	3.6938
PH	5	47	3.713
PH	5	48	3.7183
PH	5	49	3.7092
PH	5	50	3.6852
PH	5	51	3.6462
PH	5	52	3.5921
PH	5	53	3.5226
PH	5	54	3.4379
PH	5	55	3.338
PH	5	56	3.2227
PH	5	57	3.0923
PH	5	58	2.947
PH	5	58.7	2.837
PH	5	59	2.8868
PH	5	60	3.0106
PH	5	61	3.0705
PH	5	61.5	3.0743
PH	5	62	3.1752
PH	5	63	3.3049
PH	5	64	3.3753
PH	5	64.37	3.3909
PH	5	65	3.3082
PH	5	66	3.154
PH	5	67	2.9641
PH	5	68	2.7263
PH	5	69	2.4239
PH	5	69.71	2.1652
PH	5	70	2.1542
PH	5	71	2.1209
PH	5	72	2.0901
PH	5	72.76	2.0645
PH	5	73	2.0925
PH	5	74	2.2131
PH	5	75	2.3278
PH	5	75.86	2.4115
PH	5	76	2.4899
PH	5	77	2.9798
PH	5	77.55	3.2049
PH	5	78	3.8027
PH	5	78.54	3.9083
PH	5	79	3.7714
PH	5	79.01	3.7672
PH	5	79.54	2.8845
PH	5	80	2.8448
PH	5	81	2.7157
PH	5	82	2.5171
PH	5	83	2.2362
PH	5	83.29	2.1408
PH	5	84	1.9056
PH	5	84.32	1.7681
PH	5	84.4	1.7405
PH	5	84.4	1.7405
PH	5	84.84	1.8924
PH	5	84.84	1.8924
PH	5	85	1.8469
PH	5	85.5	1.6718
PH	5	85.8	1.3206
PH	5	85.8	1.3206
PH	5	86	1.3883
PH	5	86.07	1.4119
PH	5	86.35	1.5428
PH	5	86.35	1.5428
PH	5	86.35	1.5428
PH	5	86.35	1.5428
PH	5	86.35	1.5428
PH	5	86.35	1.5428
PH	5	86.35	1.5428
PH	5	87	1.4499
PH	5	88	0.9277
PH	5	88.03	0.9009
PH	5	88.39	0.7345
PH	5	88.6	0.7369
PH	5	88.6	0.7369
PH	5	88.6	0.7369
PH	5	88.6	0.7369
PH	5	88.6	0.7369
PH	5	88.6	0.7369
PH	5	89	0.6127
PH	5	89.7	0.3851
PH	5	89.7	0.3851
PH	5	89.7	0.3851
PH	5	90	0.2972
PH	5	90.25	0.2229
PH	5	90.25	0.2229
PH	5	90.25	0.2229
PH	5	90.25	0.2229
PH	5	90.25	0.2229
PH	5	91	0.2012
PH	5	92	0.1721
PH	5	93	0.1448
PH	5	94	0.1213
PH	5	95	0.1034
PH	5	95.42	0.0978
PH	5	96	0.0992
PH	5	97	0.1011
PH	5	98	0.1018
PH	5	99	0.1012
PH	5	100	0.0992
PH	5	100.29	0.0984
PH	5	101	0.1435
PH	5	101.97	0.2354
PH	5	102	0.2346
PH	5	103	0.2035
PH	5	104	0.1637
PH	5	105	0.1237
PH	5	105.37	0.1105
PH	5	105.37	0.1105
PH	5	105.37	0.1105
PH	5	105.37	0.1105
PH	5	105.64	0.1175
PH	5	105.93	0.0333
PH	5	105.93	0.0333
PH	5	106	0.0357
PH	5	107	0.0801
PH	5	108	0.1377
PH	5	109	0.1933
PH	5	110	0.2377
PH	5	110.49	0.2545
PH	5	110.49	0.2545
PH	5	110.75	0.2954
PH	5	111	0.184
PH	5	111.29	0.0756
PH	5	112	0.0299
PH	5	112.95	9e-04
PH	5	113	0.0015
PH	5	114	0.0331
PH	5	114.32	0.0512
PH	5	114.76	0.0064
PH	5	114.76	0.0064
PH	5	115	0.0069
PH	5	115.23	0.0079
PH	5	115.23	0.0079
PH	5	116	0.0346
PH	5	117	0.0877
PH	5	117.19	0.098
PH	5	118	0.1001
PH	5	118.04	0.101
PH	5	119	0.1205
PH	5	120	0.1337
PH	5	120.2	0.1354
PH	5	121	0.1125
PH	5	122	0.1494
PH	5	122.3	0.174
PH	5	122.3	0.174
PH	5	123	0.1594
PH	5	124	0.1425
PH	5	125	0.1318
PH	5	125.33	0.1298
PH	5	126	0.1147
PH	5	126.65	0.1029
PH	5	127	0.0979
PH	5	127.55	0.0925
PH	5	128	0.1153
PH	5	128.12	0.1213
PH	5	129	0.1066
PH	5	130	0.1153
PH	5	131	0.1435
PH	5	131.25	0.1525
PH	5	131.25	0.1525
PH	5	131.25	0.1525
PH	5	131.25	0.1525
PH	5	131.25	0.1525
PH	5	131.7	0.1642
PH	5	132	0.1252
PH	5	132.14	0.1086
PH	5	132.58	0.0694
PH	5	133	0.1233
PH	5	133.92	0.2212
PH	5	134	0.237
PH	5	134.59	0.3648
PH	5	134.78	0.2798
PH	5	135	0.2667
PH	5	136	0.2139
PH	5	136.29	0.2012
PH	5	137	0.1631
PH	5	138	0.114
PH	5	138.42	0.0955
PH	5	139	0.1399
PH	5	139.69	0.1943
PH	5	140	0.2031
PH	5	141	0.2357
PH	5	141.37	0.249
PH	5	142	0.2035
PH	5	143	0.1399
PH	5	143.71	0.1031
PH	5	144	0.1278
PH	5	144.84	0.2094
PH	5	145	0.1484
PH	5	145.42	0.0284
PH	5	146	0.0166
PH	5	147	0.013
PH	5	147.29	0.0156
PH	5	148	0.0253
PH	5	148.98	0.0416
PH	5	149	0.0425
PH	5	150	0.1166
PH	5	151	0.2354
PH	5	152	0.3737
PH	5	153	0.5033
PH	5	153.49	0.5584
PH	5	154	0.5733
PH	5	155	0.6001
PH	5	156	0.624
PH	5	156.83	0.642
PH	5	157	0.6362
PH	5	158	0.605
PH	5	159	0.5816
PH	5	160	0.5695
PH	5	161	0.571
PH	5	161.51	0.5774
PH	5	161.51	0.5774
PH	5	162	0.7316
PH	5	162.7	0.9296
PH	5	163	0.9865
PH	5	163.59	1.0871
PH	5	164	1.1321
PH	5	165	1.2367
PH	5	166	1.3298
PH	5	166.22	1.3489
PH	5	167	1.4848
PH	5	167.65	1.5539
PH	5	168	1.5606
PH	5	169	1.5995
PH	5	169.72	1.6345
PH	5	170	1.5972
PH	5	170.63	1.5133
PH	5	171	1.5151
PH	5	172	1.5128
PH	5	173	1.4991
PH	5	173.95	1.4743
PH	5	174	1.4942
PH	5	175	1.8606
PH	5	176	2.1646
PH	5	176.63	2.3215
PH	5	177	2.3937
PH	5	178	2.5738
PH	5	179	2.7279
PH	5	180	2.8553
PH	5	181	2.9571
PH	5	182	3.0353
PH	5	182.05	3.0387
PH	5	183	3.0964
PH	5	184	3.123
PH	5	185	3.1074
PH	5	186	3.0404
PH	5	187	2.9104
PH	5	187.55	2.8091
PH	5	188	2.7735
PH	5	189	2.6878
PH	5	189.86	2.6105
PH	5	189.86	2.6105
PH	5	190	2.6077
PH	5	191	2.5867
PH	5	192	2.5804
PH	5	192.91	2.6104
PH	6	5	1.03
PH	6	6	1.0644
PH	6	7	1.0887
PH	6	8	1.1012
PH	6	8	1.1014
PH	6	8.67	1.1776
PH	6	9	1.1916
PH	6	9.86	1.201
PH	6	9.86	1.201
PH	6	9.86	1.201
PH	6	9.86	1.201
PH	6	9.86	1.201
PH	6	10	1.2664
PH	6	10.69	1.5459
PH	6	11	1.5899
PH	6	11.21	1.6198
PH	6	11.21	1.6198
PH	6	12	1.4657
PH	6	13	1.1741
PH	6	13.54	0.974
PH	6	14	0.9411
PH	6	15	0.8673
PH	6	15.94	0.7948
PH	6	16	0.7828
PH	6	17	0.6053
PH	6	17.79	0.5251
PH	6	18	0.5476
PH	6	18.84	0.6282
PH	6	19	0.6137
PH	6	20	0.5114
PH	6	21	0.4028
PH	6	21.19	0.3856
PH	6	22	0.4154
PH	6	23	0.4519
PH	6	24	0.4876
PH	6	25	0.5217
PH	6	25.89	0.5501
PH	6	26	0.5432
PH	6	27	0.4831
PH	6	28	0.4268
PH	6	28.92	0.3797
PH	6	29	0.3788
PH	6	30	0.366
PH	6	30.84	0.3535
PH	6	30.84	0.3535
PH	6	31	0.3717
PH	6	31.31	0.4155
PH	6	32	0.5256
PH	6	33	0.6849
PH	6	33.01	0.6867
PH	6	34	0.9213
PH	6	34.25	0.9763
PH	6	34.56	0.9515
PH	6	35	0.9915
PH	6	36	1.0721
PH	6	37	1.1368
PH	6	37.93	1.1809
PH	6	38	1.1736
PH	6	39	1.0592
PH	6	39.43	1.0022
PH	6	40	0.9858
PH	6	40.67	0.9672
PH	6	41	0.9822
PH	6	41.23	0.9945
PH	6	41.78	1.3876
PH	6	41.78	1.3876
PH	6	42	1.3087
PH	6	42.88	0.8927
PH	6	43	0.9061
PH	6	44	0.9733
PH	6	45	0.9812
PH	6	45.16	0.9784
PH	6	46	0.6719
PH	6	46.17	0.6069
PH	6	47	0.6053
PH	6	47.13	0.6056
PH	6	47.4	0.6132
PH	6	47.96	0.6098
PH	6	48	0.614
PH	6	49	0.7324
PH	6	50	0.8502
PH	6	51	0.9628
PH	6	52	1.0674
PH	6	52.13	1.0803
PH	6	53	1.0541
PH	6	54	1.0185
PH	6	55	0.9778
PH	6	56	0.9328
PH	6	57	0.8845
PH	6	58	0.8342
PH	6	59	0.7829
PH	6	60	0.7316
PH	6	60.95	0.6837
PH	6	61	0.6868
PH	6	61.62	0.7214
PH	6	62	0.7249
PH	6	62.58	0.7373
PH	6	62.58	0.7373
PH	6	62.86	0.7528
PH	6	63	0.7643
PH	6	63.76	0.8264
PH	6	64	0.778
PH	6	64.04	0.77
PH	6	65	0.7005
PH	6	65.84	0.6011
PH	6	65.84	0.6011
PH	6	66	0.5781
PH	6	67	0.3707
PH	6	67	0.3708
PH	6	68	0.4208
PH	6	69	0.4727
PH	6	70	0.525
PH	6	71	0.576
PH	6	72	0.6245
PH	6	72.06	0.6273
PH	6	72.48	0.6176
PH	6	73	0.6122
PH	6	73.89	0.5779
PH	6	73.89	0.5779
PH	6	73.89	0.5779
PH	6	73.89	0.5779
PH	6	74	0.5784
PH	6	74.72	0.6024
PH	6	75	0.6319
PH	6	75.86	0.7039
PH	6	76	0.6856
PH	6	76.15	0.6714
PH	6	76.43	0.7235
PH	6	76.99	0.6087
PH	6	77	0.6076
PH	6	77.31	0.563
PH	6	77.31	0.563
PH	6	78	0.627
PH	6	79	0.7146
PH	6	80	0.7973
PH	6	81	0.8758
PH	6	81.1	0.8833
PH	6	82	0.855
PH	6	82.93	0.8178
PH	6	83	0.8147
PH	6	84	0.7641
PH	6	85	0.7006
PH	6	86	0.6255
PH	6	87	0.5424
PH	6	88	0.4577
PH	6	88.38	0.4266
PH	6	89	0.4238
PH	6	90	0.4206
PH	6	91	0.4193
PH	6	92	0.4202
PH	6	93	0.4237
PH	6	93.32	0.4254
PH	6	94	0.4366
PH	6	95	0.4525
PH	6	96	0.4678
PH	6	97	0.4822
PH	6	98	0.4954
PH	6	99	0.5072
PH	6	100	0.5173
PH	6	101	0.5255
PH	6	101.54	0.529
PH	6	102	0.5374
PH	6	103	0.5505
PH	6	104	0.5566
PH	6	105	0.556
PH	6	106	0.5493
PH	6	106.91	0.5386
PH	6	107	0.5317
PH	6	108	0.456
PH	6	109	0.3841
PH	6	110	0.3174
PH	6	111	0.2571
PH	6	111.17	0.2477
PH	6	112	0.3186
PH	6	113	0.4089
PH	6	113.86	0.4878
PH	6	114	0.5048
PH	6	114.87	0.6105
PH	6	115	0.5967
PH	6	116	0.49
PH	6	117	0.3814
PH	6	118	0.2776
PH	6	118.61	0.2206
PH	6	119	0.3222
PH	6	120	0.6359
PH	6	121	0.9554
PH	6	121.47	1.0976
PH	6	121.71	1.0733
PH	6	121.9	1.1764
PH	6	122	1.1543
PH	6	123	0.925
PH	6	123.24	0.8656
PH	6	124	0.6273
PH	6	124.71	0.4143
PH	6	125	0.4059
PH	6	126	0.3758
PH	6	127	0.3438
PH	6	128	0.3102
PH	6	129	0.2753
PH	6	130	0.2397
PH	6	131	0.2041
PH	6	132	0.1695
PH	6	133	0.137
PH	6	134	0.1078
PH	6	135	0.0828
PH	6	136	0.0628
PH	6	137	0.0481
PH	6	138	0.0388
PH	6	139	0.0343
PH	6	140	0.0343
PH	6	141	0.0379
PH	6	141.54	0.0411
PH	6	142	0.045
PH	6	143	0.0537
PH	6	144	0.0625
PH	6	145	0.071
PH	6	145.43	0.0745
PH	7	0	0.6818
PH	7	1	0.5955
PH	7	2	0.4817
PH	7	2.79	0.3749
PH	7	3	0.3792
PH	7	4	0.3951
PH	7	5	0.402
PH	7	6	0.3987
PH	7	7	0.3853
PH	7	8	0.3629
PH	7	8.17	0.3584
PH	7	9	0.3305
PH	7	10	0.2959
PH	7	11	0.2615
PH	7	12	0.2288
PH	7	12.34	0.2182
PH	7	13	0.2089
PH	7	14	0.2197
PH	7	15	0.2705
PH	7	16	0.3619
PH	7	17	0.4812
PH	7	18	0.6126
PH	7	18.43	0.6705
PH	7	19	0.7023
PH	7	20	0.7588
PH	7	21	0.8127
PH	7	22	0.8612
PH	7	23	0.9026
PH	7	24	0.9363
PH	7	25	0.9619
PH	7	26	0.9794
PH	7	27	0.9888
PH	7	28	0.9907
PH	7	28.29	0.9899
PH	7	29	0.9226
PH	7	30	0.8202
PH	7	31	0.709
PH	7	31.36	0.6672
PH	7	32	0.7485
PH	7	33	0.8662
PH	7	34	0.9624
PH	7	35	1.0352
PH	7	36	1.0866
PH	7	37	1.1196
PH	7	38	1.137
PH	7	39	1.1413
PH	7	39.25	1.1406
PH	7	40	1.1415
PH	7	41	1.1193
PH	7	42	1.0657
PH	7	42.23	1.0486
PH	7	43	1.0235
PH	7	44	0.9751
PH	7	45	0.9082
PH	7	46	0.8233
PH	7	47	0.7232
PH	7	48	0.6129
PH	7	49	0.5002
PH	7	49.22	0.4761
PH	7	50	0.4352
PH	7	51	0.38
PH	7	52	0.323
PH	7	53	0.266
PH	7	54	0.2111
PH	7	55	0.1604
PH	7	55.22	0.1499
PH	7	56	0.1551
PH	7	57	0.1587
PH	7	58	0.1588
PH	7	58.73	0.1568
PH	7	59	0.1436
PH	7	59.86	0.1025
PH	7	60	0.1028
PH	7	60.67	0.1081
PH	7	60.67	0.1081
PH	7	61	0.1444
PH	7	62	0.315
PH	7	62.21	0.3517
PH	7	62.21	0.3517
PH	7	63	0.3377
PH	7	64	0.3132
PH	7	64.02	0.3126
PH	7	64.02	0.3126
PH	7	64.02	0.3126
PH	7	64.02	0.3126
PH	7	64.02	0.3126
PH	7	64.84	0.2963
PH	7	64.84	0.2963
PH	7	64.84	0.2963
PH	7	64.84	0.2963
PH	7	64.84	0.2963
PH	7	65	0.2767
PH	7	65.65	0.1988
PH	7	65.65	0.1988
PH	7	66	0.1902
PH	7	67	0.1698
PH	7	67.02	0.1694
PH	7	68	0.1212
PH	7	69	0.0786
PH	7	69.05	0.0767
PH	7	70	0.1413
PH	7	70.32	0.1655
PH	7	71	0.1729
PH	7	71.62	0.1778
PH	7	72	0.2247
PH	7	72.2	0.2485
PH	7	73	0.2068
PH	7	74	0.1691
PH	7	75	0.1459
PH	7	75.89	0.1348
PH	7	76	0.1067
PH	7	76.17	0.0694
PH	7	76.17	0.0694
PH	7	77	0.0471
PH	7	78	0.0395
PH	7	79	0.0634
PH	7	79.3	0.0771
PH	7	80	0.0554
PH	7	81	0.0349
PH	7	82	0.0281
PH	7	83	0.0357
PH	7	84	0.0571
PH	7	84.06	0.0587
PH	7	85	0.0392
PH	7	86	0.0241
PH	7	87	0.0153
PH	7	88	0.0137
PH	7	89	0.0196
PH	7	90	0.0331
PH	7	91	0.054
PH	7	91.59	0.0696
PH	7	92	0.0626
PH	7	92.66	0.0556
PH	7	93	0.0552
PH	7	94	0.0541
PH	7	95	0.053
PH	7	96	0.0519
PH	7	97	0.0507
PH	7	97.21	0.0505
PH	7	98	0.0678
PH	7	99	0.0941
PH	7	100	0.1233
PH	7	101	0.1527
PH	7	102	0.1797
PH	7	103	0.2028
PH	7	103.28	0.2084
PH	7	104	0.2309
PH	7	105	0.2622
PH	7	105.85	0.2884
PH	7	106	0.2897
PH	7	107	0.2939
PH	7	108	0.2892
PH	7	108.57	0.283
PH	7	109	0.2415
PH	7	109.07	0.2348
PH	7	110	0.18
PH	7	111	0.1264
PH	7	111.99	0.0844
PH	7	112	0.0854
PH	7	113	0.1682
PH	7	113.83	0.2327
PH	7	114	0.2436
PH	7	114.5	0.2751
PH	7	114.84	0.198
PH	7	115	0.192
PH	7	115.98	0.1583
PH	7	116	0.1552
PH	7	116.06	0.1481
PH	7	116.34	0.1351
PH	7	116.99	0.1837
PH	7	117	0.1837
PH	7	117.26	0.1837
PH	7	117.26	0.1837
PH	7	117.34	0.1783
PH	7	117.62	0.1599
PH	7	118	0.198
PH	7	118.25	0.2239
PH	7	118.25	0.2239
PH	7	119	0.2513
PH	7	119.63	0.275
PH	7	119.63	0.275
PH	7	120	0.2758
PH	7	120.35	0.2751
PH	7	121	0.2221
PH	7	121.2	0.2075
PH	7	121.71	0.1971
PH	7	122	0.206
PH	7	123	0.2446
PH	7	123.45	0.2656
PH	7	124	0.2516
PH	7	125	0.2681
PH	7	125.16	0.2733
PH	7	125.56	0.235
PH	7	126	0.2714
PH	7	126.5	0.319
PH	7	127	0.2912
PH	7	128	0.2316
PH	7	129	0.1733
PH	7	129.46	0.1491
PH	7	130	0.1482
PH	7	131	0.1394
PH	7	132	0.1246
PH	7	132.22	0.1211
PH	7	133	0.1621
PH	7	134	0.2189
PH	7	134.79	0.2644
PH	7	135	0.2756
PH	7	135.12	0.2841
PH	7	136	0.296
PH	7	137	0.298
PH	7	137.03	0.2979
PH	7	138	0.2471
PH	7	139	0.1904
PH	7	140	0.137
PH	7	141	0.0964
PH	7	141.24	0.0893
PH	7	141.24	0.0893
PH	7	142	0.0534
PH	7	142.68	0.0326
PH	7	143	0.0315
PH	7	144	0.0306
PH	7	144.15	0.0308
PH	7	145	0.0148
PH	7	146	0.0118
PH	7	146.68	0.0193
PH	7	147	0.0172
PH	7	148	0.0195
PH	7	149	0.0356
PH	7	149.82	0.0584
PH	7	150	0.0599
PH	7	151	0.0687
PH	7	152	0.0785
PH	7	153	0.089
PH	7	154	0.1002
PH	7	155	0.1119
PH	7	156	0.124
PH	7	157	0.1361
PH	7	158	0.1482
PH	7	159	0.1599
PH	7	160	0.1712
PH	7	161	0.1818
PH	7	161.82	0.19
PH	7	162	0.1924
PH	7	163	0.2105
PH	7	164	0.2338
PH	7	165	0.2593
PH	7	165.79	0.2793
PH	7	166	0.2757
PH	7	167	0.2571
PH	7	167.53	0.2462
PH	7	168	0.2337
PH	7	169	0.2216
PH	7	170	0.2278
PH	7	170.38	0.2333
PH	7	170.38	0.2333
PH	7	171	0.2384
PH	7	171.55	0.252
PH	7	172	0.3295
PH	7	172.27	0.375
PH	7	173	0.3205
PH	7	174	0.2544
PH	7	175	0.2001
PH	7	176	0.1586
PH	7	177	0.1288
PH	7	178	0.1078
PH	7	178.24	0.1036
PH	7	179	0.1335
PH	7	180	0.1875
PH	7	181	0.2561
PH	7	181.69	0.3096
PH	7	181.69	0.3096
PH	7	182	0.3539
PH	7	183	0.5042
PH	7	184	0.6329
PH	7	185	0.7251
PH	7	185.46	0.7558
PH	7	186	0.7201
PH	7	187	0.6481
PH	7	188	0.5704
PH	7	188.18	0.5561
PH	7	189	0.5933
PH	7	189.78	0.6363
PH	8	10	0.252
PH	8	11	0.0814
PH	8	11.51	0.0277
PH	8	12	0.028
PH	8	12.12	0.028
PH	8	12.44	0.0336
PH	8	13	0.0904
PH	8	13.96	0.2151
PH	8	14	0.2115
PH	8	15	0.1303
PH	8	15.48	0.0974
PH	8	16	0.0859
PH	8	17	0.0674
PH	8	18	0.054
PH	8	18.54	0.0491
PH	8	18.54	0.0491
PH	8	19	0.0605
PH	8	20	0.0871
PH	8	21	0.1094
PH	8	21.21	0.113
PH	8	22	0.1002
PH	8	22.35	0.0962
PH	8	23	0.1201
PH	8	24	0.1629
PH	8	25	0.212
PH	8	26	0.2652
PH	8	27	0.3193
PH	8	28	0.3707
PH	8	29	0.4167
PH	8	30	0.4552
PH	8	31	0.4853
PH	8	32	0.5068
PH	8	33	0.5202
PH	8	34	0.526
PH	8	35	0.5255
PH	8	35.37	0.5239
PH	8	36	0.6107
PH	8	37	0.7578
PH	8	38	0.9114
PH	8	39	1.0659
PH	8	40	1.2166
PH	8	41	1.3604
PH	8	41.36	1.4105
PH	8	42	1.6252
PH	8	42.33	1.7148
PH	8	43	1.7842
PH	8	44	1.8744
PH	8	44.46	1.9108
PH	8	45	1.8442
PH	8	46	1.7034
PH	8	47	1.5424
PH	8	48	1.3663
PH	8	49	1.182
PH	8	50	0.9976
PH	8	50.09	0.9806
PH	8	51	0.9789
PH	8	52	0.9661
PH	8	53	0.9416
PH	8	54	0.9056
PH	8	55	0.8589
PH	8	56	0.8026
PH	8	56.95	0.7419
PH	8	57	0.7484
PH	8	58	0.8711
PH	8	59	0.9847
PH	8	60	1.0849
PH	8	61	1.168
PH	8	61.94	1.228
PH	8	62	1.2255
PH	8	62.61	1.2012
PH	8	62.91	1.1459
PH	8	63	1.1541
PH	8	64	1.248
PH	8	64.03	1.2509
PH	8	64.36	1.0878
PH	8	64.68	1.0537
PH	8	64.68	1.0537
PH	8	64.68	1.0537
PH	8	64.68	1.0537
PH	8	65	1.1207
PH	8	65.04	1.1282
PH	8	65.04	1.1282
PH	8	65.04	1.1282
PH	8	65.04	1.1282
PH	8	65.04	1.1282
PH	8	65.04	1.1282
PH	8	65.74	1.0091
PH	8	65.74	1.0091
PH	8	66	1.061
PH	8	66.73	1.1304
PH	8	67	1.1404
PH	8	67.01	1.1409
PH	8	67.01	1.1409
PH	8	67.3	1.1431
PH	8	67.58	1.1614
PH	8	67.63	1.1603
PH	8	67.63	1.1603
PH	8	68	1.1856
PH	8	69	1.2298
PH	8	70	1.2374
PH	8	70.03	1.2371
PH	8	71	1.1904
PH	8	71.02	1.1894
PH	8	72	1.2675
PH	8	73	1.3036
PH	8	73.13	1.3047
PH	8	73.71	1.1393
PH	8	73.71	1.1393
PH	8	74	1.07
PH	8	74.28	0.9956
PH	8	74.28	0.9956
PH	8	74.55	0.9089
PH	8	74.55	0.9089
PH	8	74.83	0.9075
PH	8	75	1.0838
PH	8	75.38	1.4003
PH	8	75.52	1.3819
PH	8	75.52	1.3819
PH	8	76	1.3279
PH	8	76.41	1.2757
PH	8	76.71	1.26
PH	8	77	1.2598
PH	8	77.45	1.2629
PH	8	77.45	1.2629
PH	8	77.45	1.2629
PH	8	77.63	1.2542
PH	8	77.96	1.3465
PH	8	77.96	1.3465
PH	8	78	1.3606
PH	8	79	1.6376
PH	8	79.19	1.6746
PH	8	79.46	1.613
PH	8	80	1.555
PH	8	80.17	1.5381
PH	8	80.17	1.5381
PH	8	80.64	1.558
PH	8	80.64	1.558
PH	8	80.64	1.558
PH	8	80.97	1.4074
PH	8	81	1.4118
PH	8	82	1.5269
PH	8	82.07	1.5341
PH	8	82.57	1.4523
PH	8	83	1.2231
PH	8	83.15	1.1367
PH	8	83.68	1.1844
PH	8	84	1.1347
PH	8	84.27	1.0844
PH	8	84.56	1.075
PH	8	85	1.0712
PH	8	86	1.0671
PH	8	86.7	1.0668
PH	8	87	1.058
PH	8	87.91	1.0122
PH	8	88	1.0131
PH	8	89	1.0228
PH	8	89.51	1.0288
PH	8	90	1.0941
PH	8	90.45	1.1522
PH	8	90.77	1.2315
PH	8	91	1.2397
PH	8	91.34	1.2523
PH	8	91.34	1.2523
PH	8	92	1.216
PH	8	93	1.1309
PH	8	93.28	1.1025
PH	8	93.28	1.1025
PH	8	93.28	1.1025
PH	8	93.84	1.041
PH	8	94	1.1345
PH	8	94.39	1.3347
PH	8	95	1.1145
PH	8	95.81	0.7617
PH	8	95.81	0.7617
PH	8	96	0.7642
PH	8	96.46	0.7796
PH	8	97	0.7844
PH	8	98	0.7811
PH	8	99	0.7652
PH	8	99.43	0.7555
PH	8	100	0.819
PH	8	100.24	0.88
PH	8	101	0.7471
PH	8	101.37	0.6805
PH	8	102	0.6586
PH	8	103	0.6162
PH	8	103.85	0.5739
PH	8	104	0.5526
PH	8	104.48	0.4832
PH	8	105	0.4915
PH	8	106	0.5136
PH	8	107	0.5429
PH	8	108	0.5773
PH	8	109	0.614
PH	8	110	0.6498
PH	8	110.12	0.654
PH	8	110.49	0.6461
PH	8	111	0.5295
PH	8	112	0.2962
PH	8	112.77	0.1449
PH	8	113	0.1623
PH	8	114	0.2605
PH	8	115	0.3889
PH	8	116	0.5356
PH	8	117	0.6873
PH	8	117.87	0.8161
PH	8	118	0.8357
PH	8	119	0.9838
PH	8	120	1.1104
PH	8	121	1.2129
PH	8	122	1.2931
PH	8	123	1.3533
PH	8	123.74	1.3862
PH	8	124	1.3909
PH	8	125	1.3511
PH	8	125.85	1.2564
PH	8	126	1.2098
PH	8	127	0.9044
PH	8	127.27	0.8234
PH	8	128	0.8292
PH	8	128.62	0.8341
PH	8	129	0.814
PH	8	130	0.75
PH	8	131	0.6715
PH	8	132	0.5816
PH	8	132.15	0.5676
PH	8	133	0.5819
PH	8	134	0.6063
PH	8	135	0.6363
PH	8	135.18	0.6419
PH	8	136	0.6422
PH	8	137	0.6415
PH	8	138	0.6397
PH	8	139	0.6371
PH	8	139.65	0.6352
PH	8	140	0.6242
PH	8	141	0.5941
PH	8	141.72	0.5716
PH	8	142	0.6143
PH	8	142.26	0.6578
PH	8	143	0.5949
PH	8	144	0.5198
PH	8	145	0.4659
PH	8	146	0.438
PH	8	147	0.4335
PH	8	147.03	0.4336
PH	8	148	0.3958
PH	8	149	0.3586
PH	8	150	0.3244
PH	8	151	0.294
PH	8	152	0.2683
PH	8	153	0.2475
PH	8	154	0.2316
PH	8	155	0.2201
PH	8	155.48	0.216
PH	8	155.86	0.2368
PH	8	156	0.2185
PH	8	156.4	0.1655
PH	8	156.4	0.1655
PH	8	157	0.1624
PH	8	158	0.1539
PH	8	158.05	0.1534
PH	9	0	0.3872
PH	9	1	0.3727
PH	9	2	0.3574
PH	9	3	0.3412
PH	9	3.78	0.3279
PH	9	4	0.3618
PH	9	5	0.5345
PH	9	6	0.7096
PH	9	6.73	0.8265
PH	9	7	0.8106
PH	9	8	0.7439
PH	9	8.56	0.701
PH	9	8.56	0.701
PH	9	9	0.7435
PH	9	10	0.8374
PH	9	11	0.9259
PH	9	11.73	0.9862
PH	9	12	1.0093
PH	9	13	1.0871
PH	9	13.87	1.1452
PH	9	14	1.1352
PH	9	15	1.0488
PH	9	16	0.9493
PH	9	17	0.8375
PH	9	18	0.7144
PH	9	19	0.584
PH	9	20	0.4546
PH	9	20.65	0.3763
PH	9	21	0.3756
PH	9	22	0.3748
PH	9	23	0.3766
PH	9	24	0.381
PH	9	25	0.388
PH	9	25.46	0.3919
PH	9	26	0.388
PH	9	27	0.3782
PH	9	28	0.3653
PH	9	28.32	0.3606
PH	9	29	0.3506
PH	9	30	0.3333
PH	9	31	0.3136
PH	9	32	0.2919
PH	9	33	0.2692
PH	9	33.05	0.268
PH	9	33.25	0.2679
PH	9	33.61	0.3394
PH	9	34	0.367
PH	9	35	0.433
PH	9	36	0.485
PH	9	37	0.5212
PH	9	37.52	0.5345
PH	9	38	0.5638
PH	9	39	0.6284
PH	9	40	0.6977
PH	9	41	0.7717
PH	9	42	0.8496
PH	9	43	0.9304
PH	9	44	1.0126
PH	9	45	1.0947
PH	9	46	1.1751
PH	9	47	1.2525
PH	9	48	1.3262
PH	9	49	1.3953
PH	9	50	1.4596
PH	9	50.33	1.4796
PH	9	51	1.4701
PH	9	52	1.4436
PH	9	53	1.4003
PH	9	54	1.3377
PH	9	55	1.2542
PH	9	55.66	1.1881
PH	9	56	1.1307
PH	9	56.73	0.997
PH	9	57	0.9869
PH	9	57.48	0.9699
PH	9	58	0.9597
PH	9	59	0.9468
PH	9	59.91	0.9399
PH	9	60	0.9307
PH	9	61	0.8401
PH	9	61.35	0.8152
PH	9	62	0.7173
PH	9	63	0.5596
PH	9	64	0.4036
PH	9	65	0.2682
PH	9	65.11	0.2549
PH	9	65.88	0.2071
PH	9	65.88	0.2071
PH	9	65.88	0.2071
PH	9	66	0.2019
PH	9	67	0.1705
PH	9	67.84	0.158
PH	9	67.84	0.158
PH	9	67.84	0.158
PH	9	68	0.1874
PH	9	68.2	0.2219
PH	9	68.2	0.2219
PH	9	68.2	0.2219
PH	9	68.2	0.2219
PH	9	68.2	0.2219
PH	9	68.2	0.2219
PH	9	68.2	0.2219
PH	9	68.2	0.2219
PH	9	68.86	0.2001
PH	9	68.86	0.2001
PH	9	69	0.1998
PH	9	69.87	0.2116
PH	9	69.87	0.2116
PH	9	69.87	0.2116
PH	9	70	0.2048
PH	9	71	0.16
PH	9	71.81	0.1361
PH	9	72	0.1196
PH	9	73	0.047
PH	9	73.2	0.0361
PH	9	74	0.0355
PH	9	74.07	0.0356
PH	9	74.49	0.0268
PH	9	75	0.0299
PH	9	76	0.0425
PH	9	76.93	0.0617
PH	9	77	0.0618
PH	9	77.86	0.0634
PH	9	78	0.0607
PH	9	79	0.0796
PH	9	79.1	0.0848
PH	9	80	0.2638
PH	9	81	0.531
PH	9	81.08	0.5537
PH	9	82	0.4265
PH	9	82.25	0.3946
PH	9	82.25	0.3946
PH	9	82.25	0.3946
PH	9	82.54	0.4107
PH	9	83	0.3864
PH	9	83.43	0.3611
PH	9	84	0.3392
PH	9	84.91	0.3054
PH	9	85	0.3132
PH	9	85.57	0.3647
PH	9	86	0.3634
PH	9	86.55	0.3765
PH	9	86.89	0.3816
PH	9	87	0.3731
PH	9	88	0.2933
PH	9	88.43	0.265
PH	9	88.84	0.2546
PH	9	89	0.2689
PH	9	90	0.3597
PH	9	90.07	0.3654
PH	9	90.27	0.3491
PH	9	91	0.3669
PH	9	91.12	0.3699
PH	9	92	0.3181
PH	9	92.87	0.3024
PH	9	93	0.3009
PH	9	93.19	0.3042
PH	9	93.4	0.2964
PH	9	94	0.2836
PH	9	94.87	0.2654
PH	9	95	0.2585
PH	9	96	0.2018
PH	9	96.19	0.1907
PH	9	97	0.212
PH	9	98	0.2392
PH	9	99	0.2669
PH	9	100	0.2945
PH	9	100.07	0.2965
PH	9	101	0.2822
PH	9	101.03	0.2817
PH	9	102	0.3003
PH	9	103	0.3184
PH	9	104	0.3348
PH	9	105	0.3493
PH	9	106	0.3616
PH	9	106.61	0.368
PH	9	107	0.3221
PH	9	107.39	0.2746
PH	9	108	0.2518
PH	9	109	0.214
PH	9	109.12	0.2095
PH	9	110	0.206
PH	9	111	0.2017
PH	9	112	0.197
PH	9	113	0.192
PH	9	113.39	0.1899
PH	9	114	0.2004
PH	9	115	0.2176
PH	9	116	0.2348
PH	9	117	0.2517
PH	9	118	0.2678
PH	9	119	0.283
PH	9	119.11	0.2845
PH	9	120	0.2828
PH	9	121	0.278
PH	9	122	0.2696
PH	9	123	0.258
PH	9	124	0.2437
PH	9	124.33	0.2384
PH	9	125	0.2437
PH	9	126	0.2506
PH	9	127	0.2569
PH	9	128	0.2629
PH	9	128.15	0.2639
PH	9	129	0.3132
PH	9	130	0.3841
PH	9	131	0.4655
PH	9	132	0.5535
PH	9	133	0.6443
PH	9	133.98	0.7329
PH	9	134	0.732
PH	9	135	0.679
PH	9	136	0.6183
PH	9	137	0.5529
PH	9	138	0.4866
PH	9	139	0.4233
PH	9	139.4	0.3995
PH	9	140	0.4143
PH	9	141	0.4376
PH	9	142	0.4588
PH	9	143	0.4772
PH	9	144	0.4926
PH	9	145	0.5046
PH	9	145.7	0.511
PH	9	146	0.5242
PH	9	146.83	0.5622
PH	9	147	0.5669
PH	9	148	0.593
PH	9	149	0.6141
PH	9	150	0.6297
PH	9	151	0.6395
PH	9	152	0.6436
PH	9	152.83	0.643
PH	9	153	0.6123
PH	9	154	0.4203
PH	9	154.19	0.3823
PH	9	155	0.3592
PH	9	156	0.3276
PH	9	157	0.294
PH	9	158	0.2599
PH	9	159	0.2272
PH	9	160	0.1976
PH	9	161	0.1721
PH	9	161.6	0.1588
PH	9	162	0.1614
PH	9	163	0.167
PH	9	164	0.171
PH	9	164.21	0.1716
PH	9	165	0.1327
PH	9	166	0.0886
PH	9	166.96	0.0545
PH	9	167	0.0528
PH	9	167.53	0.0317
PH	9	168	0.0275
PH	9	168.23	0.029
PH	10	0	1.3736
PH	10	0.39	1.2051
PH	10	0.39	1.2051
PH	10	1	1.1404
PH	10	2	1.0159
PH	10	2.59	0.9316
PH	10	3	0.9184
PH	10	4	0.8707
PH	10	5	0.7978
PH	10	5.56	0.7463
PH	10	6	0.7396
PH	10	7	0.7237
PH	10	8	0.7074
PH	10	9	0.691
PH	10	10	0.6748
PH	10	11	0.6588
PH	10	12	0.6431
PH	10	12.75	0.6314
PH	10	13	0.6409
PH	10	14	0.6759
PH	10	15	0.7037
PH	10	16	0.7224
PH	10	17	0.7313
PH	10	18	0.7308
PH	10	19	0.7223
PH	10	20	0.7076
PH	10	20.84	0.6919
PH	10	21	0.6956
PH	10	22	0.7184
PH	10	23	0.7401
PH	10	24	0.7605
PH	10	25	0.7791
PH	10	26	0.7954
PH	10	27	0.8091
PH	10	28	0.8199
PH	10	29	0.8274
PH	10	30	0.8314
PH	10	31	0.8318
PH	10	32	0.8286
PH	10	33	0.8216
PH	10	34	0.8111
PH	10	35	0.7971
PH	10	36	0.78
PH	10	37	0.7601
PH	10	38	0.7378
PH	10	39	0.7136
PH	10	40	0.6879
PH	10	41	0.6614
PH	10	42	0.6346
PH	10	43	0.6082
PH	10	44	0.5826
PH	10	45	0.5583
PH	10	46	0.5359
PH	10	47	0.5154
PH	10	48	0.4972
PH	10	49	0.4813
PH	10	49.8	0.4704
PH	10	50	0.4616
PH	10	51	0.4208
PH	10	52	0.3848
PH	10	53	0.3542
PH	10	54	0.329
PH	10	54.54	0.3176
PH	10	55	0.3329
PH	10	56	0.3689
PH	10	57	0.4104
PH	10	57.64	0.4403
PH	10	58	0.4405
PH	10	58.48	0.4404
PH	10	59	0.4905
PH	10	59.81	0.5691
PH	10	60	0.5684
PH	10	60.9	0.5525
PH	10	61	0.5185
PH	10	61.41	0.3856
PH	10	61.62	0.2868
PH	10	61.62	0.2868
PH	10	61.62	0.2868
PH	10	61.62	0.2868
PH	10	62	0.2902
PH	10	63	0.2996
PH	10	63.68	0.3034
PH	10	64	0.29
PH	10	64.85	0.2568
PH	10	64.85	0.2568
PH	10	64.94	0.2658
PH	10	64.94	0.2658
PH	10	65	0.278
PH	10	65.75	0.4858
PH	10	66	0.3927
PH	10	66.31	0.2727
PH	10	67	0.1979
PH	10	68	0.1185
PH	10	68.01	0.118
PH	10	68.47	0.1383
PH	10	68.77	0.1244
PH	10	69	0.1286
PH	10	69.24	0.133
PH	10	69.53	0.132
PH	10	70	0.129
PH	10	70.91	0.1284
PH	10	71	0.1253
PH	10	72	0.0882
PH	10	72.8	0.0588
PH	10	73	0.051
PH	10	73.22	0.0437
PH	10	74	0.0648
PH	10	74.33	0.0745
PH	10	74.33	0.0745
PH	10	74.33	0.0745
PH	10	75	0.0469
PH	10	75.15	0.0417
PH	10	76	0.0805
PH	10	76.02	0.0814
PH	10	76.79	0.0745
PH	10	77	0.0687
PH	10	77.19	0.0633
PH	10	78	0.0597
PH	10	79	0.0557
PH	10	80	0.0525
PH	10	81	0.0501
PH	10	82	0.0488
PH	10	83	0.0484
PH	10	84	0.0488
PH	10	85	0.05
PH	10	85.45	0.0508
PH	10	86	0.0493
PH	10	87	0.0478
PH	10	88	0.0478
PH	10	89	0.0491
PH	10	89.33	0.0498
PH	10	90	0.0469
PH	10	91	0.0424
PH	10	92	0.0378
PH	10	93	0.0334
PH	10	94	0.0295
PH	10	95	0.0264
PH	10	96	0.0244
PH	10	97	0.0238
PH	10	98	0.025
PH	10	99	0.028
PH	10	100	0.0328
PH	10	101	0.0394
PH	10	102	0.0478
PH	10	103	0.0576
PH	10	103.02	0.0578
PH	10	104	0.1306
PH	10	104.26	0.1531
PH	10	105	0.192
PH	10	106	0.2542
PH	10	107	0.3252
PH	10	108	0.4019
PH	10	109	0.481
PH	10	109.24	0.5002
PH	10	109.58	0.503
PH	10	109.58	0.503
PH	10	110	0.5569
PH	10	111	0.6827
PH	10	111.99	0.7984
PH	10	112	0.7983
PH	10	113	0.7968
PH	10	114	0.8147
PH	10	115	0.8467
PH	10	115.28	0.8575
PH	10	115.6	0.865
PH	10	115.89	0.8554
PH	10	116	0.8727
PH	10	117	1.0254
PH	10	118	1.1637
PH	10	118.15	1.1828
PH	10	118.15	1.1828
PH	10	118.15	1.1828
PH	10	119	1.1043
PH	10	119.87	0.975
PH	10	120	0.947
PH	10	120.75	0.7829
PH	10	121	0.7543
PH	10	122	0.6439
PH	10	123	0.5398
PH	10	123.24	0.516
PH	10	124	0.5403
PH	10	125	0.5662
PH	10	125.84	0.5816
PH	10	126	0.5886
PH	10	127	0.6321
PH	10	128	0.6741
PH	10	129	0.7116
PH	10	130	0.7419
PH	10	131	0.7627
PH	10	131.85	0.7717
PH	10	132	0.7755
PH	10	133	0.7975
PH	10	134	0.8138
PH	10	134.68	0.8215
PH	10	135	0.8008
PH	10	136	0.7383
PH	10	137	0.6802
PH	10	137.84	0.636
PH	10	138	0.635
PH	10	138.71	0.6247
PH	10	139	0.6274
PH	10	140	0.6339
PH	10	141	0.6357
PH	10	142	0.6332
PH	10	142.22	0.6321
PH	10	143	0.6707
PH	10	144	0.7125
PH	10	144.87	0.7368
PH	10	145	0.7464
PH	10	145.42	0.7914
PH	10	146	0.5168
PH	10	146.22	0.4099
PH	10	146.22	0.4099
PH	10	147	0.394
PH	10	148	0.383
PH	10	148.29	0.382
PH	10	149	0.4556
PH	10	150	0.5626
PH	10	151	0.6699
PH	10	151.48	0.7204
PUE	1	0	0.587
PUE	1	0.25	0.5618
PUE	1	1	0.4321
PUE	1	1.52	0.3418
PUE	1	2	0.3317
PUE	1	3	0.293
PUE	1	3.78	0.251
PUE	1	4	0.2547
PUE	1	5	0.269
PUE	1	6	0.2784
PUE	1	6.11	0.2791
PUE	1	7	0.3007
PUE	1	8	0.3246
PUE	1	9	0.3475
PUE	1	10	0.369
PUE	1	11	0.3886
PUE	1	12	0.4061
PUE	1	12.31	0.4111
PUE	1	13	0.5041
PUE	1	13.84	0.6171
PUE	1	14	0.6209
PUE	1	15	0.6392
PUE	1	15.81	0.6469
PUE	1	16	0.6092
PUE	1	17	0.4127
PUE	1	18	0.2384
PUE	1	19	0.1281
PUE	1	20	0.1014
PUE	1	20.14	0.1034
PUE	1	21	0.1474
PUE	1	21.01	0.1482
PUE	1	21.91	0.1754
PUE	1	22	0.1697
PUE	1	22.8	0.1225
PUE	1	23	0.1235
PUE	1	23.11	0.1243
PUE	1	23.11	0.1243
PUE	1	23.53	0.1664
PUE	1	24	0.1588
PUE	1	25	0.1622
PUE	1	26	0.1926
PUE	1	27	0.2457
PUE	1	27.28	0.2636
PUE	1	28	0.2452
PUE	1	29	0.2249
PUE	1	30	0.2112
PUE	1	31	0.2041
PUE	1	31.61	0.2026
PUE	1	32	0.2131
PUE	1	33	0.246
PUE	1	34	0.2866
PUE	1	35	0.332
PUE	1	36	0.378
PUE	1	37	0.4207
PUE	1	38	0.4572
PUE	1	38.83	0.4814
PUE	1	39	0.4957
PUE	1	40	0.5786
PUE	1	40.63	0.6284
PUE	1	40.63	0.6284
PUE	1	41	0.6789
PUE	1	42	0.7992
PUE	1	43	0.8758
PUE	1	43.74	0.8994
PUE	1	44	0.9333
PUE	1	44.09	0.944
PUE	1	45	0.5956
PUE	1	46	0.2262
PUE	1	46.08	0.2045
PUE	1	46.36	0.2378
PUE	1	47	0.2239
PUE	1	48	0.1968
PUE	1	48.62	0.1775
PUE	1	48.62	0.1775
PUE	1	48.94	0.1409
PUE	1	48.94	0.1409
PUE	1	49	0.1399
PUE	1	49.5	0.1252
PUE	1	50	0.0797
PUE	1	51	0.017
PUE	1	51.18	0.0105
PUE	1	51.18	0.0105
PUE	1	51.79	0.0073
PUE	1	52	0.0032
PUE	1	52.96	0.0057
PUE	1	53	0.0058
PUE	1	54	0.0127
PUE	1	55	0.0309
PUE	1	56	0.0598
PUE	1	57	0.0982
PUE	1	57.49	0.1202
PUE	1	58	0.0983
PUE	1	58.7	0.0792
PUE	1	58.7	0.0792
PUE	1	59	0.0775
PUE	1	60	0.0731
PUE	1	61	0.0707
PUE	1	62	0.0701
PUE	1	63	0.0706
PUE	1	64	0.0716
PUE	1	64.59	0.072
PUE	1	65	0.0685
PUE	1	66	0.0617
PUE	1	66.35	0.06
PUE	1	67	0.064
PUE	1	68	0.0762
PUE	1	69	0.0961
PUE	1	69.35	0.1047
PUE	1	69.88	0.125
PUE	1	69.88	0.125
PUE	1	69.88	0.125
PUE	1	70	0.1231
PUE	1	70.15	0.121
PUE	1	70.42	0.124
PUE	1	70.42	0.124
PUE	1	71	0.1339
PUE	1	72	0.1643
PUE	1	72.68	0.1906
PUE	1	73	0.18
PUE	1	73.25	0.1685
PUE	1	74	0.2798
PUE	1	74.94	0.4758
PUE	1	75	0.4936
PUE	1	75.32	0.583
PUE	1	76	0.7366
PUE	1	77	0.9758
PUE	1	78	1.1627
PUE	1	78.22	1.1929
PUE	1	79	1.2364
PUE	1	79.22	1.2454
PUE	1	80	1.4242
PUE	1	81	1.572
PUE	1	81.02	1.574
PUE	1	81.87	1.4955
PUE	1	82	1.5026
PUE	1	83	1.5384
PUE	1	84	1.5316
PUE	1	84	1.5313
PUE	1	84.68	1.4169
PUE	1	85	1.4798
PUE	1	85.25	1.4991
PUE	1	86	1.2236
PUE	1	87	0.7816
PUE	1	87.01	0.7757
PUE	1	88	0.9638
PUE	1	88.14	0.9838
PUE	1	88.14	0.9838
PUE	1	89	0.9379
PUE	1	89.25	0.9222
PUE	1	90	0.858
PUE	1	90.36	0.8246
PUE	1	90.36	0.8246
PUE	1	90.36	0.8246
PUE	1	90.53	0.8537
PUE	1	90.53	0.8537
PUE	1	91	0.8226
PUE	1	91.16	0.8118
PUE	1	91.16	0.8118
PUE	1	91.22	0.8231
PUE	1	91.22	0.8231
PUE	1	92	0.9155
PUE	1	92.39	0.9597
PUE	1	92.96	0.6929
PUE	1	93	0.6809
PUE	1	93.16	0.631
PUE	1	93.44	0.6027
PUE	1	94	0.7079
PUE	1	95	0.8814
PUE	1	95.66	0.9639
PUE	1	96	0.9457
PUE	1	97	0.8716
PUE	1	97.63	0.8103
PUE	1	98	0.8174
PUE	1	99	0.7855
PUE	1	99.06	0.781
PUE	1	100	0.728
PUE	1	101	0.6849
PUE	1	101.19	0.6801
PUE	1	101.96	0.6637
PUE	1	102	0.6676
PUE	1	103	0.8029
PUE	1	103.18	0.8333
PUE	1	104	0.943
PUE	1	105	1.0075
PUE	1	105.12	1.0093
PUE	1	106	1.0315
PUE	1	106.79	1.0458
PUE	1	106.79	1.0458
PUE	1	107	1.0165
PUE	1	107.71	0.8888
PUE	1	108	0.8976
PUE	1	109	0.9601
PUE	1	109.29	0.987
PUE	1	110	1.0392
PUE	1	110.96	1.1154
PUE	1	111	1.1216
PUE	1	112	1.2904
PUE	1	113	1.4582
PUE	1	114	1.6059
PUE	1	115	1.7233
PUE	1	115.25	1.7466
PUE	1	116	1.7422
PUE	1	117	1.7228
PUE	1	118	1.6872
PUE	1	119	1.6367
PUE	1	119.33	1.6173
PUE	1	120	1.8081
PUE	1	121	2.0256
PUE	1	121.21	2.0642
PUE	1	122	2.6428
PUE	1	122.08	2.6852
PUE	1	122.47	2.6251
PUE	1	123	2.7017
PUE	1	124	2.7274
PUE	1	124.32	2.6987
PUE	1	125	2.6769
PUE	1	126	2.6407
PUE	1	127	2.6017
PUE	1	128	2.5607
PUE	1	128.27	2.5494
PUE	1	129	2.6183
PUE	1	130	2.6898
PUE	1	131	2.7368
PUE	1	131.96	2.7596
PUE	1	132	2.7593
PUE	1	133	2.7441
PUE	1	134	2.7197
PUE	1	135	2.6867
PUE	1	136	2.6459
PUE	1	137	2.5976
PUE	1	138	2.5423
PUE	1	138.18	2.5315
PUE	1	139	2.6329
PUE	1	140	2.7562
PUE	1	141	2.8782
PUE	1	142	2.9986
PUE	1	143	3.117
PUE	1	144	3.2329
PUE	1	144.75	3.3182
PUE	1	145	3.3765
PUE	1	145.59	3.5195
PUE	1	146	3.5266
PUE	1	146.72	3.547
PUE	1	147	3.4973
PUE	1	147.73	3.1205
PUE	1	148	3.1232
PUE	1	148.09	3.1243
PUE	1	149	3.0199
PUE	1	149.56	2.9839
PUE	1	150	3.0017
PUE	1	150.73	3.0045
PUE	1	150.73	3.0045
PUE	1	150.73	3.0045
PUE	1	150.73	3.0045
PUE	1	150.73	3.0045
PUE	1	151	3.0047
PUE	1	152	3.0231
PUE	1	152.69	3.0522
PUE	1	152.96	3.0949
PUE	1	152.96	3.0949
PUE	1	152.96	3.0949
PUE	1	152.96	3.0949
PUE	1	152.96	3.0949
PUE	1	152.96	3.0949
PUE	1	153	3.0985
PUE	1	153.23	3.1211
PUE	1	153.23	3.1211
PUE	1	153.23	3.1211
PUE	1	153.23	3.1211
PUE	1	153.23	3.1211
PUE	1	153.5	3.0949
PUE	1	153.5	3.0949
PUE	1	153.5	3.0949
PUE	1	153.5	3.0949
PUE	1	153.5	3.0949
PUE	1	153.5	3.0949
PUE	1	153.5	3.0949
PUE	1	153.5	3.0949
PUE	1	153.5	3.0949
PUE	1	153.5	3.0949
PUE	1	153.5	3.0949
PUE	1	153.5	3.0949
PUE	1	153.5	3.0949
PUE	1	153.5	3.0949
PUE	1	153.5	3.0949
PUE	1	153.75	3.1254
PUE	1	154	3.0912
PUE	1	155	2.9522
PUE	1	156	2.8136
PUE	1	157	2.6786
PUE	1	158	2.5504
PUE	1	159	2.4321
PUE	1	160	2.3256
PUE	1	160.39	2.288
PUE	1	161	2.2584
PUE	1	162	2.206
PUE	1	163	2.1478
PUE	1	164	2.083
PUE	1	165	2.0106
PUE	1	166	1.9296
PUE	1	167	1.8394
PUE	1	168	1.7396
PUE	1	169	1.6306
PUE	1	170	1.5133
PUE	1	170.61	1.4384
PUE	1	171	1.4643
PUE	1	172	1.5269
PUE	1	173	1.581
PUE	1	174	1.6238
PUE	1	175	1.6523
PUE	1	176	1.6648
PUE	1	177	1.6598
PUE	1	178	1.6371
PUE	1	179	1.5974
PUE	1	180	1.5423
PUE	1	180.89	1.4826
PUE	1	181	1.4853
PUE	1	182	1.5105
PUE	1	183	1.5374
PUE	1	184	1.5663
PUE	1	185	1.5973
PUE	1	186	1.6305
PUE	1	187	1.6654
PUE	1	188	1.7011
PUE	1	189	1.7365
PUE	1	190	1.77
PUE	1	191	1.8004
PUE	1	192	1.827
PUE	1	193	1.8498
PUE	1	194	1.8697
PUE	1	194.61	1.8807
PUE	1	194.61	1.8807
PUE	1	194.61	1.8807
PUE	1	195	1.9886
PUE	1	195.47	2.109
PUE	1	196	2.1466
PUE	1	196.98	2.19
PUE	1	197	2.1904
PUE	1	198	2.1472
PUE	1	199	2.0024
PUE	1	200	1.7704
PUE	1	201	1.4566
PUE	1	201.3	1.3539
PUE	1	202	1.4269
PUE	1	203	1.5197
PUE	1	204	1.5968
PUE	1	205	1.6563
PUE	1	206	1.6982
PUE	1	207	1.7231
PUE	1	208	1.7321
PUE	1	209	1.7265
PUE	1	210	1.7078
PUE	1	210.35	1.6985
PUE	1	211	1.8245
PUE	1	212	2.0048
PUE	1	213	2.1586
PUE	1	214	2.2861
PUE	1	215	2.3928
PUE	1	216	2.4884
PUE	1	217	2.5848
PUE	1	218	2.6882
PUE	1	218.22	2.7115
PUE	1	219	2.9981
PUE	1	219.13	3.0363
PUE	1	219.44	2.9098
PUE	1	219.44	2.9098
PUE	1	220	2.9496
PUE	1	221	3.0123
PUE	1	221.01	3.0131
PUE	1	221.96	2.7195
PUE	1	222	2.7074
PUE	1	223	2.3251
PUE	1	224	1.8253
PUE	1	224.6	1.4249
PUE	1	224.97	1.2609
PUE	1	225	1.2593
PUE	1	225.83	1.2284
PUE	1	226	1.2219
PUE	1	226.58	1.1997
PUE	1	227	1.1753
PUE	1	228	1.1
PUE	1	228.14	1.0871
PUE	1	229	1.0468
PUE	1	230	1.0018
PUE	1	231	0.9601
PUE	1	232	0.9234
PUE	1	233	0.8919
PUE	1	234	0.8655
PUE	1	234.97	0.844
PUE	1	235	0.8447
PUE	1	236	0.8664
PUE	1	237	0.88
PUE	1	237.77	0.8841
PUE	1	238	0.8799
PUE	1	239	0.8616
PUE	1	240	0.8448
PUE	1	241	0.831
PUE	1	242	0.8206
PUE	1	243	0.8136
PUE	1	243.07	0.8133
PUE	1	244	0.9011
PUE	1	245	0.9992
PUE	1	246	1.1002
PUE	1	247	1.2027
PUE	1	247.22	1.2257
PUE	1	248	1.1261
PUE	1	248.76	1.0192
PUE	1	249	1.0085
PUE	1	249.58	0.9744
PUE	1	250	1.0093
PUE	1	250	1.0092
PUE	1	251	0.9074
PUE	1	252	0.7999
PUE	1	253	0.6895
PUE	1	254	0.5802
PUE	1	255	0.4766
PUE	1	256	0.3834
PUE	1	256.31	0.3572
PUE	1	257	0.3822
PUE	1	258	0.3893
PUE	1	258.12	0.3881
PUE	1	259	0.3954
PUE	1	260	0.4066
PUE	1	260.03	0.407
PUE	1	261	0.3828
PUE	1	262	0.3572
PUE	1	263	0.3312
PUE	1	264	0.3049
PUE	1	265	0.2787
PUE	1	266	0.2528
PUE	1	267	0.2276
PUE	1	267.88	0.2061
PUE	2	0	0.0234
PUE	2	1	0.0279
PUE	2	2	0.0352
PUE	2	3	0.0457
PUE	2	4	0.0593
PUE	2	4.71	0.0708
PUE	2	5	0.1007
PUE	2	5.27	0.1389
PUE	2	5.55	0.1375
PUE	2	5.55	0.1375
PUE	2	6	0.1594
PUE	2	6.23	0.1932
PUE	2	7	0.197
PUE	2	7.09	0.198
PUE	2	8	0.3282
PUE	2	8.1	0.351
PUE	2	8.67	0.3602
PUE	2	9	0.4171
PUE	2	9.35	0.4796
PUE	2	9.73	0.4386
PUE	2	10	0.43
PUE	2	11	0.3959
PUE	2	12	0.3581
PUE	2	13	0.3176
PUE	2	14	0.2758
PUE	2	14.35	0.2612
PUE	2	15	0.25
PUE	2	16	0.2294
PUE	2	16.89	0.2088
PUE	2	17	0.2132
PUE	2	18	0.2483
PUE	2	18.84	0.2701
PUE	2	19	0.2905
PUE	2	20	0.4266
PUE	2	21	0.5684
PUE	2	22	0.701
PUE	2	22.44	0.7542
PUE	2	23	0.8155
PUE	2	23.16	0.8341
PUE	2	23.79	0.7025
PUE	2	24	0.685
PUE	2	24.57	0.6388
PUE	2	24.86	0.5771
PUE	2	25	0.5669
PUE	2	26	0.4853
PUE	2	27	0.3971
PUE	2	27	0.3971
PUE	2	28	0.4216
PUE	2	29	0.3922
PUE	2	29.12	0.3859
PUE	2	30	0.5287
PUE	2	30.21	0.568
PUE	2	30.21	0.568
PUE	2	31	0.526
PUE	2	32	0.4722
PUE	2	32.35	0.4547
PUE	2	33	0.4994
PUE	2	34	0.5678
PUE	2	35	0.6319
PUE	2	36	0.6889
PUE	2	37	0.7367
PUE	2	38	0.7742
PUE	2	38.75	0.7952
PUE	2	39	0.8028
PUE	2	40	0.8313
PUE	2	41	0.8568
PUE	2	42	0.8786
PUE	2	43	0.8966
PUE	2	44	0.9105
PUE	2	45	0.9206
PUE	2	46	0.9269
PUE	2	46.99	0.9297
PUE	2	47	0.9287
PUE	2	48	0.8561
PUE	2	49	0.7795
PUE	2	50	0.6991
PUE	2	51	0.6154
PUE	2	52	0.5294
PUE	2	53	0.4428
PUE	2	54	0.3578
PUE	2	55	0.2775
PUE	2	56	0.2053
PUE	2	57	0.1439
PUE	2	58	0.0946
PUE	2	58.58	0.0715
PUE	2	59	0.0766
PUE	2	60	0.0897
PUE	2	61	0.1036
PUE	2	62	0.1185
PUE	2	63	0.1341
PUE	2	64	0.1504
PUE	2	65	0.1673
PUE	2	66	0.1848
PUE	2	67	0.2028
PUE	2	68	0.2211
PUE	2	68.02	0.2215
PUE	2	69	0.277
PUE	2	70	0.3399
PUE	2	70.04	0.3424
PUE	2	71	0.4632
PUE	2	71.33	0.5075
PUE	2	72	0.4861
PUE	2	72.69	0.4648
PUE	2	73	0.506
PUE	2	74	0.6493
PUE	2	74.94	0.7733
PUE	2	75	0.7597
PUE	2	75.94	0.5129
PUE	2	76	0.5162
PUE	2	77	0.5716
PUE	2	78	0.6274
PUE	2	78.97	0.6757
PUE	2	79	0.6714
PUE	2	79.87	0.5547
PUE	2	80	0.5358
PUE	2	81	0.397
PUE	2	81.81	0.3009
PUE	2	81.81	0.3009
PUE	2	81.81	0.3009
PUE	2	82	0.3167
PUE	2	82.69	0.392
PUE	2	83	0.4108
PUE	2	84	0.474
PUE	2	84.33	0.4947
PUE	2	85	0.5763
PUE	2	86	0.6996
PUE	2	87	0.8196
PUE	2	87.51	0.8787
PUE	2	88	0.8877
PUE	2	89	0.8993
PUE	2	90	0.9
PUE	2	91	0.8888
PUE	2	92	0.8653
PUE	2	93	0.8301
PUE	2	94	0.7845
PUE	2	95	0.7307
PUE	2	96	0.6711
PUE	2	96.92	0.6138
PUE	2	97	0.6197
PUE	2	98	0.6863
PUE	2	99	0.7375
PUE	2	100	0.7633
PUE	2	101	0.7557
PUE	2	102	0.7131
PUE	2	102.4	0.6877
PUE	2	103	0.6673
PUE	2	104	0.621
PUE	2	105	0.5621
PUE	2	106	0.4956
PUE	2	107	0.4281
PUE	2	108	0.3663
PUE	2	109	0.3154
PUE	2	109.98	0.2777
PUE	2	110	0.2787
PUE	2	111	0.3395
PUE	2	112	0.409
PUE	2	113	0.4867
PUE	2	114	0.572
PUE	2	115	0.6638
PUE	2	116	0.7608
PUE	2	116.72	0.8334
PUE	2	117	0.8975
PUE	2	118	1.1345
PUE	2	119	1.3661
PUE	2	120	1.5808
PUE	2	120.68	1.7143
PUE	2	121	1.6503
PUE	2	121.35	1.58
PUE	2	122	1.5039
PUE	2	122.54	1.3999
PUE	2	122.68	1.4752
PUE	2	123	1.4773
PUE	2	123.54	1.4828
PUE	2	124	1.9291
PUE	2	124.36	2.1744
PUE	2	124.36	2.1744
PUE	2	125	2.2037
PUE	2	126	2.1663
PUE	2	127	2.0563
PUE	2	128	1.8872
PUE	2	128.09	1.8701
PUE	2	128.38	1.9304
PUE	2	128.67	1.8963
PUE	2	128.67	1.8963
PUE	2	128.95	1.811
PUE	2	129	1.8111
PUE	2	129.36	1.8117
PUE	2	129.69	1.8089
PUE	2	130	1.8334
PUE	2	130.39	1.8636
PUE	2	130.39	1.8636
PUE	2	130.39	1.8636
PUE	2	130.39	1.8636
PUE	2	130.39	1.8636
PUE	2	130.39	1.8636
PUE	2	130.39	1.8636
PUE	2	130.39	1.8636
PUE	2	130.39	1.8636
PUE	2	130.39	1.8636
PUE	2	130.39	1.8636
PUE	2	130.39	1.8636
PUE	2	130.39	1.8636
PUE	2	130.59	2.0406
PUE	2	130.59	2.0406
PUE	2	130.79	2.0958
PUE	2	130.79	2.0958
PUE	2	131	2.1028
PUE	2	131.11	2.1075
PUE	2	131.71	2.0215
PUE	2	131.71	2.0215
PUE	2	131.71	2.0215
PUE	2	131.71	2.0215
PUE	2	131.71	2.0215
PUE	2	131.71	2.0215
PUE	2	131.71	2.0215
PUE	2	132	2.0659
PUE	2	132.25	2.1013
PUE	2	132.25	2.1013
PUE	2	132.25	2.1013
PUE	2	133	1.9804
PUE	2	133.14	1.9504
PUE	2	133.5	1.886
PUE	2	133.63	1.8423
PUE	2	133.63	1.8423
PUE	2	133.63	1.8423
PUE	2	134	1.9965
PUE	2	134.17	2.06
PUE	2	134.17	2.06
PUE	2	135	2.0018
PUE	2	135.56	1.9653
PUE	2	135.84	1.932
PUE	2	135.84	1.932
PUE	2	136	2.1318
PUE	2	136.33	2.4561
PUE	2	136.33	2.4561
PUE	2	137	2.1895
PUE	2	137.41	1.995
PUE	2	138	2.1433
PUE	2	138.58	2.1888
PUE	2	139	2.2184
PUE	2	139.43	2.2482
PUE	2	139.43	2.2482
PUE	2	140	2.1291
PUE	2	140.53	1.9691
PUE	2	141	1.8072
PUE	2	141.07	1.777
PUE	2	141.07	1.777
PUE	2	141.07	1.777
PUE	2	142	1.7644
PUE	2	142.88	1.5378
PUE	2	142.88	1.5378
PUE	2	143	1.5281
PUE	2	144	1.4365
PUE	2	144.42	1.3727
PUE	2	144.78	1.3559
PUE	2	145	1.4731
PUE	2	145.32	1.6018
PUE	2	145.32	1.6018
PUE	2	146	1.5011
PUE	2	146.14	1.4799
PUE	2	146.14	1.4799
PUE	2	146.14	1.4799
PUE	2	147	1.6421
PUE	2	148	1.7912
PUE	2	148.55	1.8573
PUE	2	149	1.8211
PUE	2	150	1.7349
PUE	2	151	1.6396
PUE	2	152	1.5353
PUE	2	153	1.4232
PUE	2	154	1.3052
PUE	2	154.02	1.3029
PUE	2	154.02	1.3029
PUE	2	154.56	1.3442
PUE	2	154.56	1.3442
PUE	2	154.83	1.411
PUE	2	155	1.4138
PUE	2	155.67	1.4386
PUE	2	156	1.4782
PUE	2	156.84	1.5803
PUE	2	157	1.6109
PUE	2	158	1.5252
PUE	2	158.32	1.4131
PUE	2	159	1.4913
PUE	2	159.79	1.6429
PUE	2	160	1.5921
PUE	2	160.39	1.488
PUE	2	160.78	1.724
PUE	2	160.78	1.724
PUE	2	161	1.7183
PUE	2	161.73	1.699
PUE	2	162	1.7041
PUE	2	162.81	1.7311
PUE	2	163	1.6939
PUE	2	163.3	1.6308
PUE	2	163.47	1.6189
PUE	2	164	1.7272
PUE	2	164.34	1.8485
PUE	2	165	1.91
PUE	2	165.88	1.9655
PUE	2	166	1.9923
PUE	2	167	2.2109
PUE	2	168	2.4227
PUE	2	169	2.6231
PUE	2	170	2.8093
PUE	2	171	2.9799
PUE	2	171.74	3.0955
PUE	2	172	3.0954
PUE	2	173	3.0802
PUE	2	174	3.0403
PUE	2	175	2.9736
PUE	2	176	2.8788
PUE	2	177	2.7551
PUE	2	177.6	2.6674
PUE	2	178	2.5994
PUE	2	179	2.4155
PUE	2	180	2.2099
PUE	2	180.37	2.1285
PUE	2	181	2.1724
PUE	2	181.76	2.1504
PUE	2	182	2.1349
PUE	2	182.75	2.0822
PUE	2	183	2.0343
PUE	2	183.36	1.9642
PUE	2	183.36	1.9642
PUE	2	183.36	1.9642
PUE	2	184	1.8039
PUE	2	185	1.5318
PUE	2	185.42	1.4128
PUE	2	185.42	1.4128
PUE	2	186	1.5749
PUE	2	186.64	1.7434
PUE	2	187	1.8028
PUE	2	187.19	1.8321
PUE	2	187.19	1.8321
PUE	2	188	1.7406
PUE	2	188.01	1.739
PUE	2	188.01	1.739
PUE	2	188.47	1.8511
PUE	2	188.78	1.8479
PUE	2	189	1.7675
PUE	2	189.65	1.495
PUE	2	190	1.3659
PUE	2	191	0.942
PUE	2	191.03	0.9297
PUE	2	191.71	0.917
PUE	2	192	0.9407
PUE	2	192.69	0.9943
PUE	2	193	0.9425
PUE	2	193.68	0.8076
PUE	2	194	0.8133
PUE	2	195	0.8516
PUE	2	196	0.9147
PUE	2	196.21	0.9297
PUE	2	197	0.9464
PUE	2	198	0.9743
PUE	2	199	1.0077
PUE	2	200	1.0429
PUE	2	201	1.0743
PUE	2	202	1.0965
PUE	2	203	1.1053
PUE	2	204	1.0989
PUE	2	204.23	1.0954
PUE	2	205	1.0079
PUE	2	206	0.8993
PUE	2	207	0.8045
PUE	2	208	0.7311
PUE	2	209	0.6841
PUE	2	209.59	0.6692
PUE	2	210	0.6664
PUE	2	210.97	0.6582
PUE	2	211	0.6581
PUE	2	211.48	0.6573
PUE	2	211.48	0.6573
PUE	2	212	0.7012
PUE	2	212.25	0.7325
PUE	2	213	0.6952
PUE	2	214	0.629
PUE	2	215	0.549
PUE	2	215.17	0.5347
PUE	2	216	0.5723
PUE	2	217	0.6147
PUE	2	218	0.6529
PUE	2	218.7	0.6767
PUE	2	219	0.6813
PUE	2	219.99	0.6099
PUE	2	220	0.6111
PUE	2	221	0.6625
PUE	2	221.54	0.5656
PUE	2	222	0.6176
PUE	2	222.31	0.651
PUE	2	223	0.7648
PUE	2	224	0.9152
PUE	2	225	1.035
PUE	2	225.96	1.114
PUE	2	226	1.1117
PUE	2	227	1.0604
PUE	2	228	1.0223
PUE	2	228.44	1.0127
PUE	2	229	1.2014
PUE	2	230	1.4933
PUE	2	231	1.719
PUE	2	231.5	1.8097
PUE	2	232	1.7965
PUE	2	233	1.7534
PUE	2	234	1.6879
PUE	2	235	1.6002
PUE	2	236	1.4926
PUE	2	237	1.369
PUE	2	237.74	1.2714
PUE	2	238	1.2716
PUE	2	239	1.2405
PUE	2	240	1.1646
PUE	2	240.31	1.1341
PUE	2	240.62	1.1286
PUE	2	241	1.1887
PUE	2	242	1.3561
PUE	2	242.86	1.5004
PUE	2	243	1.4822
PUE	2	244	1.2841
PUE	2	244.56	1.1063
PUE	2	245	1.199
PUE	2	245.2	1.2325
PUE	2	246	1.3219
PUE	2	246.13	1.3355
PUE	2	247	1.6445
PUE	2	248	1.893
PUE	2	249	2.0409
PUE	2	250	2.113
PUE	2	251	2.1247
PUE	2	251.18	2.1213
PUE	3	35	0.0499
PUE	3	36	0.0989
PUE	3	37	0.1861
PUE	3	38	0.302
PUE	3	38.27	0.3363
PUE	3	39	0.3115
PUE	3	40	0.2783
PUE	3	41	0.2474
PUE	3	42	0.2204
PUE	3	43	0.1989
PUE	3	44	0.1843
PUE	3	45	0.1771
PUE	3	46	0.177
PUE	3	47	0.1828
PUE	3	48	0.1928
PUE	3	48.27	0.196
PUE	3	49	0.2666
PUE	3	49.83	0.3491
PUE	3	50	0.3615
PUE	3	51	0.4395
PUE	3	52	0.5236
PUE	3	53	0.6071
PUE	3	53.88	0.6754
PUE	3	54	0.6504
PUE	3	54.92	0.4741
PUE	3	55	0.4722
PUE	3	56	0.4497
PUE	3	57	0.4371
PUE	3	57.8	0.4371
PUE	3	58	0.4268
PUE	3	59	0.375
PUE	3	59.24	0.3627
PUE	3	60	0.2793
PUE	3	60.87	0.1862
PUE	3	61	0.199
PUE	3	61.51	0.2492
PUE	3	62	0.2516
PUE	3	63	0.2606
PUE	3	63.63	0.27
PUE	3	64	0.2394
PUE	3	65	0.1726
PUE	3	65.18	0.1633
PUE	3	66	0.1647
PUE	3	67	0.1688
PUE	3	68	0.1759
PUE	3	69	0.1854
PUE	3	70	0.1967
PUE	3	71	0.2086
PUE	3	71.8	0.2177
PUE	3	72	0.2273
PUE	3	73	0.2924
PUE	3	74	0.3821
PUE	3	74.83	0.467
PUE	3	75	0.4986
PUE	3	75.12	0.5197
PUE	3	76	0.3851
PUE	3	76.41	0.3171
PUE	3	76.41	0.3171
PUE	3	76.58	0.3775
PUE	3	76.58	0.3775
PUE	3	76.58	0.3775
PUE	3	76.58	0.3775
PUE	3	76.99	0.549
PUE	3	77	0.5548
PUE	3	77.4	0.8473
PUE	3	77.4	0.8473
PUE	3	77.4	0.8473
PUE	3	77.4	0.8473
PUE	3	77.4	0.8473
PUE	3	77.67	0.7818
PUE	3	77.67	0.7818
PUE	3	77.67	0.7818
PUE	3	77.67	0.7818
PUE	3	77.67	0.7818
PUE	3	77.67	0.7818
PUE	3	77.67	0.7818
PUE	3	78	0.7004
PUE	3	78.21	0.6425
PUE	3	78.21	0.6425
PUE	3	78.21	0.6425
PUE	3	78.5	0.6497
PUE	3	79	0.5948
PUE	3	79.15	0.5783
PUE	3	79.15	0.5783
PUE	3	80	0.7637
PUE	3	80.59	0.8957
PUE	3	80.59	0.8957
PUE	3	81	0.9384
PUE	3	81.82	0.904
PUE	3	82	0.8301
PUE	3	82.1	0.7841
PUE	3	82.1	0.7841
PUE	3	83	0.798
PUE	3	83.26	0.8003
PUE	3	84	0.9248
PUE	3	84.14	0.9461
PUE	3	84.14	0.9461
PUE	3	84.7	0.9615
PUE	3	84.97	0.8101
PUE	3	84.97	0.8101
PUE	3	84.97	0.8101
PUE	3	85	0.8082
PUE	3	86	0.7359
PUE	3	86.42	0.6973
PUE	3	87	0.6911
PUE	3	88	0.671
PUE	3	88.53	0.6572
PUE	3	89	0.7203
PUE	3	90	0.8535
PUE	3	91	0.9732
PUE	3	92	1.0658
PUE	3	93	1.1219
PUE	3	93.11	1.1255
PUE	3	94	1.0174
PUE	3	95	0.8662
PUE	3	96	0.6915
PUE	3	97	0.5188
PUE	3	97.35	0.4657
PUE	3	98	0.5552
PUE	3	99	0.6976
PUE	3	100	0.8356
PUE	3	100.84	0.9427
PUE	3	101	1.021
PUE	3	102	1.442
PUE	3	102.6	1.6306
PUE	3	103	1.6579
PUE	3	103.79	1.6886
PUE	3	104	1.5715
PUE	3	104.5	1.2551
PUE	3	105	1.1906
PUE	3	105.51	1.0973
PUE	3	106	1.0528
PUE	3	107	0.8854
PUE	3	107.55	0.7573
PUE	3	108	0.7368
PUE	3	109	0.6862
PUE	3	110	0.6295
PUE	3	111	0.5696
PUE	3	112	0.5105
PUE	3	112.09	0.5054
PUE	3	113	0.5415
PUE	3	114	0.575
PUE	3	115	0.5993
PUE	3	115.54	0.6083
PUE	3	115.54	0.6083
PUE	3	116	0.8581
PUE	3	117	1.4307
PUE	3	117.23	1.5518
PUE	3	117.23	1.5518
PUE	3	118	1.5746
PUE	3	118.63	1.5392
PUE	3	119	1.5304
PUE	3	120	1.443
PUE	3	121	1.2874
PUE	3	121.37	1.2187
PUE	3	122	1.1227
PUE	3	122.85	0.9461
PUE	3	122.85	0.9461
PUE	3	123	0.9749
PUE	3	123.9	1.1002
PUE	3	123.9	1.1002
PUE	3	124	1.04
PUE	3	124.24	0.8542
PUE	3	124.24	0.8542
PUE	3	125	0.8836
PUE	3	125.06	0.8852
PUE	3	125.49	0.5501
PUE	3	125.49	0.5501
PUE	3	125.93	0.5316
PUE	3	126	0.5577
PUE	3	126.76	0.8431
PUE	3	126.76	0.8431
PUE	3	126.76	0.8431
PUE	3	126.76	0.8431
PUE	3	126.76	0.8431
PUE	3	127	0.8122
PUE	3	127.13	0.7954
PUE	3	127.13	0.7954
PUE	3	127.51	0.6604
PUE	3	127.79	0.5633
PUE	3	128	0.6026
PUE	3	128.27	0.6505
PUE	3	128.27	0.6505
PUE	3	128.54	0.6485
PUE	3	128.54	0.6485
PUE	3	129	0.643
PUE	3	129.08	0.6397
PUE	3	130	0.7111
PUE	3	130.76	0.7493
PUE	3	131	0.7597
PUE	3	131.75	0.781
PUE	3	132	0.807
PUE	3	132.15	0.823
PUE	3	133	0.7212
PUE	3	134	0.6088
PUE	3	134.73	0.5464
PUE	3	135	0.5358
PUE	3	136	0.4934
PUE	3	136.98	0.4438
PUE	3	137	0.4442
PUE	3	138	0.454
PUE	3	139	0.4442
PUE	3	140	0.4134
PUE	3	140.06	0.4108
PUE	3	141	0.3485
PUE	3	142	0.2761
PUE	3	142.72	0.2236
PUE	3	143	0.2415
PUE	3	144	0.304
PUE	3	144.09	0.3092
PUE	3	145	0.2725
PUE	3	146	0.2438
PUE	3	146.82	0.2299
PUE	3	147	0.2375
PUE	3	148	0.2832
PUE	3	149	0.3344
PUE	3	150	0.3881
PUE	3	151	0.4414
PUE	3	152	0.4918
PUE	3	152.34	0.5077
PUE	3	153	0.5147
PUE	3	154	0.5254
PUE	3	155	0.5358
PUE	3	155.19	0.5377
PUE	3	156	0.5969
PUE	3	156.66	0.6408
PUE	3	156.66	0.6408
PUE	3	157	0.5349
PUE	3	158	0.321
PUE	3	158.72	0.2908
PUE	3	159	0.2914
PUE	3	159.7	0.291
PUE	3	160	0.2684
PUE	3	160.06	0.2646
PUE	3	161	0.3187
PUE	3	161.54	0.3514
PUE	3	161.54	0.3514
PUE	3	162	0.3675
PUE	3	162.08	0.3716
PUE	3	162.08	0.3716
PUE	3	162.78	0.2788
PUE	3	163	0.2836
PUE	3	164	0.3085
PUE	3	165	0.339
PUE	3	166	0.3747
PUE	3	166.62	0.3992
PUE	3	167	0.3508
PUE	3	168	0.2419
PUE	3	169	0.1682
PUE	3	170	0.1321
PUE	3	170.27	0.1283
PUE	3	171	0.1195
PUE	3	172	0.1085
PUE	3	173	0.1009
PUE	3	174	0.0992
PUE	3	175	0.1047
PUE	3	176	0.1169
PUE	3	177	0.1341
PUE	3	177.07	0.1354
PUE	3	178	0.1296
PUE	3	179	0.1217
PUE	3	180	0.1121
PUE	3	181	0.1011
PUE	3	181.68	0.0931
PUE	3	182	0.1292
PUE	3	182.12	0.1482
PUE	3	183	0.1363
PUE	3	184	0.1242
PUE	3	185	0.1137
PUE	3	185.83	0.1059
PUE	3	186	0.1052
PUE	3	187	0.1045
PUE	3	188	0.1102
PUE	3	189	0.1222
PUE	3	190	0.1402
PUE	3	191	0.1629
PUE	3	192	0.1886
PUE	3	193	0.2155
PUE	3	194	0.2417
PUE	3	195	0.2659
PUE	3	195.33	0.2731
PUE	3	196	0.2397
PUE	3	197	0.1945
PUE	3	198	0.1571
PUE	3	199	0.1302
PUE	3	199.9	0.1162
PUE	3	200	0.1145
PUE	3	201	0.1046
PUE	3	201.85	0.1229
PUE	3	202	0.1151
PUE	3	202.15	0.1091
PUE	3	203	0.0949
PUE	3	204	0.0777
PUE	3	204.52	0.0689
PUE	3	205	0.0828
PUE	3	206	0.116
PUE	3	207	0.1541
PUE	3	208	0.1962
PUE	3	209	0.2411
PUE	3	209.45	0.2621
PUE	4	0	0.2517
PUE	4	1	0.2616
PUE	4	2	0.2766
PUE	4	3	0.2963
PUE	4	3.56	0.3089
PUE	4	4	0.2888
PUE	4	5	0.2442
PUE	4	6	0.2034
PUE	4	6.19	0.1964
PUE	4	7	0.2704
PUE	4	7.3	0.2992
PUE	4	8	0.2256
PUE	4	9	0.1354
PUE	4	10	0.068
PUE	4	10.24	0.0556
PUE	4	11	0.0566
PUE	4	12	0.0634
PUE	4	13	0.0776
PUE	4	14	0.099
PUE	4	14.31	0.1069
PUE	4	15	0.1068
PUE	4	16	0.1053
PUE	4	17	0.1018
PUE	4	17.8	0.0974
PUE	4	18	0.1131
PUE	4	19	0.1983
PUE	4	19.19	0.2147
PUE	4	20	0.2427
PUE	4	21	0.2822
PUE	4	22	0.3266
PUE	4	23	0.3741
PUE	4	24	0.4223
PUE	4	24.7	0.4553
PUE	4	25	0.4547
PUE	4	26	0.4563
PUE	4	27	0.471
PUE	4	27.43	0.4831
PUE	4	28	0.4622
PUE	4	29	0.4246
PUE	4	30	0.3873
PUE	4	31	0.3519
PUE	4	32	0.3199
PUE	4	32.37	0.3094
PUE	4	33	0.3495
PUE	4	34	0.4141
PUE	4	35	0.4782
PUE	4	36	0.5395
PUE	4	36.03	0.5415
PUE	4	36.14	0.5407
PUE	4	37	0.5563
PUE	4	37.95	0.5253
PUE	4	38	0.5292
PUE	4	39	0.6165
PUE	4	40	0.7062
PUE	4	40.63	0.7596
PUE	4	41	0.7346
PUE	4	42	0.6655
PUE	4	43	0.5943
PUE	4	44	0.5222
PUE	4	45	0.4507
PUE	4	46	0.3813
PUE	4	47	0.3156
PUE	4	48	0.2548
PUE	4	49	0.2002
PUE	4	50	0.1525
PUE	4	50.67	0.1248
PUE	4	51	0.1627
PUE	4	52	0.3354
PUE	4	52.72	0.4964
PUE	4	53	0.5094
PUE	4	54	0.555
PUE	4	55	0.5975
PUE	4	56	0.6367
PUE	4	57	0.6728
PUE	4	58	0.7062
PUE	4	58.2	0.7127
PUE	4	58.56	0.6594
PUE	4	59	0.6667
PUE	4	60	0.6993
PUE	4	61	0.747
PUE	4	61.54	0.7748
PUE	4	62	0.7544
PUE	4	63	0.694
PUE	4	63.21	0.6789
PUE	4	63.78	0.8769
PUE	4	63.78	0.8769
PUE	4	64	0.8677
PUE	4	64.13	0.862
PUE	4	65	1.0454
PUE	4	65.65	1.1744
PUE	4	65.98	0.9304
PUE	4	65.98	0.9304
PUE	4	66	0.9351
PUE	4	66.25	0.981
PUE	4	66.25	0.981
PUE	4	66.25	0.981
PUE	4	66.52	1.0686
PUE	4	66.79	1.0131
PUE	4	67	0.998
PUE	4	67.07	0.9927
PUE	4	67.07	0.9927
PUE	4	67.07	0.9927
PUE	4	67.62	0.99
PUE	4	67.91	0.939
PUE	4	68	0.9051
PUE	4	68.37	0.7622
PUE	4	68.37	0.7622
PUE	4	68.83	0.7098
PUE	4	69	0.7159
PUE	4	69.92	0.7512
PUE	4	69.92	0.7512
PUE	4	69.92	0.7512
PUE	4	70	0.7601
PUE	4	70.44	0.804
PUE	4	70.71	0.6476
PUE	4	70.71	0.6476
PUE	4	71	0.557
PUE	4	71.53	0.3872
PUE	4	72	0.3186
PUE	4	72.17	0.3039
PUE	4	73	0.3706
PUE	4	73.14	0.3836
PUE	4	74	0.3881
PUE	4	74.8	0.381
PUE	4	75	0.3476
PUE	4	76	0.1804
PUE	4	76.16	0.1565
PUE	4	77	0.0911
PUE	4	77.53	0.0591
PUE	4	78	0.0686
PUE	4	79	0.1371
PUE	4	79.22	0.1572
PUE	4	79.6	0.2013
PUE	4	80	0.2207
PUE	4	81	0.2716
PUE	4	81.55	0.2974
PUE	4	81.55	0.2974
PUE	4	82	0.2417
PUE	4	83	0.1794
PUE	4	83.79	0.2033
PUE	4	84	0.1996
PUE	4	84.95	0.1839
PUE	4	85	0.1918
PUE	4	85.58	0.2883
PUE	4	86	0.2529
PUE	4	86.16	0.24
PUE	4	87	0.3276
PUE	4	88	0.4519
PUE	4	89	0.5908
PUE	4	89.02	0.5941
PUE	4	89.02	0.5941
PUE	4	89.02	0.5941
PUE	4	89.31	0.5954
PUE	4	89.31	0.5954
PUE	4	90	0.5592
PUE	4	90.1	0.554
PUE	4	91	0.5874
PUE	4	92	0.6951
PUE	4	92.86	0.8462
PUE	4	93	0.8395
PUE	4	94	0.7922
PUE	4	95	0.743
PUE	4	96	0.6924
PUE	4	97	0.6409
PUE	4	98	0.5892
PUE	4	99	0.5383
PUE	4	100	0.4896
PUE	4	101	0.4449
PUE	4	102	0.4054
PUE	4	103	0.3719
PUE	4	103.37	0.3609
PUE	4	104	0.4603
PUE	4	104.74	0.5962
PUE	4	105	0.6404
PUE	4	105.04	0.6482
PUE	4	105.32	0.725
PUE	4	106	1.0596
PUE	4	106.19	1.1328
PUE	4	107	1.1063
PUE	4	107.06	1.1043
PUE	4	108	1.1576
PUE	4	108.51	1.1626
PUE	4	108.84	1.2728
PUE	4	109	1.2624
PUE	4	109.12	1.2545
PUE	4	109.45	1.2142
PUE	4	110	1.2001
PUE	4	111	1.1296
PUE	4	111.05	1.124
PUE	4	112	1.278
PUE	4	113	1.36
PUE	4	113.62	1.3642
PUE	4	114	1.3912
PUE	4	114.3	1.4125
PUE	4	115	1.1504
PUE	4	115.47	0.9692
PUE	4	115.47	0.9692
PUE	4	115.47	0.9692
PUE	4	116	1.0503
PUE	4	117	1.2619
PUE	4	117.16	1.2985
PUE	4	118	1.2282
PUE	4	118.89	1.1448
PUE	4	119	1.1479
PUE	4	120	1.1698
PUE	4	121	1.1755
PUE	4	122	1.1592
PUE	4	122.03	1.1584
PUE	4	122.52	1.0137
PUE	4	123	1.0476
PUE	4	123.11	1.0547
PUE	4	123.6	0.9855
PUE	4	124	1.0287
PUE	4	124.14	1.0407
PUE	4	124.14	1.0407
PUE	4	125	1.0149
PUE	4	126	0.9089
PUE	4	126.01	0.9074
PUE	4	126.01	0.9074
PUE	4	127	0.9432
PUE	4	128	0.918
PUE	4	128.3	0.897
PUE	4	128.7	0.8671
PUE	4	129	0.8169
PUE	4	129.16	0.7899
PUE	4	129.9	0.843
PUE	4	129.9	0.843
PUE	4	129.9	0.843
PUE	4	130	0.8428
PUE	4	130.89	0.8438
PUE	4	130.89	0.8438
PUE	4	131	0.8383
PUE	4	131.34	0.8204
PUE	4	131.62	0.7829
PUE	4	132	0.7722
PUE	4	132.09	0.7626
PUE	4	132.43	0.7878
PUE	4	132.9	0.8784
PUE	4	133	0.8596
PUE	4	134	0.6754
PUE	4	135	0.4991
PUE	4	136	0.343
PUE	4	136.48	0.2793
PUE	4	137	0.2716
PUE	4	138	0.2895
PUE	4	138.65	0.3209
PUE	4	139	0.3492
PUE	4	139.89	0.4398
PUE	4	140	0.4482
PUE	4	141	0.5346
PUE	4	141.37	0.5705
PUE	4	142	0.554
PUE	4	142.82	0.526
PUE	4	143	0.5045
PUE	4	144	0.4038
PUE	4	144.4	0.3757
PUE	4	145	0.4023
PUE	4	146	0.4505
PUE	4	147	0.4999
PUE	4	148	0.547
PUE	4	148.99	0.5888
PUE	4	149	0.59
PUE	4	150	0.6853
PUE	4	151	0.7814
PUE	4	152	0.8763
PUE	4	153	0.9683
PUE	4	153.56	1.018
PUE	4	154	0.962
PUE	4	155	0.8139
PUE	4	155.07	0.8036
PUE	4	156	0.663
PUE	4	156.17	0.6377
PUE	4	157	0.5563
PUE	4	158	0.4853
PUE	4	158.69	0.4523
PUE	4	159	0.4065
PUE	4	160	0.2893
PUE	4	161	0.2417
PUE	4	161.23	0.2406
PUE	4	162	0.2947
PUE	4	162.16	0.3054
PUE	4	163	0.3047
PUE	4	164	0.3029
PUE	4	165	0.3
PUE	4	166	0.2959
PUE	4	167	0.2909
PUE	4	168	0.285
PUE	4	169	0.2785
PUE	4	170	0.2715
PUE	4	170.81	0.2656
PUE	4	171	0.2696
PUE	4	171.93	0.2895
PUE	4	172	0.2915
PUE	4	173	0.3166
PUE	4	173.99	0.328
PUE	5	0	0.6315
PUE	5	1	0.6007
PUE	5	1.51	0.5771
PUE	5	2	0.7909
PUE	5	3	1.1744
PUE	5	3.12	1.2139
PUE	5	4	1.2205
PUE	5	5	1.2366
PUE	5	5.71	1.2495
PUE	5	5.98	1.3029
PUE	5	6	1.2887
PUE	5	6.29	1.0724
PUE	5	7	1.1477
PUE	5	8	1.2608
PUE	5	9	1.3835
PUE	5	10	1.5171
PUE	5	11	1.6611
PUE	5	11.58	1.7483
PUE	5	12	1.7323
PUE	5	13	1.6885
PUE	5	14	1.6371
PUE	5	15	1.579
PUE	5	16	1.5153
PUE	5	17	1.4467
PUE	5	18	1.374
PUE	5	19	1.2979
PUE	5	20	1.2194
PUE	5	21	1.1395
PUE	5	22	1.0597
PUE	5	23	0.9817
PUE	5	24	0.9076
PUE	5	25	0.8394
PUE	5	26	0.7784
PUE	5	27	0.725
PUE	5	28	0.6786
PUE	5	29	0.6382
PUE	5	29.76	0.6109
PUE	5	30	0.6234
PUE	5	31	0.6771
PUE	5	32	0.7351
PUE	5	33	0.797
PUE	5	34	0.8616
PUE	5	35	0.9273
PUE	5	35.92	0.9868
PUE	5	36	1.0033
PUE	5	37	1.1873
PUE	5	38	1.2806
PUE	5	38.26	1.2876
PUE	5	39	1.3183
PUE	5	40	1.3583
PUE	5	41	1.3957
PUE	5	42	1.4296
PUE	5	43	1.4592
PUE	5	44	1.4839
PUE	5	45	1.5031
PUE	5	46	1.5165
PUE	5	47	1.5238
PUE	5	48	1.5248
PUE	5	49	1.5195
PUE	5	50	1.5078
PUE	5	51	1.49
PUE	5	52	1.4661
PUE	5	53	1.4363
PUE	5	54	1.4011
PUE	5	55	1.3609
PUE	5	56	1.3162
PUE	5	57	1.2676
PUE	5	58	1.2161
PUE	5	58.7	1.1788
PUE	5	59	1.2516
PUE	5	60	1.4493
PUE	5	61	1.5894
PUE	5	61.5	1.6428
PUE	5	62	1.7091
PUE	5	63	1.8348
PUE	5	64	1.9503
PUE	5	64.37	1.9892
PUE	5	65	1.8862
PUE	5	66	1.7051
PUE	5	67	1.5014
PUE	5	68	1.2775
PUE	5	69	1.0431
PUE	5	69.71	0.8818
PUE	5	70	0.8632
PUE	5	71	0.798
PUE	5	72	0.7294
PUE	5	72.76	0.6742
PUE	5	73	0.6774
PUE	5	74	0.6899
PUE	5	75	0.7007
PUE	5	75.86	0.7084
PUE	5	76	0.7331
PUE	5	77	0.9474
PUE	5	77.55	1.083
PUE	5	78	1.3555
PUE	5	78.54	1.5964
PUE	5	79	1.3706
PUE	5	79.01	1.363
PUE	5	79.54	0.9798
PUE	5	80	1.0051
PUE	5	81	1.0439
PUE	5	82	1.0559
PUE	5	83	1.0418
PUE	5	83.29	1.0337
PUE	5	84	1.0243
PUE	5	84.32	1.0007
PUE	5	84.4	0.9715
PUE	5	84.4	0.9715
PUE	5	84.84	1.0665
PUE	5	84.84	1.0665
PUE	5	85	1.0235
PUE	5	85.5	0.8844
PUE	5	85.8	0.7614
PUE	5	85.8	0.7614
PUE	5	86	0.8405
PUE	5	86.07	0.868
PUE	5	86.35	0.8353
PUE	5	86.35	0.8353
PUE	5	86.35	0.8353
PUE	5	86.35	0.8353
PUE	5	86.35	0.8353
PUE	5	86.35	0.8353
PUE	5	86.35	0.8353
PUE	5	87	0.681
PUE	5	88	0.4314
PUE	5	88.03	0.4238
PUE	5	88.39	0.3468
PUE	5	88.6	0.3471
PUE	5	88.6	0.3471
PUE	5	88.6	0.3471
PUE	5	88.6	0.3471
PUE	5	88.6	0.3471
PUE	5	88.6	0.3471
PUE	5	89	0.344
PUE	5	89.7	0.3389
PUE	5	89.7	0.3389
PUE	5	89.7	0.3389
PUE	5	90	0.2608
PUE	5	90.25	0.2004
PUE	5	90.25	0.2004
PUE	5	90.25	0.2004
PUE	5	90.25	0.2004
PUE	5	90.25	0.2004
PUE	5	91	0.1741
PUE	5	92	0.1404
PUE	5	93	0.1094
PUE	5	94	0.0827
PUE	5	95	0.0618
PUE	5	95.42	0.055
PUE	5	96	0.0593
PUE	5	97	0.0679
PUE	5	98	0.0775
PUE	5	99	0.0875
PUE	5	100	0.0974
PUE	5	100.29	0.1002
PUE	5	101	0.1559
PUE	5	101.97	0.2405
PUE	5	102	0.2381
PUE	5	103	0.163
PUE	5	104	0.0896
PUE	5	105	0.0346
PUE	5	105.37	0.0214
PUE	5	105.37	0.0214
PUE	5	105.37	0.0214
PUE	5	105.37	0.0214
PUE	5	105.64	0.0372
PUE	5	105.93	0.0179
PUE	5	105.93	0.0179
PUE	5	106	0.0181
PUE	5	107	0.0214
PUE	5	108	0.027
PUE	5	109	0.0338
PUE	5	110	0.0404
PUE	5	110.49	0.0433
PUE	5	110.49	0.0433
PUE	5	110.75	0.0646
PUE	5	111	0.0332
PUE	5	111.29	0.014
PUE	5	112	0.0243
PUE	5	112.95	0.0414
PUE	5	113	0.0414
PUE	5	114	0.0488
PUE	5	114.32	0.0546
PUE	5	114.76	0.0029
PUE	5	114.76	0.0029
PUE	5	115	0.0163
PUE	5	115.23	0.0417
PUE	5	115.23	0.0417
PUE	5	116	0.1126
PUE	5	117	0.2467
PUE	5	117.19	0.2725
PUE	5	118	0.1417
PUE	5	118.04	0.1369
PUE	5	119	0.0942
PUE	5	120	0.0668
PUE	5	120.2	0.0641
PUE	5	121	0.0566
PUE	5	122	0.0795
PUE	5	122.3	0.0917
PUE	5	122.3	0.0917
PUE	5	123	0.104
PUE	5	124	0.1234
PUE	5	125	0.1438
PUE	5	125.33	0.1504
PUE	5	126	0.1425
PUE	5	126.65	0.1341
PUE	5	127	0.0924
PUE	5	127.55	0.0432
PUE	5	128	0.0725
PUE	5	128.12	0.0811
PUE	5	129	0.1032
PUE	5	130	0.1429
PUE	5	131	0.1885
PUE	5	131.25	0.1997
PUE	5	131.25	0.1997
PUE	5	131.25	0.1997
PUE	5	131.25	0.1997
PUE	5	131.25	0.1997
PUE	5	131.7	0.1278
PUE	5	132	0.0743
PUE	5	132.14	0.0542
PUE	5	132.58	4e-04
PUE	5	133	0.0178
PUE	5	133.92	0.0978
PUE	5	134	0.0962
PUE	5	134.59	0.0839
PUE	5	134.78	0.0309
PUE	5	135	0.0352
PUE	5	136	0.0837
PUE	5	136.29	0.1056
PUE	5	137	0.0938
PUE	5	138	0.0781
PUE	5	138.42	0.072
PUE	5	139	0.0727
PUE	5	139.69	0.0743
PUE	5	140	0.0745
PUE	5	141	0.0738
PUE	5	141.37	0.0731
PUE	5	142	0.1004
PUE	5	143	0.1513
PUE	5	143.71	0.1899
PUE	5	144	0.1977
PUE	5	144.84	0.2293
PUE	5	145	0.2595
PUE	5	145.42	0.3657
PUE	5	146	0.3451
PUE	5	147	0.3097
PUE	5	147.29	0.2995
PUE	5	148	0.2706
PUE	5	148.98	0.2452
PUE	5	149	0.2463
PUE	5	150	0.3348
PUE	5	151	0.4711
PUE	5	152	0.639
PUE	5	153	0.8177
PUE	5	153.49	0.9046
PUE	5	154	0.967
PUE	5	155	1.0981
PUE	5	156	1.2345
PUE	5	156.83	1.3479
PUE	5	157	1.3368
PUE	5	158	1.2735
PUE	5	159	1.2133
PUE	5	160	1.1578
PUE	5	161	1.1083
PUE	5	161.51	1.0858
PUE	5	161.51	1.0858
PUE	5	162	1.2159
PUE	5	162.7	1.3739
PUE	5	163	1.4122
PUE	5	163.59	1.4645
PUE	5	164	1.4382
PUE	5	165	1.3534
PUE	5	166	1.2592
PUE	5	166.22	1.2402
PUE	5	167	1.2475
PUE	5	167.65	1.2505
PUE	5	168	1.2486
PUE	5	169	1.2198
PUE	5	169.72	1.1715
PUE	5	170	1.174
PUE	5	170.63	1.1784
PUE	5	171	1.1856
PUE	5	172	1.1952
PUE	5	173	1.1894
PUE	5	173.95	1.1696
PUE	5	174	1.177
PUE	5	175	1.3036
PUE	5	176	1.378
PUE	5	176.63	1.3793
PUE	5	177	1.3958
PUE	5	178	1.4229
PUE	5	179	1.4258
PUE	5	180	1.4085
PUE	5	181	1.3744
PUE	5	182	1.327
PUE	5	182.05	1.3244
PUE	5	183	1.2914
PUE	5	184	1.2469
PUE	5	185	1.192
PUE	5	186	1.1265
PUE	5	187	1.0514
PUE	5	187.55	1.0065
PUE	5	188	0.9981
PUE	5	189	0.9775
PUE	5	189.86	0.9579
PUE	5	189.86	0.9579
PUE	5	190	0.9731
PUE	5	191	1.0865
PUE	5	192	1.1747
PUE	5	192.91	1.2068
PUE	6	5	1.1697
PUE	6	6	1.2238
PUE	6	7	1.2348
PUE	6	8	1.2023
PUE	6	8	1.2019
PUE	6	8.67	1.0773
PUE	6	9	1.143
PUE	6	9.86	1.2947
PUE	6	9.86	1.2947
PUE	6	9.86	1.2947
PUE	6	9.86	1.2947
PUE	6	9.86	1.2947
PUE	6	10	1.2262
PUE	6	10.69	0.8765
PUE	6	11	0.8405
PUE	6	11.21	0.8144
PUE	6	11.21	0.8144
PUE	6	12	0.843
PUE	6	13	0.8354
PUE	6	13.54	0.7971
PUE	6	14	0.7693
PUE	6	15	0.6858
PUE	6	15.94	0.5774
PUE	6	16	0.5956
PUE	6	17	0.9355
PUE	6	17.79	1.2048
PUE	6	18	1.2656
PUE	6	18.84	1.4208
PUE	6	19	1.3744
PUE	6	20	1.0468
PUE	6	21	0.6849
PUE	6	21.19	0.619
PUE	6	22	0.6005
PUE	6	23	0.5731
PUE	6	24	0.541
PUE	6	25	0.5063
PUE	6	25.89	0.4767
PUE	6	26	0.4767
PUE	6	27	0.4681
PUE	6	28	0.4332
PUE	6	28.92	0.3786
PUE	6	29	0.3784
PUE	6	30	0.3684
PUE	6	30.84	0.349
PUE	6	30.84	0.349
PUE	6	31	0.3026
PUE	6	31.31	0.2208
PUE	6	32	0.1799
PUE	6	33	0.1338
PUE	6	33.01	0.1335
PUE	6	34	0.2194
PUE	6	34.25	0.2415
PUE	6	34.56	0.3001
PUE	6	35	0.3551
PUE	6	36	0.49
PUE	6	37	0.6299
PUE	6	37.93	0.7568
PUE	6	38	0.7434
PUE	6	39	0.5359
PUE	6	39.43	0.4379
PUE	6	40	0.6695
PUE	6	40.67	0.9214
PUE	6	41	0.9624
PUE	6	41.23	0.9902
PUE	6	41.78	0.7487
PUE	6	41.78	0.7487
PUE	6	42	0.6166
PUE	6	42.88	0.146
PUE	6	43	0.1372
PUE	6	44	0.078
PUE	6	45	0.0482
PUE	6	45.16	0.0463
PUE	6	46	0.0463
PUE	6	46.17	0.0469
PUE	6	47	0.0263
PUE	6	47.13	0.0237
PUE	6	47.4	0.0402
PUE	6	47.96	0.0194
PUE	6	48	0.0195
PUE	6	49	0.0219
PUE	6	50	0.0268
PUE	6	51	0.0338
PUE	6	52	0.042
PUE	6	52.13	0.0431
PUE	6	53	0.0418
PUE	6	54	0.0399
PUE	6	55	0.0377
PUE	6	56	0.0356
PUE	6	57	0.0336
PUE	6	58	0.0319
PUE	6	59	0.0308
PUE	6	60	0.0303
PUE	6	60.95	0.0305
PUE	6	61	0.0322
PUE	6	61.62	0.0568
PUE	6	62	0.0471
PUE	6	62.58	0.0337
PUE	6	62.58	0.0337
PUE	6	62.86	0.0357
PUE	6	63	0.0383
PUE	6	63.76	0.058
PUE	6	64	0.0296
PUE	6	64.04	0.0261
PUE	6	65	0.004
PUE	6	65.84	0.0071
PUE	6	65.84	0.0071
PUE	6	66	0.0094
PUE	6	67	0.117
PUE	6	67	0.1171
PUE	6	68	0.1456
PUE	6	69	0.1769
PUE	6	70	0.21
PUE	6	71	0.2443
PUE	6	72	0.2789
PUE	6	72.06	0.2809
PUE	6	72.48	0.2794
PUE	6	73	0.2934
PUE	6	73.89	0.3107
PUE	6	73.89	0.3107
PUE	6	73.89	0.3107
PUE	6	73.89	0.3107
PUE	6	74	0.3062
PUE	6	74.72	0.279
PUE	6	75	0.2771
PUE	6	75.86	0.3066
PUE	6	76	0.2741
PUE	6	76.15	0.2399
PUE	6	76.43	0.2384
PUE	6	76.99	0.2358
PUE	6	77	0.2358
PUE	6	77.31	0.2391
PUE	6	77.31	0.2391
PUE	6	78	0.1512
PUE	6	79	0.0523
PUE	6	80	0.0056
PUE	6	81	0.0186
PUE	6	81.1	0.0227
PUE	6	82	0.0388
PUE	6	82.93	0.059
PUE	6	83	0.0581
PUE	6	84	0.0466
PUE	6	85	0.0354
PUE	6	86	0.0255
PUE	6	87	0.0176
PUE	6	88	0.0119
PUE	6	88.38	0.0103
PUE	6	89	0.0147
PUE	6	90	0.0249
PUE	6	91	0.0389
PUE	6	92	0.056
PUE	6	93	0.076
PUE	6	93.32	0.0828
PUE	6	94	0.0958
PUE	6	95	0.1169
PUE	6	96	0.1397
PUE	6	97	0.1636
PUE	6	98	0.1879
PUE	6	99	0.2116
PUE	6	100	0.2343
PUE	6	101	0.2554
PUE	6	101.54	0.266
PUE	6	102	0.3008
PUE	6	103	0.3894
PUE	6	104	0.4952
PUE	6	105	0.6146
PUE	6	106	0.7424
PUE	6	106.91	0.8616
PUE	6	107	0.8568
PUE	6	108	0.8015
PUE	6	109	0.7438
PUE	6	110	0.6852
PUE	6	111	0.6277
PUE	6	111.17	0.6183
PUE	6	112	0.6773
PUE	6	113	0.7475
PUE	6	113.86	0.8066
PUE	6	114	0.8152
PUE	6	114.87	0.8678
PUE	6	115	0.8603
PUE	6	116	0.794
PUE	6	117	0.7111
PUE	6	118	0.6161
PUE	6	118.61	0.5556
PUE	6	119	0.5878
PUE	6	120	0.6685
PUE	6	121	0.7462
PUE	6	121.47	0.7817
PUE	6	121.71	0.7691
PUE	6	121.9	0.7434
PUE	6	122	0.7392
PUE	6	123	0.6989
PUE	6	123.24	0.6891
PUE	6	124	0.5938
PUE	6	124.71	0.506
PUE	6	125	0.4807
PUE	6	126	0.3975
PUE	6	127	0.3206
PUE	6	128	0.2518
PUE	6	129	0.193
PUE	6	130	0.1465
PUE	6	131	0.1141
PUE	6	132	0.097
PUE	6	133	0.0957
PUE	6	134	0.1095
PUE	6	135	0.1368
PUE	6	136	0.1755
PUE	6	137	0.2232
PUE	6	138	0.2776
PUE	6	139	0.3369
PUE	6	140	0.3994
PUE	6	141	0.464
PUE	6	141.54	0.4993
PUE	6	142	0.5043
PUE	6	143	0.5041
PUE	6	144	0.4928
PUE	6	145	0.4778
PUE	6	145.43	0.472
PUE	7	0	0.4764
PUE	7	1	0.5293
PUE	7	2	0.5728
PUE	7	2.79	0.5985
PUE	7	3	0.5835
PUE	7	4	0.5078
PUE	7	5	0.4292
PUE	7	6	0.3517
PUE	7	7	0.2799
PUE	7	8	0.2179
PUE	7	8.17	0.2086
PUE	7	9	0.203
PUE	7	10	0.2022
PUE	7	11	0.2097
PUE	7	12	0.2266
PUE	7	12.34	0.2346
PUE	7	13	0.1845
PUE	7	14	0.118
PUE	7	15	0.0691
PUE	7	16	0.0434
PUE	7	17	0.0427
PUE	7	18	0.0641
PUE	7	18.43	0.0791
PUE	7	19	0.0911
PUE	7	20	0.1148
PUE	7	21	0.141
PUE	7	22	0.1687
PUE	7	23	0.1968
PUE	7	24	0.2242
PUE	7	25	0.2499
PUE	7	26	0.2733
PUE	7	27	0.2941
PUE	7	28	0.3122
PUE	7	28.29	0.3169
PUE	7	29	0.3839
PUE	7	30	0.4808
PUE	7	31	0.5713
PUE	7	31.36	0.6011
PUE	7	32	0.6086
PUE	7	33	0.6147
PUE	7	34	0.6118
PUE	7	35	0.5997
PUE	7	36	0.5804
PUE	7	37	0.5582
PUE	7	38	0.5383
PUE	7	39	0.5252
PUE	7	39.25	0.5233
PUE	7	40	0.5097
PUE	7	41	0.4776
PUE	7	42	0.4268
PUE	7	42.23	0.4128
PUE	7	43	0.4275
PUE	7	44	0.4341
PUE	7	45	0.4256
PUE	7	46	0.4022
PUE	7	47	0.3662
PUE	7	48	0.3211
PUE	7	49	0.2716
PUE	7	49.22	0.2608
PUE	7	50	0.3157
PUE	7	51	0.4034
PUE	7	52	0.5053
PUE	7	53	0.6118
PUE	7	54	0.7134
PUE	7	55	0.8034
PUE	7	55.22	0.8215
PUE	7	56	0.7526
PUE	7	57	0.6554
PUE	7	58	0.5537
PUE	7	58.73	0.4805
PUE	7	59	0.4653
PUE	7	59.86	0.4043
PUE	7	60	0.4094
PUE	7	60.67	0.4332
PUE	7	60.67	0.4332
PUE	7	61	0.3729
PUE	7	62	0.2268
PUE	7	62.21	0.2039
PUE	7	62.21	0.2039
PUE	7	63	0.1304
PUE	7	64	0.0518
PUE	7	64.02	0.0508
PUE	7	64.02	0.0508
PUE	7	64.02	0.0508
PUE	7	64.02	0.0508
PUE	7	64.02	0.0508
PUE	7	64.84	0.0302
PUE	7	64.84	0.0302
PUE	7	64.84	0.0302
PUE	7	64.84	0.0302
PUE	7	64.84	0.0302
PUE	7	65	0.0299
PUE	7	65.65	0.0289
PUE	7	65.65	0.0289
PUE	7	66	0.0342
PUE	7	67	0.0646
PUE	7	67.02	0.0655
PUE	7	68	0.0899
PUE	7	69	0.1187
PUE	7	69.05	0.1201
PUE	7	70	0.2055
PUE	7	70.32	0.2397
PUE	7	71	0.385
PUE	7	71.62	0.5143
PUE	7	72	0.4936
PUE	7	72.2	0.4758
PUE	7	73	0.4766
PUE	7	74	0.4688
PUE	7	75	0.4486
PUE	7	75.89	0.4214
PUE	7	76	0.4571
PUE	7	76.17	0.5105
PUE	7	76.17	0.5105
PUE	7	77	0.4866
PUE	7	78	0.4931
PUE	7	79	0.5402
PUE	7	79.3	0.561
PUE	7	80	0.5224
PUE	7	81	0.4551
PUE	7	82	0.3759
PUE	7	83	0.2913
PUE	7	84	0.2107
PUE	7	84.06	0.2065
PUE	7	85	0.196
PUE	7	86	0.1889
PUE	7	87	0.1873
PUE	7	88	0.1928
PUE	7	89	0.2065
PUE	7	90	0.2284
PUE	7	91	0.2581
PUE	7	91.59	0.2789
PUE	7	92	0.2675
PUE	7	92.66	0.2482
PUE	7	93	0.2715
PUE	7	94	0.3434
PUE	7	95	0.4143
PUE	7	96	0.4775
PUE	7	97	0.529
PUE	7	97.21	0.5382
PUE	7	98	0.5847
PUE	7	99	0.6465
PUE	7	100	0.7113
PUE	7	101	0.7779
PUE	7	102	0.845
PUE	7	103	0.911
PUE	7	103.28	0.929
PUE	7	104	0.9339
PUE	7	105	0.945
PUE	7	105.85	0.9597
PUE	7	106	0.9647
PUE	7	107	1.0116
PUE	7	108	1.0724
PUE	7	108.57	1.1086
PUE	7	109	1.024
PUE	7	109.07	1.0124
PUE	7	110	1.0063
PUE	7	111	0.9315
PUE	7	111.99	0.7986
PUE	7	112	0.8001
PUE	7	113	0.9346
PUE	7	113.83	1.0599
PUE	7	114	1.0507
PUE	7	114.5	1.0097
PUE	7	114.84	0.942
PUE	7	115	0.9539
PUE	7	115.98	1.0252
PUE	7	116	1.0191
PUE	7	116.06	1.0042
PUE	7	116.34	1.1732
PUE	7	116.99	1.0634
PUE	7	117	1.0633
PUE	7	117.26	1.0624
PUE	7	117.26	1.0624
PUE	7	117.34	1.0235
PUE	7	117.62	0.9488
PUE	7	118	0.9538
PUE	7	118.25	0.9567
PUE	7	118.25	0.9567
PUE	7	119	0.9412
PUE	7	119.63	0.928
PUE	7	119.63	0.928
PUE	7	120	0.9245
PUE	7	120.35	0.9122
PUE	7	121	0.9759
PUE	7	121.2	0.9933
PUE	7	121.71	1.1101
PUE	7	122	1.0967
PUE	7	123	1.0411
PUE	7	123.45	1.0119
PUE	7	124	0.9843
PUE	7	125	0.9737
PUE	7	125.16	0.979
PUE	7	125.56	0.9723
PUE	7	126	0.9567
PUE	7	126.5	0.9387
PUE	7	127	0.9454
PUE	7	128	0.9725
PUE	7	129	1.0051
PUE	7	129.46	1.0179
PUE	7	130	0.9827
PUE	7	131	0.8976
PUE	7	132	0.7907
PUE	7	132.22	0.7655
PUE	7	133	0.8077
PUE	7	134	0.8669
PUE	7	134.79	0.9135
PUE	7	135	0.8707
PUE	7	135.12	0.8446
PUE	7	136	0.904
PUE	7	137	0.9574
PUE	7	137.03	0.9591
PUE	7	138	1.0013
PUE	7	139	1.0377
PUE	7	140	1.0654
PUE	7	141	1.0832
PUE	7	141.24	1.0858
PUE	7	141.24	1.0858
PUE	7	142	0.9049
PUE	7	142.68	0.6968
PUE	7	143	0.7512
PUE	7	144	0.9015
PUE	7	144.15	0.9214
PUE	7	145	0.9363
PUE	7	146	0.9482
PUE	7	146.68	0.9527
PUE	7	147	0.9234
PUE	7	148	0.8261
PUE	7	149	0.7238
PUE	7	149.82	0.6384
PUE	7	150	0.6309
PUE	7	151	0.5882
PUE	7	152	0.5434
PUE	7	153	0.497
PUE	7	154	0.4496
PUE	7	155	0.4017
PUE	7	156	0.3542
PUE	7	157	0.308
PUE	7	158	0.2638
PUE	7	159	0.2226
PUE	7	160	0.185
PUE	7	161	0.1514
PUE	7	161.82	0.127
PUE	7	162	0.1263
PUE	7	163	0.1247
PUE	7	164	0.1273
PUE	7	165	0.1339
PUE	7	165.79	0.1414
PUE	7	166	0.1449
PUE	7	167	0.1645
PUE	7	167.53	0.1763
PUE	7	168	0.1583
PUE	7	169	0.1382
PUE	7	170	0.1463
PUE	7	170.38	0.1562
PUE	7	170.38	0.1562
PUE	7	171	0.1534
PUE	7	171.55	0.1559
PUE	7	172	0.1864
PUE	7	172.27	0.2065
PUE	7	173	0.2595
PUE	7	174	0.3593
PUE	7	175	0.4756
PUE	7	176	0.5865
PUE	7	177	0.6692
PUE	7	178	0.7048
PUE	7	178.24	0.705
PUE	7	179	0.6889
PUE	7	180	0.6506
PUE	7	181	0.5954
PUE	7	181.69	0.5496
PUE	7	181.69	0.5496
PUE	7	182	0.5359
PUE	7	183	0.4924
PUE	7	184	0.4491
PUE	7	185	0.4088
PUE	7	185.46	0.3933
PUE	7	186	0.4008
PUE	7	187	0.4127
PUE	7	188	0.4211
PUE	7	188.18	0.4222
PUE	7	189	0.3319
PUE	7	189.78	0.2476
PUE	8	10	0.122
PUE	8	11	0.1397
PUE	8	11.51	0.1476
PUE	8	12	0.1991
PUE	8	12.12	0.2123
PUE	8	12.44	0.1947
PUE	8	13	0.1846
PUE	8	13.96	0.2063
PUE	8	14	0.2077
PUE	8	15	0.2563
PUE	8	15.48	0.2875
PUE	8	16	0.265
PUE	8	17	0.2193
PUE	8	18	0.1731
PUE	8	18.54	0.1504
PUE	8	18.54	0.1504
PUE	8	19	0.1049
PUE	8	20	0.0589
PUE	8	21	0.0978
PUE	8	21.21	0.1151
PUE	8	22	0.0863
PUE	8	22.35	0.0746
PUE	8	23	0.0899
PUE	8	24	0.1254
PUE	8	25	0.1767
PUE	8	26	0.2426
PUE	8	27	0.3186
PUE	8	28	0.398
PUE	8	29	0.474
PUE	8	30	0.5414
PUE	8	31	0.5963
PUE	8	32	0.6364
PUE	8	33	0.6605
PUE	8	34	0.6686
PUE	8	35	0.6614
PUE	8	35.37	0.6553
PUE	8	36	0.7712
PUE	8	37	0.9739
PUE	8	38	1.1874
PUE	8	39	1.3989
PUE	8	40	1.5991
PUE	8	41	1.7819
PUE	8	41.36	1.8434
PUE	8	42	1.6581
PUE	8	42.33	1.534
PUE	8	43	1.5364
PUE	8	44	1.4775
PUE	8	44.46	1.4329
PUE	8	45	1.3665
PUE	8	46	1.2389
PUE	8	47	1.1069
PUE	8	48	0.975
PUE	8	49	0.8473
PUE	8	50	0.7277
PUE	8	50.09	0.7171
PUE	8	51	0.727
PUE	8	52	0.7253
PUE	8	53	0.7096
PUE	8	54	0.6805
PUE	8	55	0.6394
PUE	8	56	0.5889
PUE	8	56.95	0.535
PUE	8	57	0.5403
PUE	8	58	0.6362
PUE	8	59	0.7152
PUE	8	60	0.7717
PUE	8	61	0.8015
PUE	8	61.94	0.8031
PUE	8	62	0.8101
PUE	8	62.61	0.8767
PUE	8	62.91	0.7727
PUE	8	63	0.7679
PUE	8	64	0.7054
PUE	8	64.03	0.7032
PUE	8	64.36	0.8501
PUE	8	64.68	0.9095
PUE	8	64.68	0.9095
PUE	8	64.68	0.9095
PUE	8	64.68	0.9095
PUE	8	65	0.7915
PUE	8	65.04	0.7769
PUE	8	65.04	0.7769
PUE	8	65.04	0.7769
PUE	8	65.04	0.7769
PUE	8	65.04	0.7769
PUE	8	65.04	0.7769
PUE	8	65.74	0.7927
PUE	8	65.74	0.7927
PUE	8	66	0.8018
PUE	8	66.73	0.7932
PUE	8	67	0.8652
PUE	8	67.01	0.8686
PUE	8	67.01	0.8686
PUE	8	67.3	0.8606
PUE	8	67.58	0.9403
PUE	8	67.63	0.9492
PUE	8	67.63	0.9492
PUE	8	68	1.0075
PUE	8	69	1.1834
PUE	8	70	1.3646
PUE	8	70.03	1.3693
PUE	8	71	1.3233
PUE	8	71.02	1.3219
PUE	8	72	1.4706
PUE	8	73	1.498
PUE	8	73.13	1.4923
PUE	8	73.71	1.054
PUE	8	73.71	1.054
PUE	8	74	1.0322
PUE	8	74.28	1.0118
PUE	8	74.28	1.0118
PUE	8	74.55	0.9602
PUE	8	74.55	0.9602
PUE	8	74.83	0.6922
PUE	8	75	0.6919
PUE	8	75.38	0.6906
PUE	8	75.52	0.7242
PUE	8	75.52	0.7242
PUE	8	76	0.6051
PUE	8	76.41	0.5047
PUE	8	76.71	0.5699
PUE	8	77	0.624
PUE	8	77.45	0.7043
PUE	8	77.45	0.7043
PUE	8	77.45	0.7043
PUE	8	77.63	0.8316
PUE	8	77.96	0.9773
PUE	8	77.96	0.9773
PUE	8	78	0.9651
PUE	8	79	0.6531
PUE	8	79.19	0.5967
PUE	8	79.46	0.684
PUE	8	80	0.6413
PUE	8	80.17	0.6241
PUE	8	80.17	0.6241
PUE	8	80.64	0.6566
PUE	8	80.64	0.6566
PUE	8	80.64	0.6566
PUE	8	80.97	0.7046
PUE	8	81	0.7142
PUE	8	82	0.9983
PUE	8	82.07	1.0186
PUE	8	82.57	0.948
PUE	8	83	0.9075
PUE	8	83.15	0.8895
PUE	8	83.68	0.7616
PUE	8	84	0.7978
PUE	8	84.27	0.8213
PUE	8	84.56	0.6337
PUE	8	85	0.6403
PUE	8	86	0.6464
PUE	8	86.7	0.643
PUE	8	87	0.6462
PUE	8	87.91	0.6459
PUE	8	88	0.6381
PUE	8	89	0.5449
PUE	8	89.51	0.4976
PUE	8	90	0.5634
PUE	8	90.45	0.6129
PUE	8	90.77	0.6834
PUE	8	91	0.6629
PUE	8	91.34	0.6318
PUE	8	91.34	0.6318
PUE	8	92	0.653
PUE	8	93	0.6515
PUE	8	93.28	0.6454
PUE	8	93.28	0.6454
PUE	8	93.28	0.6454
PUE	8	93.84	0.5931
PUE	8	94	0.6522
PUE	8	94.39	0.6935
PUE	8	95	0.4729
PUE	8	95.81	0.1995
PUE	8	95.81	0.1995
PUE	8	96	0.2055
PUE	8	96.46	0.2212
PUE	8	97	0.2092
PUE	8	98	0.1865
PUE	8	99	0.1639
PUE	8	99.43	0.1544
PUE	8	100	0.125
PUE	8	100.24	0.1134
PUE	8	101	0.064
PUE	8	101.37	0.0447
PUE	8	102	0.0312
PUE	8	103	0.0177
PUE	8	103.85	0.0179
PUE	8	104	0.0163
PUE	8	104.48	0.0119
PUE	8	105	0.0139
PUE	8	106	0.0594
PUE	8	107	0.1619
PUE	8	108	0.3076
PUE	8	109	0.472
PUE	8	110	0.6331
PUE	8	110.12	0.6521
PUE	8	110.49	0.6952
PUE	8	111	0.7238
PUE	8	112	0.7737
PUE	8	112.77	0.8034
PUE	8	113	0.8387
PUE	8	114	0.9952
PUE	8	115	1.1418
PUE	8	116	1.2668
PUE	8	117	1.3629
PUE	8	117.87	1.4214
PUE	8	118	1.442
PUE	8	119	1.5879
PUE	8	120	1.7004
PUE	8	121	1.7805
PUE	8	122	1.8318
PUE	8	123	1.8583
PUE	8	123.74	1.8641
PUE	8	124	1.8235
PUE	8	125	1.6109
PUE	8	125.85	1.3399
PUE	8	126	1.301
PUE	8	127	1.0406
PUE	8	127.27	0.969
PUE	8	128	1.0582
PUE	8	128.62	1.11
PUE	8	129	1.225
PUE	8	130	1.5058
PUE	8	131	1.7183
PUE	8	132	1.8322
PUE	8	132.15	1.8387
PUE	8	133	1.9287
PUE	8	134	1.9932
PUE	8	135	2.0142
PUE	8	135.18	2.0137
PUE	8	136	1.93
PUE	8	137	1.8154
PUE	8	138	1.691
PUE	8	139	1.5622
PUE	8	139.65	1.4797
PUE	8	140	1.4877
PUE	8	141	1.4863
PUE	8	141.72	1.456
PUE	8	142	1.4594
PUE	8	142.26	1.4592
PUE	8	143	1.5165
PUE	8	144	1.584
PUE	8	145	1.6361
PUE	8	146	1.6702
PUE	8	147	1.6851
PUE	8	147.03	1.6852
PUE	8	148	1.5704
PUE	8	149	1.4374
PUE	8	150	1.2939
PUE	8	151	1.1449
PUE	8	152	0.9954
PUE	8	153	0.851
PUE	8	154	0.7175
PUE	8	155	0.6002
PUE	8	155.48	0.5511
PUE	8	155.86	0.5947
PUE	8	156	0.572
PUE	8	156.4	0.5205
PUE	8	156.4	0.5205
PUE	8	157	0.4677
PUE	8	158	0.3845
PUE	8	158.05	0.381
PUE	9	0	0.5302
PUE	9	1	0.5697
PUE	9	2	0.6107
PUE	9	3	0.6496
PUE	9	3.78	0.6768
PUE	9	4	0.6705
PUE	9	5	0.6367
PUE	9	6	0.5902
PUE	9	6.73	0.5473
PUE	9	7	0.5356
PUE	9	8	0.4828
PUE	9	8.56	0.4479
PUE	9	8.56	0.4479
PUE	9	9	0.4143
PUE	9	10	0.3393
PUE	9	11	0.2678
PUE	9	11.73	0.2193
PUE	9	12	0.2421
PUE	9	13	0.3387
PUE	9	13.87	0.4295
PUE	9	14	0.4169
PUE	9	15	0.3204
PUE	9	16	0.2312
PUE	9	17	0.1541
PUE	9	18	0.0933
PUE	9	19	0.051
PUE	9	20	0.0269
PUE	9	20.65	0.0198
PUE	9	21	0.0281
PUE	9	22	0.0644
PUE	9	23	0.1169
PUE	9	24	0.1795
PUE	9	25	0.2443
PUE	9	25.46	0.2733
PUE	9	26	0.2452
PUE	9	27	0.205
PUE	9	28	0.1901
PUE	9	28.32	0.1923
PUE	9	29	0.1903
PUE	9	30	0.1855
PUE	9	31	0.1783
PUE	9	32	0.1688
PUE	9	33	0.1576
PUE	9	33.05	0.157
PUE	9	33.25	0.1803
PUE	9	33.61	0.1367
PUE	9	34	0.1243
PUE	9	35	0.0937
PUE	9	36	0.0662
PUE	9	37	0.0443
PUE	9	37.52	0.0356
PUE	9	38	0.0346
PUE	9	39	0.033
PUE	9	40	0.0325
PUE	9	41	0.034
PUE	9	42	0.0386
PUE	9	43	0.047
PUE	9	44	0.06
PUE	9	45	0.0777
PUE	9	46	0.1
PUE	9	47	0.1262
PUE	9	48	0.1555
PUE	9	49	0.1868
PUE	9	50	0.2192
PUE	9	50.33	0.2298
PUE	9	51	0.2231
PUE	9	52	0.2183
PUE	9	53	0.2225
PUE	9	54	0.2373
PUE	9	55	0.2626
PUE	9	55.66	0.2839
PUE	9	56	0.3222
PUE	9	56.73	0.4011
PUE	9	57	0.3945
PUE	9	57.48	0.3982
PUE	9	58	0.4148
PUE	9	59	0.4409
PUE	9	59.91	0.4576
PUE	9	60	0.4698
PUE	9	61	0.618
PUE	9	61.35	0.6722
PUE	9	62	0.7382
PUE	9	63	0.8483
PUE	9	64	0.9599
PUE	9	65	1.0631
PUE	9	65.11	1.0741
PUE	9	65.88	1.2828
PUE	9	65.88	1.2828
PUE	9	65.88	1.2828
PUE	9	66	1.2791
PUE	9	67	1.2493
PUE	9	67.84	1.2238
PUE	9	67.84	1.2238
PUE	9	67.84	1.2238
PUE	9	68	1.2038
PUE	9	68.2	1.1849
PUE	9	68.2	1.1849
PUE	9	68.2	1.1849
PUE	9	68.2	1.1849
PUE	9	68.2	1.1849
PUE	9	68.2	1.1849
PUE	9	68.2	1.1849
PUE	9	68.2	1.1849
PUE	9	68.86	1.0545
PUE	9	68.86	1.0545
PUE	9	69	1.0382
PUE	9	69.87	0.8393
PUE	9	69.87	0.8393
PUE	9	69.87	0.8393
PUE	9	70	0.827
PUE	9	71	0.7458
PUE	9	71.81	0.7037
PUE	9	72	0.7708
PUE	9	73	1.1347
PUE	9	73.2	1.2021
PUE	9	74	1.2166
PUE	9	74.07	1.2177
PUE	9	74.49	1.334
PUE	9	75	1.3187
PUE	9	76	1.2837
PUE	9	76.93	1.2454
PUE	9	77	1.2426
PUE	9	77.86	1.2125
PUE	9	78	1.194
PUE	9	79	1.0452
PUE	9	79.1	1.0286
PUE	9	80	0.8974
PUE	9	81	0.7944
PUE	9	81.08	0.7881
PUE	9	82	0.7018
PUE	9	82.25	0.6742
PUE	9	82.25	0.6742
PUE	9	82.25	0.6742
PUE	9	82.54	0.4954
PUE	9	83	0.5059
PUE	9	83.43	0.5258
PUE	9	84	0.6377
PUE	9	84.91	0.8077
PUE	9	85	0.8104
PUE	9	85.57	0.8294
PUE	9	86	0.6916
PUE	9	86.55	0.532
PUE	9	86.89	0.4352
PUE	9	87	0.432
PUE	9	88	0.3975
PUE	9	88.43	0.3794
PUE	9	88.84	0.3346
PUE	9	89	0.326
PUE	9	90	0.2524
PUE	9	90.07	0.2466
PUE	9	90.27	0.288
PUE	9	91	0.2345
PUE	9	91.12	0.2263
PUE	9	92	0.2737
PUE	9	92.87	0.3465
PUE	9	93	0.3834
PUE	9	93.19	0.4361
PUE	9	93.4	0.3354
PUE	9	94	0.3489
PUE	9	94.87	0.365
PUE	9	95	0.3777
PUE	9	96	0.4723
PUE	9	96.19	0.4896
PUE	9	97	0.4629
PUE	9	98	0.4381
PUE	9	99	0.4216
PUE	9	100	0.4115
PUE	9	100.07	0.4109
PUE	9	101	0.4931
PUE	9	101.03	0.4956
PUE	9	102	0.527
PUE	9	103	0.5534
PUE	9	104	0.571
PUE	9	105	0.5775
PUE	9	106	0.572
PUE	9	106.61	0.5626
PUE	9	107	0.5405
PUE	9	107.39	0.5255
PUE	9	108	0.5532
PUE	9	109	0.5947
PUE	9	109.12	0.5993
PUE	9	110	0.5781
PUE	9	111	0.5471
PUE	9	112	0.5102
PUE	9	113	0.4691
PUE	9	113.39	0.4525
PUE	9	114	0.4394
PUE	9	115	0.4155
PUE	9	116	0.3896
PUE	9	117	0.3627
PUE	9	118	0.336
PUE	9	119	0.3103
PUE	9	119.11	0.3077
PUE	9	120	0.3186
PUE	9	121	0.3328
PUE	9	122	0.3482
PUE	9	123	0.3642
PUE	9	124	0.3797
PUE	9	124.33	0.3846
PUE	9	125	0.4412
PUE	9	126	0.5168
PUE	9	127	0.5693
PUE	9	128	0.5897
PUE	9	128.15	0.5897
PUE	9	129	0.5892
PUE	9	130	0.5858
PUE	9	131	0.5795
PUE	9	132	0.5706
PUE	9	133	0.5592
PUE	9	133.98	0.5461
PUE	9	134	0.5458
PUE	9	135	0.5256
PUE	9	136	0.4996
PUE	9	137	0.4657
PUE	9	138	0.4223
PUE	9	139	0.3698
PUE	9	139.4	0.3467
PUE	9	140	0.3395
PUE	9	141	0.3258
PUE	9	142	0.3102
PUE	9	143	0.2931
PUE	9	144	0.2746
PUE	9	145	0.2552
PUE	9	145.7	0.2413
PUE	9	146	0.2549
PUE	9	146.83	0.3055
PUE	9	147	0.2993
PUE	9	148	0.2629
PUE	9	149	0.2284
PUE	9	150	0.1971
PUE	9	151	0.1698
PUE	9	152	0.1471
PUE	9	152.83	0.1319
PUE	9	153	0.1412
PUE	9	154	0.2031
PUE	9	154.19	0.2166
PUE	9	155	0.2022
PUE	9	156	0.1833
PUE	9	157	0.1639
PUE	9	158	0.145
PUE	9	159	0.1274
PUE	9	160	0.112
PUE	9	161	0.0992
PUE	9	161.6	0.0928
PUE	9	162	0.0849
PUE	9	163	0.075
PUE	9	164	0.0803
PUE	9	164.21	0.0834
PUE	9	165	0.1226
PUE	9	166	0.1788
PUE	9	166.96	0.233
PUE	9	167	0.2292
PUE	9	167.53	0.1772
PUE	9	168	0.2679
PUE	9	168.23	0.3138
PUE	10	0	0.4885
PUE	10	0.39	0.4848
PUE	10	0.39	0.4848
PUE	10	1	0.5312
PUE	10	2	0.608
PUE	10	2.59	0.65
PUE	10	3	0.6692
PUE	10	4	0.7055
PUE	10	5	0.7231
PUE	10	5.56	0.7238
PUE	10	6	0.7388
PUE	10	7	0.7722
PUE	10	8	0.8039
PUE	10	9	0.8335
PUE	10	10	0.8606
PUE	10	11	0.8847
PUE	10	12	0.905
PUE	10	12.75	0.9174
PUE	10	13	0.9135
PUE	10	14	0.8862
PUE	10	15	0.841
PUE	10	16	0.7812
PUE	10	17	0.7113
PUE	10	18	0.6367
PUE	10	19	0.5625
PUE	10	20	0.4931
PUE	10	20.84	0.4405
PUE	10	21	0.4437
PUE	10	22	0.4636
PUE	10	23	0.484
PUE	10	24	0.5045
PUE	10	25	0.5247
PUE	10	26	0.5444
PUE	10	27	0.563
PUE	10	28	0.5801
PUE	10	29	0.5954
PUE	10	30	0.6083
PUE	10	31	0.6186
PUE	10	32	0.6258
PUE	10	33	0.6299
PUE	10	34	0.6307
PUE	10	35	0.6282
PUE	10	36	0.6224
PUE	10	37	0.6136
PUE	10	38	0.6019
PUE	10	39	0.5877
PUE	10	40	0.5712
PUE	10	41	0.553
PUE	10	42	0.5333
PUE	10	43	0.5127
PUE	10	44	0.4914
PUE	10	45	0.4699
PUE	10	46	0.4483
PUE	10	47	0.427
PUE	10	48	0.4063
PUE	10	49	0.3861
PUE	10	49.8	0.3706
PUE	10	50	0.3744
PUE	10	51	0.3913
PUE	10	52	0.4033
PUE	10	53	0.4091
PUE	10	54	0.4091
PUE	10	54.54	0.4076
PUE	10	55	0.4464
PUE	10	56	0.527
PUE	10	57	0.5974
PUE	10	57.64	0.6355
PUE	10	58	0.7617
PUE	10	58.48	0.9391
PUE	10	59	0.9194
PUE	10	59.81	0.7788
PUE	10	60	0.7386
PUE	10	60.9	0.5051
PUE	10	61	0.5015
PUE	10	61.41	0.4652
PUE	10	61.62	0.5646
PUE	10	61.62	0.5646
PUE	10	61.62	0.5646
PUE	10	61.62	0.5646
PUE	10	62	0.5704
PUE	10	63	0.5298
PUE	10	63.68	0.4666
PUE	10	64	0.4572
PUE	10	64.85	0.4119
PUE	10	64.85	0.4119
PUE	10	64.94	0.3664
PUE	10	64.94	0.3664
PUE	10	65	0.3391
PUE	10	65.75	0.0971
PUE	10	66	0.0844
PUE	10	66.31	0.0721
PUE	10	67	0.0557
PUE	10	68	0.0438
PUE	10	68.01	0.0437
PUE	10	68.47	0.013
PUE	10	68.77	0.0129
PUE	10	69	0.0085
PUE	10	69.24	0.0078
PUE	10	69.53	0.0084
PUE	10	70	0.0061
PUE	10	70.91	0.015
PUE	10	71	0.0149
PUE	10	72	0.0164
PUE	10	72.8	0.0212
PUE	10	73	0.0213
PUE	10	73.22	0.0219
PUE	10	74	0.0242
PUE	10	74.33	0.0293
PUE	10	74.33	0.0293
PUE	10	74.33	0.0293
PUE	10	75	0.0695
PUE	10	75.15	0.081
PUE	10	76	0.1323
PUE	10	76.02	0.1334
PUE	10	76.79	0.1968
PUE	10	77	0.1768
PUE	10	77.19	0.1611
PUE	10	78	0.1474
PUE	10	79	0.1281
PUE	10	80	0.1071
PUE	10	81	0.0856
PUE	10	82	0.0651
PUE	10	83	0.0472
PUE	10	84	0.0329
PUE	10	85	0.0226
PUE	10	85.45	0.0193
PUE	10	86	0.0161
PUE	10	87	0.0113
PUE	10	88	0.0082
PUE	10	89	0.0068
PUE	10	89.33	0.0068
PUE	10	90	0.0042
PUE	10	91	0.0023
PUE	10	92	0.0027
PUE	10	93	0.0057
PUE	10	94	0.0114
PUE	10	95	0.0198
PUE	10	96	0.031
PUE	10	97	0.0448
PUE	10	98	0.061
PUE	10	99	0.0794
PUE	10	100	0.0996
PUE	10	101	0.1214
PUE	10	102	0.1443
PUE	10	103	0.1682
PUE	10	103.02	0.1686
PUE	10	104	0.2321
PUE	10	104.26	0.2494
PUE	10	105	0.2507
PUE	10	106	0.2526
PUE	10	107	0.2557
PUE	10	108	0.2605
PUE	10	109	0.2673
PUE	10	109.24	0.2692
PUE	10	109.58	0.4352
PUE	10	109.58	0.4352
PUE	10	110	0.4341
PUE	10	111	0.4286
PUE	10	111.99	0.4195
PUE	10	112	0.4195
PUE	10	113	0.4149
PUE	10	114	0.405
PUE	10	115	0.3894
PUE	10	115.28	0.3839
PUE	10	115.6	0.4318
PUE	10	115.89	0.3111
PUE	10	116	0.3179
PUE	10	117	0.3739
PUE	10	118	0.4132
PUE	10	118.15	0.4175
PUE	10	118.15	0.4175
PUE	10	118.15	0.4175
PUE	10	119	0.4811
PUE	10	119.87	0.5412
PUE	10	120	0.5412
PUE	10	120.75	0.5623
PUE	10	121	0.5775
PUE	10	122	0.6328
PUE	10	123	0.6794
PUE	10	123.24	0.6892
PUE	10	124	0.6555
PUE	10	125	0.6256
PUE	10	125.84	0.6115
PUE	10	126	0.6081
PUE	10	127	0.586
PUE	10	128	0.5638
PUE	10	129	0.5433
PUE	10	130	0.5258
PUE	10	131	0.5121
PUE	10	131.85	0.5036
PUE	10	132	0.501
PUE	10	133	0.4855
PUE	10	134	0.4751
PUE	10	134.68	0.4728
PUE	10	135	0.4341
PUE	10	136	0.3379
PUE	10	137	0.3065
PUE	10	137.84	0.337
PUE	10	138	0.3278
PUE	10	138.71	0.2351
PUE	10	139	0.2374
PUE	10	140	0.2446
PUE	10	141	0.2514
PUE	10	142	0.2581
PUE	10	142.22	0.2596
PUE	10	143	0.3103
PUE	10	144	0.3731
PUE	10	144.87	0.4215
PUE	10	145	0.4195
PUE	10	145.42	0.4139
PUE	10	146	0.3369
PUE	10	146.22	0.2977
PUE	10	146.22	0.2977
PUE	10	147	0.3099
PUE	10	148	0.3314
PUE	10	148.29	0.3389
PUE	10	149	0.3648
PUE	10	150	0.3925
PUE	10	151	0.4112
PUE	10	151.48	0.4177
RSR	1	0	0.1673
RSR	1	0.25	0.1687
RSR	1	1	0.1756
RSR	1	1.52	0.1803
RSR	1	2	0.279
RSR	1	3	0.5241
RSR	1	3.78	0.6976
RSR	1	4	0.6877
RSR	1	5	0.6321
RSR	1	6	0.5573
RSR	1	6.11	0.5475
RSR	1	7	0.6217
RSR	1	8	0.7006
RSR	1	9	0.7716
RSR	1	10	0.8339
RSR	1	11	0.8874
RSR	1	12	0.9329
RSR	1	12.31	0.9455
RSR	1	13	0.9294
RSR	1	13.84	0.9109
RSR	1	14	0.8885
RSR	1	15	0.7455
RSR	1	15.81	0.6295
RSR	1	16	0.6163
RSR	1	17	0.5529
RSR	1	18	0.5021
RSR	1	19	0.4674
RSR	1	20	0.4492
RSR	1	20.14	0.4478
RSR	1	21	0.421
RSR	1	21.01	0.4206
RSR	1	21.91	0.5203
RSR	1	22	0.5287
RSR	1	22.8	0.5967
RSR	1	23	0.5948
RSR	1	23.11	0.5938
RSR	1	23.11	0.5938
RSR	1	23.53	0.5996
RSR	1	24	0.5506
RSR	1	25	0.4473
RSR	1	26	0.3492
RSR	1	27	0.26
RSR	1	27.28	0.2371
RSR	1	28	0.1731
RSR	1	29	0.1156
RSR	1	30	0.1132
RSR	1	31	0.1652
RSR	1	31.61	0.2143
RSR	1	32	0.2186
RSR	1	33	0.2278
RSR	1	34	0.2345
RSR	1	35	0.2382
RSR	1	36	0.2388
RSR	1	37	0.2365
RSR	1	38	0.2317
RSR	1	38.83	0.2263
RSR	1	39	0.2724
RSR	1	40	0.531
RSR	1	40.63	0.6491
RSR	1	40.63	0.6491
RSR	1	41	0.5949
RSR	1	42	0.4333
RSR	1	43	0.2708
RSR	1	43.74	0.1695
RSR	1	44	0.1551
RSR	1	44.09	0.155
RSR	1	45	0.2219
RSR	1	46	0.3055
RSR	1	46.08	0.3124
RSR	1	46.36	0.2706
RSR	1	47	0.2775
RSR	1	48	0.3148
RSR	1	48.62	0.3511
RSR	1	48.62	0.3511
RSR	1	48.94	0.3796
RSR	1	48.94	0.3796
RSR	1	49	0.3776
RSR	1	49.5	0.3598
RSR	1	50	0.3249
RSR	1	51	0.2704
RSR	1	51.18	0.2632
RSR	1	51.18	0.2632
RSR	1	51.79	0.2394
RSR	1	52	0.239
RSR	1	52.96	0.2373
RSR	1	53	0.2381
RSR	1	54	0.2576
RSR	1	55	0.2756
RSR	1	56	0.291
RSR	1	57	0.3027
RSR	1	57.49	0.307
RSR	1	58	0.2501
RSR	1	58.7	0.174
RSR	1	58.7	0.174
RSR	1	59	0.1654
RSR	1	60	0.1398
RSR	1	61	0.1194
RSR	1	62	0.1048
RSR	1	63	0.0959
RSR	1	64	0.0921
RSR	1	64.59	0.092
RSR	1	65	0.113
RSR	1	66	0.1715
RSR	1	66.35	0.1936
RSR	1	67	0.1942
RSR	1	68	0.1947
RSR	1	69	0.1961
RSR	1	69.35	0.1966
RSR	1	69.88	0.1454
RSR	1	69.88	0.1454
RSR	1	69.88	0.1454
RSR	1	70	0.1507
RSR	1	70.15	0.1573
RSR	1	70.42	0.2214
RSR	1	70.42	0.2214
RSR	1	71	0.1856
RSR	1	72	0.1179
RSR	1	72.68	0.0804
RSR	1	73	0.0412
RSR	1	73.25	0.065
RSR	1	74	0.0432
RSR	1	74.94	0.0635
RSR	1	75	0.0686
RSR	1	75.32	0.1045
RSR	1	76	0.1089
RSR	1	77	0.1374
RSR	1	78	0.1915
RSR	1	78.22	0.2065
RSR	1	79	0.2607
RSR	1	79.22	0.2925
RSR	1	80	0.3218
RSR	1	81	0.3512
RSR	1	81.02	0.3516
RSR	1	81.87	0.3057
RSR	1	82	0.3093
RSR	1	83	0.3344
RSR	1	84	0.3548
RSR	1	84	0.3547
RSR	1	84.68	0.3419
RSR	1	85	0.3291
RSR	1	85.25	0.3186
RSR	1	86	0.2851
RSR	1	87	0.2503
RSR	1	87.01	0.2499
RSR	1	88	0.2101
RSR	1	88.14	0.2043
RSR	1	88.14	0.2043
RSR	1	89	0.1721
RSR	1	89.25	0.1618
RSR	1	90	0.1344
RSR	1	90.36	0.1216
RSR	1	90.36	0.1216
RSR	1	90.36	0.1216
RSR	1	90.53	0.1308
RSR	1	90.53	0.1308
RSR	1	91	0.1615
RSR	1	91.16	0.1718
RSR	1	91.16	0.1718
RSR	1	91.22	0.1762
RSR	1	91.22	0.1762
RSR	1	92	0.2351
RSR	1	92.39	0.2634
RSR	1	92.96	0.2452
RSR	1	93	0.2444
RSR	1	93.16	0.2456
RSR	1	93.44	0.2385
RSR	1	94	0.3137
RSR	1	95	0.4327
RSR	1	95.66	0.4909
RSR	1	96	0.5096
RSR	1	97	0.5527
RSR	1	97.63	0.5731
RSR	1	98	0.559
RSR	1	99	0.5313
RSR	1	99.06	0.5301
RSR	1	100	0.5167
RSR	1	101	0.4773
RSR	1	101.19	0.4648
RSR	1	101.96	0.1167
RSR	1	102	0.1142
RSR	1	103	0.0595
RSR	1	103.18	0.0529
RSR	1	104	0.067
RSR	1	105	0.0835
RSR	1	105.12	0.0854
RSR	1	106	0.096
RSR	1	106.79	0.0999
RSR	1	106.79	0.0999
RSR	1	107	0.1018
RSR	1	107.71	0.1075
RSR	1	108	0.113
RSR	1	109	0.1323
RSR	1	109.29	0.138
RSR	1	110	0.0971
RSR	1	110.96	0.0552
RSR	1	111	0.0543
RSR	1	112	0.0314
RSR	1	113	0.013
RSR	1	114	0.0024
RSR	1	115	0.0018
RSR	1	115.25	0.0033
RSR	1	116	0.0059
RSR	1	117	0.0291
RSR	1	118	0.0718
RSR	1	119	0.1275
RSR	1	119.33	0.1478
RSR	1	120	0.1433
RSR	1	121	0.1368
RSR	1	121.21	0.1355
RSR	1	122	0.1419
RSR	1	122.08	0.1426
RSR	1	122.47	0.1815
RSR	1	123	0.1627
RSR	1	124	0.1388
RSR	1	124.32	0.1344
RSR	1	125	0.1367
RSR	1	126	0.139
RSR	1	127	0.1399
RSR	1	128	0.1392
RSR	1	128.27	0.1387
RSR	1	129	0.1242
RSR	1	130	0.1086
RSR	1	131	0.0973
RSR	1	131.96	0.0895
RSR	1	132	0.0909
RSR	1	133	0.1357
RSR	1	134	0.1911
RSR	1	135	0.2551
RSR	1	136	0.3246
RSR	1	137	0.3953
RSR	1	138	0.463
RSR	1	138.18	0.4748
RSR	1	139	0.4226
RSR	1	140	0.3617
RSR	1	141	0.3057
RSR	1	142	0.2559
RSR	1	143	0.213
RSR	1	144	0.1773
RSR	1	144.75	0.1549
RSR	1	145	0.1491
RSR	1	145.59	0.1369
RSR	1	146	0.0982
RSR	1	146.72	0.0429
RSR	1	147	0.0478
RSR	1	147.73	0.0628
RSR	1	148	0.1064
RSR	1	148.09	0.1232
RSR	1	149	0.0725
RSR	1	149.56	0.0498
RSR	1	150	0.0321
RSR	1	150.73	0.0128
RSR	1	150.73	0.0128
RSR	1	150.73	0.0128
RSR	1	150.73	0.0128
RSR	1	150.73	0.0128
RSR	1	151	0.0136
RSR	1	152	0.0166
RSR	1	152.69	0.0185
RSR	1	152.96	0.0294
RSR	1	152.96	0.0294
RSR	1	152.96	0.0294
RSR	1	152.96	0.0294
RSR	1	152.96	0.0294
RSR	1	152.96	0.0294
RSR	1	153	0.036
RSR	1	153.23	0.088
RSR	1	153.23	0.088
RSR	1	153.23	0.088
RSR	1	153.23	0.088
RSR	1	153.23	0.088
RSR	1	153.5	0.0294
RSR	1	153.5	0.0294
RSR	1	153.5	0.0294
RSR	1	153.5	0.0294
RSR	1	153.5	0.0294
RSR	1	153.5	0.0294
RSR	1	153.5	0.0294
RSR	1	153.5	0.0294
RSR	1	153.5	0.0294
RSR	1	153.5	0.0294
RSR	1	153.5	0.0294
RSR	1	153.5	0.0294
RSR	1	153.5	0.0294
RSR	1	153.5	0.0294
RSR	1	153.5	0.0294
RSR	1	153.75	0.0801
RSR	1	154	0.0726
RSR	1	155	0.0448
RSR	1	156	0.0229
RSR	1	157	0.0097
RSR	1	158	0.0081
RSR	1	159	0.0189
RSR	1	160	0.0402
RSR	1	160.39	0.0505
RSR	1	161	0.0438
RSR	1	162	0.0337
RSR	1	163	0.0255
RSR	1	164	0.02
RSR	1	165	0.0181
RSR	1	166	0.0202
RSR	1	167	0.0263
RSR	1	168	0.0358
RSR	1	169	0.0481
RSR	1	170	0.0623
RSR	1	170.61	0.0716
RSR	1	171	0.0657
RSR	1	172	0.052
RSR	1	173	0.0406
RSR	1	174	0.0316
RSR	1	175	0.0251
RSR	1	176	0.0211
RSR	1	177	0.0195
RSR	1	178	0.0201
RSR	1	179	0.0228
RSR	1	180	0.0273
RSR	1	180.89	0.0326
RSR	1	181	0.0336
RSR	1	182	0.0426
RSR	1	183	0.0529
RSR	1	184	0.0643
RSR	1	185	0.0767
RSR	1	186	0.0897
RSR	1	187	0.1032
RSR	1	188	0.1168
RSR	1	189	0.1304
RSR	1	190	0.1436
RSR	1	191	0.1564
RSR	1	192	0.1686
RSR	1	193	0.1801
RSR	1	194	0.1909
RSR	1	194.61	0.1971
RSR	1	194.61	0.1971
RSR	1	194.61	0.1971
RSR	1	195	0.1362
RSR	1	195.47	0.0752
RSR	1	196	0.051
RSR	1	196.98	0.0177
RSR	1	197	0.0177
RSR	1	198	0.0144
RSR	1	199	0.0112
RSR	1	200	0.0082
RSR	1	201	0.0058
RSR	1	201.3	0.0052
RSR	1	202	0.0043
RSR	1	203	0.0035
RSR	1	204	0.0034
RSR	1	205	0.004
RSR	1	206	0.0055
RSR	1	207	0.0077
RSR	1	208	0.0105
RSR	1	209	0.0139
RSR	1	210	0.0177
RSR	1	210.35	0.0191
RSR	1	211	0.0169
RSR	1	212	0.0147
RSR	1	213	0.014
RSR	1	214	0.0144
RSR	1	215	0.0158
RSR	1	216	0.0179
RSR	1	217	0.0203
RSR	1	218	0.023
RSR	1	218.22	0.0236
RSR	1	219	0.0726
RSR	1	219.13	0.0833
RSR	1	219.44	0.0746
RSR	1	219.44	0.0746
RSR	1	220	0.0301
RSR	1	221	0.0914
RSR	1	221.01	0.0931
RSR	1	221.96	0.0897
RSR	1	222	0.0891
RSR	1	223	0.0719
RSR	1	224	0.0552
RSR	1	224.6	0.0461
RSR	1	224.97	0.0529
RSR	1	225	0.054
RSR	1	225.83	0.0932
RSR	1	226	0.0893
RSR	1	226.58	0.0731
RSR	1	227	0.0713
RSR	1	228	0.0754
RSR	1	228.14	0.0767
RSR	1	229	0.0987
RSR	1	230	0.1264
RSR	1	231	0.1533
RSR	1	232	0.1763
RSR	1	233	0.1933
RSR	1	234	0.2035
RSR	1	234.97	0.2075
RSR	1	235	0.2073
RSR	1	236	0.1973
RSR	1	237	0.1808
RSR	1	237.77	0.1643
RSR	1	238	0.1651
RSR	1	239	0.1674
RSR	1	240	0.1676
RSR	1	241	0.1657
RSR	1	242	0.162
RSR	1	243	0.157
RSR	1	243.07	0.1566
RSR	1	244	0.1602
RSR	1	245	0.1639
RSR	1	246	0.1676
RSR	1	247	0.1711
RSR	1	247.22	0.1719
RSR	1	248	0.255
RSR	1	248.76	0.348
RSR	1	249	0.3594
RSR	1	249.58	0.3847
RSR	1	250	0.3724
RSR	1	250	0.3723
RSR	1	251	0.2784
RSR	1	252	0.1856
RSR	1	253	0.1025
RSR	1	254	0.041
RSR	1	255	0.0096
RSR	1	256	0.0064
RSR	1	256.31	0.0099
RSR	1	257	0.0062
RSR	1	258	0.0045
RSR	1	258.12	0.0046
RSR	1	259	2e-04
RSR	1	260	0.0072
RSR	1	260.03	0.0076
RSR	1	261	0.0141
RSR	1	262	0.0253
RSR	1	263	0.0411
RSR	1	264	0.0612
RSR	1	265	0.085
RSR	1	266	0.1119
RSR	1	267	0.1408
RSR	1	267.88	0.1675
RSR	2	0	0.2189
RSR	2	1	0.2498
RSR	2	2	0.2864
RSR	2	3	0.3288
RSR	2	4	0.3763
RSR	2	4.71	0.4125
RSR	2	5	0.4159
RSR	2	5.27	0.4192
RSR	2	5.55	0.4015
RSR	2	5.55	0.4015
RSR	2	6	0.3932
RSR	2	6.23	0.3892
RSR	2	7	0.3985
RSR	2	7.09	0.4
RSR	2	8	0.2855
RSR	2	8.1	0.2733
RSR	2	8.67	0.2421
RSR	2	9	0.2201
RSR	2	9.35	0.2052
RSR	2	9.73	0.2061
RSR	2	10	0.2143
RSR	2	11	0.2454
RSR	2	12	0.2778
RSR	2	13	0.3112
RSR	2	14	0.3448
RSR	2	14.35	0.3565
RSR	2	15	0.4062
RSR	2	16	0.4849
RSR	2	16.89	0.5536
RSR	2	17	0.5557
RSR	2	18	0.5757
RSR	2	18.84	0.5932
RSR	2	19	0.5756
RSR	2	20	0.47
RSR	2	21	0.3748
RSR	2	22	0.2957
RSR	2	22.44	0.2664
RSR	2	23	0.4188
RSR	2	23.16	0.4596
RSR	2	23.79	0.4678
RSR	2	24	0.3885
RSR	2	24.57	0.1606
RSR	2	24.86	0.1569
RSR	2	25	0.1555
RSR	2	26	0.1456
RSR	2	27	0.1362
RSR	2	27	0.1362
RSR	2	28	0.078
RSR	2	29	0.0371
RSR	2	29.12	0.0338
RSR	2	30	0.0054
RSR	2	30.21	0.0026
RSR	2	30.21	0.0026
RSR	2	31	0.0077
RSR	2	32	0.0205
RSR	2	32.35	0.0266
RSR	2	33	0.0419
RSR	2	34	0.088
RSR	2	35	0.1629
RSR	2	36	0.2619
RSR	2	37	0.377
RSR	2	38	0.5016
RSR	2	38.75	0.5982
RSR	2	39	0.6094
RSR	2	40	0.6507
RSR	2	41	0.6849
RSR	2	42	0.7096
RSR	2	43	0.7237
RSR	2	44	0.7275
RSR	2	45	0.722
RSR	2	46	0.709
RSR	2	46.99	0.6905
RSR	2	47	0.6903
RSR	2	48	0.673
RSR	2	49	0.6529
RSR	2	50	0.6306
RSR	2	51	0.6068
RSR	2	52	0.583
RSR	2	53	0.561
RSR	2	54	0.5428
RSR	2	55	0.5301
RSR	2	56	0.524
RSR	2	57	0.5246
RSR	2	58	0.5315
RSR	2	58.58	0.538
RSR	2	59	0.5234
RSR	2	60	0.4876
RSR	2	61	0.4513
RSR	2	62	0.4157
RSR	2	63	0.382
RSR	2	64	0.3511
RSR	2	65	0.3237
RSR	2	66	0.3001
RSR	2	67	0.2801
RSR	2	68	0.2634
RSR	2	68.02	0.2631
RSR	2	69	0.3071
RSR	2	70	0.3443
RSR	2	70.04	0.3456
RSR	2	71	0.4502
RSR	2	71.33	0.4838
RSR	2	72	0.4501
RSR	2	72.69	0.4131
RSR	2	73	0.3847
RSR	2	74	0.2913
RSR	2	74.94	0.2092
RSR	2	75	0.1999
RSR	2	75.94	0.0648
RSR	2	76	0.0686
RSR	2	77	0.1714
RSR	2	78	0.3222
RSR	2	78.97	0.4482
RSR	2	79	0.4446
RSR	2	79.87	0.3708
RSR	2	80	0.3676
RSR	2	81	0.3465
RSR	2	81.81	0.338
RSR	2	81.81	0.338
RSR	2	81.81	0.338
RSR	2	82	0.3645
RSR	2	82.69	0.4617
RSR	2	83	0.4593
RSR	2	84	0.4554
RSR	2	84.33	0.4552
RSR	2	85	0.4934
RSR	2	86	0.5705
RSR	2	87	0.6644
RSR	2	87.51	0.715
RSR	2	88	0.6992
RSR	2	89	0.6616
RSR	2	90	0.6181
RSR	2	91	0.5699
RSR	2	92	0.5186
RSR	2	93	0.4662
RSR	2	94	0.4147
RSR	2	95	0.3669
RSR	2	96	0.326
RSR	2	96.92	0.2972
RSR	2	97	0.2946
RSR	2	98	0.2634
RSR	2	99	0.2332
RSR	2	100	0.2044
RSR	2	101	0.1774
RSR	2	102	0.1525
RSR	2	102.4	0.143
RSR	2	103	0.1642
RSR	2	104	0.2039
RSR	2	105	0.2478
RSR	2	106	0.2942
RSR	2	107	0.3412
RSR	2	108	0.3871
RSR	2	109	0.4304
RSR	2	109.98	0.4697
RSR	2	110	0.4694
RSR	2	111	0.448
RSR	2	112	0.4217
RSR	2	113	0.3911
RSR	2	114	0.3575
RSR	2	115	0.3222
RSR	2	116	0.2867
RSR	2	116.72	0.2615
RSR	2	117	0.2552
RSR	2	118	0.2414
RSR	2	119	0.2438
RSR	2	120	0.2615
RSR	2	120.68	0.2802
RSR	2	121	0.2835
RSR	2	121.35	0.287
RSR	2	122	0.2659
RSR	2	122.54	0.2573
RSR	2	122.68	0.2584
RSR	2	123	0.1795
RSR	2	123.54	0.041
RSR	2	124	0.0379
RSR	2	124.36	0.0368
RSR	2	124.36	0.0368
RSR	2	125	0.0342
RSR	2	126	0.031
RSR	2	127	0.0298
RSR	2	128	0.0311
RSR	2	128.09	0.0313
RSR	2	128.38	0.0214
RSR	2	128.67	0.0303
RSR	2	128.67	0.0303
RSR	2	128.95	0.0404
RSR	2	129	0.0384
RSR	2	129.36	0.0286
RSR	2	129.69	0.0289
RSR	2	130	0.0257
RSR	2	130.39	0.0273
RSR	2	130.39	0.0273
RSR	2	130.39	0.0273
RSR	2	130.39	0.0273
RSR	2	130.39	0.0273
RSR	2	130.39	0.0273
RSR	2	130.39	0.0273
RSR	2	130.39	0.0273
RSR	2	130.39	0.0273
RSR	2	130.39	0.0273
RSR	2	130.39	0.0273
RSR	2	130.39	0.0273
RSR	2	130.39	0.0273
RSR	2	130.59	0.0241
RSR	2	130.59	0.0241
RSR	2	130.79	0.0265
RSR	2	130.79	0.0265
RSR	2	131	0.0167
RSR	2	131.11	0.0134
RSR	2	131.71	0.0123
RSR	2	131.71	0.0123
RSR	2	131.71	0.0123
RSR	2	131.71	0.0123
RSR	2	131.71	0.0123
RSR	2	131.71	0.0123
RSR	2	131.71	0.0123
RSR	2	132	0.017
RSR	2	132.25	0.0302
RSR	2	132.25	0.0302
RSR	2	132.25	0.0302
RSR	2	133	0.0646
RSR	2	133.14	0.0717
RSR	2	133.5	0.0906
RSR	2	133.63	0.0907
RSR	2	133.63	0.0907
RSR	2	133.63	0.0907
RSR	2	134	0.0931
RSR	2	134.17	0.0971
RSR	2	134.17	0.0971
RSR	2	135	0.1189
RSR	2	135.56	0.1337
RSR	2	135.84	0.1436
RSR	2	135.84	0.1436
RSR	2	136	0.1507
RSR	2	136.33	0.165
RSR	2	136.33	0.165
RSR	2	137	0.0673
RSR	2	137.41	0.0271
RSR	2	138	0.0375
RSR	2	138.58	0.0516
RSR	2	139	0.0497
RSR	2	139.43	0.0495
RSR	2	139.43	0.0495
RSR	2	140	0.0651
RSR	2	140.53	0.0863
RSR	2	141	0.0758
RSR	2	141.07	0.0742
RSR	2	141.07	0.0742
RSR	2	141.07	0.0742
RSR	2	142	0.0926
RSR	2	142.88	0.1027
RSR	2	142.88	0.1027
RSR	2	143	0.0964
RSR	2	144	0.0557
RSR	2	144.42	0.0445
RSR	2	144.78	0.0413
RSR	2	145	0.0298
RSR	2	145.32	0.021
RSR	2	145.32	0.021
RSR	2	146	0.1426
RSR	2	146.14	0.1845
RSR	2	146.14	0.1845
RSR	2	146.14	0.1845
RSR	2	147	0.2595
RSR	2	148	0.3517
RSR	2	148.55	0.4004
RSR	2	149	0.3973
RSR	2	150	0.3808
RSR	2	151	0.349
RSR	2	152	0.3034
RSR	2	153	0.2516
RSR	2	154	0.2041
RSR	2	154.02	0.2033
RSR	2	154.02	0.2033
RSR	2	154.56	0.1666
RSR	2	154.56	0.1666
RSR	2	154.83	0.183
RSR	2	155	0.2102
RSR	2	155.67	0.3239
RSR	2	156	0.3102
RSR	2	156.84	0.2722
RSR	2	157	0.2807
RSR	2	158	0.3289
RSR	2	158.32	0.3399
RSR	2	159	0.3472
RSR	2	159.79	0.3539
RSR	2	160	0.3249
RSR	2	160.39	0.2723
RSR	2	160.78	0.2682
RSR	2	160.78	0.2682
RSR	2	161	0.3156
RSR	2	161.73	0.4879
RSR	2	162	0.4682
RSR	2	162.81	0.4096
RSR	2	163	0.3568
RSR	2	163.3	0.2737
RSR	2	163.47	0.2857
RSR	2	164	0.3336
RSR	2	164.34	0.3671
RSR	2	165	0.342
RSR	2	165.88	0.3091
RSR	2	166	0.3177
RSR	2	167	0.3943
RSR	2	168	0.4786
RSR	2	169	0.5683
RSR	2	170	0.66
RSR	2	171	0.7503
RSR	2	171.74	0.8139
RSR	2	172	0.7792
RSR	2	173	0.6467
RSR	2	174	0.5197
RSR	2	175	0.4054
RSR	2	176	0.3104
RSR	2	177	0.2395
RSR	2	177.6	0.2094
RSR	2	178	0.1933
RSR	2	179	0.1564
RSR	2	180	0.1267
RSR	2	180.37	0.118
RSR	2	181	0.1251
RSR	2	181.76	0.1339
RSR	2	182	0.1411
RSR	2	182.75	0.1619
RSR	2	183	0.1714
RSR	2	183.36	0.1853
RSR	2	183.36	0.1853
RSR	2	183.36	0.1853
RSR	2	184	0.1409
RSR	2	185	0.0718
RSR	2	185.42	0.0485
RSR	2	185.42	0.0485
RSR	2	186	0.1193
RSR	2	186.64	0.2219
RSR	2	187	0.15
RSR	2	187.19	0.1205
RSR	2	187.19	0.1205
RSR	2	188	0.225
RSR	2	188.01	0.227
RSR	2	188.01	0.227
RSR	2	188.47	0.3384
RSR	2	188.78	0.3355
RSR	2	189	0.3321
RSR	2	189.65	0.3042
RSR	2	190	0.2571
RSR	2	191	0.1123
RSR	2	191.03	0.109
RSR	2	191.71	0.0966
RSR	2	192	0.1172
RSR	2	192.69	0.1728
RSR	2	193	0.1452
RSR	2	193.68	0.0888
RSR	2	194	0.0827
RSR	2	195	0.0655
RSR	2	196	0.0513
RSR	2	196.21	0.0489
RSR	2	197	0.0651
RSR	2	198	0.0955
RSR	2	199	0.1367
RSR	2	200	0.1876
RSR	2	201	0.2466
RSR	2	202	0.3114
RSR	2	203	0.3796
RSR	2	204	0.4492
RSR	2	204.23	0.4655
RSR	2	205	0.472
RSR	2	206	0.4791
RSR	2	207	0.4844
RSR	2	208	0.4877
RSR	2	209	0.4889
RSR	2	209.59	0.4887
RSR	2	210	0.4882
RSR	2	210.97	0.4855
RSR	2	211	0.4791
RSR	2	211.48	0.3669
RSR	2	211.48	0.3669
RSR	2	212	0.2597
RSR	2	212.25	0.2067
RSR	2	213	0.1932
RSR	2	214	0.1791
RSR	2	215	0.177
RSR	2	215.17	0.178
RSR	2	216	0.1743
RSR	2	217	0.1674
RSR	2	218	0.1578
RSR	2	218.7	0.1499
RSR	2	219	0.1413
RSR	2	219.99	0.1368
RSR	2	220	0.1364
RSR	2	221	0.0912
RSR	2	221.54	0.0762
RSR	2	222	0.0838
RSR	2	222.31	0.0888
RSR	2	223	0.1
RSR	2	224	0.1174
RSR	2	225	0.1357
RSR	2	225.96	0.1536
RSR	2	226	0.1515
RSR	2	227	0.11
RSR	2	228	0.0824
RSR	2	228.44	0.075
RSR	2	229	0.0848
RSR	2	230	0.1335
RSR	2	231	0.2342
RSR	2	231.5	0.3059
RSR	2	232	0.3113
RSR	2	233	0.3135
RSR	2	234	0.3043
RSR	2	235	0.286
RSR	2	236	0.2618
RSR	2	237	0.2346
RSR	2	237.74	0.2141
RSR	2	238	0.2048
RSR	2	239	0.168
RSR	2	240	0.1318
RSR	2	240.31	0.1215
RSR	2	240.62	0.1242
RSR	2	241	0.1444
RSR	2	242	0.2049
RSR	2	242.86	0.2629
RSR	2	243	0.2624
RSR	2	244	0.2581
RSR	2	244.56	0.2551
RSR	2	245	0.2533
RSR	2	245.2	0.2529
RSR	2	246	0.1881
RSR	2	246.13	0.1782
RSR	2	247	0.1002
RSR	2	248	0.0349
RSR	2	249	0.0109
RSR	2	250	0.0354
RSR	2	251	0.0995
RSR	2	251.18	0.1138
RSR	3	35	0.4364
RSR	3	36	0.352
RSR	3	37	0.2779
RSR	3	38	0.2163
RSR	3	38.27	0.2021
RSR	3	39	0.1895
RSR	3	40	0.172
RSR	3	41	0.1545
RSR	3	42	0.1372
RSR	3	43	0.1206
RSR	3	44	0.105
RSR	3	45	0.0907
RSR	3	46	0.0779
RSR	3	47	0.0669
RSR	3	48	0.0576
RSR	3	48.27	0.0554
RSR	3	49	0.0566
RSR	3	49.83	0.0557
RSR	3	50	0.052
RSR	3	51	0.0319
RSR	3	52	0.0166
RSR	3	53	0.0095
RSR	3	53.88	0.0109
RSR	3	54	0.0113
RSR	3	54.92	0.0173
RSR	3	55	0.0182
RSR	3	56	0.0318
RSR	3	57	0.0495
RSR	3	57.8	0.0661
RSR	3	58	0.0592
RSR	3	59	0.0321
RSR	3	59.24	0.0277
RSR	3	60	0.0383
RSR	3	60.87	0.0527
RSR	3	61	0.0561
RSR	3	61.51	0.0717
RSR	3	62	0.0634
RSR	3	63	0.0672
RSR	3	63.63	0.0835
RSR	3	64	0.0602
RSR	3	65	0.0147
RSR	3	65.18	0.0111
RSR	3	66	0.005
RSR	3	67	0.0012
RSR	3	68	0.0022
RSR	3	69	0.008
RSR	3	70	0.0185
RSR	3	71	0.033
RSR	3	71.8	0.0467
RSR	3	72	0.0437
RSR	3	73	0.0338
RSR	3	74	0.0342
RSR	3	74.83	0.043
RSR	3	75	0.0666
RSR	3	75.12	0.0851
RSR	3	76	0.0992
RSR	3	76.41	0.1067
RSR	3	76.41	0.1067
RSR	3	76.58	0.1109
RSR	3	76.58	0.1109
RSR	3	76.58	0.1109
RSR	3	76.58	0.1109
RSR	3	76.99	0.132
RSR	3	77	0.1318
RSR	3	77.4	0.1281
RSR	3	77.4	0.1281
RSR	3	77.4	0.1281
RSR	3	77.4	0.1281
RSR	3	77.4	0.1281
RSR	3	77.67	0.1521
RSR	3	77.67	0.1521
RSR	3	77.67	0.1521
RSR	3	77.67	0.1521
RSR	3	77.67	0.1521
RSR	3	77.67	0.1521
RSR	3	77.67	0.1521
RSR	3	78	0.1367
RSR	3	78.21	0.1269
RSR	3	78.21	0.1269
RSR	3	78.21	0.1269
RSR	3	78.5	0.1818
RSR	3	79	0.189
RSR	3	79.15	0.1913
RSR	3	79.15	0.1913
RSR	3	80	0.2831
RSR	3	80.59	0.3641
RSR	3	80.59	0.3641
RSR	3	81	0.3482
RSR	3	81.82	0.3031
RSR	3	82	0.2912
RSR	3	82.1	0.2847
RSR	3	82.1	0.2847
RSR	3	83	0.6377
RSR	3	83.26	0.7045
RSR	3	84	0.6792
RSR	3	84.14	0.6744
RSR	3	84.14	0.6744
RSR	3	84.7	0.6518
RSR	3	84.97	0.6387
RSR	3	84.97	0.6387
RSR	3	84.97	0.6387
RSR	3	85	0.6366
RSR	3	86	0.577
RSR	3	86.42	0.556
RSR	3	87	0.6989
RSR	3	88	0.9405
RSR	3	88.53	1.0588
RSR	3	89	0.9618
RSR	3	90	0.7605
RSR	3	91	0.5712
RSR	3	92	0.4034
RSR	3	93	0.2656
RSR	3	93.11	0.2527
RSR	3	94	0.2757
RSR	3	95	0.3027
RSR	3	96	0.3298
RSR	3	97	0.356
RSR	3	97.35	0.3648
RSR	3	98	0.3613
RSR	3	99	0.3538
RSR	3	100	0.3437
RSR	3	100.84	0.3336
RSR	3	101	0.3254
RSR	3	102	0.2746
RSR	3	102.6	0.2465
RSR	3	103	0.2821
RSR	3	103.79	0.311
RSR	3	104	0.3362
RSR	3	104.5	0.4083
RSR	3	105	0.3975
RSR	3	105.51	0.3872
RSR	3	106	0.4198
RSR	3	107	0.4708
RSR	3	107.55	0.4881
RSR	3	108	0.5532
RSR	3	109	0.6848
RSR	3	110	0.7925
RSR	3	111	0.8696
RSR	3	112	0.9082
RSR	3	112.09	0.9094
RSR	3	113	0.8139
RSR	3	114	0.7189
RSR	3	115	0.6375
RSR	3	115.54	0.5996
RSR	3	115.54	0.5996
RSR	3	116	0.6306
RSR	3	117	0.6951
RSR	3	117.23	0.7089
RSR	3	117.23	0.7089
RSR	3	118	0.8303
RSR	3	118.63	0.9253
RSR	3	119	0.945
RSR	3	120	0.9618
RSR	3	121	0.9132
RSR	3	121.37	0.8771
RSR	3	122	0.843
RSR	3	122.85	0.7967
RSR	3	122.85	0.7967
RSR	3	123	0.8193
RSR	3	123.9	0.9359
RSR	3	123.9	0.9359
RSR	3	124	0.9464
RSR	3	124.24	0.9715
RSR	3	124.24	0.9715
RSR	3	125	0.8198
RSR	3	125.06	0.8081
RSR	3	125.49	0.7857
RSR	3	125.49	0.7857
RSR	3	125.93	0.7907
RSR	3	126	0.8019
RSR	3	126.76	0.915
RSR	3	126.76	0.915
RSR	3	126.76	0.915
RSR	3	126.76	0.915
RSR	3	126.76	0.915
RSR	3	127	0.9143
RSR	3	127.13	0.914
RSR	3	127.13	0.914
RSR	3	127.51	0.9314
RSR	3	127.79	0.9341
RSR	3	128	0.9736
RSR	3	128.27	1.0214
RSR	3	128.27	1.0214
RSR	3	128.54	1.0312
RSR	3	128.54	1.0312
RSR	3	129	0.9913
RSR	3	129.08	0.9884
RSR	3	130	0.8381
RSR	3	130.76	0.6509
RSR	3	131	0.6158
RSR	3	131.75	0.5096
RSR	3	132	0.5066
RSR	3	132.15	0.505
RSR	3	133	0.4839
RSR	3	134	0.4658
RSR	3	134.73	0.458
RSR	3	135	0.496
RSR	3	136	0.6314
RSR	3	136.98	0.7491
RSR	3	137	0.7542
RSR	3	138	0.9789
RSR	3	139	1.2035
RSR	3	140	1.4156
RSR	3	140.06	1.4284
RSR	3	141	1.704
RSR	3	142	1.9448
RSR	3	142.72	2.0902
RSR	3	143	2.0705
RSR	3	144	1.9875
RSR	3	144.09	1.9792
RSR	3	145	2.1624
RSR	3	146	2.3345
RSR	3	146.82	2.4557
RSR	3	147	2.4506
RSR	3	148	2.3821
RSR	3	149	2.2525
RSR	3	150	2.0685
RSR	3	151	1.8338
RSR	3	152	1.5581
RSR	3	152.34	1.4603
RSR	3	153	1.5658
RSR	3	154	1.6736
RSR	3	155	1.7319
RSR	3	155.19	1.7381
RSR	3	156	1.739
RSR	3	156.66	1.7459
RSR	3	156.66	1.7459
RSR	3	157	1.7227
RSR	3	158	1.6533
RSR	3	158.72	1.6024
RSR	3	159	1.6471
RSR	3	159.7	1.7532
RSR	3	160	1.7359
RSR	3	160.06	1.7327
RSR	3	161	1.5351
RSR	3	161.54	1.4105
RSR	3	161.54	1.4105
RSR	3	162	1.3314
RSR	3	162.08	1.3135
RSR	3	162.08	1.3135
RSR	3	162.78	1.1977
RSR	3	163	1.2269
RSR	3	164	1.3588
RSR	3	165	1.4843
RSR	3	166	1.5972
RSR	3	166.62	1.6598
RSR	3	167	1.7169
RSR	3	168	1.8516
RSR	3	169	1.9625
RSR	3	170	2.0537
RSR	3	170.27	2.0756
RSR	3	171	2.0432
RSR	3	172	1.9877
RSR	3	173	1.9189
RSR	3	174	1.8363
RSR	3	175	1.7393
RSR	3	176	1.6277
RSR	3	177	1.5022
RSR	3	177.07	1.4936
RSR	3	178	1.3445
RSR	3	179	1.1705
RSR	3	180	0.9843
RSR	3	181	0.7975
RSR	3	181.68	0.6837
RSR	3	182	0.7046
RSR	3	182.12	0.712
RSR	3	183	0.8793
RSR	3	184	1.0547
RSR	3	185	1.2009
RSR	3	185.83	1.298
RSR	3	186	1.3001
RSR	3	187	1.3071
RSR	3	188	1.3047
RSR	3	189	1.2938
RSR	3	190	1.2761
RSR	3	191	1.2537
RSR	3	192	1.2289
RSR	3	193	1.2037
RSR	3	194	1.1791
RSR	3	195	1.1555
RSR	3	195.33	1.1479
RSR	3	196	1.0369
RSR	3	197	0.8576
RSR	3	198	0.6642
RSR	3	199	0.4735
RSR	3	199.9	0.3308
RSR	3	200	0.3248
RSR	3	201	0.2722
RSR	3	201.85	0.2406
RSR	3	202	0.2738
RSR	3	202.15	0.312
RSR	3	203	0.3124
RSR	3	204	0.328
RSR	3	204.52	0.3432
RSR	3	205	0.3384
RSR	3	206	0.3278
RSR	3	207	0.3166
RSR	3	208	0.3048
RSR	3	209	0.2927
RSR	3	209.45	0.2871
RSR	4	0	0.4457
RSR	4	1	0.4046
RSR	4	2	0.3768
RSR	4	3	0.3642
RSR	4	3.56	0.364
RSR	4	4	0.3977
RSR	4	5	0.4713
RSR	4	6	0.5342
RSR	4	6.19	0.5446
RSR	4	7	0.5023
RSR	4	7.3	0.4874
RSR	4	8	0.4773
RSR	4	9	0.4874
RSR	4	10	0.5281
RSR	4	10.24	0.5426
RSR	4	11	0.5383
RSR	4	12	0.5301
RSR	4	13	0.5183
RSR	4	14	0.5025
RSR	4	14.31	0.4968
RSR	4	15	0.4737
RSR	4	16	0.44
RSR	4	17	0.3991
RSR	4	17.8	0.3587
RSR	4	18	0.3425
RSR	4	19	0.2717
RSR	4	19.19	0.2609
RSR	4	20	0.2803
RSR	4	21	0.3024
RSR	4	22	0.3187
RSR	4	23	0.3245
RSR	4	24	0.316
RSR	4	24.7	0.301
RSR	4	25	0.266
RSR	4	26	0.1636
RSR	4	27	0.0935
RSR	4	27.43	0.0743
RSR	4	28	0.0669
RSR	4	29	0.0538
RSR	4	30	0.0412
RSR	4	31	0.03
RSR	4	32	0.0211
RSR	4	32.37	0.0184
RSR	4	33	0.0171
RSR	4	34	0.0232
RSR	4	35	0.0392
RSR	4	36	0.063
RSR	4	36.03	0.0639
RSR	4	36.14	0.0625
RSR	4	37	0.0429
RSR	4	37.95	0.0276
RSR	4	38	0.0298
RSR	4	39	0.103
RSR	4	40	0.2094
RSR	4	40.63	0.2779
RSR	4	41	0.2898
RSR	4	42	0.3244
RSR	4	43	0.3623
RSR	4	44	0.4028
RSR	4	45	0.4445
RSR	4	46	0.4862
RSR	4	47	0.5264
RSR	4	48	0.5635
RSR	4	49	0.5963
RSR	4	50	0.624
RSR	4	50.67	0.6393
RSR	4	51	0.6295
RSR	4	52	0.5907
RSR	4	52.72	0.5543
RSR	4	53	0.5248
RSR	4	54	0.4137
RSR	4	55	0.2999
RSR	4	56	0.1946
RSR	4	57	0.1134
RSR	4	58	0.0665
RSR	4	58.2	0.0611
RSR	4	58.56	0.053
RSR	4	59	0.0459
RSR	4	60	0.0364
RSR	4	61	0.037
RSR	4	61.54	0.0406
RSR	4	62	0.0422
RSR	4	63	0.051
RSR	4	63.21	0.0537
RSR	4	63.78	0.1096
RSR	4	63.78	0.1096
RSR	4	64	0.1385
RSR	4	64.13	0.1576
RSR	4	65	0.3006
RSR	4	65.65	0.386
RSR	4	65.98	0.3593
RSR	4	65.98	0.3593
RSR	4	66	0.364
RSR	4	66.25	0.4107
RSR	4	66.25	0.4107
RSR	4	66.25	0.4107
RSR	4	66.52	0.5
RSR	4	66.79	0.3291
RSR	4	67	0.456
RSR	4	67.07	0.4971
RSR	4	67.07	0.4971
RSR	4	67.07	0.4971
RSR	4	67.62	0.5362
RSR	4	67.91	0.55
RSR	4	68	0.5763
RSR	4	68.37	0.6808
RSR	4	68.37	0.6808
RSR	4	68.83	0.4751
RSR	4	69	0.4637
RSR	4	69.92	0.4145
RSR	4	69.92	0.4145
RSR	4	69.92	0.4145
RSR	4	70	0.4354
RSR	4	70.44	0.5356
RSR	4	70.71	0.4231
RSR	4	70.71	0.4231
RSR	4	71	0.3769
RSR	4	71.53	0.2969
RSR	4	72	0.2466
RSR	4	72.17	0.2283
RSR	4	73	0.2081
RSR	4	73.14	0.205
RSR	4	74	0.286
RSR	4	74.8	0.3715
RSR	4	75	0.3671
RSR	4	76	0.4162
RSR	4	76.16	0.433
RSR	4	77	0.2247
RSR	4	77.53	0.1218
RSR	4	78	0.1323
RSR	4	79	0.1484
RSR	4	79.22	0.1505
RSR	4	79.6	0.1566
RSR	4	80	0.1497
RSR	4	81	0.1304
RSR	4	81.55	0.1191
RSR	4	81.55	0.1191
RSR	4	82	0.0918
RSR	4	83	0.0461
RSR	4	83.79	0.0302
RSR	4	84	0.0244
RSR	4	84.95	0.0335
RSR	4	85	0.0333
RSR	4	85.58	0.031
RSR	4	86	0.0313
RSR	4	86.16	0.0314
RSR	4	87	0.0427
RSR	4	88	0.0743
RSR	4	89	0.123
RSR	4	89.02	0.1243
RSR	4	89.02	0.1243
RSR	4	89.02	0.1243
RSR	4	89.31	0.0373
RSR	4	89.31	0.0373
RSR	4	90	0.0311
RSR	4	90.1	0.0304
RSR	4	91	0.0207
RSR	4	92	0.0115
RSR	4	92.86	0.0056
RSR	4	93	0.0072
RSR	4	94	0.0266
RSR	4	95	0.0643
RSR	4	96	0.1233
RSR	4	97	0.205
RSR	4	98	0.3083
RSR	4	99	0.4298
RSR	4	100	0.5649
RSR	4	101	0.7089
RSR	4	102	0.8574
RSR	4	103	1.0066
RSR	4	103.37	1.062
RSR	4	104	0.9651
RSR	4	104.74	0.8461
RSR	4	105	0.8479
RSR	4	105.04	0.8482
RSR	4	105.32	0.79
RSR	4	106	1.1651
RSR	4	106.19	1.2549
RSR	4	107	0.7586
RSR	4	107.06	0.7112
RSR	4	108	0.7854
RSR	4	108.51	0.8223
RSR	4	108.84	0.722
RSR	4	109	0.6165
RSR	4	109.12	0.5266
RSR	4	109.45	0.448
RSR	4	110	0.7402
RSR	4	111	1.1911
RSR	4	111.05	1.2109
RSR	4	112	1.1788
RSR	4	113	1.14
RSR	4	113.62	1.1132
RSR	4	114	1.1792
RSR	4	114.3	1.2272
RSR	4	115	1.1827
RSR	4	115.47	1.1064
RSR	4	115.47	1.1064
RSR	4	115.47	1.1064
RSR	4	116	1.2429
RSR	4	117	1.4607
RSR	4	117.16	1.4907
RSR	4	118	1.3513
RSR	4	118.89	1.1988
RSR	4	119	1.2078
RSR	4	120	1.263
RSR	4	121	1.2486
RSR	4	122	1.1236
RSR	4	122.03	1.1183
RSR	4	122.52	0.9568
RSR	4	123	0.6441
RSR	4	123.11	0.5686
RSR	4	123.6	0.4765
RSR	4	124	0.4123
RSR	4	124.14	0.3918
RSR	4	124.14	0.3918
RSR	4	125	0.4199
RSR	4	126	0.45
RSR	4	126.01	0.4503
RSR	4	126.01	0.4503
RSR	4	127	0.4761
RSR	4	128	0.4883
RSR	4	128.3	0.4894
RSR	4	128.7	0.4675
RSR	4	129	0.5195
RSR	4	129.16	0.5467
RSR	4	129.9	0.6469
RSR	4	129.9	0.6469
RSR	4	129.9	0.6469
RSR	4	130	0.6293
RSR	4	130.89	0.4696
RSR	4	130.89	0.4696
RSR	4	131	0.4888
RSR	4	131.34	0.5485
RSR	4	131.62	0.4873
RSR	4	132	0.4314
RSR	4	132.09	0.4147
RSR	4	132.43	0.3947
RSR	4	132.9	0.346
RSR	4	133	0.3431
RSR	4	134	0.3136
RSR	4	135	0.2816
RSR	4	136	0.2479
RSR	4	136.48	0.2316
RSR	4	137	0.2194
RSR	4	138	0.2037
RSR	4	138.65	0.1992
RSR	4	139	0.2585
RSR	4	139.89	0.4263
RSR	4	140	0.4302
RSR	4	141	0.4737
RSR	4	141.37	0.4931
RSR	4	142	0.4198
RSR	4	142.82	0.3161
RSR	4	143	0.3344
RSR	4	144	0.4633
RSR	4	144.4	0.5237
RSR	4	145	0.4987
RSR	4	146	0.455
RSR	4	147	0.4123
RSR	4	148	0.3779
RSR	4	148.99	0.3602
RSR	4	149	0.3592
RSR	4	150	0.2856
RSR	4	151	0.2217
RSR	4	152	0.1765
RSR	4	153	0.1536
RSR	4	153.56	0.1491
RSR	4	154	0.1476
RSR	4	155	0.1625
RSR	4	155.07	0.1643
RSR	4	156	0.1212
RSR	4	156.17	0.1136
RSR	4	157	0.0391
RSR	4	158	0.0713
RSR	4	158.69	0.1701
RSR	4	159	0.1398
RSR	4	160	0.0686
RSR	4	161	0.0519
RSR	4	161.23	0.056
RSR	4	162	0.0372
RSR	4	162.16	0.0347
RSR	4	163	0.0302
RSR	4	164	0.025
RSR	4	165	0.02
RSR	4	166	0.0153
RSR	4	167	0.0111
RSR	4	168	0.0074
RSR	4	169	0.0045
RSR	4	170	0.0023
RSR	4	170.81	0.0011
RSR	4	171	0.0036
RSR	4	171.93	0.0806
RSR	4	172	0.0768
RSR	4	173	0.0293
RSR	4	173.99	0.0039
RSR	5	0	0.6676
RSR	5	1	0.8652
RSR	5	1.51	0.9601
RSR	5	2	0.9706
RSR	5	3	0.987
RSR	5	3.12	0.9878
RSR	5	4	1.0509
RSR	5	5	1.1015
RSR	5	5.71	1.1243
RSR	5	5.98	1.0932
RSR	5	6	1.086
RSR	5	6.29	1.0005
RSR	5	7	0.998
RSR	5	8	0.9748
RSR	5	9	0.9249
RSR	5	10	0.8457
RSR	5	11	0.7379
RSR	5	11.58	0.6659
RSR	5	12	0.6668
RSR	5	13	0.669
RSR	5	14	0.671
RSR	5	15	0.6729
RSR	5	16	0.6744
RSR	5	17	0.6756
RSR	5	18	0.6762
RSR	5	19	0.6762
RSR	5	20	0.6753
RSR	5	21	0.6733
RSR	5	22	0.6702
RSR	5	23	0.6657
RSR	5	24	0.6599
RSR	5	25	0.6525
RSR	5	26	0.6437
RSR	5	27	0.6334
RSR	5	28	0.622
RSR	5	29	0.6095
RSR	5	29.76	0.5995
RSR	5	30	0.5898
RSR	5	31	0.5486
RSR	5	32	0.5065
RSR	5	33	0.4646
RSR	5	34	0.4237
RSR	5	35	0.3845
RSR	5	35.92	0.3505
RSR	5	36	0.3581
RSR	5	37	0.4525
RSR	5	38	0.5512
RSR	5	38.26	0.5771
RSR	5	39	0.5657
RSR	5	40	0.5485
RSR	5	41	0.5295
RSR	5	42	0.5091
RSR	5	43	0.4875
RSR	5	44	0.4652
RSR	5	45	0.4425
RSR	5	46	0.4197
RSR	5	47	0.397
RSR	5	48	0.3746
RSR	5	49	0.3528
RSR	5	50	0.3315
RSR	5	51	0.3107
RSR	5	52	0.2905
RSR	5	53	0.2708
RSR	5	54	0.2516
RSR	5	55	0.2329
RSR	5	56	0.2146
RSR	5	57	0.1969
RSR	5	58	0.1798
RSR	5	58.7	0.1682
RSR	5	59	0.1515
RSR	5	60	0.099
RSR	5	61	0.0552
RSR	5	61.5	0.038
RSR	5	62	0.0452
RSR	5	63	0.0633
RSR	5	64	0.0851
RSR	5	64.37	0.0936
RSR	5	65	0.0917
RSR	5	66	0.0896
RSR	5	67	0.0879
RSR	5	68	0.0856
RSR	5	69	0.0824
RSR	5	69.71	0.0796
RSR	5	70	0.0887
RSR	5	71	0.125
RSR	5	72	0.1658
RSR	5	72.76	0.1965
RSR	5	73	0.1974
RSR	5	74	0.2116
RSR	5	75	0.237
RSR	5	75.86	0.2611
RSR	5	76	0.2543
RSR	5	77	0.2061
RSR	5	77.55	0.1804
RSR	5	78	0.1808
RSR	5	78.54	0.1815
RSR	5	79	0.2434
RSR	5	79.01	0.2449
RSR	5	79.54	0.2368
RSR	5	80	0.2558
RSR	5	81	0.2976
RSR	5	82	0.3383
RSR	5	83	0.3761
RSR	5	83.29	0.3862
RSR	5	84	0.293
RSR	5	84.32	0.2539
RSR	5	84.4	0.2558
RSR	5	84.4	0.2558
RSR	5	84.84	0.3182
RSR	5	84.84	0.3182
RSR	5	85	0.3043
RSR	5	85.5	0.2612
RSR	5	85.8	0.3173
RSR	5	85.8	0.3173
RSR	5	86	0.3117
RSR	5	86.07	0.3097
RSR	5	86.35	0.3745
RSR	5	86.35	0.3745
RSR	5	86.35	0.3745
RSR	5	86.35	0.3745
RSR	5	86.35	0.3745
RSR	5	86.35	0.3745
RSR	5	86.35	0.3745
RSR	5	87	0.3999
RSR	5	88	0.4397
RSR	5	88.03	0.441
RSR	5	88.39	0.4022
RSR	5	88.6	0.406
RSR	5	88.6	0.406
RSR	5	88.6	0.406
RSR	5	88.6	0.406
RSR	5	88.6	0.406
RSR	5	88.6	0.406
RSR	5	89	0.5369
RSR	5	89.7	0.7548
RSR	5	89.7	0.7548
RSR	5	89.7	0.7548
RSR	5	90	0.6199
RSR	5	90.25	0.4983
RSR	5	90.25	0.4983
RSR	5	90.25	0.4983
RSR	5	90.25	0.4983
RSR	5	90.25	0.4983
RSR	5	91	0.4715
RSR	5	92	0.4379
RSR	5	93	0.4108
RSR	5	94	0.3951
RSR	5	95	0.3955
RSR	5	95.42	0.4011
RSR	5	96	0.3866
RSR	5	97	0.3704
RSR	5	98	0.3645
RSR	5	99	0.3666
RSR	5	100	0.3738
RSR	5	100.29	0.3764
RSR	5	101	0.4475
RSR	5	101.97	0.5428
RSR	5	102	0.5434
RSR	5	103	0.5561
RSR	5	104	0.5562
RSR	5	105	0.5475
RSR	5	105.37	0.5428
RSR	5	105.37	0.5428
RSR	5	105.37	0.5428
RSR	5	105.37	0.5428
RSR	5	105.64	0.5417
RSR	5	105.93	0.5504
RSR	5	105.93	0.5504
RSR	5	106	0.5511
RSR	5	107	0.5575
RSR	5	108	0.5579
RSR	5	109	0.5523
RSR	5	110	0.5412
RSR	5	110.49	0.534
RSR	5	110.49	0.534
RSR	5	110.75	0.5307
RSR	5	111	0.4557
RSR	5	111.29	0.3711
RSR	5	112	0.3386
RSR	5	112.95	0.2919
RSR	5	113	0.2929
RSR	5	114	0.2779
RSR	5	114.32	0.2595
RSR	5	114.76	0.1722
RSR	5	114.76	0.1722
RSR	5	115	0.1905
RSR	5	115.23	0.2081
RSR	5	115.23	0.2081
RSR	5	116	0.1773
RSR	5	117	0.1546
RSR	5	117.19	0.1523
RSR	5	118	0.1139
RSR	5	118.04	0.1122
RSR	5	119	0.1168
RSR	5	120	0.126
RSR	5	120.2	0.128
RSR	5	121	0.1841
RSR	5	122	0.2649
RSR	5	122.3	0.2911
RSR	5	122.3	0.2911
RSR	5	123	0.2491
RSR	5	124	0.1847
RSR	5	125	0.1221
RSR	5	125.33	0.1035
RSR	5	126	0.0896
RSR	5	126.65	0.0768
RSR	5	127	0.0648
RSR	5	127.55	0.0586
RSR	5	128	0.0589
RSR	5	128.12	0.0591
RSR	5	129	0.0587
RSR	5	130	0.0712
RSR	5	131	0.0952
RSR	5	131.25	0.1025
RSR	5	131.25	0.1025
RSR	5	131.25	0.1025
RSR	5	131.25	0.1025
RSR	5	131.25	0.1025
RSR	5	131.7	0.1864
RSR	5	132	0.2135
RSR	5	132.14	0.2263
RSR	5	132.58	0.2473
RSR	5	133	0.3175
RSR	5	133.92	0.3878
RSR	5	134	0.4111
RSR	5	134.59	0.5687
RSR	5	134.78	0.6239
RSR	5	135	0.6313
RSR	5	136	0.6625
RSR	5	136.29	0.6701
RSR	5	137	0.5572
RSR	5	138	0.3607
RSR	5	138.42	0.2731
RSR	5	139	0.264
RSR	5	139.69	0.2539
RSR	5	140	0.2917
RSR	5	141	0.4429
RSR	5	141.37	0.5036
RSR	5	142	0.3771
RSR	5	143	0.1951
RSR	5	143.71	0.1129
RSR	5	144	0.1178
RSR	5	144.84	0.1372
RSR	5	145	0.1115
RSR	5	145.42	0.0552
RSR	5	146	0.043
RSR	5	147	0.0396
RSR	5	147.29	0.0438
RSR	5	148	0.0265
RSR	5	148.98	0.0116
RSR	5	149	0.0117
RSR	5	150	0.0165
RSR	5	151	0.0246
RSR	5	152	0.0349
RSR	5	153	0.0458
RSR	5	153.49	0.051
RSR	5	154	0.0599
RSR	5	155	0.0692
RSR	5	156	0.0667
RSR	5	156.83	0.0587
RSR	5	157	0.0645
RSR	5	158	0.1036
RSR	5	159	0.151
RSR	5	160	0.2051
RSR	5	161	0.2643
RSR	5	161.51	0.2959
RSR	5	161.51	0.2959
RSR	5	162	0.2779
RSR	5	162.7	0.2517
RSR	5	163	0.2671
RSR	5	163.59	0.3007
RSR	5	164	0.2952
RSR	5	165	0.2835
RSR	5	166	0.2734
RSR	5	166.22	0.2712
RSR	5	167	0.2425
RSR	5	167.65	0.2142
RSR	5	168	0.1922
RSR	5	169	0.1309
RSR	5	169.72	0.0919
RSR	5	170	0.1233
RSR	5	170.63	0.2143
RSR	5	171	0.2873
RSR	5	172	0.5242
RSR	5	173	0.7565
RSR	5	173.95	0.9467
RSR	5	174	0.9558
RSR	5	175	1.1041
RSR	5	176	1.2021
RSR	5	176.63	1.2402
RSR	5	177	1.2902
RSR	5	178	1.4249
RSR	5	179	1.5558
RSR	5	180	1.6819
RSR	5	181	1.8024
RSR	5	182	1.9163
RSR	5	182.05	1.9218
RSR	5	183	1.9774
RSR	5	184	1.9993
RSR	5	185	1.9901
RSR	5	186	1.9558
RSR	5	187	1.9011
RSR	5	187.55	1.8639
RSR	5	188	1.8356
RSR	5	189	1.7682
RSR	5	189.86	1.7036
RSR	5	189.86	1.7036
RSR	5	190	1.6898
RSR	5	191	1.5866
RSR	5	192	1.4788
RSR	5	192.91	1.3797
RSR	6	5	0.3022
RSR	6	6	0.2987
RSR	6	7	0.2959
RSR	6	8	0.2933
RSR	6	8	0.2929
RSR	6	8.67	0.1791
RSR	6	9	0.1868
RSR	6	9.86	0.2056
RSR	6	9.86	0.2056
RSR	6	9.86	0.2056
RSR	6	9.86	0.2056
RSR	6	9.86	0.2056
RSR	6	10	0.2212
RSR	6	10.69	0.339
RSR	6	11	0.3473
RSR	6	11.21	0.3547
RSR	6	11.21	0.3547
RSR	6	12	0.4094
RSR	6	13	0.4711
RSR	6	13.54	0.5003
RSR	6	14	0.4678
RSR	6	15	0.3939
RSR	6	15.94	0.3248
RSR	6	16	0.3243
RSR	6	17	0.3236
RSR	6	17.79	0.331
RSR	6	18	0.3547
RSR	6	18.84	0.455
RSR	6	19	0.4503
RSR	6	20	0.4211
RSR	6	21	0.393
RSR	6	21.19	0.3878
RSR	6	22	0.4206
RSR	6	23	0.4587
RSR	6	24	0.4903
RSR	6	25	0.5116
RSR	6	25.89	0.5198
RSR	6	26	0.526
RSR	6	27	0.5869
RSR	6	28	0.654
RSR	6	28.92	0.7165
RSR	6	29	0.7128
RSR	6	30	0.6174
RSR	6	30.84	0.4458
RSR	6	30.84	0.4458
RSR	6	31	0.4172
RSR	6	31.31	0.3628
RSR	6	32	0.3457
RSR	6	33	0.3352
RSR	6	33.01	0.3351
RSR	6	34	0.3726
RSR	6	34.25	0.3941
RSR	6	34.56	0.4662
RSR	6	35	0.4872
RSR	6	36	0.5238
RSR	6	37	0.5459
RSR	6	37.93	0.5571
RSR	6	38	0.5487
RSR	6	39	0.4304
RSR	6	39.43	0.38
RSR	6	40	0.4819
RSR	6	40.67	0.5882
RSR	6	41	0.5891
RSR	6	41.23	0.5898
RSR	6	41.78	0.6164
RSR	6	41.78	0.6164
RSR	6	42	0.6314
RSR	6	42.88	0.6945
RSR	6	43	0.6952
RSR	6	44	0.7024
RSR	6	45	0.715
RSR	6	45.16	0.7177
RSR	6	46	0.7309
RSR	6	46.17	0.7338
RSR	6	47	0.825
RSR	6	47.13	0.8345
RSR	6	47.4	0.9277
RSR	6	47.96	1.0235
RSR	6	48	1.0233
RSR	6	49	1.0066
RSR	6	50	0.9628
RSR	6	51	0.8881
RSR	6	52	0.7826
RSR	6	52.13	0.767
RSR	6	53	0.7434
RSR	6	54	0.7127
RSR	6	55	0.6789
RSR	6	56	0.6427
RSR	6	57	0.6047
RSR	6	58	0.5657
RSR	6	59	0.5265
RSR	6	60	0.4879
RSR	6	60.95	0.4523
RSR	6	61	0.4517
RSR	6	61.62	0.444
RSR	6	62	0.469
RSR	6	62.58	0.4999
RSR	6	62.58	0.4999
RSR	6	62.86	0.6211
RSR	6	63	0.6259
RSR	6	63.76	0.6529
RSR	6	64	0.6288
RSR	6	64.04	0.6257
RSR	6	65	0.5901
RSR	6	65.84	0.5557
RSR	6	65.84	0.5557
RSR	6	66	0.5536
RSR	6	67	0.5475
RSR	6	67	0.5476
RSR	6	68	0.569
RSR	6	69	0.6344
RSR	6	70	0.7399
RSR	6	71	0.8673
RSR	6	72	1.0015
RSR	6	72.06	1.0095
RSR	6	72.48	1.014
RSR	6	73	0.9236
RSR	6	73.89	0.7464
RSR	6	73.89	0.7464
RSR	6	73.89	0.7464
RSR	6	73.89	0.7464
RSR	6	74	0.7315
RSR	6	74.72	0.6311
RSR	6	75	0.6207
RSR	6	75.86	0.5861
RSR	6	76	0.6162
RSR	6	76.15	0.6478
RSR	6	76.43	0.6516
RSR	6	76.99	0.7019
RSR	6	77	0.7029
RSR	6	77.31	0.7428
RSR	6	77.31	0.7428
RSR	6	78	0.7303
RSR	6	79	0.7028
RSR	6	80	0.6644
RSR	6	81	0.6164
RSR	6	81.1	0.6112
RSR	6	82	0.5156
RSR	6	82.93	0.4139
RSR	6	83	0.4089
RSR	6	84	0.3395
RSR	6	85	0.2739
RSR	6	86	0.2173
RSR	6	87	0.1752
RSR	6	88	0.151
RSR	6	88.38	0.1463
RSR	6	89	0.154
RSR	6	90	0.1681
RSR	6	91	0.1839
RSR	6	92	0.2005
RSR	6	93	0.2172
RSR	6	93.32	0.2224
RSR	6	94	0.1971
RSR	6	95	0.1624
RSR	6	96	0.1308
RSR	6	97	0.103
RSR	6	98	0.0797
RSR	6	99	0.0615
RSR	6	100	0.0488
RSR	6	101	0.0418
RSR	6	101.54	0.0403
RSR	6	102	0.0416
RSR	6	103	0.045
RSR	6	104	0.0485
RSR	6	105	0.0517
RSR	6	106	0.0546
RSR	6	106.91	0.0569
RSR	6	107	0.0575
RSR	6	108	0.0644
RSR	6	109	0.0722
RSR	6	110	0.0806
RSR	6	111	0.0894
RSR	6	111.17	0.091
RSR	6	112	0.1161
RSR	6	113	0.1854
RSR	6	113.86	0.2731
RSR	6	114	0.2747
RSR	6	114.87	0.2871
RSR	6	115	0.2827
RSR	6	116	0.2511
RSR	6	117	0.222
RSR	6	118	0.1961
RSR	6	118.61	0.1821
RSR	6	119	0.19
RSR	6	120	0.2158
RSR	6	121	0.2518
RSR	6	121.47	0.2725
RSR	6	121.71	0.2738
RSR	6	121.9	0.287
RSR	6	122	0.2918
RSR	6	123	0.3383
RSR	6	123.24	0.3496
RSR	6	124	0.3239
RSR	6	124.71	0.2981
RSR	6	125	0.3001
RSR	6	126	0.3073
RSR	6	127	0.3149
RSR	6	128	0.3232
RSR	6	129	0.3322
RSR	6	130	0.3422
RSR	6	131	0.3533
RSR	6	132	0.3656
RSR	6	133	0.3789
RSR	6	134	0.3931
RSR	6	135	0.4079
RSR	6	136	0.4229
RSR	6	137	0.4378
RSR	6	138	0.4521
RSR	6	139	0.4656
RSR	6	140	0.478
RSR	6	141	0.4891
RSR	6	141.54	0.4945
RSR	6	142	0.515
RSR	6	143	0.556
RSR	6	144	0.5904
RSR	6	145	0.616
RSR	6	145.43	0.6238
RSR	7	0	0.5971
RSR	7	1	0.6735
RSR	7	2	0.7508
RSR	7	2.79	0.811
RSR	7	3	0.8091
RSR	7	4	0.797
RSR	7	5	0.7803
RSR	7	6	0.7588
RSR	7	7	0.733
RSR	7	8	0.7032
RSR	7	8.17	0.6978
RSR	7	9	0.6235
RSR	7	10	0.5407
RSR	7	11	0.4669
RSR	7	12	0.403
RSR	7	12.34	0.3835
RSR	7	13	0.3466
RSR	7	14	0.297
RSR	7	15	0.2578
RSR	7	16	0.2315
RSR	7	17	0.2187
RSR	7	18	0.2184
RSR	7	18.43	0.2214
RSR	7	19	0.2573
RSR	7	20	0.3301
RSR	7	21	0.4139
RSR	7	22	0.5066
RSR	7	23	0.6054
RSR	7	24	0.707
RSR	7	25	0.8083
RSR	7	26	0.9065
RSR	7	27	0.9994
RSR	7	28	1.0857
RSR	7	28.29	1.1092
RSR	7	29	1.1097
RSR	7	30	1.0821
RSR	7	31	1.0392
RSR	7	31.36	1.0249
RSR	7	32	1.0858
RSR	7	33	1.1778
RSR	7	34	1.2633
RSR	7	35	1.3401
RSR	7	36	1.407
RSR	7	37	1.4633
RSR	7	38	1.5092
RSR	7	39	1.5449
RSR	7	39.25	1.5523
RSR	7	40	1.3779
RSR	7	41	1.1468
RSR	7	42	0.9248
RSR	7	42.23	0.8762
RSR	7	43	0.9572
RSR	7	44	1.063
RSR	7	45	1.1662
RSR	7	46	1.2638
RSR	7	47	1.3536
RSR	7	48	1.4337
RSR	7	49	1.5021
RSR	7	49.22	1.5153
RSR	7	50	1.4123
RSR	7	51	1.2731
RSR	7	52	1.1297
RSR	7	53	0.9877
RSR	7	54	0.8523
RSR	7	55	0.728
RSR	7	55.22	0.7022
RSR	7	56	0.7024
RSR	7	57	0.6896
RSR	7	58	0.6595
RSR	7	58.73	0.6258
RSR	7	59	0.6142
RSR	7	59.86	0.583
RSR	7	60	0.5717
RSR	7	60.67	0.5154
RSR	7	60.67	0.5154
RSR	7	61	0.557
RSR	7	62	0.6795
RSR	7	62.21	0.7043
RSR	7	62.21	0.7043
RSR	7	63	0.6871
RSR	7	64	0.5713
RSR	7	64.02	0.5679
RSR	7	64.02	0.5679
RSR	7	64.02	0.5679
RSR	7	64.02	0.5679
RSR	7	64.02	0.5679
RSR	7	64.84	0.169
RSR	7	64.84	0.169
RSR	7	64.84	0.169
RSR	7	64.84	0.169
RSR	7	64.84	0.169
RSR	7	65	0.2052
RSR	7	65.65	0.3592
RSR	7	65.65	0.3592
RSR	7	66	0.3154
RSR	7	67	0.2023
RSR	7	67.02	0.1999
RSR	7	68	0.174
RSR	7	69	0.1489
RSR	7	69.05	0.1477
RSR	7	70	0.1048
RSR	7	70.32	0.0921
RSR	7	71	0.1115
RSR	7	71.62	0.128
RSR	7	72	0.1329
RSR	7	72.2	0.1371
RSR	7	73	0.0839
RSR	7	74	0.0713
RSR	7	75	0.1311
RSR	7	75.89	0.2359
RSR	7	76	0.2502
RSR	7	76.17	0.2725
RSR	7	76.17	0.2725
RSR	7	77	0.3022
RSR	7	78	0.3104
RSR	7	79	0.2897
RSR	7	79.3	0.2783
RSR	7	80	0.2713
RSR	7	81	0.2608
RSR	7	82	0.2496
RSR	7	83	0.2388
RSR	7	84	0.2309
RSR	7	84.06	0.2306
RSR	7	85	0.2429
RSR	7	86	0.2547
RSR	7	87	0.265
RSR	7	88	0.2733
RSR	7	89	0.2794
RSR	7	90	0.2832
RSR	7	91	0.2846
RSR	7	91.59	0.2845
RSR	7	92	0.2712
RSR	7	92.66	0.257
RSR	7	93	0.2773
RSR	7	94	0.3376
RSR	7	95	0.3957
RSR	7	96	0.4485
RSR	7	97	0.4945
RSR	7	97.21	0.5034
RSR	7	98	0.757
RSR	7	99	1.1189
RSR	7	100	1.432
RSR	7	101	1.6772
RSR	7	102	1.8627
RSR	7	103	1.9969
RSR	7	103.28	2.0262
RSR	7	104	1.9865
RSR	7	105	1.9207
RSR	7	105.85	1.8532
RSR	7	106	1.8327
RSR	7	107	1.6829
RSR	7	108	1.518
RSR	7	108.57	1.4171
RSR	7	109	1.4266
RSR	7	109.07	1.4281
RSR	7	110	1.4894
RSR	7	111	1.5078
RSR	7	111.99	1.4738
RSR	7	112	1.4713
RSR	7	113	1.2658
RSR	7	113.83	1.0575
RSR	7	114	1.0595
RSR	7	114.5	1.0689
RSR	7	114.84	1.1195
RSR	7	115	1.1072
RSR	7	115.98	1.083
RSR	7	116	1.0857
RSR	7	116.06	1.092
RSR	7	116.34	1.0063
RSR	7	116.99	1.1569
RSR	7	117	1.157
RSR	7	117.26	1.1589
RSR	7	117.26	1.1589
RSR	7	117.34	1.2316
RSR	7	117.62	1.2668
RSR	7	118	1.2252
RSR	7	118.25	1.1957
RSR	7	118.25	1.1957
RSR	7	119	1.1143
RSR	7	119.63	1.0571
RSR	7	119.63	1.0571
RSR	7	120	1.0488
RSR	7	120.35	1.0397
RSR	7	121	1.0741
RSR	7	121.2	1.0856
RSR	7	121.71	1.2763
RSR	7	122	1.2332
RSR	7	123	1.0791
RSR	7	123.45	1.0082
RSR	7	124	1.1876
RSR	7	125	1.4996
RSR	7	125.16	1.546
RSR	7	125.56	1.4339
RSR	7	126	1.6209
RSR	7	126.5	1.7929
RSR	7	127	1.7801
RSR	7	128	1.7722
RSR	7	129	1.7746
RSR	7	129.46	1.7748
RSR	7	130	1.759
RSR	7	131	1.7268
RSR	7	132	1.6886
RSR	7	132.22	1.6793
RSR	7	133	1.6222
RSR	7	134	1.5124
RSR	7	134.79	1.4091
RSR	7	135	1.3979
RSR	7	135.12	1.3914
RSR	7	136	1.4657
RSR	7	137	1.5253
RSR	7	137.03	1.527
RSR	7	138	1.466
RSR	7	139	1.3868
RSR	7	140	1.2919
RSR	7	141	1.1857
RSR	7	141.24	1.1593
RSR	7	141.24	1.1593
RSR	7	142	1.09
RSR	7	142.68	1.0221
RSR	7	143	1.0889
RSR	7	144	1.2846
RSR	7	144.15	1.3105
RSR	7	145	1.1965
RSR	7	146	1.0644
RSR	7	146.68	0.9785
RSR	7	147	0.9942
RSR	7	148	1.0489
RSR	7	149	1.1101
RSR	7	149.82	1.1641
RSR	7	150	1.1615
RSR	7	151	1.1434
RSR	7	152	1.118
RSR	7	153	1.0852
RSR	7	154	1.0452
RSR	7	155	0.9986
RSR	7	156	0.9462
RSR	7	157	0.8893
RSR	7	158	0.8291
RSR	7	159	0.7672
RSR	7	160	0.7053
RSR	7	161	0.6447
RSR	7	161.82	0.5969
RSR	7	162	0.6058
RSR	7	163	0.6553
RSR	7	164	0.7016
RSR	7	165	0.7432
RSR	7	165.79	0.7724
RSR	7	166	0.7673
RSR	7	167	0.7397
RSR	7	167.53	0.724
RSR	7	168	0.6694
RSR	7	169	0.5552
RSR	7	170	0.4468
RSR	7	170.38	0.4083
RSR	7	170.38	0.4083
RSR	7	171	0.4117
RSR	7	171.55	0.4185
RSR	7	172	0.4036
RSR	7	172.27	0.3958
RSR	7	173	0.3454
RSR	7	174	0.2844
RSR	7	175	0.2351
RSR	7	176	0.1986
RSR	7	177	0.1749
RSR	7	178	0.1626
RSR	7	178.24	0.1612
RSR	7	179	0.2267
RSR	7	180	0.321
RSR	7	181	0.4028
RSR	7	181.69	0.4504
RSR	7	181.69	0.4504
RSR	7	182	0.4651
RSR	7	183	0.5128
RSR	7	184	0.5612
RSR	7	185	0.6099
RSR	7	185.46	0.6323
RSR	7	186	0.6615
RSR	7	187	0.7396
RSR	7	188	0.8313
RSR	7	188.18	0.8477
RSR	7	189	0.7976
RSR	7	189.78	0.7376
RSR	8	10	0.0811
RSR	8	11	0.389
RSR	8	11.51	0.5932
RSR	8	12	0.5352
RSR	8	12.12	0.5209
RSR	8	12.44	0.5332
RSR	8	13	0.5331
RSR	8	13.96	0.523
RSR	8	14	0.5223
RSR	8	15	0.5006
RSR	8	15.48	0.4863
RSR	8	16	0.4672
RSR	8	17	0.4251
RSR	8	18	0.3774
RSR	8	18.54	0.3507
RSR	8	18.54	0.3507
RSR	8	19	0.3974
RSR	8	20	0.4988
RSR	8	21	0.5921
RSR	8	21.21	0.6104
RSR	8	22	0.6376
RSR	8	22.35	0.6503
RSR	8	23	0.6172
RSR	8	24	0.5674
RSR	8	25	0.5196
RSR	8	26	0.4741
RSR	8	27	0.4314
RSR	8	28	0.3921
RSR	8	29	0.3564
RSR	8	30	0.325
RSR	8	31	0.2981
RSR	8	32	0.2763
RSR	8	33	0.2598
RSR	8	34	0.2489
RSR	8	35	0.2435
RSR	8	35.37	0.2429
RSR	8	36	0.1588
RSR	8	37	0.061
RSR	8	38	0.0335
RSR	8	39	0.0932
RSR	8	40	0.22
RSR	8	41	0.3814
RSR	8	41.36	0.4441
RSR	8	42	0.4841
RSR	8	42.33	0.5031
RSR	8	43	0.531
RSR	8	44	0.5721
RSR	8	44.46	0.5907
RSR	8	45	0.5578
RSR	8	46	0.4969
RSR	8	47	0.4361
RSR	8	48	0.3771
RSR	8	49	0.3219
RSR	8	50	0.2723
RSR	8	50.09	0.268
RSR	8	51	0.2684
RSR	8	52	0.2687
RSR	8	53	0.2689
RSR	8	54	0.2691
RSR	8	55	0.2692
RSR	8	56	0.2694
RSR	8	56.95	0.2694
RSR	8	57	0.2681
RSR	8	58	0.2476
RSR	8	59	0.2372
RSR	8	60	0.2421
RSR	8	61	0.2651
RSR	8	61.94	0.3043
RSR	8	62	0.3036
RSR	8	62.61	0.2985
RSR	8	62.91	0.3086
RSR	8	63	0.3163
RSR	8	64	0.411
RSR	8	64.03	0.4142
RSR	8	64.36	0.4723
RSR	8	64.68	0.4248
RSR	8	64.68	0.4248
RSR	8	64.68	0.4248
RSR	8	64.68	0.4248
RSR	8	65	0.3915
RSR	8	65.04	0.3877
RSR	8	65.04	0.3877
RSR	8	65.04	0.3877
RSR	8	65.04	0.3877
RSR	8	65.04	0.3877
RSR	8	65.04	0.3877
RSR	8	65.74	0.36
RSR	8	65.74	0.36
RSR	8	66	0.3635
RSR	8	66.73	0.3853
RSR	8	67	0.3713
RSR	8	67.01	0.3706
RSR	8	67.01	0.3706
RSR	8	67.3	0.3701
RSR	8	67.58	0.3731
RSR	8	67.63	0.3721
RSR	8	67.63	0.3721
RSR	8	68	0.3767
RSR	8	69	0.3884
RSR	8	70	0.3993
RSR	8	70.03	0.3996
RSR	8	71	0.2412
RSR	8	71.02	0.2384
RSR	8	72	0.23
RSR	8	73	0.2229
RSR	8	73.13	0.222
RSR	8	73.71	0.157
RSR	8	73.71	0.157
RSR	8	74	0.1425
RSR	8	74.28	0.1309
RSR	8	74.28	0.1309
RSR	8	74.55	0.1165
RSR	8	74.55	0.1165
RSR	8	74.83	0.156
RSR	8	75	0.1558
RSR	8	75.38	0.1618
RSR	8	75.52	0.2939
RSR	8	75.52	0.2939
RSR	8	76	0.252
RSR	8	76.41	0.2075
RSR	8	76.71	0.2155
RSR	8	77	0.1947
RSR	8	77.45	0.1634
RSR	8	77.45	0.1634
RSR	8	77.45	0.1634
RSR	8	77.63	0.1397
RSR	8	77.96	0.0625
RSR	8	77.96	0.0625
RSR	8	78	0.0631
RSR	8	79	0.0803
RSR	8	79.19	0.0836
RSR	8	79.46	0.0765
RSR	8	80	0.0568
RSR	8	80.17	0.0527
RSR	8	80.17	0.0527
RSR	8	80.64	0.0574
RSR	8	80.64	0.0574
RSR	8	80.64	0.0574
RSR	8	80.97	0.0598
RSR	8	81	0.0589
RSR	8	82	0.0365
RSR	8	82.07	0.0351
RSR	8	82.57	0.0605
RSR	8	83	0.0569
RSR	8	83.15	0.0556
RSR	8	83.68	0.069
RSR	8	84	0.0663
RSR	8	84.27	0.0654
RSR	8	84.56	0.0449
RSR	8	85	0.0374
RSR	8	86	0.0237
RSR	8	86.7	0.0168
RSR	8	87	0.0228
RSR	8	87.91	0.0456
RSR	8	88	0.0456
RSR	8	89	0.0522
RSR	8	89.51	0.0612
RSR	8	90	0.0546
RSR	8	90.45	0.0543
RSR	8	90.77	0.0439
RSR	8	91	0.0371
RSR	8	91.34	0.0279
RSR	8	91.34	0.0279
RSR	8	92	0.0197
RSR	8	93	0.0224
RSR	8	93.28	0.0265
RSR	8	93.28	0.0265
RSR	8	93.28	0.0265
RSR	8	93.84	0.0482
RSR	8	94	0.0422
RSR	8	94.39	0.0382
RSR	8	95	0.0462
RSR	8	95.81	0.0709
RSR	8	95.81	0.0709
RSR	8	96	0.0435
RSR	8	96.46	0.0123
RSR	8	97	0.0034
RSR	8	98	0.0086
RSR	8	99	0.0409
RSR	8	99.43	0.0617
RSR	8	100	0.0689
RSR	8	100.24	0.0722
RSR	8	101	0.0393
RSR	8	101.37	0.0268
RSR	8	102	0.0257
RSR	8	103	0.0317
RSR	8	103.85	0.0439
RSR	8	104	0.0543
RSR	8	104.48	0.0918
RSR	8	105	0.0934
RSR	8	106	0.0946
RSR	8	107	0.0928
RSR	8	108	0.0883
RSR	8	109	0.0817
RSR	8	110	0.0741
RSR	8	110.12	0.0731
RSR	8	110.49	0.0817
RSR	8	111	0.0463
RSR	8	112	0.0053
RSR	8	112.77	0.0137
RSR	8	113	0.0093
RSR	8	114	4e-04
RSR	8	115	0.0108
RSR	8	116	0.041
RSR	8	117	0.0889
RSR	8	117.87	0.1424
RSR	8	118	0.1389
RSR	8	119	0.113
RSR	8	120	0.0915
RSR	8	121	0.0772
RSR	8	122	0.0728
RSR	8	123	0.0793
RSR	8	123.74	0.0905
RSR	8	124	0.0833
RSR	8	125	0.0599
RSR	8	125.85	0.0472
RSR	8	126	0.0402
RSR	8	127	0.0131
RSR	8	127.27	0.0118
RSR	8	128	0.0038
RSR	8	128.62	0.0046
RSR	8	129	0.0024
RSR	8	130	1e-04
RSR	8	131	0.0033
RSR	8	132	0.0118
RSR	8	132.15	0.0135
RSR	8	133	9e-04
RSR	8	134	0.0132
RSR	8	135	0.0525
RSR	8	135.18	0.0618
RSR	8	136	0.0732
RSR	8	137	0.0917
RSR	8	138	0.114
RSR	8	139	0.1383
RSR	8	139.65	0.154
RSR	8	140	0.1376
RSR	8	141	0.1267
RSR	8	141.72	0.1497
RSR	8	142	0.1545
RSR	8	142.26	0.1723
RSR	8	143	0.1909
RSR	8	144	0.2247
RSR	8	145	0.2633
RSR	8	146	0.3004
RSR	8	147	0.3305
RSR	8	147.03	0.3313
RSR	8	148	0.3613
RSR	8	149	0.3976
RSR	8	150	0.4376
RSR	8	151	0.4789
RSR	8	152	0.519
RSR	8	153	0.5554
RSR	8	154	0.5864
RSR	8	155	0.6114
RSR	8	155.48	0.6216
RSR	8	155.86	0.6277
RSR	8	156	0.6617
RSR	8	156.4	0.7578
RSR	8	156.4	0.7578
RSR	8	157	0.7875
RSR	8	158	0.8423
RSR	8	158.05	0.8451
RSR	9	0	0.6016
RSR	9	1	0.649
RSR	9	2	0.687
RSR	9	3	0.7153
RSR	9	3.78	0.7312
RSR	9	4	0.7199
RSR	9	5	0.6668
RSR	9	6	0.6118
RSR	9	6.73	0.5716
RSR	9	7	0.5977
RSR	9	8	0.6871
RSR	9	8.56	0.7303
RSR	9	8.56	0.7303
RSR	9	9	0.7054
RSR	9	10	0.6392
RSR	9	11	0.5621
RSR	9	11.73	0.5015
RSR	9	12	0.4982
RSR	9	13	0.4833
RSR	9	13.87	0.4681
RSR	9	14	0.4653
RSR	9	15	0.4428
RSR	9	16	0.4187
RSR	9	17	0.3932
RSR	9	18	0.3668
RSR	9	19	0.3398
RSR	9	20	0.3126
RSR	9	20.65	0.2948
RSR	9	21	0.271
RSR	9	22	0.2016
RSR	9	23	0.1365
RSR	9	24	0.0834
RSR	9	25	0.0478
RSR	9	25.46	0.0376
RSR	9	26	0.048
RSR	9	27	0.1392
RSR	9	28	0.303
RSR	9	28.32	0.3629
RSR	9	29	0.3564
RSR	9	30	0.3451
RSR	9	31	0.333
RSR	9	32	0.3215
RSR	9	33	0.3116
RSR	9	33.05	0.3112
RSR	9	33.25	0.3082
RSR	9	33.61	0.3247
RSR	9	34	0.314
RSR	9	35	0.2821
RSR	9	36	0.2449
RSR	9	37	0.2048
RSR	9	37.52	0.1839
RSR	9	38	0.1777
RSR	9	39	0.1654
RSR	9	40	0.154
RSR	9	41	0.1436
RSR	9	42	0.134
RSR	9	43	0.1251
RSR	9	44	0.1168
RSR	9	45	0.1091
RSR	9	46	0.1019
RSR	9	47	0.0953
RSR	9	48	0.0894
RSR	9	49	0.0844
RSR	9	50	0.0802
RSR	9	50.33	0.0791
RSR	9	51	0.1031
RSR	9	52	0.1439
RSR	9	53	0.1889
RSR	9	54	0.2359
RSR	9	55	0.2827
RSR	9	55.66	0.3123
RSR	9	56	0.2876
RSR	9	56.73	0.2282
RSR	9	57	0.254
RSR	9	57.48	0.2978
RSR	9	58	0.3658
RSR	9	59	0.4975
RSR	9	59.91	0.6071
RSR	9	60	0.6131
RSR	9	61	0.6868
RSR	9	61.35	0.7142
RSR	9	62	0.8899
RSR	9	63	1.0383
RSR	9	64	1.0759
RSR	9	65	1.0488
RSR	9	65.11	1.0429
RSR	9	65.88	0.876
RSR	9	65.88	0.876
RSR	9	65.88	0.876
RSR	9	66	0.8626
RSR	9	67	0.7312
RSR	9	67.84	0.6041
RSR	9	67.84	0.6041
RSR	9	67.84	0.6041
RSR	9	68	0.5888
RSR	9	68.2	0.5706
RSR	9	68.2	0.5706
RSR	9	68.2	0.5706
RSR	9	68.2	0.5706
RSR	9	68.2	0.5706
RSR	9	68.2	0.5706
RSR	9	68.2	0.5706
RSR	9	68.2	0.5706
RSR	9	68.86	0.6256
RSR	9	68.86	0.6256
RSR	9	69	0.6515
RSR	9	69.87	0.7714
RSR	9	69.87	0.7714
RSR	9	69.87	0.7714
RSR	9	70	0.7911
RSR	9	71	0.9365
RSR	9	71.81	1.0395
RSR	9	72	0.9938
RSR	9	73	0.7412
RSR	9	73.2	0.6882
RSR	9	74	0.7373
RSR	9	74.07	0.7413
RSR	9	74.49	0.7397
RSR	9	75	0.6883
RSR	9	76	0.5961
RSR	9	76.93	0.5249
RSR	9	77	0.5283
RSR	9	77.86	0.5677
RSR	9	78	0.6226
RSR	9	79	0.8643
RSR	9	79.1	0.8772
RSR	9	80	1.2981
RSR	9	81	1.7006
RSR	9	81.08	1.7307
RSR	9	82	1.8123
RSR	9	82.25	1.8312
RSR	9	82.25	1.8312
RSR	9	82.25	1.8312
RSR	9	82.54	1.8262
RSR	9	83	1.8097
RSR	9	83.43	1.7609
RSR	9	84	1.707
RSR	9	84.91	1.5855
RSR	9	85	1.629
RSR	9	85.57	1.8819
RSR	9	86	1.8664
RSR	9	86.55	1.8462
RSR	9	86.89	1.7981
RSR	9	87	1.8407
RSR	9	88	2.1407
RSR	9	88.43	2.2239
RSR	9	88.84	2.2079
RSR	9	89	2.3636
RSR	9	90	3.0326
RSR	9	90.07	3.0648
RSR	9	90.27	3.1795
RSR	9	91	2.979
RSR	9	91.12	2.9368
RSR	9	92	3.3406
RSR	9	92.87	3.6691
RSR	9	93	3.6426
RSR	9	93.19	3.6034
RSR	9	93.4	3.6546
RSR	9	94	3.7132
RSR	9	94.87	3.7814
RSR	9	95	3.7622
RSR	9	96	3.5696
RSR	9	96.19	3.5259
RSR	9	97	3.7058
RSR	9	98	3.788
RSR	9	99	3.7329
RSR	9	100	3.4996
RSR	9	100.07	3.4723
RSR	9	101	3.4841
RSR	9	101.03	3.4843
RSR	9	102	3.4638
RSR	9	103	3.3728
RSR	9	104	3.2452
RSR	9	105	3.1042
RSR	9	106	2.9631
RSR	9	106.61	2.8789
RSR	9	107	2.822
RSR	9	107.39	2.7591
RSR	9	108	2.7914
RSR	9	109	2.8417
RSR	9	109.12	2.8476
RSR	9	110	2.746
RSR	9	111	2.6218
RSR	9	112	2.4874
RSR	9	113	2.3422
RSR	9	113.39	2.2828
RSR	9	114	2.3441
RSR	9	115	2.4404
RSR	9	116	2.532
RSR	9	117	2.6189
RSR	9	118	2.7007
RSR	9	119	2.7762
RSR	9	119.11	2.7838
RSR	9	120	2.8351
RSR	9	121	2.8733
RSR	9	122	2.8911
RSR	9	123	2.8888
RSR	9	124	2.8668
RSR	9	124.33	2.8553
RSR	9	125	2.8535
RSR	9	126	2.8289
RSR	9	127	2.7674
RSR	9	128	2.6466
RSR	9	128.15	2.6207
RSR	9	129	2.681
RSR	9	130	2.7322
RSR	9	131	2.7589
RSR	9	132	2.7587
RSR	9	133	2.7295
RSR	9	133.98	2.6713
RSR	9	134	2.6692
RSR	9	135	2.5307
RSR	9	136	2.3505
RSR	9	137	2.1282
RSR	9	138	1.8667
RSR	9	139	1.5777
RSR	9	139.4	1.4587
RSR	9	140	1.4244
RSR	9	141	1.3469
RSR	9	142	1.2417
RSR	9	143	1.1059
RSR	9	144	0.9401
RSR	9	145	0.7562
RSR	9	145.7	0.632
RSR	9	146	0.5903
RSR	9	146.83	0.4666
RSR	9	147	0.4686
RSR	9	148	0.4774
RSR	9	149	0.4803
RSR	9	150	0.4784
RSR	9	151	0.4731
RSR	9	152	0.4662
RSR	9	152.83	0.4603
RSR	9	153	0.4621
RSR	9	154	0.4695
RSR	9	154.19	0.4701
RSR	9	155	0.4447
RSR	9	156	0.4258
RSR	9	157	0.4265
RSR	9	158	0.4516
RSR	9	159	0.502
RSR	9	160	0.574
RSR	9	161	0.6606
RSR	9	161.6	0.7167
RSR	9	162	0.7091
RSR	9	163	0.6818
RSR	9	164	0.6427
RSR	9	164.21	0.6328
RSR	9	165	0.5149
RSR	9	166	0.3655
RSR	9	166.96	0.2365
RSR	9	167	0.2602
RSR	9	167.53	0.5598
RSR	9	168	0.6096
RSR	9	168.23	0.6329
RSR	10	0	0.3432
RSR	10	0.39	0.3064
RSR	10	0.39	0.3064
RSR	10	1	0.3036
RSR	10	2	0.2862
RSR	10	2.59	0.2718
RSR	10	3	0.271
RSR	10	4	0.2724
RSR	10	5	0.2789
RSR	10	5.56	0.285
RSR	10	6	0.2879
RSR	10	7	0.2966
RSR	10	8	0.3078
RSR	10	9	0.3212
RSR	10	10	0.3362
RSR	10	11	0.3524
RSR	10	12	0.3694
RSR	10	12.75	0.3823
RSR	10	13	0.3901
RSR	10	14	0.4186
RSR	10	15	0.4398
RSR	10	16	0.451
RSR	10	17	0.4514
RSR	10	18	0.4414
RSR	10	19	0.423
RSR	10	20	0.399
RSR	10	20.84	0.3764
RSR	10	21	0.3762
RSR	10	22	0.3748
RSR	10	23	0.3728
RSR	10	24	0.3703
RSR	10	25	0.3669
RSR	10	26	0.3627
RSR	10	27	0.3572
RSR	10	28	0.3504
RSR	10	29	0.3422
RSR	10	30	0.3324
RSR	10	31	0.321
RSR	10	32	0.308
RSR	10	33	0.2934
RSR	10	34	0.2774
RSR	10	35	0.2603
RSR	10	36	0.2422
RSR	10	37	0.2236
RSR	10	38	0.2048
RSR	10	39	0.1863
RSR	10	40	0.1685
RSR	10	41	0.1518
RSR	10	42	0.1366
RSR	10	43	0.1232
RSR	10	44	0.1115
RSR	10	45	0.1018
RSR	10	46	0.0939
RSR	10	47	0.0877
RSR	10	48	0.0831
RSR	10	49	0.08
RSR	10	49.8	0.0785
RSR	10	50	0.0827
RSR	10	51	0.1051
RSR	10	52	0.1287
RSR	10	53	0.1515
RSR	10	54	0.1718
RSR	10	54.54	0.1812
RSR	10	55	0.2031
RSR	10	56	0.2499
RSR	10	57	0.2919
RSR	10	57.64	0.3144
RSR	10	58	0.2801
RSR	10	58.48	0.2372
RSR	10	59	0.2432
RSR	10	59.81	0.2441
RSR	10	60	0.2307
RSR	10	60.9	0.1755
RSR	10	61	0.1635
RSR	10	61.41	0.1249
RSR	10	61.62	0.178
RSR	10	61.62	0.178
RSR	10	61.62	0.178
RSR	10	61.62	0.178
RSR	10	62	0.1588
RSR	10	63	0.1212
RSR	10	63.68	0.1089
RSR	10	64	0.1156
RSR	10	64.85	0.1344
RSR	10	64.85	0.1344
RSR	10	64.94	0.1331
RSR	10	64.94	0.1331
RSR	10	65	0.1314
RSR	10	65.75	0.1104
RSR	10	66	0.0857
RSR	10	66.31	0.0827
RSR	10	67	0.0953
RSR	10	68	0.1182
RSR	10	68.01	0.1185
RSR	10	68.47	0.1305
RSR	10	68.77	0.0952
RSR	10	69	0.0941
RSR	10	69.24	0.1351
RSR	10	69.53	0.136
RSR	10	70	0.1415
RSR	10	70.91	0.1583
RSR	10	71	0.1601
RSR	10	72	0.1826
RSR	10	72.8	0.2034
RSR	10	73	0.2041
RSR	10	73.22	0.205
RSR	10	74	0.192
RSR	10	74.33	0.187
RSR	10	74.33	0.187
RSR	10	74.33	0.187
RSR	10	75	0.1698
RSR	10	75.15	0.1641
RSR	10	76	0.0501
RSR	10	76.02	0.0492
RSR	10	76.79	0.0335
RSR	10	77	0.0413
RSR	10	77.19	0.0526
RSR	10	78	0.0473
RSR	10	79	0.0408
RSR	10	80	0.0344
RSR	10	81	0.0284
RSR	10	82	0.0228
RSR	10	83	0.0178
RSR	10	84	0.0135
RSR	10	85	0.0097
RSR	10	85.45	0.0083
RSR	10	86	0.0073
RSR	10	87	0.0099
RSR	10	88	0.0182
RSR	10	89	0.0315
RSR	10	89.33	0.0368
RSR	10	90	0.0267
RSR	10	91	0.0149
RSR	10	92	0.0078
RSR	10	93	0.006
RSR	10	94	0.0101
RSR	10	95	0.0201
RSR	10	96	0.0359
RSR	10	97	0.0567
RSR	10	98	0.0814
RSR	10	99	0.1086
RSR	10	100	0.1371
RSR	10	101	0.1656
RSR	10	102	0.1932
RSR	10	103	0.2192
RSR	10	103.02	0.2197
RSR	10	104	0.2656
RSR	10	104.26	0.2808
RSR	10	105	0.3979
RSR	10	106	0.5626
RSR	10	107	0.6919
RSR	10	108	0.7824
RSR	10	109	0.8443
RSR	10	109.24	0.8561
RSR	10	109.58	0.7911
RSR	10	109.58	0.7911
RSR	10	110	0.7971
RSR	10	111	0.8034
RSR	10	111.99	0.7957
RSR	10	112	0.7956
RSR	10	113	0.7803
RSR	10	114	0.7701
RSR	10	115	0.763
RSR	10	115.28	0.7611
RSR	10	115.6	0.7546
RSR	10	115.89	0.8035
RSR	10	116	0.7909
RSR	10	117	0.6838
RSR	10	118	0.5941
RSR	10	118.15	0.5825
RSR	10	118.15	0.5825
RSR	10	118.15	0.5825
RSR	10	119	0.5086
RSR	10	119.87	0.3575
RSR	10	120	0.351
RSR	10	120.75	0.3154
RSR	10	121	0.2973
RSR	10	122	0.2263
RSR	10	123	0.1613
RSR	10	123.24	0.1474
RSR	10	124	0.1108
RSR	10	125	0.0694
RSR	10	125.84	0.0418
RSR	10	126	0.0446
RSR	10	127	0.065
RSR	10	128	0.0914
RSR	10	129	0.1228
RSR	10	130	0.1583
RSR	10	131	0.1966
RSR	10	131.85	0.2305
RSR	10	132	0.2411
RSR	10	133	0.3206
RSR	10	134	0.4154
RSR	10	134.68	0.486
RSR	10	135	0.4449
RSR	10	136	0.319
RSR	10	137	0.205
RSR	10	137.84	0.1265
RSR	10	138	0.1325
RSR	10	138.71	0.1823
RSR	10	139	0.1788
RSR	10	140	0.1661
RSR	10	141	0.1528
RSR	10	142	0.1391
RSR	10	142.22	0.1361
RSR	10	143	0.1493
RSR	10	144	0.1745
RSR	10	144.87	0.202
RSR	10	145	0.2441
RSR	10	145.42	0.4091
RSR	10	146	0.3697
RSR	10	146.22	0.355
RSR	10	146.22	0.355
RSR	10	147	0.2676
RSR	10	148	0.1695
RSR	10	148.29	0.1464
RSR	10	149	0.1064
RSR	10	150	0.0583
RSR	10	151	0.0236
RSR	10	151.48	0.0125
RW	1	0	0.4225
RW	1	0.25	0.4185
RW	1	1	0.3428
RW	1	1.52	0.2872
RW	1	2	0.3337
RW	1	3	0.4373
RW	1	3.78	0.5128
RW	1	4	0.5113
RW	1	5	0.5023
RW	1	6	0.4887
RW	1	6.11	0.4867
RW	1	7	0.519
RW	1	8	0.5543
RW	1	9	0.5891
RW	1	10	0.6243
RW	1	11	0.6606
RW	1	12	0.6976
RW	1	12.31	0.7091
RW	1	13	0.7322
RW	1	13.84	0.7596
RW	1	14	0.7594
RW	1	15	0.7571
RW	1	15.81	0.7535
RW	1	16	0.738
RW	1	17	0.66
RW	1	18	0.5896
RW	1	19	0.5297
RW	1	20	0.4826
RW	1	20.14	0.4772
RW	1	21	0.467
RW	1	21.01	0.467
RW	1	21.91	0.5088
RW	1	22	0.5132
RW	1	22.8	0.5533
RW	1	23	0.5674
RW	1	23.11	0.5747
RW	1	23.11	0.5747
RW	1	23.53	0.5581
RW	1	24	0.4848
RW	1	25	0.3373
RW	1	26	0.2129
RW	1	27	0.1197
RW	1	27.28	0.0995
RW	1	28	0.0389
RW	1	29	0.0208
RW	1	30	0.1116
RW	1	31	0.2708
RW	1	31.61	0.3785
RW	1	32	0.3915
RW	1	33	0.4244
RW	1	34	0.4555
RW	1	35	0.4831
RW	1	36	0.5057
RW	1	37	0.5225
RW	1	38	0.533
RW	1	38.83	0.5369
RW	1	39	0.554
RW	1	40	0.6471
RW	1	40.63	0.6976
RW	1	40.63	0.6976
RW	1	41	0.7108
RW	1	42	0.7102
RW	1	43	0.655
RW	1	43.74	0.5873
RW	1	44	0.5547
RW	1	44.09	0.5439
RW	1	45	0.4709
RW	1	46	0.4118
RW	1	46.08	0.4084
RW	1	46.36	0.4387
RW	1	47	0.3656
RW	1	48	0.3492
RW	1	48.62	0.4026
RW	1	48.62	0.4026
RW	1	48.94	0.3767
RW	1	48.94	0.3767
RW	1	49	0.371
RW	1	49.5	0.3235
RW	1	50	0.2746
RW	1	51	0.2209
RW	1	51.18	0.2187
RW	1	51.18	0.2187
RW	1	51.79	0.2321
RW	1	52	0.23
RW	1	52.96	0.2224
RW	1	53	0.2234
RW	1	54	0.2449
RW	1	55	0.2604
RW	1	56	0.2687
RW	1	57	0.2698
RW	1	57.49	0.2679
RW	1	58	0.2317
RW	1	58.7	0.1835
RW	1	58.7	0.1835
RW	1	59	0.1789
RW	1	60	0.1683
RW	1	61	0.1664
RW	1	62	0.1738
RW	1	63	0.1898
RW	1	64	0.2128
RW	1	64.59	0.2287
RW	1	65	0.2535
RW	1	66	0.314
RW	1	66.35	0.3345
RW	1	67	0.302
RW	1	68	0.2619
RW	1	69	0.2367
RW	1	69.35	0.2303
RW	1	69.88	0.0261
RW	1	69.88	0.0261
RW	1	69.88	0.0261
RW	1	70	0.0292
RW	1	70.15	0.0331
RW	1	70.42	0.0758
RW	1	70.42	0.0758
RW	1	71	0.0497
RW	1	72	0.0136
RW	1	72.68	0.0095
RW	1	73	0.0203
RW	1	73.25	0.0405
RW	1	74	0.0633
RW	1	74.94	0.0827
RW	1	75	0.0799
RW	1	75.32	0.0659
RW	1	76	0.103
RW	1	77	0.1707
RW	1	78	0.2478
RW	1	78.22	0.2652
RW	1	79	0.5056
RW	1	79.22	0.5781
RW	1	80	0.5541
RW	1	81	0.5052
RW	1	81.02	0.5041
RW	1	81.87	0.4647
RW	1	82	0.4695
RW	1	83	0.5038
RW	1	84	0.5317
RW	1	84	0.5319
RW	1	84.68	0.5752
RW	1	85	0.5928
RW	1	85.25	0.6063
RW	1	86	0.4351
RW	1	87	0.2189
RW	1	87.01	0.2164
RW	1	88	0.1529
RW	1	88.14	0.1447
RW	1	88.14	0.1447
RW	1	89	0.1087
RW	1	89.25	0.116
RW	1	90	0.1496
RW	1	90.36	0.1683
RW	1	90.36	0.1683
RW	1	90.36	0.1683
RW	1	90.53	0.1735
RW	1	90.53	0.1735
RW	1	91	0.226
RW	1	91.16	0.2438
RW	1	91.16	0.2438
RW	1	91.22	0.2462
RW	1	91.22	0.2462
RW	1	92	0.2304
RW	1	92.39	0.225
RW	1	92.96	0.1392
RW	1	93	0.1327
RW	1	93.16	0.1082
RW	1	93.44	0.1371
RW	1	94	0.1424
RW	1	95	0.1707
RW	1	95.66	0.2018
RW	1	96	0.1842
RW	1	97	0.1322
RW	1	97.63	0.1011
RW	1	98	0.1
RW	1	99	0.0996
RW	1	99.06	0.0997
RW	1	100	0.1464
RW	1	101	0.3817
RW	1	101.19	0.4304
RW	1	101.96	0.8482
RW	1	102	0.8604
RW	1	103	1.1908
RW	1	103.18	1.2482
RW	1	104	1.2623
RW	1	105	1.2617
RW	1	105.12	1.2601
RW	1	106	1.1777
RW	1	106.79	1.0769
RW	1	106.79	1.0769
RW	1	107	1.0846
RW	1	107.71	1.1091
RW	1	108	1.1372
RW	1	109	1.2172
RW	1	109.29	1.2347
RW	1	110	1.2497
RW	1	110.96	1.2406
RW	1	111	1.245
RW	1	112	1.3504
RW	1	113	1.4391
RW	1	114	1.5034
RW	1	115	1.5359
RW	1	115.25	1.5382
RW	1	116	1.438
RW	1	117	1.2775
RW	1	118	1.0959
RW	1	119	0.9092
RW	1	119.33	0.8495
RW	1	120	0.9044
RW	1	121	0.9816
RW	1	121.21	0.9968
RW	1	122	1.0548
RW	1	122.08	1.061
RW	1	122.47	0.8456
RW	1	123	0.9398
RW	1	124	1.108
RW	1	124.32	1.157
RW	1	125	1.1574
RW	1	126	1.153
RW	1	127	1.1426
RW	1	128	1.126
RW	1	128.27	1.1206
RW	1	129	1.0663
RW	1	130	0.9588
RW	1	131	0.8075
RW	1	131.96	0.6624
RW	1	132	0.6622
RW	1	133	0.6544
RW	1	134	0.6442
RW	1	135	0.6319
RW	1	136	0.6178
RW	1	137	0.6024
RW	1	138	0.5864
RW	1	138.18	0.5835
RW	1	139	0.605
RW	1	140	0.6374
RW	1	141	0.6753
RW	1	142	0.717
RW	1	143	0.7609
RW	1	144	0.8052
RW	1	144.75	0.8379
RW	1	145	0.8677
RW	1	145.59	0.9375
RW	1	146	1.084
RW	1	146.72	1.2788
RW	1	147	1.2571
RW	1	147.73	1.1904
RW	1	148	1.1804
RW	1	148.09	1.1771
RW	1	149	1.0265
RW	1	149.56	0.9294
RW	1	150	1.0014
RW	1	150.73	1.1184
RW	1	150.73	1.1184
RW	1	150.73	1.1184
RW	1	150.73	1.1184
RW	1	150.73	1.1184
RW	1	151	1.0675
RW	1	152	0.853
RW	1	152.69	0.7185
RW	1	152.96	0.6698
RW	1	152.96	0.6698
RW	1	152.96	0.6698
RW	1	152.96	0.6698
RW	1	152.96	0.6698
RW	1	152.96	0.6698
RW	1	153	0.6644
RW	1	153.23	0.6368
RW	1	153.23	0.6368
RW	1	153.23	0.6368
RW	1	153.23	0.6368
RW	1	153.23	0.6368
RW	1	153.5	0.6698
RW	1	153.5	0.6698
RW	1	153.5	0.6698
RW	1	153.5	0.6698
RW	1	153.5	0.6698
RW	1	153.5	0.6698
RW	1	153.5	0.6698
RW	1	153.5	0.6698
RW	1	153.5	0.6698
RW	1	153.5	0.6698
RW	1	153.5	0.6698
RW	1	153.5	0.6698
RW	1	153.5	0.6698
RW	1	153.5	0.6698
RW	1	153.5	0.6698
RW	1	153.75	0.6416
RW	1	154	0.6484
RW	1	155	0.6747
RW	1	156	0.6993
RW	1	157	0.7218
RW	1	158	0.7418
RW	1	159	0.759
RW	1	160	0.7732
RW	1	160.39	0.7778
RW	1	161	0.7581
RW	1	162	0.7223
RW	1	163	0.6821
RW	1	164	0.6377
RW	1	165	0.5898
RW	1	166	0.5395
RW	1	167	0.4881
RW	1	168	0.4371
RW	1	169	0.3884
RW	1	170	0.3435
RW	1	170.61	0.3184
RW	1	171	0.3248
RW	1	172	0.3423
RW	1	173	0.3611
RW	1	174	0.3804
RW	1	175	0.3996
RW	1	176	0.418
RW	1	177	0.4351
RW	1	178	0.4504
RW	1	179	0.4638
RW	1	180	0.4752
RW	1	180.89	0.4835
RW	1	181	0.484
RW	1	182	0.4903
RW	1	183	0.4996
RW	1	184	0.5114
RW	1	185	0.5253
RW	1	186	0.5405
RW	1	187	0.5562
RW	1	188	0.5716
RW	1	189	0.5857
RW	1	190	0.5979
RW	1	191	0.6076
RW	1	192	0.6142
RW	1	193	0.6177
RW	1	194	0.6181
RW	1	194.61	0.6169
RW	1	194.61	0.6169
RW	1	194.61	0.6169
RW	1	195	0.6841
RW	1	195.47	0.7727
RW	1	196	0.8613
RW	1	196.98	1.0234
RW	1	197	1.0226
RW	1	198	0.9763
RW	1	199	0.923
RW	1	200	0.8654
RW	1	201	0.8063
RW	1	201.3	0.7888
RW	1	202	0.823
RW	1	203	0.8672
RW	1	204	0.9052
RW	1	205	0.9359
RW	1	206	0.9585
RW	1	207	0.9724
RW	1	208	0.9777
RW	1	209	0.9745
RW	1	210	0.9633
RW	1	210.35	0.9578
RW	1	211	0.9591
RW	1	212	0.9586
RW	1	213	0.9554
RW	1	214	0.9506
RW	1	215	0.945
RW	1	216	0.9398
RW	1	217	0.9357
RW	1	218	0.933
RW	1	218.22	0.9326
RW	1	219	1.0809
RW	1	219.13	1.1059
RW	1	219.44	1.0934
RW	1	219.44	1.0934
RW	1	220	1.047
RW	1	221	1.0491
RW	1	221.01	1.0497
RW	1	221.96	1.0029
RW	1	222	0.9974
RW	1	223	0.8579
RW	1	224	0.7635
RW	1	224.6	0.7281
RW	1	224.97	0.651
RW	1	225	0.6509
RW	1	225.83	0.6493
RW	1	226	0.6483
RW	1	226.58	0.6466
RW	1	227	0.7079
RW	1	228	0.7919
RW	1	228.14	0.7973
RW	1	229	0.7814
RW	1	230	0.7719
RW	1	231	0.7758
RW	1	232	0.7947
RW	1	233	0.8253
RW	1	234	0.8623
RW	1	234.97	0.9002
RW	1	235	0.9004
RW	1	236	0.9014
RW	1	237	0.8941
RW	1	237.77	0.8835
RW	1	238	0.8835
RW	1	239	0.8825
RW	1	240	0.8795
RW	1	241	0.8749
RW	1	242	0.8688
RW	1	243	0.8614
RW	1	243.07	0.8608
RW	1	244	0.8841
RW	1	245	0.9031
RW	1	246	0.9152
RW	1	247	0.9196
RW	1	247.22	0.9194
RW	1	248	0.8626
RW	1	248.76	0.8059
RW	1	249	0.7995
RW	1	249.58	0.7849
RW	1	250	0.856
RW	1	250	0.8559
RW	1	251	0.8128
RW	1	252	0.7633
RW	1	253	0.7063
RW	1	254	0.6403
RW	1	255	0.5649
RW	1	256	0.4836
RW	1	256.31	0.4585
RW	1	257	0.4518
RW	1	258	0.4255
RW	1	258.12	0.4209
RW	1	259	0.4784
RW	1	260	0.5036
RW	1	260.03	0.5037
RW	1	261	0.4984
RW	1	262	0.4891
RW	1	263	0.476
RW	1	264	0.4591
RW	1	265	0.4391
RW	1	266	0.4164
RW	1	267	0.3919
RW	1	267.88	0.3695
RW	2	0	0.6783
RW	2	1	0.6827
RW	2	2	0.6883
RW	2	3	0.695
RW	2	4	0.7029
RW	2	4.71	0.7089
RW	2	5	0.6783
RW	2	5.27	0.6503
RW	2	5.55	0.6226
RW	2	5.55	0.6226
RW	2	6	0.642
RW	2	6.23	0.6516
RW	2	7	0.5732
RW	2	7.09	0.5643
RW	2	8	0.5414
RW	2	8.1	0.5406
RW	2	8.67	0.5306
RW	2	9	0.5545
RW	2	9.35	0.5853
RW	2	9.73	0.49
RW	2	10	0.4927
RW	2	11	0.4995
RW	2	12	0.5021
RW	2	13	0.5013
RW	2	14	0.4981
RW	2	14.35	0.4965
RW	2	15	0.5365
RW	2	16	0.5952
RW	2	16.89	0.6427
RW	2	17	0.6389
RW	2	18	0.6053
RW	2	18.84	0.5789
RW	2	19	0.5632
RW	2	20	0.4753
RW	2	21	0.4035
RW	2	22	0.348
RW	2	22.44	0.3282
RW	2	23	0.5107
RW	2	23.16	0.5579
RW	2	23.79	0.5605
RW	2	24	0.4903
RW	2	24.57	0.2658
RW	2	24.86	0.2663
RW	2	25	0.2648
RW	2	26	0.2476
RW	2	27	0.222
RW	2	27	0.222
RW	2	28	0.1959
RW	2	29	0.1679
RW	2	29.12	0.1646
RW	2	30	0.1702
RW	2	30.21	0.1717
RW	2	30.21	0.1717
RW	2	31	0.1849
RW	2	32	0.2005
RW	2	32.35	0.2057
RW	2	33	0.2092
RW	2	34	0.224
RW	2	35	0.2505
RW	2	36	0.2884
RW	2	37	0.3366
RW	2	38	0.3933
RW	2	38.75	0.4401
RW	2	39	0.4699
RW	2	40	0.6017
RW	2	41	0.7344
RW	2	42	0.847
RW	2	43	0.9347
RW	2	44	0.999
RW	2	45	1.0429
RW	2	46	1.07
RW	2	46.99	1.0838
RW	2	47	1.0837
RW	2	48	1.0758
RW	2	49	1.0577
RW	2	50	1.0288
RW	2	51	0.9891
RW	2	52	0.9392
RW	2	53	0.8801
RW	2	54	0.8136
RW	2	55	0.7423
RW	2	56	0.6692
RW	2	57	0.5974
RW	2	58	0.5301
RW	2	58.58	0.4938
RW	2	59	0.4956
RW	2	60	0.4971
RW	2	61	0.4936
RW	2	62	0.4834
RW	2	63	0.4656
RW	2	64	0.4396
RW	2	65	0.4057
RW	2	66	0.3654
RW	2	67	0.3218
RW	2	68	0.2789
RW	2	68.02	0.2779
RW	2	69	0.3207
RW	2	70	0.3613
RW	2	70.04	0.3627
RW	2	71	0.5202
RW	2	71.33	0.5735
RW	2	72	0.5691
RW	2	72.69	0.5609
RW	2	73	0.5773
RW	2	74	0.6227
RW	2	74.94	0.6507
RW	2	75	0.6376
RW	2	75.94	0.4122
RW	2	76	0.4232
RW	2	77	0.6254
RW	2	78	0.8225
RW	2	78.97	0.9626
RW	2	79	0.9562
RW	2	79.87	0.7956
RW	2	80	0.7851
RW	2	81	0.6593
RW	2	81.81	0.5302
RW	2	81.81	0.5302
RW	2	81.81	0.5302
RW	2	82	0.5498
RW	2	82.69	0.5987
RW	2	83	0.5986
RW	2	84	0.5994
RW	2	84.33	0.5995
RW	2	85	0.6754
RW	2	86	0.8059
RW	2	87	0.9466
RW	2	87.51	1.0188
RW	2	88	1.0085
RW	2	89	0.9798
RW	2	90	0.9404
RW	2	91	0.8905
RW	2	92	0.831
RW	2	93	0.7634
RW	2	94	0.6899
RW	2	95	0.6133
RW	2	96	0.537
RW	2	96.92	0.4701
RW	2	97	0.4709
RW	2	98	0.4869
RW	2	99	0.5086
RW	2	100	0.526
RW	2	101	0.5331
RW	2	102	0.5287
RW	2	102.4	0.524
RW	2	103	0.5094
RW	2	104	0.4781
RW	2	105	0.4386
RW	2	106	0.392
RW	2	107	0.3407
RW	2	108	0.2876
RW	2	109	0.2362
RW	2	109.98	0.1904
RW	2	110	0.1907
RW	2	111	0.2123
RW	2	112	0.2349
RW	2	113	0.2568
RW	2	114	0.2768
RW	2	115	0.2949
RW	2	116	0.312
RW	2	116.72	0.3244
RW	2	117	0.3659
RW	2	118	0.5321
RW	2	119	0.7098
RW	2	120	0.8837
RW	2	120.68	0.9946
RW	2	121	0.9881
RW	2	121.35	0.977
RW	2	122	0.8694
RW	2	122.54	0.7693
RW	2	122.68	0.8269
RW	2	123	0.8154
RW	2	123.54	0.771
RW	2	124	0.886
RW	2	124.36	0.9719
RW	2	124.36	0.9719
RW	2	125	0.8585
RW	2	126	0.6711
RW	2	127	0.4869
RW	2	128	0.3265
RW	2	128.09	0.3143
RW	2	128.38	0.3238
RW	2	128.67	0.3527
RW	2	128.67	0.3527
RW	2	128.95	0.3385
RW	2	129	0.3396
RW	2	129.36	0.3471
RW	2	129.69	0.3116
RW	2	130	0.314
RW	2	130.39	0.317
RW	2	130.39	0.317
RW	2	130.39	0.317
RW	2	130.39	0.317
RW	2	130.39	0.317
RW	2	130.39	0.317
RW	2	130.39	0.317
RW	2	130.39	0.317
RW	2	130.39	0.317
RW	2	130.39	0.317
RW	2	130.39	0.317
RW	2	130.39	0.317
RW	2	130.39	0.317
RW	2	130.59	0.3858
RW	2	130.59	0.3858
RW	2	130.79	0.3977
RW	2	130.79	0.3977
RW	2	131	0.3764
RW	2	131.11	0.3668
RW	2	131.71	0.295
RW	2	131.71	0.295
RW	2	131.71	0.295
RW	2	131.71	0.295
RW	2	131.71	0.295
RW	2	131.71	0.295
RW	2	131.71	0.295
RW	2	132	0.3494
RW	2	132.25	0.398
RW	2	132.25	0.398
RW	2	132.25	0.398
RW	2	133	0.4581
RW	2	133.14	0.4693
RW	2	133.5	0.3996
RW	2	133.63	0.3919
RW	2	133.63	0.3919
RW	2	133.63	0.3919
RW	2	134	0.4583
RW	2	134.17	0.4855
RW	2	134.17	0.4855
RW	2	135	0.5556
RW	2	135.56	0.598
RW	2	135.84	0.6101
RW	2	135.84	0.6101
RW	2	136	0.7114
RW	2	136.33	0.9034
RW	2	136.33	0.9034
RW	2	137	0.6636
RW	2	137.41	0.5285
RW	2	138	0.4882
RW	2	138.58	0.4298
RW	2	139	0.522
RW	2	139.43	0.5996
RW	2	139.43	0.5996
RW	2	140	0.609
RW	2	140.53	0.6158
RW	2	141	0.5492
RW	2	141.07	0.5383
RW	2	141.07	0.5383
RW	2	141.07	0.5383
RW	2	142	0.609
RW	2	142.88	0.5831
RW	2	142.88	0.5831
RW	2	143	0.5666
RW	2	144	0.4515
RW	2	144.42	0.4138
RW	2	144.78	0.4122
RW	2	145	0.4559
RW	2	145.32	0.5165
RW	2	145.32	0.5165
RW	2	146	0.6021
RW	2	146.14	0.6216
RW	2	146.14	0.6216
RW	2	146.14	0.6216
RW	2	147	0.7809
RW	2	148	0.9587
RW	2	148.55	1.0503
RW	2	149	1.0615
RW	2	150	1.0805
RW	2	151	1.0907
RW	2	152	1.0927
RW	2	153	1.0886
RW	2	154	1.0817
RW	2	154.02	1.0815
RW	2	154.02	1.0815
RW	2	154.56	1.0218
RW	2	154.56	1.0218
RW	2	154.83	1.0175
RW	2	155	1.0611
RW	2	155.67	1.2141
RW	2	156	1.2291
RW	2	156.84	1.2656
RW	2	157	1.2669
RW	2	158	1.22
RW	2	158.32	1.1864
RW	2	159	1.1962
RW	2	159.79	1.2951
RW	2	160	1.2879
RW	2	160.39	1.2754
RW	2	160.78	1.356
RW	2	160.78	1.356
RW	2	161	1.3886
RW	2	161.73	1.4867
RW	2	162	1.4776
RW	2	162.81	1.4465
RW	2	163	1.3963
RW	2	163.3	1.3049
RW	2	163.47	1.2834
RW	2	164	1.286
RW	2	164.34	1.2868
RW	2	165	1.2904
RW	2	165.88	1.2995
RW	2	166	1.3094
RW	2	167	1.3921
RW	2	168	1.4766
RW	2	169	1.5628
RW	2	170	1.6502
RW	2	171	1.7378
RW	2	171.74	1.8019
RW	2	172	1.7631
RW	2	173	1.6141
RW	2	174	1.4653
RW	2	175	1.3189
RW	2	176	1.1774
RW	2	177	1.0431
RW	2	177.6	0.9667
RW	2	178	0.9761
RW	2	179	0.9998
RW	2	180	1.0232
RW	2	180.37	1.0315
RW	2	181	1.2263
RW	2	181.76	1.4444
RW	2	182	1.4268
RW	2	182.75	1.3416
RW	2	183	1.2901
RW	2	183.36	1.212
RW	2	183.36	1.212
RW	2	183.36	1.212
RW	2	184	1.092
RW	2	185	0.9057
RW	2	185.42	0.8302
RW	2	185.42	0.8302
RW	2	186	0.9711
RW	2	186.64	1.122
RW	2	187	1.1285
RW	2	187.19	1.1305
RW	2	187.19	1.1305
RW	2	188	1.1612
RW	2	188.01	1.1616
RW	2	188.01	1.1616
RW	2	188.47	1.2274
RW	2	188.78	1.2275
RW	2	189	1.1738
RW	2	189.65	1.0148
RW	2	190	0.8648
RW	2	191	0.4822
RW	2	191.03	0.4742
RW	2	191.71	0.4454
RW	2	192	0.5035
RW	2	192.69	0.6476
RW	2	193	0.6392
RW	2	193.68	0.6284
RW	2	194	0.574
RW	2	195	0.4195
RW	2	196	0.295
RW	2	196.21	0.2739
RW	2	197	0.229
RW	2	198	0.1785
RW	2	199	0.1377
RW	2	200	0.11
RW	2	201	0.0975
RW	2	202	0.0998
RW	2	203	0.1143
RW	2	204	0.1377
RW	2	204.23	0.1441
RW	2	205	0.1311
RW	2	206	0.1173
RW	2	207	0.1077
RW	2	208	0.1028
RW	2	209	0.1031
RW	2	209.59	0.1058
RW	2	210	0.1082
RW	2	210.97	0.1111
RW	2	211	0.111
RW	2	211.48	0.1123
RW	2	211.48	0.1123
RW	2	212	0.1186
RW	2	212.25	0.1244
RW	2	213	0.0968
RW	2	214	0.0746
RW	2	215	0.0715
RW	2	215.17	0.0728
RW	2	216	0.0589
RW	2	217	0.0444
RW	2	218	0.0324
RW	2	218.7	0.0255
RW	2	219	0.0282
RW	2	219.99	0.0419
RW	2	220	0.042
RW	2	221	0.0592
RW	2	221.54	0.0706
RW	2	222	0.0474
RW	2	222.31	0.0383
RW	2	223	0.0402
RW	2	224	0.043
RW	2	225	0.0456
RW	2	225.96	0.048
RW	2	226	0.0498
RW	2	227	0.1007
RW	2	228	0.1655
RW	2	228.44	0.1968
RW	2	229	0.2003
RW	2	230	0.2196
RW	2	231	0.2629
RW	2	231.5	0.2962
RW	2	232	0.2747
RW	2	233	0.2332
RW	2	234	0.1945
RW	2	235	0.1595
RW	2	236	0.1291
RW	2	237	0.1033
RW	2	237.74	0.0874
RW	2	238	0.0903
RW	2	239	0.0996
RW	2	240	0.1067
RW	2	240.31	0.1085
RW	2	240.62	0.1066
RW	2	241	0.1062
RW	2	242	0.1097
RW	2	242.86	0.117
RW	2	243	0.115
RW	2	244	0.0994
RW	2	244.56	0.0902
RW	2	245	0.0824
RW	2	245.2	0.0789
RW	2	246	0.093
RW	2	246.13	0.0954
RW	2	247	0.1143
RW	2	248	0.1495
RW	2	249	0.1977
RW	2	250	0.2546
RW	2	251	0.3148
RW	2	251.18	0.3255
RW	3	35	0.313
RW	3	36	0.3266
RW	3	37	0.3651
RW	3	38	0.4221
RW	3	38.27	0.4396
RW	3	39	0.4067
RW	3	40	0.3609
RW	3	41	0.3148
RW	3	42	0.2692
RW	3	43	0.2251
RW	3	44	0.1833
RW	3	45	0.1448
RW	3	46	0.1104
RW	3	47	0.0807
RW	3	48	0.0561
RW	3	48.27	0.0503
RW	3	49	0.0559
RW	3	49.83	0.0624
RW	3	50	0.0593
RW	3	51	0.0422
RW	3	52	0.0273
RW	3	53	0.0158
RW	3	53.88	0.0089
RW	3	54	0.0102
RW	3	54.92	0.0241
RW	3	55	0.0248
RW	3	56	0.0364
RW	3	57	0.0509
RW	3	57.8	0.0642
RW	3	58	0.0728
RW	3	59	0.1415
RW	3	59.24	0.1635
RW	3	60	0.1263
RW	3	60.87	0.0896
RW	3	61	0.0884
RW	3	61.51	0.0834
RW	3	62	0.0775
RW	3	63	0.0764
RW	3	63.63	0.0834
RW	3	64	0.1
RW	3	65	0.1581
RW	3	65.18	0.17
RW	3	66	0.1939
RW	3	67	0.225
RW	3	68	0.2572
RW	3	69	0.2891
RW	3	70	0.3194
RW	3	71	0.3471
RW	3	71.8	0.3669
RW	3	72	0.3445
RW	3	73	0.2287
RW	3	74	0.1277
RW	3	74.83	0.0733
RW	3	75	0.0693
RW	3	75.12	0.0683
RW	3	76	0.088
RW	3	76.41	0.1014
RW	3	76.41	0.1014
RW	3	76.58	0.0963
RW	3	76.58	0.0963
RW	3	76.58	0.0963
RW	3	76.58	0.0963
RW	3	76.99	0.1254
RW	3	77	0.1268
RW	3	77.4	0.2062
RW	3	77.4	0.2062
RW	3	77.4	0.2062
RW	3	77.4	0.2062
RW	3	77.4	0.2062
RW	3	77.67	0.2561
RW	3	77.67	0.2561
RW	3	77.67	0.2561
RW	3	77.67	0.2561
RW	3	77.67	0.2561
RW	3	77.67	0.2561
RW	3	77.67	0.2561
RW	3	78	0.233
RW	3	78.21	0.2201
RW	3	78.21	0.2201
RW	3	78.21	0.2201
RW	3	78.5	0.2189
RW	3	79	0.2514
RW	3	79.15	0.2611
RW	3	79.15	0.2611
RW	3	80	0.4318
RW	3	80.59	0.5457
RW	3	80.59	0.5457
RW	3	81	0.5606
RW	3	81.82	0.6005
RW	3	82	0.5888
RW	3	82.1	0.5825
RW	3	82.1	0.5825
RW	3	83	0.7492
RW	3	83.26	0.7934
RW	3	84	0.7885
RW	3	84.14	0.7882
RW	3	84.14	0.7882
RW	3	84.7	0.8219
RW	3	84.97	0.7926
RW	3	84.97	0.7926
RW	3	84.97	0.7926
RW	3	85	0.7946
RW	3	86	0.856
RW	3	86.42	0.8805
RW	3	87	0.9418
RW	3	88	1.0176
RW	3	88.53	1.0437
RW	3	89	0.9838
RW	3	90	0.8577
RW	3	91	0.7363
RW	3	92	0.6245
RW	3	93	0.5265
RW	3	93.11	0.5168
RW	3	94	0.4679
RW	3	95	0.4218
RW	3	96	0.3894
RW	3	97	0.3731
RW	3	97.35	0.3712
RW	3	98	0.3581
RW	3	99	0.337
RW	3	100	0.3154
RW	3	100.84	0.2972
RW	3	101	0.2985
RW	3	102	0.3178
RW	3	102.6	0.3369
RW	3	103	0.3612
RW	3	103.79	0.3965
RW	3	104	0.397
RW	3	104.5	0.4072
RW	3	105	0.3648
RW	3	105.51	0.3214
RW	3	106	0.4045
RW	3	107	0.613
RW	3	107.55	0.7383
RW	3	108	0.7441
RW	3	109	0.7479
RW	3	110	0.7401
RW	3	111	0.7223
RW	3	112	0.695
RW	3	112.09	0.692
RW	3	113	0.6368
RW	3	114	0.6056
RW	3	115	0.6014
RW	3	115.54	0.6076
RW	3	115.54	0.6076
RW	3	116	0.6593
RW	3	117	0.774
RW	3	117.23	0.8001
RW	3	117.23	0.8001
RW	3	118	0.7969
RW	3	118.63	0.7808
RW	3	119	0.7889
RW	3	120	0.7884
RW	3	121	0.7553
RW	3	121.37	0.7365
RW	3	122	0.648
RW	3	122.85	0.5309
RW	3	122.85	0.5309
RW	3	123	0.5613
RW	3	123.9	0.7537
RW	3	123.9	0.7537
RW	3	124	0.7478
RW	3	124.24	0.7331
RW	3	124.24	0.7331
RW	3	125	0.6677
RW	3	125.06	0.6634
RW	3	125.49	0.754
RW	3	125.49	0.754
RW	3	125.93	0.7447
RW	3	126	0.7519
RW	3	126.76	0.8278
RW	3	126.76	0.8278
RW	3	126.76	0.8278
RW	3	126.76	0.8278
RW	3	126.76	0.8278
RW	3	127	0.8136
RW	3	127.13	0.8062
RW	3	127.13	0.8062
RW	3	127.51	0.7279
RW	3	127.79	0.7101
RW	3	128	0.7588
RW	3	128.27	0.8188
RW	3	128.27	0.8188
RW	3	128.54	0.8072
RW	3	128.54	0.8072
RW	3	129	0.8951
RW	3	129.08	0.9121
RW	3	130	0.6263
RW	3	130.76	0.4702
RW	3	131	0.4622
RW	3	131.75	0.4547
RW	3	132	0.4712
RW	3	132.15	0.4813
RW	3	133	0.421
RW	3	134	0.3504
RW	3	134.73	0.3011
RW	3	135	0.3392
RW	3	136	0.4819
RW	3	136.98	0.6173
RW	3	137	0.6166
RW	3	138	0.5881
RW	3	139	0.563
RW	3	140	0.5418
RW	3	140.06	0.5406
RW	3	141	0.6109
RW	3	142	0.7089
RW	3	142.72	0.7852
RW	3	143	0.756
RW	3	144	0.644
RW	3	144.09	0.6338
RW	3	145	0.7398
RW	3	146	0.8748
RW	3	146.82	0.9935
RW	3	147	0.974
RW	3	148	0.856
RW	3	149	0.7212
RW	3	150	0.5763
RW	3	151	0.4478
RW	3	152	0.3799
RW	3	152.34	0.3725
RW	3	153	0.3661
RW	3	154	0.3533
RW	3	155	0.3369
RW	3	155.19	0.3334
RW	3	156	0.4284
RW	3	156.66	0.5095
RW	3	156.66	0.5095
RW	3	157	0.4963
RW	3	158	0.4704
RW	3	158.72	0.4632
RW	3	159	0.4763
RW	3	159.7	0.512
RW	3	160	0.4858
RW	3	160.06	0.4805
RW	3	161	0.6268
RW	3	161.54	0.7309
RW	3	161.54	0.7309
RW	3	162	0.6323
RW	3	162.08	0.6135
RW	3	162.08	0.6135
RW	3	162.78	0.7081
RW	3	163	0.6866
RW	3	164	0.5782
RW	3	165	0.4507
RW	3	166	0.3122
RW	3	166.62	0.2334
RW	3	167	0.2576
RW	3	168	0.3545
RW	3	169	0.4929
RW	3	170	0.6512
RW	3	170.27	0.695
RW	3	171	0.6697
RW	3	172	0.6307
RW	3	173	0.5871
RW	3	174	0.5395
RW	3	175	0.4888
RW	3	176	0.4362
RW	3	177	0.3831
RW	3	177.07	0.3796
RW	3	178	0.3649
RW	3	179	0.3473
RW	3	180	0.3286
RW	3	181	0.3097
RW	3	181.68	0.2971
RW	3	182	0.2542
RW	3	182.12	0.2399
RW	3	183	0.2811
RW	3	184	0.3291
RW	3	185	0.375
RW	3	185.83	0.4091
RW	3	186	0.4148
RW	3	187	0.4524
RW	3	188	0.4931
RW	3	189	0.5318
RW	3	190	0.5648
RW	3	191	0.5904
RW	3	192	0.6081
RW	3	193	0.6185
RW	3	194	0.6227
RW	3	195	0.6223
RW	3	195.33	0.6214
RW	3	196	0.5341
RW	3	197	0.4111
RW	3	198	0.3032
RW	3	199	0.2159
RW	3	199.9	0.156
RW	3	200	0.1554
RW	3	201	0.1496
RW	3	201.85	0.1453
RW	3	202	0.1461
RW	3	202.15	0.1505
RW	3	203	0.1539
RW	3	204	0.1713
RW	3	204.52	0.1858
RW	3	205	0.1777
RW	3	206	0.1608
RW	3	207	0.1438
RW	3	208	0.1269
RW	3	209	0.1105
RW	3	209.45	0.1032
RW	4	0	0.3106
RW	4	1	0.3399
RW	4	2	0.374
RW	4	3	0.4119
RW	4	3.56	0.4343
RW	4	4	0.4343
RW	4	5	0.4275
RW	4	6	0.4142
RW	4	6.19	0.4112
RW	4	7	0.373
RW	4	7.3	0.3649
RW	4	8	0.32
RW	4	9	0.2594
RW	4	10	0.2074
RW	4	10.24	0.1965
RW	4	11	0.2068
RW	4	12	0.2186
RW	4	13	0.2285
RW	4	14	0.2361
RW	4	14.31	0.2379
RW	4	15	0.2327
RW	4	16	0.2264
RW	4	17	0.2183
RW	4	17.8	0.2089
RW	4	18	0.202
RW	4	19	0.1922
RW	4	19.19	0.1944
RW	4	20	0.2223
RW	4	21	0.2668
RW	4	22	0.3154
RW	4	23	0.3591
RW	4	24	0.3915
RW	4	24.7	0.4065
RW	4	25	0.3356
RW	4	26	0.1434
RW	4	27	0.105
RW	4	27.43	0.1377
RW	4	28	0.1443
RW	4	29	0.1557
RW	4	30	0.1671
RW	4	31	0.1785
RW	4	32	0.19
RW	4	32.37	0.1943
RW	4	33	0.2161
RW	4	34	0.251
RW	4	35	0.2848
RW	4	36	0.3162
RW	4	36.03	0.3172
RW	4	36.14	0.3152
RW	4	37	0.3052
RW	4	37.95	0.3114
RW	4	38	0.3092
RW	4	39	0.2546
RW	4	40	0.1922
RW	4	40.63	0.156
RW	4	41	0.156
RW	4	42	0.1558
RW	4	43	0.1553
RW	4	44	0.1544
RW	4	45	0.1532
RW	4	46	0.1516
RW	4	47	0.1498
RW	4	48	0.1476
RW	4	49	0.1452
RW	4	50	0.1426
RW	4	50.67	0.1407
RW	4	51	0.1488
RW	4	52	0.175
RW	4	52.72	0.1957
RW	4	53	0.2084
RW	4	54	0.2578
RW	4	55	0.312
RW	4	56	0.3698
RW	4	57	0.4299
RW	4	58	0.4911
RW	4	58.2	0.5035
RW	4	58.56	0.4276
RW	4	59	0.461
RW	4	60	0.5187
RW	4	61	0.5441
RW	4	61.54	0.5456
RW	4	62	0.5304
RW	4	63	0.4906
RW	4	63.21	0.4813
RW	4	63.78	0.5074
RW	4	63.78	0.5074
RW	4	64	0.5317
RW	4	64.13	0.5486
RW	4	65	0.754
RW	4	65.65	0.9126
RW	4	65.98	0.6923
RW	4	65.98	0.6923
RW	4	66	0.6936
RW	4	66.25	0.7071
RW	4	66.25	0.7071
RW	4	66.25	0.7071
RW	4	66.52	0.7543
RW	4	66.79	0.689
RW	4	67	0.7229
RW	4	67.07	0.7358
RW	4	67.07	0.7358
RW	4	67.07	0.7358
RW	4	67.62	0.9442
RW	4	67.91	0.9802
RW	4	68	0.9761
RW	4	68.37	0.9577
RW	4	68.37	0.9577
RW	4	68.83	0.8901
RW	4	69	0.8787
RW	4	69.92	0.818
RW	4	69.92	0.818
RW	4	69.92	0.818
RW	4	70	0.8267
RW	4	70.44	0.878
RW	4	70.71	0.7799
RW	4	70.71	0.7799
RW	4	71	0.7612
RW	4	71.53	0.7326
RW	4	72	0.7252
RW	4	72.17	0.7243
RW	4	73	0.7423
RW	4	73.14	0.7461
RW	4	74	0.6414
RW	4	74.8	0.5084
RW	4	75	0.4395
RW	4	76	0.09
RW	4	76.16	0.0655
RW	4	77	0.035
RW	4	77.53	0.023
RW	4	78	0.0197
RW	4	79	0.016
RW	4	79.22	0.0159
RW	4	79.6	0.0387
RW	4	80	0.0393
RW	4	81	0.0415
RW	4	81.55	0.0429
RW	4	81.55	0.0429
RW	4	82	0.0349
RW	4	83	0.0235
RW	4	83.79	0.0216
RW	4	84	0.0252
RW	4	84.95	0.0467
RW	4	85	0.0482
RW	4	85.58	0.0645
RW	4	86	0.0729
RW	4	86.16	0.076
RW	4	87	0.0775
RW	4	88	0.0836
RW	4	89	0.0949
RW	4	89.02	0.0952
RW	4	89.02	0.0952
RW	4	89.02	0.0952
RW	4	89.31	0.033
RW	4	89.31	0.033
RW	4	90	0.0225
RW	4	90.1	0.0211
RW	4	91	0.0495
RW	4	92	0.1875
RW	4	92.86	0.3509
RW	4	93	0.3353
RW	4	94	0.2321
RW	4	95	0.1403
RW	4	96	0.0675
RW	4	97	0.0241
RW	4	98	0.0223
RW	4	99	0.0668
RW	4	100	0.1485
RW	4	101	0.253
RW	4	102	0.3692
RW	4	103	0.4896
RW	4	103.37	0.5347
RW	4	104	0.3985
RW	4	104.74	0.2562
RW	4	105	0.2952
RW	4	105.04	0.3016
RW	4	105.32	0.3783
RW	4	106	0.6399
RW	4	106.19	0.7028
RW	4	107	0.4613
RW	4	107.06	0.4462
RW	4	108	0.4719
RW	4	108.51	0.487
RW	4	108.84	0.4776
RW	4	109	0.4666
RW	4	109.12	0.461
RW	4	109.45	0.4563
RW	4	110	0.4228
RW	4	111	0.3003
RW	4	111.05	0.2918
RW	4	112	0.2744
RW	4	113	0.2547
RW	4	113.62	0.2424
RW	4	114	0.2727
RW	4	114.3	0.2965
RW	4	115	0.1981
RW	4	115.47	0.135
RW	4	115.47	0.135
RW	4	115.47	0.135
RW	4	116	0.2216
RW	4	117	0.4271
RW	4	117.16	0.4636
RW	4	118	0.4559
RW	4	118.89	0.4451
RW	4	119	0.4387
RW	4	120	0.3723
RW	4	121	0.2993
RW	4	122	0.2333
RW	4	122.03	0.2316
RW	4	122.52	0.1723
RW	4	123	0.0073
RW	4	123.11	0.0076
RW	4	123.6	0.0261
RW	4	124	0.0648
RW	4	124.14	0.0817
RW	4	124.14	0.0817
RW	4	125	0.0813
RW	4	126	0.0836
RW	4	126.01	0.0836
RW	4	126.01	0.0836
RW	4	127	0.0991
RW	4	128	0.1158
RW	4	128.3	0.121
RW	4	128.7	0.1703
RW	4	129	0.1563
RW	4	129.16	0.1496
RW	4	129.9	0.0332
RW	4	129.9	0.0332
RW	4	129.9	0.0332
RW	4	130	0.0361
RW	4	130.89	0.0712
RW	4	130.89	0.0712
RW	4	131	0.071
RW	4	131.34	0.0707
RW	4	131.62	0.1449
RW	4	132	0.146
RW	4	132.09	0.1463
RW	4	132.43	0.1352
RW	4	132.9	0.129
RW	4	133	0.1255
RW	4	134	0.0968
RW	4	135	0.0795
RW	4	136	0.0738
RW	4	136.48	0.0749
RW	4	137	0.0931
RW	4	138	0.1324
RW	4	138.65	0.1604
RW	4	139	0.1672
RW	4	139.89	0.1827
RW	4	140	0.18
RW	4	141	0.1581
RW	4	141.37	0.1512
RW	4	142	0.1173
RW	4	142.82	0.0802
RW	4	143	0.0773
RW	4	144	0.0616
RW	4	144.4	0.0557
RW	4	145	0.0477
RW	4	146	0.0483
RW	4	147	0.0675
RW	4	148	0.1035
RW	4	148.99	0.1506
RW	4	149	0.1518
RW	4	150	0.2489
RW	4	151	0.367
RW	4	152	0.4989
RW	4	153	0.6376
RW	4	153.56	0.7157
RW	4	154	0.6302
RW	4	155	0.4363
RW	4	155.07	0.4238
RW	4	156	0.4836
RW	4	156.17	0.4886
RW	4	157	0.7058
RW	4	158	0.9897
RW	4	158.69	1.1856
RW	4	159	1.0642
RW	4	160	0.6654
RW	4	161	0.3101
RW	4	161.23	0.2456
RW	4	162	0.2478
RW	4	162.16	0.2475
RW	4	163	0.2326
RW	4	164	0.2134
RW	4	165	0.1932
RW	4	166	0.1729
RW	4	167	0.154
RW	4	168	0.1377
RW	4	169	0.1249
RW	4	170	0.1159
RW	4	170.81	0.1112
RW	4	171	0.1166
RW	4	171.93	0.1752
RW	4	172	0.1751
RW	4	173	0.1736
RW	4	173.99	0.1711
RW	5	0	0.6533
RW	5	1	0.6364
RW	5	1.51	0.6248
RW	5	2	0.6298
RW	5	3	0.6477
RW	5	3.12	0.6497
RW	5	4	0.773
RW	5	5	0.8979
RW	5	5.71	0.969
RW	5	5.98	1.0994
RW	5	6	1.0904
RW	5	6.29	0.9721
RW	5	7	0.9353
RW	5	8	0.8732
RW	5	9	0.8005
RW	5	10	0.7209
RW	5	11	0.6396
RW	5	11.58	0.5942
RW	5	12	0.5844
RW	5	13	0.5592
RW	5	14	0.5311
RW	5	15	0.5002
RW	5	16	0.4665
RW	5	17	0.4305
RW	5	18	0.3926
RW	5	19	0.3533
RW	5	20	0.3132
RW	5	21	0.2733
RW	5	22	0.2343
RW	5	23	0.1972
RW	5	24	0.1628
RW	5	25	0.132
RW	5	26	0.105
RW	5	27	0.0821
RW	5	28	0.0631
RW	5	29	0.0478
RW	5	29.76	0.0384
RW	5	30	0.0376
RW	5	31	0.0342
RW	5	32	0.0305
RW	5	33	0.0266
RW	5	34	0.0227
RW	5	35	0.0189
RW	5	35.92	0.0156
RW	5	36	0.0165
RW	5	37	0.0301
RW	5	38	0.0504
RW	5	38.26	0.0567
RW	5	39	0.0516
RW	5	40	0.0449
RW	5	41	0.0385
RW	5	42	0.0325
RW	5	43	0.0269
RW	5	44	0.0219
RW	5	45	0.0173
RW	5	46	0.0133
RW	5	47	0.0099
RW	5	48	0.0071
RW	5	49	0.0049
RW	5	50	0.0033
RW	5	51	0.0022
RW	5	52	0.0016
RW	5	53	0.0015
RW	5	54	0.0018
RW	5	55	0.0027
RW	5	56	0.0039
RW	5	57	0.0056
RW	5	58	0.0078
RW	5	58.7	0.0096
RW	5	59	0.0132
RW	5	60	0.0537
RW	5	61	0.1272
RW	5	61.5	0.1667
RW	5	62	0.1424
RW	5	63	0.098
RW	5	64	0.0806
RW	5	64.37	0.0835
RW	5	65	0.0834
RW	5	66	0.0837
RW	5	67	0.0844
RW	5	68	0.0855
RW	5	69	0.0869
RW	5	69.71	0.088
RW	5	70	0.0936
RW	5	71	0.1215
RW	5	72	0.1614
RW	5	72.76	0.1982
RW	5	73	0.2109
RW	5	74	0.2651
RW	5	75	0.3132
RW	5	75.86	0.3466
RW	5	76	0.3506
RW	5	77	0.3795
RW	5	77.55	0.3946
RW	5	78	0.4685
RW	5	78.54	0.5595
RW	5	79	0.6839
RW	5	79.01	0.6867
RW	5	79.54	0.6174
RW	5	80	0.721
RW	5	81	0.9686
RW	5	82	1.2016
RW	5	83	1.3966
RW	5	83.29	1.445
RW	5	84	1.2616
RW	5	84.32	1.1696
RW	5	84.4	1.1381
RW	5	84.4	1.1381
RW	5	84.84	1.3394
RW	5	84.84	1.3394
RW	5	85	1.2708
RW	5	85.5	1.0451
RW	5	85.8	1.0614
RW	5	85.8	1.0614
RW	5	86	1.1527
RW	5	86.07	1.1832
RW	5	86.35	1.2424
RW	5	86.35	1.2424
RW	5	86.35	1.2424
RW	5	86.35	1.2424
RW	5	86.35	1.2424
RW	5	86.35	1.2424
RW	5	86.35	1.2424
RW	5	87	1.182
RW	5	88	1.0708
RW	5	88.03	1.067
RW	5	88.39	0.9963
RW	5	88.6	0.9997
RW	5	88.6	0.9997
RW	5	88.6	0.9997
RW	5	88.6	0.9997
RW	5	88.6	0.9997
RW	5	88.6	0.9997
RW	5	89	0.9807
RW	5	89.7	0.9404
RW	5	89.7	0.9404
RW	5	89.7	0.9404
RW	5	90	0.8043
RW	5	90.25	0.6798
RW	5	90.25	0.6798
RW	5	90.25	0.6798
RW	5	90.25	0.6798
RW	5	90.25	0.6798
RW	5	91	0.6313
RW	5	92	0.5638
RW	5	93	0.4952
RW	5	94	0.4284
RW	5	95	0.3673
RW	5	95.42	0.3443
RW	5	96	0.3724
RW	5	97	0.4252
RW	5	98	0.4802
RW	5	99	0.534
RW	5	100	0.5842
RW	5	100.29	0.5977
RW	5	101	0.7593
RW	5	101.97	0.9668
RW	5	102	0.9667
RW	5	103	0.9512
RW	5	104	0.9154
RW	5	105	0.8605
RW	5	105.37	0.836
RW	5	105.37	0.836
RW	5	105.37	0.836
RW	5	105.37	0.836
RW	5	105.64	0.8157
RW	5	105.93	0.8641
RW	5	105.93	0.8641
RW	5	106	0.8661
RW	5	107	0.8867
RW	5	108	0.8915
RW	5	109	0.8806
RW	5	110	0.8555
RW	5	110.49	0.8388
RW	5	110.49	0.8388
RW	5	110.75	0.931
RW	5	111	0.796
RW	5	111.29	0.6322
RW	5	112	0.658
RW	5	112.95	0.6863
RW	5	113	0.6844
RW	5	114	0.6136
RW	5	114.32	0.5779
RW	5	114.76	0.4097
RW	5	114.76	0.4097
RW	5	115	0.4434
RW	5	115.23	0.4759
RW	5	115.23	0.4759
RW	5	116	0.5007
RW	5	117	0.5086
RW	5	117.19	0.5069
RW	5	118	0.1925
RW	5	118.04	0.1791
RW	5	119	0.4082
RW	5	120	0.58
RW	5	120.2	0.6039
RW	5	121	0.6306
RW	5	122	0.6604
RW	5	122.3	0.6684
RW	5	122.3	0.6684
RW	5	123	0.6321
RW	5	124	0.5756
RW	5	125	0.5155
RW	5	125.33	0.4956
RW	5	126	0.4486
RW	5	126.65	0.4013
RW	5	127	0.3636
RW	5	127.55	0.3237
RW	5	128	0.39
RW	5	128.12	0.407
RW	5	129	0.3741
RW	5	130	0.3387
RW	5	131	0.3051
RW	5	131.25	0.2969
RW	5	131.25	0.2969
RW	5	131.25	0.2969
RW	5	131.25	0.2969
RW	5	131.25	0.2969
RW	5	131.7	0.3397
RW	5	132	0.3713
RW	5	132.14	0.3862
RW	5	132.58	0.325
RW	5	133	0.3862
RW	5	133.92	0.4731
RW	5	134	0.4869
RW	5	134.59	0.5883
RW	5	134.78	0.5266
RW	5	135	0.5273
RW	5	136	0.5252
RW	5	136.29	0.5231
RW	5	137	0.4957
RW	5	138	0.4321
RW	5	138.42	0.3976
RW	5	139	0.3788
RW	5	139.69	0.3556
RW	5	140	0.3987
RW	5	141	0.5497
RW	5	141.37	0.6069
RW	5	142	0.4399
RW	5	143	0.2377
RW	5	143.71	0.2022
RW	5	144	0.197
RW	5	144.84	0.1872
RW	5	145	0.1506
RW	5	145.42	0.0807
RW	5	146	0.0553
RW	5	147	0.0437
RW	5	147.29	0.0481
RW	5	148	0.0463
RW	5	148.98	0.0438
RW	5	149	0.0446
RW	5	150	0.1067
RW	5	151	0.1857
RW	5	152	0.2468
RW	5	153	0.281
RW	5	153.49	0.2896
RW	5	154	0.2909
RW	5	155	0.2965
RW	5	156	0.306
RW	5	156.83	0.3167
RW	5	157	0.325
RW	5	158	0.3768
RW	5	159	0.4325
RW	5	160	0.4897
RW	5	161	0.5457
RW	5	161.51	0.5731
RW	5	161.51	0.5731
RW	5	162	0.6119
RW	5	162.7	0.6627
RW	5	163	0.6649
RW	5	163.59	0.6625
RW	5	164	0.6663
RW	5	165	0.65
RW	5	166	0.5951
RW	5	166.22	0.5787
RW	5	167	0.5636
RW	5	167.65	0.5314
RW	5	168	0.5765
RW	5	169	0.7
RW	5	169.72	0.7763
RW	5	170	0.6853
RW	5	170.63	0.4877
RW	5	171	0.4836
RW	5	172	0.4715
RW	5	173	0.4616
RW	5	173.95	0.4635
RW	5	174	0.4624
RW	5	175	0.4549
RW	5	176	0.499
RW	5	176.63	0.5557
RW	5	177	0.5827
RW	5	178	0.6627
RW	5	179	0.75
RW	5	180	0.8396
RW	5	181	0.926
RW	5	182	1.0053
RW	5	182.05	1.0091
RW	5	183	0.9893
RW	5	184	0.9658
RW	5	185	0.9392
RW	5	186	0.9092
RW	5	187	0.8759
RW	5	187.55	0.8563
RW	5	188	0.865
RW	5	189	0.8838
RW	5	189.86	0.8995
RW	5	189.86	0.8995
RW	5	190	0.8899
RW	5	191	0.818
RW	5	192	0.7423
RW	5	192.91	0.6713
RW	6	5	0.301
RW	6	6	0.2
RW	6	7	0.1043
RW	6	8	0.0362
RW	6	8	0.0362
RW	6	8.67	0.0262
RW	6	9	0.0265
RW	6	9.86	0.0268
RW	6	9.86	0.0268
RW	6	9.86	0.0268
RW	6	9.86	0.0268
RW	6	9.86	0.0268
RW	6	10	0.0174
RW	6	10.69	9e-04
RW	6	11	5e-04
RW	6	11.21	3e-04
RW	6	11.21	3e-04
RW	6	12	0.0036
RW	6	13	0.0125
RW	6	13.54	0.0191
RW	6	14	0.0157
RW	6	15	0.0135
RW	6	15.94	0.0183
RW	6	16	0.0202
RW	6	17	0.0802
RW	6	17.79	0.1603
RW	6	18	0.1778
RW	6	18.84	0.25
RW	6	19	0.2383
RW	6	20	0.1679
RW	6	21	0.1093
RW	6	21.19	0.1
RW	6	22	0.0782
RW	6	23	0.0531
RW	6	24	0.0317
RW	6	25	0.0155
RW	6	25.89	0.0062
RW	6	26	0.0079
RW	6	27	0.0354
RW	6	28	0.0845
RW	6	28.92	0.1453
RW	6	29	0.1469
RW	6	30	0.1664
RW	6	30.84	0.1791
RW	6	30.84	0.1791
RW	6	31	0.1446
RW	6	31.31	0.0901
RW	6	32	0.0558
RW	6	33	0.028
RW	6	33.01	0.0278
RW	6	34	0.0717
RW	6	34.25	0.0878
RW	6	34.56	0.3203
RW	6	35	0.3324
RW	6	36	0.3522
RW	6	37	0.3596
RW	6	37.93	0.356
RW	6	38	0.3537
RW	6	39	0.3218
RW	6	39.43	0.3088
RW	6	40	0.3476
RW	6	40.67	0.3942
RW	6	41	0.3862
RW	6	41.23	0.3806
RW	6	41.78	0.507
RW	6	41.78	0.507
RW	6	42	0.4627
RW	6	42.88	0.3033
RW	6	43	0.3016
RW	6	44	0.2984
RW	6	45	0.3196
RW	6	45.16	0.3254
RW	6	46	0.3372
RW	6	46.17	0.3398
RW	6	47	0.3871
RW	6	47.13	0.3943
RW	6	47.4	0.5195
RW	6	47.96	0.5397
RW	6	48	0.54
RW	6	49	0.5458
RW	6	50	0.5432
RW	6	51	0.5285
RW	6	52	0.4989
RW	6	52.13	0.494
RW	6	53	0.4436
RW	6	54	0.3861
RW	6	55	0.33
RW	6	56	0.2763
RW	6	57	0.2259
RW	6	58	0.1798
RW	6	59	0.1389
RW	6	60	0.1037
RW	6	60.95	0.076
RW	6	61	0.0763
RW	6	61.62	0.0825
RW	6	62	0.1053
RW	6	62.58	0.1454
RW	6	62.58	0.1454
RW	6	62.86	0.0915
RW	6	63	0.0847
RW	6	63.76	0.0517
RW	6	64	0.0511
RW	6	64.04	0.0512
RW	6	65	0.0604
RW	6	65.84	0.0801
RW	6	65.84	0.0801
RW	6	66	0.086
RW	6	67	0.1371
RW	6	67	0.1372
RW	6	68	0.1494
RW	6	69	0.1646
RW	6	70	0.1825
RW	6	71	0.2023
RW	6	72	0.2233
RW	6	72.06	0.2246
RW	6	72.48	0.2195
RW	6	73	0.1715
RW	6	73.89	0.0987
RW	6	73.89	0.0987
RW	6	73.89	0.0987
RW	6	73.89	0.0987
RW	6	74	0.0948
RW	6	74.72	0.0719
RW	6	75	0.0743
RW	6	75.86	0.0932
RW	6	76	0.1479
RW	6	76.15	0.2117
RW	6	76.43	0.2142
RW	6	76.99	0.2141
RW	6	77	0.2142
RW	6	77.31	0.2204
RW	6	77.31	0.2204
RW	6	78	0.1702
RW	6	79	0.1051
RW	6	80	0.053
RW	6	81	0.0181
RW	6	81.1	0.0156
RW	6	82	0.0037
RW	6	82.93	0.0322
RW	6	83	0.0315
RW	6	84	0.0211
RW	6	85	0.0121
RW	6	86	0.0058
RW	6	87	0.0036
RW	6	88	0.0059
RW	6	88.38	0.0079
RW	6	89	0.009
RW	6	90	0.0157
RW	6	91	0.0279
RW	6	92	0.0445
RW	6	93	0.0645
RW	6	93.32	0.0713
RW	6	94	0.0716
RW	6	95	0.0733
RW	6	96	0.0766
RW	6	97	0.0814
RW	6	98	0.0878
RW	6	99	0.0957
RW	6	100	0.1052
RW	6	101	0.1161
RW	6	101.54	0.1225
RW	6	102	0.1222
RW	6	103	0.1312
RW	6	104	0.1536
RW	6	105	0.1895
RW	6	106	0.2382
RW	6	106.91	0.2923
RW	6	107	0.2867
RW	6	108	0.2316
RW	6	109	0.1964
RW	6	110	0.1877
RW	6	111	0.2037
RW	6	111.17	0.2084
RW	6	112	0.2434
RW	6	113	0.3007
RW	6	113.86	0.3624
RW	6	114	0.3551
RW	6	114.87	0.307
RW	6	115	0.2954
RW	6	116	0.2141
RW	6	117	0.1461
RW	6	118	0.0951
RW	6	118.61	0.0737
RW	6	119	0.0746
RW	6	120	0.0904
RW	6	121	0.1268
RW	6	121.47	0.1505
RW	6	121.71	0.1544
RW	6	121.9	0.1631
RW	6	122	0.1605
RW	6	123	0.136
RW	6	123.24	0.1303
RW	6	124	0.0845
RW	6	124.71	0.0506
RW	6	125	0.0474
RW	6	126	0.037
RW	6	127	0.0277
RW	6	128	0.0197
RW	6	129	0.0131
RW	6	130	0.0082
RW	6	131	0.0048
RW	6	132	0.0032
RW	6	133	0.0033
RW	6	134	0.0051
RW	6	135	0.0086
RW	6	136	0.0136
RW	6	137	0.02
RW	6	138	0.0277
RW	6	139	0.0363
RW	6	140	0.0458
RW	6	141	0.0559
RW	6	141.54	0.0615
RW	6	142	0.0586
RW	6	143	0.0525
RW	6	144	0.0469
RW	6	145	0.0419
RW	6	145.43	0.0399
RW	7	0	0.0532
RW	7	1	0.14
RW	7	2	0.2643
RW	7	2.79	0.3563
RW	7	3	0.3517
RW	7	4	0.3278
RW	7	5	0.3021
RW	7	6	0.2772
RW	7	7	0.2557
RW	7	8	0.2396
RW	7	8.17	0.2375
RW	7	9	0.2476
RW	7	10	0.2588
RW	7	11	0.269
RW	7	12	0.2785
RW	7	12.34	0.2815
RW	7	13	0.2517
RW	7	14	0.2065
RW	7	15	0.1629
RW	7	16	0.1228
RW	7	17	0.0876
RW	7	18	0.0586
RW	7	18.43	0.0481
RW	7	19	0.0525
RW	7	20	0.064
RW	7	21	0.0808
RW	7	22	0.1027
RW	7	23	0.1292
RW	7	24	0.159
RW	7	25	0.1902
RW	7	26	0.2209
RW	7	27	0.249
RW	7	28	0.273
RW	7	28.29	0.279
RW	7	29	0.3085
RW	7	30	0.3543
RW	7	31	0.4049
RW	7	31.36	0.4242
RW	7	32	0.4108
RW	7	33	0.3997
RW	7	34	0.4049
RW	7	35	0.4288
RW	7	36	0.4676
RW	7	37	0.514
RW	7	38	0.5618
RW	7	39	0.6071
RW	7	39.25	0.6178
RW	7	40	0.5643
RW	7	41	0.4836
RW	7	42	0.3968
RW	7	42.23	0.3768
RW	7	43	0.4062
RW	7	44	0.4421
RW	7	45	0.4742
RW	7	46	0.501
RW	7	47	0.5213
RW	7	48	0.5347
RW	7	49	0.541
RW	7	49.22	0.5415
RW	7	50	0.4926
RW	7	51	0.4287
RW	7	52	0.3658
RW	7	53	0.3071
RW	7	54	0.2554
RW	7	55	0.2131
RW	7	55.22	0.2051
RW	7	56	0.1942
RW	7	57	0.1787
RW	7	58	0.1619
RW	7	58.73	0.1491
RW	7	59	0.1406
RW	7	59.86	0.1182
RW	7	60	0.1228
RW	7	60.67	0.1471
RW	7	60.67	0.1471
RW	7	61	0.1461
RW	7	62	0.1517
RW	7	62.21	0.1545
RW	7	62.21	0.1545
RW	7	63	0.1519
RW	7	64	0.132
RW	7	64.02	0.1314
RW	7	64.02	0.1314
RW	7	64.02	0.1314
RW	7	64.02	0.1314
RW	7	64.02	0.1314
RW	7	64.84	0.0201
RW	7	64.84	0.0201
RW	7	64.84	0.0201
RW	7	64.84	0.0201
RW	7	64.84	0.0201
RW	7	65	0.0264
RW	7	65.65	0.0614
RW	7	65.65	0.0614
RW	7	66	0.0546
RW	7	67	0.0636
RW	7	67.02	0.0643
RW	7	68	0.0661
RW	7	69	0.0671
RW	7	69.05	0.0672
RW	7	70	0.0428
RW	7	70.32	0.0374
RW	7	71	0.0768
RW	7	71.62	0.1171
RW	7	72	0.1542
RW	7	72.2	0.1778
RW	7	73	0.0981
RW	7	74	0.0263
RW	7	75	0.0102
RW	7	75.89	0.0513
RW	7	76	0.0508
RW	7	76.17	0.0537
RW	7	76.17	0.0537
RW	7	77	0.0936
RW	7	78	0.1641
RW	7	79	0.2179
RW	7	79.3	0.2393
RW	7	80	0.2263
RW	7	81	0.2166
RW	7	82	0.2159
RW	7	83	0.2221
RW	7	84	0.2324
RW	7	84.06	0.2331
RW	7	85	0.2462
RW	7	86	0.2593
RW	7	87	0.2713
RW	7	88	0.2818
RW	7	89	0.2904
RW	7	90	0.2969
RW	7	91	0.3013
RW	7	91.59	0.3028
RW	7	92	0.2442
RW	7	92.66	0.1597
RW	7	93	0.1597
RW	7	94	0.16
RW	7	95	0.1602
RW	7	96	0.1604
RW	7	97	0.1609
RW	7	97.21	0.1611
RW	7	98	0.2079
RW	7	99	0.2756
RW	7	100	0.3499
RW	7	101	0.4269
RW	7	102	0.5031
RW	7	103	0.5754
RW	7	103.28	0.5947
RW	7	104	0.5294
RW	7	105	0.4392
RW	7	105.85	0.3648
RW	7	106	0.3651
RW	7	107	0.368
RW	7	108	0.3695
RW	7	108.57	0.3688
RW	7	109	0.3326
RW	7	109.07	0.3276
RW	7	110	0.2597
RW	7	111	0.1735
RW	7	111.99	0.0932
RW	7	112	0.0927
RW	7	113	0.0529
RW	7	113.83	0.0277
RW	7	114	0.0272
RW	7	114.5	0.0249
RW	7	114.84	0.1123
RW	7	115	0.1027
RW	7	115.98	0.0517
RW	7	116	0.0523
RW	7	116.06	0.0541
RW	7	116.34	0.0505
RW	7	116.99	0.0474
RW	7	117	0.0474
RW	7	117.26	0.0475
RW	7	117.26	0.0475
RW	7	117.34	0.051
RW	7	117.62	0.0646
RW	7	118	0.0677
RW	7	118.25	0.0708
RW	7	118.25	0.0708
RW	7	119	0.0823
RW	7	119.63	0.1041
RW	7	119.63	0.1041
RW	7	120	0.1047
RW	7	120.35	0.1051
RW	7	121	0.0819
RW	7	121.2	0.0759
RW	7	121.71	0.1013
RW	7	122	0.0916
RW	7	123	0.0599
RW	7	123.45	0.0473
RW	7	124	0.065
RW	7	125	0.1952
RW	7	125.16	0.222
RW	7	125.56	0.1951
RW	7	126	0.2319
RW	7	126.5	0.2747
RW	7	127	0.2819
RW	7	128	0.3176
RW	7	129	0.3793
RW	7	129.46	0.4152
RW	7	130	0.444
RW	7	131	0.4956
RW	7	132	0.5406
RW	7	132.22	0.5491
RW	7	133	0.4588
RW	7	134	0.3414
RW	7	134.79	0.252
RW	7	135	0.2488
RW	7	135.12	0.2477
RW	7	136	0.2554
RW	7	137	0.2482
RW	7	137.03	0.2476
RW	7	138	0.2002
RW	7	139	0.1401
RW	7	140	0.0762
RW	7	141	0.0296
RW	7	141.24	0.0225
RW	7	141.24	0.0225
RW	7	142	0.023
RW	7	142.68	0.0235
RW	7	143	0.0233
RW	7	144	0.044
RW	7	144.15	0.0493
RW	7	145	0.0364
RW	7	146	0.0242
RW	7	146.68	0.018
RW	7	147	0.0229
RW	7	148	0.0445
RW	7	149	0.074
RW	7	149.82	0.1023
RW	7	150	0.1026
RW	7	151	0.1038
RW	7	152	0.1048
RW	7	153	0.1055
RW	7	154	0.106
RW	7	155	0.1061
RW	7	156	0.1058
RW	7	157	0.1053
RW	7	158	0.1044
RW	7	159	0.1034
RW	7	160	0.1022
RW	7	161	0.101
RW	7	161.82	0.1
RW	7	162	0.0926
RW	7	163	0.0544
RW	7	164	0.0254
RW	7	165	0.0074
RW	7	165.79	0.0016
RW	7	166	0.0015
RW	7	167	0.0012
RW	7	167.53	0.0011
RW	7	168	0.0011
RW	7	169	0.0017
RW	7	170	0.003
RW	7	170.38	0.0036
RW	7	170.38	0.0036
RW	7	171	0.002
RW	7	171.55	0.0138
RW	7	172	0.0319
RW	7	172.27	0.0464
RW	7	173	0.0278
RW	7	174	0.0313
RW	7	175	0.078
RW	7	176	0.1598
RW	7	177	0.2561
RW	7	178	0.353
RW	7	178.24	0.3758
RW	7	179	0.4023
RW	7	180	0.4349
RW	7	181	0.4628
RW	7	181.69	0.4782
RW	7	181.69	0.4782
RW	7	182	0.4403
RW	7	183	0.3159
RW	7	184	0.1931
RW	7	185	0.0898
RW	7	185.46	0.0551
RW	7	186	0.0831
RW	7	187	0.1444
RW	7	188	0.2072
RW	7	188.18	0.2179
RW	7	189	0.2015
RW	7	189.78	0.1869
RW	8	10	0.7274
RW	8	11	1.1581
RW	8	11.51	1.3514
RW	8	12	1.4716
RW	8	12.12	1.4992
RW	8	12.44	1.4695
RW	8	13	1.4704
RW	8	13.96	1.439
RW	8	14	1.4424
RW	8	15	1.5011
RW	8	15.48	1.5154
RW	8	16	1.4233
RW	8	17	1.2414
RW	8	18	1.0817
RW	8	18.54	1.0143
RW	8	18.54	1.0143
RW	8	19	0.9662
RW	8	20	0.8057
RW	8	21	0.5561
RW	8	21.21	0.4956
RW	8	22	0.5343
RW	8	22.35	0.5516
RW	8	23	0.5162
RW	8	24	0.4613
RW	8	25	0.4066
RW	8	26	0.353
RW	8	27	0.3014
RW	8	28	0.2527
RW	8	29	0.2078
RW	8	30	0.1672
RW	8	31	0.1315
RW	8	32	0.101
RW	8	33	0.0758
RW	8	34	0.0558
RW	8	35	0.0407
RW	8	35.37	0.0363
RW	8	36	0.0193
RW	8	37	0.0592
RW	8	38	0.1891
RW	8	39	0.3893
RW	8	40	0.6272
RW	8	41	0.8774
RW	8	41.36	0.9683
RW	8	42	1.1902
RW	8	42.33	1.2634
RW	8	43	1.3228
RW	8	44	1.3971
RW	8	44.46	1.4261
RW	8	45	1.3696
RW	8	46	1.2639
RW	8	47	1.1566
RW	8	48	1.0487
RW	8	49	0.9417
RW	8	50	0.8375
RW	8	50.09	0.828
RW	8	51	0.8107
RW	8	52	0.7854
RW	8	53	0.7534
RW	8	54	0.7144
RW	8	55	0.6686
RW	8	56	0.6164
RW	8	56.95	0.5622
RW	8	57	0.5647
RW	8	58	0.6019
RW	8	59	0.6171
RW	8	60	0.6123
RW	8	61	0.5898
RW	8	61.94	0.5551
RW	8	62	0.559
RW	8	62.61	0.5961
RW	8	62.91	0.6047
RW	8	63	0.6079
RW	8	64	0.6446
RW	8	64.03	0.6458
RW	8	64.36	0.7253
RW	8	64.68	0.7233
RW	8	64.68	0.7233
RW	8	64.68	0.7233
RW	8	64.68	0.7233
RW	8	65	0.6751
RW	8	65.04	0.6693
RW	8	65.04	0.6693
RW	8	65.04	0.6693
RW	8	65.04	0.6693
RW	8	65.04	0.6693
RW	8	65.04	0.6693
RW	8	65.74	0.6135
RW	8	65.74	0.6135
RW	8	66	0.6318
RW	8	66.73	0.6663
RW	8	67	0.6339
RW	8	67.01	0.6325
RW	8	67.01	0.6325
RW	8	67.3	0.6315
RW	8	67.58	0.616
RW	8	67.63	0.6119
RW	8	67.63	0.6119
RW	8	68	0.6421
RW	8	69	0.7176
RW	8	70	0.7817
RW	8	70.03	0.7833
RW	8	71	0.7978
RW	8	71.02	0.7982
RW	8	72	0.6796
RW	8	73	0.5713
RW	8	73.13	0.5582
RW	8	73.71	0.4194
RW	8	73.71	0.4194
RW	8	74	0.4062
RW	8	74.28	0.3944
RW	8	74.28	0.3944
RW	8	74.55	0.3903
RW	8	74.55	0.3903
RW	8	74.83	0.387
RW	8	75	0.4305
RW	8	75.38	0.527
RW	8	75.52	0.5426
RW	8	75.52	0.5426
RW	8	76	0.5513
RW	8	76.41	0.5713
RW	8	76.71	0.6594
RW	8	77	0.6021
RW	8	77.45	0.5578
RW	8	77.45	0.5578
RW	8	77.45	0.5578
RW	8	77.63	0.5546
RW	8	77.96	0.551
RW	8	77.96	0.551
RW	8	78	0.5548
RW	8	79	0.6299
RW	8	79.19	0.6382
RW	8	79.46	0.7052
RW	8	80	0.7064
RW	8	80.17	0.7068
RW	8	80.17	0.7068
RW	8	80.64	0.7074
RW	8	80.64	0.7074
RW	8	80.64	0.7074
RW	8	80.97	0.8036
RW	8	81	0.8023
RW	8	82	0.7626
RW	8	82.07	0.7595
RW	8	82.57	0.6736
RW	8	83	0.6704
RW	8	83.15	0.6682
RW	8	83.68	0.744
RW	8	84	0.7341
RW	8	84.27	0.7189
RW	8	84.56	0.7197
RW	8	85	0.703
RW	8	86	0.6606
RW	8	86.7	0.6268
RW	8	87	0.6301
RW	8	87.91	0.6429
RW	8	88	0.6436
RW	8	89	0.6598
RW	8	89.51	0.674
RW	8	90	0.697
RW	8	90.45	0.7067
RW	8	90.77	0.7005
RW	8	91	0.7027
RW	8	91.34	0.7062
RW	8	91.34	0.7062
RW	8	92	0.7142
RW	8	93	0.7281
RW	8	93.28	0.7317
RW	8	93.28	0.7317
RW	8	93.28	0.7317
RW	8	93.84	0.726
RW	8	94	0.6858
RW	8	94.39	0.5884
RW	8	95	0.4267
RW	8	95.81	0.2446
RW	8	95.81	0.2446
RW	8	96	0.2356
RW	8	96.46	0.2145
RW	8	97	0.2577
RW	8	98	0.3436
RW	8	99	0.4319
RW	8	99.43	0.4701
RW	8	100	0.5066
RW	8	100.24	0.525
RW	8	101	0.4171
RW	8	101.37	0.3668
RW	8	102	0.3337
RW	8	103	0.2733
RW	8	103.85	0.2268
RW	8	104	0.2306
RW	8	104.48	0.2429
RW	8	105	0.2447
RW	8	106	0.2537
RW	8	107	0.2724
RW	8	108	0.3011
RW	8	109	0.3347
RW	8	110	0.3651
RW	8	110.12	0.3683
RW	8	110.49	0.3764
RW	8	111	0.3645
RW	8	112	0.3301
RW	8	112.77	0.2945
RW	8	113	0.3253
RW	8	114	0.4778
RW	8	115	0.6406
RW	8	116	0.7973
RW	8	117	0.9414
RW	8	117.87	1.0558
RW	8	118	1.0524
RW	8	119	1.0177
RW	8	120	0.9663
RW	8	121	0.8957
RW	8	122	0.8058
RW	8	123	0.7003
RW	8	123.74	0.6172
RW	8	124	0.6063
RW	8	125	0.5558
RW	8	125.85	0.5065
RW	8	126	0.5294
RW	8	127	0.6588
RW	8	127.27	0.6883
RW	8	128	0.6373
RW	8	128.62	0.5939
RW	8	129	0.6356
RW	8	130	0.7437
RW	8	131	0.8439
RW	8	132	0.9322
RW	8	132.15	0.9441
RW	8	133	0.8142
RW	8	134	0.6684
RW	8	135	0.5334
RW	8	135.18	0.5105
RW	8	136	0.524
RW	8	137	0.5413
RW	8	138	0.559
RW	8	139	0.5758
RW	8	139.65	0.5857
RW	8	140	0.5114
RW	8	141	0.2589
RW	8	141.72	0.0899
RW	8	142	0.0947
RW	8	142.26	0.1051
RW	8	143	0.0998
RW	8	144	0.099
RW	8	145	0.1054
RW	8	146	0.1183
RW	8	147	0.1369
RW	8	147.03	0.1376
RW	8	148	0.1288
RW	8	149	0.1213
RW	8	150	0.1155
RW	8	151	0.1116
RW	8	152	0.1095
RW	8	153	0.1092
RW	8	154	0.1106
RW	8	155	0.1134
RW	8	155.48	0.1152
RW	8	155.86	0.1169
RW	8	156	0.1092
RW	8	156.4	0.0977
RW	8	156.4	0.0977
RW	8	157	0.1122
RW	8	158	0.1357
RW	8	158.05	0.1367
RW	9	0	0.2083
RW	9	1	0.2129
RW	9	2	0.2173
RW	9	3	0.221
RW	9	3.78	0.2231
RW	9	4	0.216
RW	9	5	0.1854
RW	9	6	0.1587
RW	9	6.73	0.1425
RW	9	7	0.1485
RW	9	8	0.1726
RW	9	8.56	0.1865
RW	9	8.56	0.1865
RW	9	9	0.1989
RW	9	10	0.2246
RW	9	11	0.2456
RW	9	11.73	0.2575
RW	9	12	0.2614
RW	9	13	0.2737
RW	9	13.87	0.2815
RW	9	14	0.2742
RW	9	15	0.2167
RW	9	16	0.16
RW	9	17	0.1091
RW	9	18	0.0714
RW	9	19	0.0523
RW	9	20	0.0503
RW	9	20.65	0.0555
RW	9	21	0.0521
RW	9	22	0.0536
RW	9	23	0.0738
RW	9	24	0.1125
RW	9	25	0.1668
RW	9	25.46	0.1959
RW	9	26	0.1557
RW	9	27	0.1165
RW	9	28	0.1284
RW	9	28.32	0.1424
RW	9	29	0.1125
RW	9	30	0.0713
RW	9	31	0.0387
RW	9	32	0.0209
RW	9	33	0.0195
RW	9	33.05	0.0198
RW	9	33.25	0.0311
RW	9	33.61	0.0303
RW	9	34	0.035
RW	9	35	0.0501
RW	9	36	0.0693
RW	9	37	0.0916
RW	9	37.52	0.1039
RW	9	38	0.1013
RW	9	39	0.0961
RW	9	40	0.0917
RW	9	41	0.0883
RW	9	42	0.0862
RW	9	43	0.0859
RW	9	44	0.0874
RW	9	45	0.0909
RW	9	46	0.0964
RW	9	47	0.1039
RW	9	48	0.1132
RW	9	49	0.1238
RW	9	50	0.1357
RW	9	50.33	0.1397
RW	9	51	0.1431
RW	9	52	0.1473
RW	9	53	0.1503
RW	9	54	0.152
RW	9	55	0.1523
RW	9	55.66	0.1517
RW	9	56	0.1468
RW	9	56.73	0.1312
RW	9	57	0.1124
RW	9	57.48	0.0835
RW	9	58	0.0808
RW	9	59	0.0749
RW	9	59.91	0.0688
RW	9	60	0.0663
RW	9	61	0.0419
RW	9	61.35	0.0357
RW	9	62	0.0231
RW	9	63	0.0083
RW	9	64	0.0017
RW	9	65	0.0046
RW	9	65.11	0.0055
RW	9	65.88	0.0235
RW	9	65.88	0.0235
RW	9	65.88	0.0235
RW	9	66	0.0222
RW	9	67	0.0142
RW	9	67.84	0.0123
RW	9	67.84	0.0123
RW	9	67.84	0.0123
RW	9	68	0.0154
RW	9	68.2	0.0221
RW	9	68.2	0.0221
RW	9	68.2	0.0221
RW	9	68.2	0.0221
RW	9	68.2	0.0221
RW	9	68.2	0.0221
RW	9	68.2	0.0221
RW	9	68.2	0.0221
RW	9	68.86	0.0018
RW	9	68.86	0.0018
RW	9	69	0.0023
RW	9	69.87	0.0082
RW	9	69.87	0.0082
RW	9	69.87	0.0082
RW	9	70	0.0054
RW	9	71	0.0211
RW	9	71.81	0.0808
RW	9	72	0.0766
RW	9	73	0.0582
RW	9	73.2	0.0553
RW	9	74	0.0834
RW	9	74.07	0.0861
RW	9	74.49	0.122
RW	9	75	0.0901
RW	9	76	0.0411
RW	9	76.93	0.0141
RW	9	77	0.0142
RW	9	77.86	0.0154
RW	9	78	0.0183
RW	9	79	0.0507
RW	9	79.1	0.0549
RW	9	80	0.1514
RW	9	81	0.342
RW	9	81.08	0.3603
RW	9	82	0.4464
RW	9	82.25	0.4663
RW	9	82.25	0.4663
RW	9	82.25	0.4663
RW	9	82.54	0.3899
RW	9	83	0.3643
RW	9	83.43	0.3332
RW	9	84	0.3093
RW	9	84.91	0.257
RW	9	85	0.2681
RW	9	85.57	0.3463
RW	9	86	0.2975
RW	9	86.55	0.2382
RW	9	86.89	0.1652
RW	9	87	0.1679
RW	9	88	0.1899
RW	9	88.43	0.1978
RW	9	88.84	0.1678
RW	9	89	0.1899
RW	9	90	0.3071
RW	9	90.07	0.3125
RW	9	90.27	0.3436
RW	9	91	0.2604
RW	9	91.12	0.25
RW	9	92	0.343
RW	9	92.87	0.4676
RW	9	93	0.4843
RW	9	93.19	0.5091
RW	9	93.4	0.4716
RW	9	94	0.5914
RW	9	94.87	0.7364
RW	9	95	0.6982
RW	9	96	0.3553
RW	9	96.19	0.3039
RW	9	97	0.3881
RW	9	98	0.4982
RW	9	99	0.598
RW	9	100	0.675
RW	9	100.07	0.6795
RW	9	101	0.7079
RW	9	101.03	0.7089
RW	9	102	0.6826
RW	9	103	0.6491
RW	9	104	0.6154
RW	9	105	0.5909
RW	9	106	0.5825
RW	9	106.61	0.5855
RW	9	107	0.5295
RW	9	107.39	0.4686
RW	9	108	0.4186
RW	9	109	0.3392
RW	9	109.12	0.33
RW	9	110	0.3411
RW	9	111	0.3521
RW	9	112	0.3611
RW	9	113	0.3681
RW	9	113.39	0.3703
RW	9	114	0.3881
RW	9	115	0.4199
RW	9	116	0.4541
RW	9	117	0.49
RW	9	118	0.5264
RW	9	119	0.5623
RW	9	119.11	0.566
RW	9	120	0.5381
RW	9	121	0.5021
RW	9	122	0.4609
RW	9	123	0.4152
RW	9	124	0.3667
RW	9	124.33	0.3505
RW	9	125	0.3355
RW	9	126	0.3143
RW	9	127	0.2945
RW	9	128	0.2762
RW	9	128.15	0.2736
RW	9	129	0.3183
RW	9	130	0.3747
RW	9	131	0.4337
RW	9	132	0.4939
RW	9	133	0.5541
RW	9	133.98	0.6116
RW	9	134	0.6103
RW	9	135	0.5354
RW	9	136	0.4615
RW	9	137	0.3923
RW	9	138	0.3311
RW	9	139	0.2805
RW	9	139.4	0.2633
RW	9	140	0.2549
RW	9	141	0.2382
RW	9	142	0.2193
RW	9	143	0.1998
RW	9	144	0.1816
RW	9	145	0.1666
RW	9	145.7	0.1588
RW	9	146	0.1562
RW	9	146.83	0.149
RW	9	147	0.1521
RW	9	148	0.1711
RW	9	149	0.1888
RW	9	150	0.2038
RW	9	151	0.2164
RW	9	152	0.2276
RW	9	152.83	0.2365
RW	9	153	0.2316
RW	9	154	0.2035
RW	9	154.19	0.1981
RW	9	155	0.1963
RW	9	156	0.1974
RW	9	157	0.2031
RW	9	158	0.2137
RW	9	159	0.2292
RW	9	160	0.2491
RW	9	161	0.2724
RW	9	161.6	0.2875
RW	9	162	0.2564
RW	9	163	0.1877
RW	9	164	0.1356
RW	9	164.21	0.1268
RW	9	165	0.0802
RW	9	166	0.0406
RW	9	166.96	0.0266
RW	9	167	0.027
RW	9	167.53	0.0465
RW	9	168	0.0162
RW	9	168.23	0.0069
RW	10	0	0.1287
RW	10	0.39	0.1297
RW	10	0.39	0.1297
RW	10	1	0.1418
RW	10	2	0.1646
RW	10	2.59	0.1791
RW	10	3	0.1826
RW	10	4	0.192
RW	10	5	0.2022
RW	10	5.56	0.2083
RW	10	6	0.2023
RW	10	7	0.1943
RW	10	8	0.1929
RW	10	9	0.1964
RW	10	10	0.2026
RW	10	11	0.2097
RW	10	12	0.2155
RW	10	12.75	0.218
RW	10	13	0.2157
RW	10	14	0.2035
RW	10	15	0.1865
RW	10	16	0.1643
RW	10	17	0.1374
RW	10	18	0.1076
RW	10	19	0.0781
RW	10	20	0.0524
RW	10	20.84	0.0354
RW	10	21	0.0345
RW	10	22	0.029
RW	10	23	0.0236
RW	10	24	0.0186
RW	10	25	0.014
RW	10	26	0.0098
RW	10	27	0.0064
RW	10	28	0.0037
RW	10	29	0.0018
RW	10	30	0.001
RW	10	31	0.0014
RW	10	32	0.0029
RW	10	33	0.0056
RW	10	34	0.0094
RW	10	35	0.0144
RW	10	36	0.0203
RW	10	37	0.027
RW	10	38	0.0342
RW	10	39	0.0418
RW	10	40	0.0496
RW	10	41	0.0575
RW	10	42	0.0653
RW	10	43	0.0729
RW	10	44	0.0803
RW	10	45	0.0873
RW	10	46	0.0941
RW	10	47	0.1005
RW	10	48	0.1066
RW	10	49	0.1123
RW	10	49.8	0.1166
RW	10	50	0.1144
RW	10	51	0.1024
RW	10	52	0.0892
RW	10	53	0.0751
RW	10	54	0.0609
RW	10	54.54	0.0536
RW	10	55	0.0491
RW	10	56	0.0432
RW	10	57	0.0429
RW	10	57.64	0.0456
RW	10	58	0.0369
RW	10	58.48	0.044
RW	10	59	0.0402
RW	10	59.81	0.0697
RW	10	60	0.0728
RW	10	60.9	0.0896
RW	10	61	0.0925
RW	10	61.41	0.1076
RW	10	61.62	0.1008
RW	10	61.62	0.1008
RW	10	61.62	0.1008
RW	10	61.62	0.1008
RW	10	62	0.0964
RW	10	63	0.0844
RW	10	63.68	0.0761
RW	10	64	0.0773
RW	10	64.85	0.0802
RW	10	64.85	0.0802
RW	10	64.94	0.0769
RW	10	64.94	0.0769
RW	10	65	0.0815
RW	10	65.75	0.1888
RW	10	66	0.1678
RW	10	66.31	0.1491
RW	10	67	0.1257
RW	10	68	0.1029
RW	10	68.01	0.1028
RW	10	68.47	0.0997
RW	10	68.77	0.0739
RW	10	69	0.0992
RW	10	69.24	0.1466
RW	10	69.53	0.1473
RW	10	70	0.1199
RW	10	70.91	0.0827
RW	10	71	0.0831
RW	10	72	0.0894
RW	10	72.8	0.0963
RW	10	73	0.0933
RW	10	73.22	0.09
RW	10	74	0.1171
RW	10	74.33	0.13
RW	10	74.33	0.13
RW	10	74.33	0.13
RW	10	75	0.1383
RW	10	75.15	0.1389
RW	10	76	0.0571
RW	10	76.02	0.0558
RW	10	76.79	0.055
RW	10	77	0.0745
RW	10	77.19	0.0949
RW	10	78	0.0829
RW	10	79	0.0703
RW	10	80	0.0604
RW	10	81	0.0531
RW	10	82	0.0485
RW	10	83	0.0463
RW	10	84	0.0464
RW	10	85	0.0485
RW	10	85.45	0.0501
RW	10	86	0.0485
RW	10	87	0.046
RW	10	88	0.044
RW	10	89	0.0428
RW	10	89.33	0.0426
RW	10	90	0.0448
RW	10	91	0.0538
RW	10	92	0.0696
RW	10	93	0.0923
RW	10	94	0.1211
RW	10	95	0.1548
RW	10	96	0.192
RW	10	97	0.2309
RW	10	98	0.2697
RW	10	99	0.3071
RW	10	100	0.3419
RW	10	101	0.3734
RW	10	102	0.401
RW	10	103	0.4244
RW	10	103.02	0.4248
RW	10	104	0.3747
RW	10	104.26	0.3605
RW	10	105	0.4388
RW	10	106	0.5517
RW	10	107	0.6674
RW	10	108	0.7807
RW	10	109	0.8885
RW	10	109.24	0.9135
RW	10	109.58	1.0976
RW	10	109.58	1.0976
RW	10	110	1.0862
RW	10	111	1.052
RW	10	111.99	1.008
RW	10	112	1.0086
RW	10	113	1.118
RW	10	114	1.2156
RW	10	115	1.2998
RW	10	115.28	1.3212
RW	10	115.6	1.3585
RW	10	115.89	1.4174
RW	10	116	1.4229
RW	10	117	1.4509
RW	10	118	1.4476
RW	10	118.15	1.4453
RW	10	118.15	1.4453
RW	10	118.15	1.4453
RW	10	119	1.3335
RW	10	119.87	1.1162
RW	10	120	1.1031
RW	10	120.75	1.0152
RW	10	121	0.9813
RW	10	122	0.838
RW	10	123	0.6834
RW	10	123.24	0.6457
RW	10	124	0.5773
RW	10	125	0.4879
RW	10	125.84	0.4145
RW	10	126	0.419
RW	10	127	0.4485
RW	10	128	0.4811
RW	10	129	0.5167
RW	10	130	0.5551
RW	10	131	0.5955
RW	10	131.85	0.6307
RW	10	132	0.6284
RW	10	133	0.6146
RW	10	134	0.6037
RW	10	134.68	0.5983
RW	10	135	0.5644
RW	10	136	0.4681
RW	10	137	0.3922
RW	10	137.84	0.3475
RW	10	138	0.3202
RW	10	138.71	0.2114
RW	10	139	0.215
RW	10	140	0.2274
RW	10	141	0.2395
RW	10	142	0.2513
RW	10	142.22	0.2539
RW	10	143	0.2478
RW	10	144	0.2376
RW	10	144.87	0.2261
RW	10	145	0.233
RW	10	145.42	0.2856
RW	10	146	0.2454
RW	10	146.22	0.2305
RW	10	146.22	0.2305
RW	10	147	0.3076
RW	10	148	0.4407
RW	10	148.29	0.4839
RW	10	149	0.4887
RW	10	150	0.4953
RW	10	151	0.5014
RW	10	151.48	0.504
RYE	1	0	0.5224
RYE	1	0.25	0.4443
RYE	1	1	0.4167
RYE	1	1.52	0.3987
RYE	1	2	0.4556
RYE	1	3	0.6597
RYE	1	3.78	0.8461
RYE	1	4	0.8435
RYE	1	5	0.8265
RYE	1	6	0.8012
RYE	1	6.11	0.7978
RYE	1	7	0.9117
RYE	1	8	1.0306
RYE	1	9	1.1346
RYE	1	10	1.2229
RYE	1	11	1.2962
RYE	1	12	1.3555
RYE	1	12.31	1.3711
RYE	1	13	1.4334
RYE	1	13.84	1.5098
RYE	1	14	1.481
RYE	1	15	1.3001
RYE	1	15.81	1.157
RYE	1	16	1.1866
RYE	1	17	1.3316
RYE	1	18	1.4562
RYE	1	19	1.5582
RYE	1	20	1.6382
RYE	1	20.14	1.6477
RYE	1	21	1.6087
RYE	1	21.01	1.6082
RYE	1	21.91	1.7436
RYE	1	22	1.7534
RYE	1	22.8	1.8313
RYE	1	23	1.8594
RYE	1	23.11	1.8736
RYE	1	23.11	1.8736
RYE	1	23.53	1.8369
RYE	1	24	1.8416
RYE	1	25	1.7463
RYE	1	26	1.5528
RYE	1	27	1.3086
RYE	1	27.28	1.2371
RYE	1	28	1.076
RYE	1	29	0.8553
RYE	1	30	0.6532
RYE	1	31	0.4889
RYE	1	31.61	0.4127
RYE	1	32	0.4211
RYE	1	33	0.4416
RYE	1	34	0.4605
RYE	1	35	0.4771
RYE	1	36	0.4912
RYE	1	37	0.5024
RYE	1	38	0.5106
RYE	1	38.83	0.5151
RYE	1	39	0.5235
RYE	1	40	0.571
RYE	1	40.63	0.5991
RYE	1	40.63	0.5991
RYE	1	41	0.5858
RYE	1	42	0.5528
RYE	1	43	0.5262
RYE	1	43.74	0.5114
RYE	1	44	0.544
RYE	1	44.09	0.5545
RYE	1	45	0.6415
RYE	1	46	0.7411
RYE	1	46.08	0.749
RYE	1	46.36	0.7194
RYE	1	47	0.8979
RYE	1	48	1.1844
RYE	1	48.62	1.3347
RYE	1	48.62	1.3347
RYE	1	48.94	1.3375
RYE	1	48.94	1.3375
RYE	1	49	1.3367
RYE	1	49.5	1.3289
RYE	1	50	1.3024
RYE	1	51	1.2626
RYE	1	51.18	1.2574
RYE	1	51.18	1.2574
RYE	1	51.79	1.2429
RYE	1	52	1.2443
RYE	1	52.96	1.2793
RYE	1	53	1.2874
RYE	1	54	1.4712
RYE	1	55	1.6206
RYE	1	56	1.7319
RYE	1	57	1.8077
RYE	1	57.49	1.8335
RYE	1	58	1.708
RYE	1	58.7	1.4988
RYE	1	58.7	1.4988
RYE	1	59	1.4771
RYE	1	60	1.3992
RYE	1	61	1.3139
RYE	1	62	1.2243
RYE	1	63	1.1333
RYE	1	64	1.0437
RYE	1	64.59	0.9923
RYE	1	65	1.0278
RYE	1	66	1.1185
RYE	1	66.35	1.1515
RYE	1	67	1.0434
RYE	1	68	0.8394
RYE	1	69	0.6334
RYE	1	69.35	0.5748
RYE	1	69.88	0.4855
RYE	1	69.88	0.4855
RYE	1	69.88	0.4855
RYE	1	70	0.4811
RYE	1	70.15	0.4758
RYE	1	70.42	0.547
RYE	1	70.42	0.547
RYE	1	71	0.5537
RYE	1	72	0.5649
RYE	1	72.68	0.5794
RYE	1	73	0.5334
RYE	1	73.25	0.5131
RYE	1	74	0.474
RYE	1	74.94	0.4573
RYE	1	75	0.4669
RYE	1	75.32	0.5203
RYE	1	76	0.4814
RYE	1	77	0.4312
RYE	1	78	0.4018
RYE	1	78.22	0.3985
RYE	1	79	0.2021
RYE	1	79.22	0.16
RYE	1	80	0.1906
RYE	1	81	0.2279
RYE	1	81.02	0.2285
RYE	1	81.87	0.231
RYE	1	82	0.2358
RYE	1	83	0.2737
RYE	1	84	0.3142
RYE	1	84	0.3141
RYE	1	84.68	0.3002
RYE	1	85	0.2698
RYE	1	85.25	0.2473
RYE	1	86	0.2353
RYE	1	87	0.2179
RYE	1	87.01	0.2177
RYE	1	88	0.2534
RYE	1	88.14	0.2593
RYE	1	88.14	0.2593
RYE	1	89	0.2148
RYE	1	89.25	0.2035
RYE	1	90	0.1673
RYE	1	90.36	0.1511
RYE	1	90.36	0.1511
RYE	1	90.36	0.1511
RYE	1	90.53	0.1423
RYE	1	90.53	0.1423
RYE	1	91	0.1182
RYE	1	91.16	0.1106
RYE	1	91.16	0.1106
RYE	1	91.22	0.1078
RYE	1	91.22	0.1078
RYE	1	92	0.1132
RYE	1	92.39	0.124
RYE	1	92.96	0.0761
RYE	1	93	0.0848
RYE	1	93.16	0.1217
RYE	1	93.44	0.0706
RYE	1	94	0.0715
RYE	1	95	0.0757
RYE	1	95.66	0.0805
RYE	1	96	0.0897
RYE	1	97	0.1602
RYE	1	97.63	0.2292
RYE	1	98	0.2539
RYE	1	99	0.3212
RYE	1	99.06	0.3254
RYE	1	100	0.2696
RYE	1	101	0.2069
RYE	1	101.19	0.1951
RYE	1	101.96	0.1024
RYE	1	102	0.1011
RYE	1	103	0.0702
RYE	1	103.18	0.066
RYE	1	104	0.0842
RYE	1	105	0.1042
RYE	1	105.12	0.1063
RYE	1	106	0.122
RYE	1	106.79	0.1365
RYE	1	106.79	0.1365
RYE	1	107	0.1225
RYE	1	107.71	0.0793
RYE	1	108	0.0768
RYE	1	109	0.0768
RYE	1	109.29	0.0793
RYE	1	110	0.1033
RYE	1	110.96	0.1554
RYE	1	111	0.1576
RYE	1	112	0.2301
RYE	1	113	0.3262
RYE	1	114	0.4351
RYE	1	115	0.5444
RYE	1	115.25	0.5702
RYE	1	116	0.524
RYE	1	117	0.4653
RYE	1	118	0.4183
RYE	1	119	0.3917
RYE	1	119.33	0.3879
RYE	1	120	0.3863
RYE	1	121	0.3884
RYE	1	121.21	0.3896
RYE	1	122	0.5129
RYE	1	122.08	0.5248
RYE	1	122.47	0.5236
RYE	1	123	0.5186
RYE	1	124	0.5421
RYE	1	124.32	0.5554
RYE	1	125	0.6103
RYE	1	126	0.6917
RYE	1	127	0.7701
RYE	1	128	0.8431
RYE	1	128.27	0.8613
RYE	1	129	0.7988
RYE	1	130	0.7066
RYE	1	131	0.6108
RYE	1	131.96	0.5207
RYE	1	132	0.5211
RYE	1	133	0.5316
RYE	1	134	0.5398
RYE	1	135	0.5456
RYE	1	136	0.5491
RYE	1	137	0.5504
RYE	1	138	0.5496
RYE	1	138.18	0.5493
RYE	1	139	0.6011
RYE	1	140	0.6767
RYE	1	141	0.7629
RYE	1	142	0.8551
RYE	1	143	0.9486
RYE	1	144	1.0395
RYE	1	144.75	1.1046
RYE	1	145	1.1381
RYE	1	145.59	1.201
RYE	1	146	1.1503
RYE	1	146.72	1.0334
RYE	1	147	1.0752
RYE	1	147.73	0.9853
RYE	1	148	1.006
RYE	1	148.09	1.0076
RYE	1	149	1.0495
RYE	1	149.56	1.0659
RYE	1	150	1.033
RYE	1	150.73	0.9593
RYE	1	150.73	0.9593
RYE	1	150.73	0.9593
RYE	1	150.73	0.9593
RYE	1	150.73	0.9593
RYE	1	151	0.946
RYE	1	152	0.8818
RYE	1	152.69	0.8265
RYE	1	152.96	0.8955
RYE	1	152.96	0.8955
RYE	1	152.96	0.8955
RYE	1	152.96	0.8955
RYE	1	152.96	0.8955
RYE	1	152.96	0.8955
RYE	1	153	0.885
RYE	1	153.23	0.8205
RYE	1	153.23	0.8205
RYE	1	153.23	0.8205
RYE	1	153.23	0.8205
RYE	1	153.23	0.8205
RYE	1	153.5	0.8955
RYE	1	153.5	0.8955
RYE	1	153.5	0.8955
RYE	1	153.5	0.8955
RYE	1	153.5	0.8955
RYE	1	153.5	0.8955
RYE	1	153.5	0.8955
RYE	1	153.5	0.8955
RYE	1	153.5	0.8955
RYE	1	153.5	0.8955
RYE	1	153.5	0.8955
RYE	1	153.5	0.8955
RYE	1	153.5	0.8955
RYE	1	153.5	0.8955
RYE	1	153.5	0.8955
RYE	1	153.75	0.8436
RYE	1	154	0.8327
RYE	1	155	0.7864
RYE	1	156	0.7368
RYE	1	157	0.6843
RYE	1	158	0.6297
RYE	1	159	0.5738
RYE	1	160	0.5175
RYE	1	160.39	0.496
RYE	1	161	0.5204
RYE	1	162	0.5592
RYE	1	163	0.596
RYE	1	164	0.629
RYE	1	165	0.6567
RYE	1	166	0.6776
RYE	1	167	0.6905
RYE	1	168	0.6944
RYE	1	169	0.689
RYE	1	170	0.6746
RYE	1	170.61	0.6618
RYE	1	171	0.6815
RYE	1	172	0.7287
RYE	1	173	0.7686
RYE	1	174	0.7987
RYE	1	175	0.8174
RYE	1	176	0.8241
RYE	1	177	0.8191
RYE	1	178	0.8036
RYE	1	179	0.7794
RYE	1	180	0.7486
RYE	1	180.89	0.7179
RYE	1	181	0.7139
RYE	1	182	0.6786
RYE	1	183	0.644
RYE	1	184	0.6109
RYE	1	185	0.5801
RYE	1	186	0.5526
RYE	1	187	0.5286
RYE	1	188	0.5087
RYE	1	189	0.4928
RYE	1	190	0.4809
RYE	1	191	0.4727
RYE	1	192	0.4679
RYE	1	193	0.4662
RYE	1	194	0.4673
RYE	1	194.61	0.4691
RYE	1	194.61	0.4691
RYE	1	194.61	0.4691
RYE	1	195	0.3973
RYE	1	195.47	0.3186
RYE	1	196	0.2589
RYE	1	196.98	0.1647
RYE	1	197	0.1635
RYE	1	198	0.108
RYE	1	199	0.0603
RYE	1	200	0.0267
RYE	1	201	0.0114
RYE	1	201.3	0.0104
RYE	1	202	0.0119
RYE	1	203	0.0178
RYE	1	204	0.0283
RYE	1	205	0.0428
RYE	1	206	0.0607
RYE	1	207	0.0809
RYE	1	208	0.1019
RYE	1	209	0.1226
RYE	1	210	0.1416
RYE	1	210.35	0.1475
RYE	1	211	0.1501
RYE	1	212	0.1571
RYE	1	213	0.1685
RYE	1	214	0.1846
RYE	1	215	0.2058
RYE	1	216	0.2318
RYE	1	217	0.2623
RYE	1	218	0.2963
RYE	1	218.22	0.3042
RYE	1	219	0.1931
RYE	1	219.13	0.1767
RYE	1	219.44	0.09
RYE	1	219.44	0.09
RYE	1	220	0.1421
RYE	1	221	0.2596
RYE	1	221.01	0.2611
RYE	1	221.96	0.2073
RYE	1	222	0.2037
RYE	1	223	0.1119
RYE	1	224	0.0479
RYE	1	224.6	0.0261
RYE	1	224.97	0.0148
RYE	1	225	0.0151
RYE	1	225.83	0.0442
RYE	1	226	0.0306
RYE	1	226.58	0.023
RYE	1	227	0.024
RYE	1	228	0.032
RYE	1	228.14	0.0335
RYE	1	229	0.0186
RYE	1	230	0.0068
RYE	1	231	0.002
RYE	1	232	0.0045
RYE	1	233	0.0145
RYE	1	234	0.0317
RYE	1	234.97	0.0554
RYE	1	235	0.0549
RYE	1	236	0.04
RYE	1	237	0.0287
RYE	1	237.77	0.0227
RYE	1	238	0.0221
RYE	1	239	0.0205
RYE	1	240	0.021
RYE	1	241	0.0239
RYE	1	242	0.029
RYE	1	243	0.0359
RYE	1	243.07	0.0364
RYE	1	244	0.0338
RYE	1	245	0.0314
RYE	1	246	0.0295
RYE	1	247	0.0281
RYE	1	247.22	0.0278
RYE	1	248	0.0299
RYE	1	248.76	0.0343
RYE	1	249	0.0312
RYE	1	249.58	0.0243
RYE	1	250	0.0264
RYE	1	250	0.0264
RYE	1	251	0.0209
RYE	1	252	0.0168
RYE	1	253	0.0141
RYE	1	254	0.0128
RYE	1	255	0.0127
RYE	1	256	0.0139
RYE	1	256.31	0.0145
RYE	1	257	0.0089
RYE	1	258	0.0181
RYE	1	258.12	0.0207
RYE	1	259	0.0145
RYE	1	260	0.0114
RYE	1	260.03	0.0114
RYE	1	261	0.0224
RYE	1	262	0.0401
RYE	1	263	0.0641
RYE	1	264	0.0923
RYE	1	265	0.1217
RYE	1	266	0.1494
RYE	1	267	0.1736
RYE	1	267.88	0.1915
RYE	2	0	0.9821
RYE	2	1	1.0758
RYE	2	2	1.1726
RYE	2	3	1.2705
RYE	2	4	1.3671
RYE	2	4.71	1.4335
RYE	2	5	1.4863
RYE	2	5.27	1.5297
RYE	2	5.55	1.5178
RYE	2	5.55	1.5178
RYE	2	6	1.4676
RYE	2	6.23	1.4271
RYE	2	7	1.3636
RYE	2	7.09	1.3563
RYE	2	8	1.2513
RYE	2	8.1	1.239
RYE	2	8.67	1.2413
RYE	2	9	1.2131
RYE	2	9.35	1.1832
RYE	2	9.73	1.1393
RYE	2	10	1.1362
RYE	2	11	1.1211
RYE	2	12	1.1021
RYE	2	13	1.0822
RYE	2	14	1.0642
RYE	2	14.35	1.0589
RYE	2	15	1.09
RYE	2	16	1.1611
RYE	2	16.89	1.2345
RYE	2	17	1.2318
RYE	2	18	1.2116
RYE	2	18.84	1.2013
RYE	2	19	1.1791
RYE	2	20	1.0407
RYE	2	21	0.9001
RYE	2	22	0.7605
RYE	2	22.44	0.7005
RYE	2	23	0.7864
RYE	2	23.16	0.8103
RYE	2	23.79	0.7271
RYE	2	24	0.6975
RYE	2	24.57	0.6133
RYE	2	24.86	0.6129
RYE	2	25	0.6158
RYE	2	26	0.6359
RYE	2	27	0.6531
RYE	2	27	0.6531
RYE	2	28	0.5699
RYE	2	29	0.4775
RYE	2	29.12	0.4664
RYE	2	30	0.3973
RYE	2	30.21	0.3892
RYE	2	30.21	0.3892
RYE	2	31	0.4517
RYE	2	32	0.5301
RYE	2	32.35	0.557
RYE	2	33	0.5275
RYE	2	34	0.4801
RYE	2	35	0.4319
RYE	2	36	0.3846
RYE	2	37	0.3404
RYE	2	38	0.302
RYE	2	38.75	0.2788
RYE	2	39	0.273
RYE	2	40	0.2488
RYE	2	41	0.2233
RYE	2	42	0.1968
RYE	2	43	0.1701
RYE	2	44	0.1439
RYE	2	45	0.119
RYE	2	46	0.0962
RYE	2	46.99	0.0761
RYE	2	47	0.0757
RYE	2	48	0.0537
RYE	2	49	0.0361
RYE	2	50	0.0234
RYE	2	51	0.0156
RYE	2	52	0.0127
RYE	2	53	0.0144
RYE	2	54	0.0203
RYE	2	55	0.0299
RYE	2	56	0.0426
RYE	2	57	0.0579
RYE	2	58	0.0754
RYE	2	58.58	0.0864
RYE	2	59	0.0792
RYE	2	60	0.0627
RYE	2	61	0.0473
RYE	2	62	0.0336
RYE	2	63	0.0219
RYE	2	64	0.0127
RYE	2	65	0.0064
RYE	2	66	0.0034
RYE	2	67	0.0039
RYE	2	68	0.0078
RYE	2	68.02	0.0079
RYE	2	69	0.0082
RYE	2	70	0.0098
RYE	2	70.04	0.0099
RYE	2	71	0.0208
RYE	2	71.33	0.0259
RYE	2	72	0.0349
RYE	2	72.69	0.0473
RYE	2	73	0.042
RYE	2	74	0.0386
RYE	2	74.94	0.0547
RYE	2	75	0.0546
RYE	2	75.94	0.0585
RYE	2	76	0.0586
RYE	2	77	0.0602
RYE	2	78	0.061
RYE	2	78.97	0.0612
RYE	2	79	0.0631
RYE	2	79.87	0.1244
RYE	2	80	0.1253
RYE	2	81	0.1404
RYE	2	81.81	0.1649
RYE	2	81.81	0.1649
RYE	2	81.81	0.1649
RYE	2	82	0.1669
RYE	2	82.69	0.1776
RYE	2	83	0.1556
RYE	2	84	0.0941
RYE	2	84.33	0.0774
RYE	2	85	0.0607
RYE	2	86	0.0436
RYE	2	87	0.0358
RYE	2	87.51	0.0353
RYE	2	88	0.0389
RYE	2	89	0.047
RYE	2	90	0.0559
RYE	2	91	0.0653
RYE	2	92	0.0751
RYE	2	93	0.0848
RYE	2	94	0.0943
RYE	2	95	0.1034
RYE	2	96	0.1119
RYE	2	96.92	0.119
RYE	2	97	0.1146
RYE	2	98	0.0667
RYE	2	99	0.0317
RYE	2	100	0.0118
RYE	2	101	0.0069
RYE	2	102	0.0151
RYE	2	102.4	0.0215
RYE	2	103	0.0174
RYE	2	104	0.0133
RYE	2	105	0.0138
RYE	2	106	0.0202
RYE	2	107	0.0336
RYE	2	108	0.0549
RYE	2	109	0.0841
RYE	2	109.98	0.1196
RYE	2	110	0.12
RYE	2	111	0.1499
RYE	2	112	0.1899
RYE	2	113	0.2344
RYE	2	114	0.2766
RYE	2	115	0.3115
RYE	2	116	0.337
RYE	2	116.72	0.3495
RYE	2	117	0.3755
RYE	2	118	0.475
RYE	2	119	0.5785
RYE	2	120	0.6798
RYE	2	120.68	0.745
RYE	2	121	0.7374
RYE	2	121.35	0.7281
RYE	2	122	0.6398
RYE	2	122.54	0.572
RYE	2	122.68	0.5796
RYE	2	123	0.5722
RYE	2	123.54	0.5412
RYE	2	124	0.514
RYE	2	124.36	0.4982
RYE	2	124.36	0.4982
RYE	2	125	0.4976
RYE	2	126	0.4923
RYE	2	127	0.4947
RYE	2	128	0.5085
RYE	2	128.09	0.5101
RYE	2	128.38	0.504
RYE	2	128.67	0.5254
RYE	2	128.67	0.5254
RYE	2	128.95	0.5338
RYE	2	129	0.5267
RYE	2	129.36	0.4811
RYE	2	129.69	0.4024
RYE	2	130	0.4157
RYE	2	130.39	0.4337
RYE	2	130.39	0.4337
RYE	2	130.39	0.4337
RYE	2	130.39	0.4337
RYE	2	130.39	0.4337
RYE	2	130.39	0.4337
RYE	2	130.39	0.4337
RYE	2	130.39	0.4337
RYE	2	130.39	0.4337
RYE	2	130.39	0.4337
RYE	2	130.39	0.4337
RYE	2	130.39	0.4337
RYE	2	130.39	0.4337
RYE	2	130.59	0.4187
RYE	2	130.59	0.4187
RYE	2	130.79	0.417
RYE	2	130.79	0.417
RYE	2	131	0.3884
RYE	2	131.11	0.3732
RYE	2	131.71	0.359
RYE	2	131.71	0.359
RYE	2	131.71	0.359
RYE	2	131.71	0.359
RYE	2	131.71	0.359
RYE	2	131.71	0.359
RYE	2	131.71	0.359
RYE	2	132	0.4295
RYE	2	132.25	0.4889
RYE	2	132.25	0.4889
RYE	2	132.25	0.4889
RYE	2	133	0.7157
RYE	2	133.14	0.7516
RYE	2	133.5	0.844
RYE	2	133.63	0.8448
RYE	2	133.63	0.8448
RYE	2	133.63	0.8448
RYE	2	134	0.843
RYE	2	134.17	0.8427
RYE	2	134.17	0.8427
RYE	2	135	0.6897
RYE	2	135.56	0.582
RYE	2	135.84	0.5824
RYE	2	135.84	0.5824
RYE	2	136	0.5874
RYE	2	136.33	0.6068
RYE	2	136.33	0.6068
RYE	2	137	0.4109
RYE	2	137.41	0.2978
RYE	2	138	0.4163
RYE	2	138.58	0.5285
RYE	2	139	0.5093
RYE	2	139.43	0.4908
RYE	2	139.43	0.4908
RYE	2	140	0.5593
RYE	2	140.53	0.637
RYE	2	141	0.647
RYE	2	141.07	0.6487
RYE	2	141.07	0.6487
RYE	2	141.07	0.6487
RYE	2	142	0.6626
RYE	2	142.88	0.6734
RYE	2	142.88	0.6734
RYE	2	143	0.659
RYE	2	144	0.5301
RYE	2	144.42	0.47
RYE	2	144.78	0.4671
RYE	2	145	0.4309
RYE	2	145.32	0.3752
RYE	2	145.32	0.3752
RYE	2	146	0.5457
RYE	2	146.14	0.5836
RYE	2	146.14	0.5836
RYE	2	146.14	0.5836
RYE	2	147	0.5907
RYE	2	148	0.5895
RYE	2	148.55	0.585
RYE	2	149	0.6231
RYE	2	150	0.7039
RYE	2	151	0.7736
RYE	2	152	0.8257
RYE	2	153	0.8563
RYE	2	154	0.8657
RYE	2	154.02	0.8656
RYE	2	154.02	0.8656
RYE	2	154.56	0.6787
RYE	2	154.56	0.6787
RYE	2	154.83	0.8701
RYE	2	155	0.8458
RYE	2	155.67	0.6219
RYE	2	156	0.6116
RYE	2	156.84	0.5835
RYE	2	157	0.5887
RYE	2	158	0.5626
RYE	2	158.32	0.5354
RYE	2	159	0.4747
RYE	2	159.79	0.4051
RYE	2	160	0.4115
RYE	2	160.39	0.4216
RYE	2	160.78	0.336
RYE	2	160.78	0.336
RYE	2	161	0.3575
RYE	2	161.73	0.433
RYE	2	162	0.3806
RYE	2	162.81	0.2289
RYE	2	163	0.1804
RYE	2	163.3	0.1111
RYE	2	163.47	0.1054
RYE	2	164	0.1837
RYE	2	164.34	0.2461
RYE	2	165	0.2642
RYE	2	165.88	0.2866
RYE	2	166	0.2929
RYE	2	167	0.3479
RYE	2	168	0.4059
RYE	2	169	0.4641
RYE	2	170	0.5196
RYE	2	171	0.5696
RYE	2	171.74	0.6019
RYE	2	172	0.5806
RYE	2	173	0.4999
RYE	2	174	0.4256
RYE	2	175	0.3651
RYE	2	176	0.3238
RYE	2	177	0.3032
RYE	2	177.6	0.3001
RYE	2	178	0.2707
RYE	2	179	0.1991
RYE	2	180	0.1341
RYE	2	180.37	0.1132
RYE	2	181	0.0721
RYE	2	181.76	0.0337
RYE	2	182	0.0253
RYE	2	182.75	0.0067
RYE	2	183	0.0081
RYE	2	183.36	0.0109
RYE	2	183.36	0.0109
RYE	2	183.36	0.0109
RYE	2	184	0.0095
RYE	2	185	0.0096
RYE	2	185.42	0.0104
RYE	2	185.42	0.0104
RYE	2	186	0.0127
RYE	2	186.64	0.0196
RYE	2	187	0.0022
RYE	2	187.19	0.0204
RYE	2	187.19	0.0204
RYE	2	188	0.0143
RYE	2	188.01	0.0149
RYE	2	188.01	0.0149
RYE	2	188.47	0.0302
RYE	2	188.78	0.0295
RYE	2	189	0.0273
RYE	2	189.65	0.0214
RYE	2	190	0.0173
RYE	2	191	0.0121
RYE	2	191.03	0.0121
RYE	2	191.71	0.0062
RYE	2	192	0.0095
RYE	2	192.69	0.0206
RYE	2	193	0.0178
RYE	2	193.68	0.0261
RYE	2	194	0.0238
RYE	2	195	0.0183
RYE	2	196	0.0151
RYE	2	196.21	0.0148
RYE	2	197	0.0123
RYE	2	198	0.0115
RYE	2	199	0.0132
RYE	2	200	0.0176
RYE	2	201	0.0247
RYE	2	202	0.0342
RYE	2	203	0.0459
RYE	2	204	0.0593
RYE	2	204.23	0.0627
RYE	2	205	0.0679
RYE	2	206	0.0797
RYE	2	207	0.0962
RYE	2	208	0.1163
RYE	2	209	0.1386
RYE	2	209.59	0.1524
RYE	2	210	0.1561
RYE	2	210.97	0.1656
RYE	2	211	0.1623
RYE	2	211.48	0.1075
RYE	2	211.48	0.1075
RYE	2	212	0.012
RYE	2	212.25	0.015
RYE	2	213	0.0364
RYE	2	214	0.0795
RYE	2	215	0.1337
RYE	2	215.17	0.1436
RYE	2	216	0.1548
RYE	2	217	0.1692
RYE	2	218	0.1837
RYE	2	218.7	0.1936
RYE	2	219	0.2032
RYE	2	219.99	0.2254
RYE	2	220	0.2255
RYE	2	221	0.2313
RYE	2	221.54	0.2308
RYE	2	222	0.2278
RYE	2	222.31	0.2197
RYE	2	223	0.2541
RYE	2	224	0.3029
RYE	2	225	0.3477
RYE	2	225.96	0.3842
RYE	2	226	0.3809
RYE	2	227	0.3036
RYE	2	228	0.2283
RYE	2	228.44	0.1973
RYE	2	229	0.214
RYE	2	230	0.2382
RYE	2	231	0.2593
RYE	2	231.5	0.272
RYE	2	232	0.2905
RYE	2	233	0.3331
RYE	2	234	0.3824
RYE	2	235	0.4359
RYE	2	236	0.4905
RYE	2	237	0.5428
RYE	2	237.74	0.5784
RYE	2	238	0.5748
RYE	2	239	0.55
RYE	2	240	0.5088
RYE	2	240.31	0.4935
RYE	2	240.62	0.4877
RYE	2	241	0.4999
RYE	2	242	0.5245
RYE	2	242.86	0.536
RYE	2	243	0.5289
RYE	2	244	0.4619
RYE	2	244.56	0.4119
RYE	2	245	0.4272
RYE	2	245.2	0.4337
RYE	2	246	0.4693
RYE	2	246.13	0.4752
RYE	2	247	0.5689
RYE	2	248	0.6952
RYE	2	249	0.8337
RYE	2	250	0.9732
RYE	2	251	1.1024
RYE	2	251.18	1.1235
RYE	3	35	0.0122
RYE	3	36	0.0021
RYE	3	37	0.0011
RYE	3	38	0.0095
RYE	3	38.27	0.0132
RYE	3	39	0.0162
RYE	3	40	0.0208
RYE	3	41	0.0262
RYE	3	42	0.0323
RYE	3	43	0.0391
RYE	3	44	0.0465
RYE	3	45	0.0545
RYE	3	46	0.063
RYE	3	47	0.0719
RYE	3	48	0.0811
RYE	3	48.27	0.0836
RYE	3	49	0.0842
RYE	3	49.83	0.0817
RYE	3	50	0.0887
RYE	3	51	0.1349
RYE	3	52	0.1888
RYE	3	53	0.2478
RYE	3	53.88	0.3018
RYE	3	54	0.3033
RYE	3	54.92	0.3177
RYE	3	55	0.3147
RYE	3	56	0.2773
RYE	3	57	0.247
RYE	3	57.8	0.2284
RYE	3	58	0.2212
RYE	3	59	0.2206
RYE	3	59.24	0.2297
RYE	3	60	0.1854
RYE	3	60.87	0.1372
RYE	3	61	0.1464
RYE	3	61.51	0.1837
RYE	3	62	0.153
RYE	3	63	0.1215
RYE	3	63.63	0.1253
RYE	3	64	0.1133
RYE	3	65	0.0804
RYE	3	65.18	0.0747
RYE	3	66	0.0732
RYE	3	67	0.0747
RYE	3	68	0.0805
RYE	3	69	0.0911
RYE	3	70	0.1063
RYE	3	71	0.1258
RYE	3	71.8	0.1438
RYE	3	72	0.1462
RYE	3	73	0.1588
RYE	3	74	0.1729
RYE	3	74.83	0.1856
RYE	3	75	0.2818
RYE	3	75.12	0.3454
RYE	3	76	0.3176
RYE	3	76.41	0.3041
RYE	3	76.41	0.3041
RYE	3	76.58	0.3011
RYE	3	76.58	0.3011
RYE	3	76.58	0.3011
RYE	3	76.58	0.3011
RYE	3	76.99	0.2292
RYE	3	77	0.2288
RYE	3	77.4	0.2317
RYE	3	77.4	0.2317
RYE	3	77.4	0.2317
RYE	3	77.4	0.2317
RYE	3	77.4	0.2317
RYE	3	77.67	0.2626
RYE	3	77.67	0.2626
RYE	3	77.67	0.2626
RYE	3	77.67	0.2626
RYE	3	77.67	0.2626
RYE	3	77.67	0.2626
RYE	3	77.67	0.2626
RYE	3	78	0.2841
RYE	3	78.21	0.2978
RYE	3	78.21	0.2978
RYE	3	78.21	0.2978
RYE	3	78.5	0.3312
RYE	3	79	0.3512
RYE	3	79.15	0.3577
RYE	3	79.15	0.3577
RYE	3	80	0.547
RYE	3	80.59	0.7015
RYE	3	80.59	0.7015
RYE	3	81	0.6135
RYE	3	81.82	0.4121
RYE	3	82	0.4195
RYE	3	82.1	0.4237
RYE	3	82.1	0.4237
RYE	3	83	0.4339
RYE	3	83.26	0.4348
RYE	3	84	0.6598
RYE	3	84.14	0.6997
RYE	3	84.14	0.6997
RYE	3	84.7	0.6166
RYE	3	84.97	0.6154
RYE	3	84.97	0.6154
RYE	3	84.97	0.6154
RYE	3	85	0.6142
RYE	3	86	0.5721
RYE	3	86.42	0.5535
RYE	3	87	0.5607
RYE	3	88	0.561
RYE	3	88.53	0.5541
RYE	3	89	0.5163
RYE	3	90	0.439
RYE	3	91	0.3667
RYE	3	92	0.3016
RYE	3	93	0.2454
RYE	3	93.11	0.2399
RYE	3	94	0.2669
RYE	3	95	0.2952
RYE	3	96	0.3191
RYE	3	97	0.3369
RYE	3	97.35	0.3417
RYE	3	98	0.3944
RYE	3	99	0.4742
RYE	3	100	0.5402
RYE	3	100.84	0.5825
RYE	3	101	0.5945
RYE	3	102	0.6671
RYE	3	102.6	0.7065
RYE	3	103	0.6351
RYE	3	103.79	0.417
RYE	3	104	0.4439
RYE	3	104.5	0.5018
RYE	3	105	0.4
RYE	3	105.51	0.3001
RYE	3	106	0.2861
RYE	3	107	0.2526
RYE	3	107.55	0.2322
RYE	3	108	0.2344
RYE	3	109	0.2314
RYE	3	110	0.2169
RYE	3	111	0.191
RYE	3	112	0.1554
RYE	3	112.09	0.1518
RYE	3	113	0.1258
RYE	3	114	0.1018
RYE	3	115	0.0837
RYE	3	115.54	0.0765
RYE	3	115.54	0.0765
RYE	3	116	0.1445
RYE	3	117	0.4196
RYE	3	117.23	0.4962
RYE	3	117.23	0.4962
RYE	3	118	0.494
RYE	3	118.63	0.4911
RYE	3	119	0.4885
RYE	3	120	0.4686
RYE	3	121	0.4266
RYE	3	121.37	0.4061
RYE	3	122	0.3626
RYE	3	122.85	0.29
RYE	3	122.85	0.29
RYE	3	123	0.3008
RYE	3	123.9	0.3651
RYE	3	123.9	0.3651
RYE	3	124	0.3607
RYE	3	124.24	0.347
RYE	3	124.24	0.347
RYE	3	125	0.1677
RYE	3	125.06	0.1555
RYE	3	125.49	0.1175
RYE	3	125.49	0.1175
RYE	3	125.93	0.1237
RYE	3	126	0.1344
RYE	3	126.76	0.2766
RYE	3	126.76	0.2766
RYE	3	126.76	0.2766
RYE	3	126.76	0.2766
RYE	3	126.76	0.2766
RYE	3	127	0.2766
RYE	3	127.13	0.2766
RYE	3	127.13	0.2766
RYE	3	127.51	0.3267
RYE	3	127.79	0.3301
RYE	3	128	0.3657
RYE	3	128.27	0.4106
RYE	3	128.27	0.4106
RYE	3	128.54	0.412
RYE	3	128.54	0.412
RYE	3	129	0.3044
RYE	3	129.08	0.2881
RYE	3	130	0.2131
RYE	3	130.76	0.1496
RYE	3	131	0.1164
RYE	3	131.75	0.0375
RYE	3	132	0.0384
RYE	3	132.15	0.039
RYE	3	133	0.0581
RYE	3	134	0.084
RYE	3	134.73	0.1041
RYE	3	135	0.1034
RYE	3	136	0.1012
RYE	3	136.98	0.1003
RYE	3	137	0.1008
RYE	3	138	0.1249
RYE	3	139	0.1503
RYE	3	140	0.1764
RYE	3	140.06	0.1781
RYE	3	141	0.2178
RYE	3	142	0.2611
RYE	3	142.72	0.2922
RYE	3	143	0.3031
RYE	3	144	0.3399
RYE	3	144.09	0.3428
RYE	3	145	0.4393
RYE	3	146	0.5511
RYE	3	146.82	0.6441
RYE	3	147	0.6576
RYE	3	148	0.7231
RYE	3	149	0.769
RYE	3	150	0.7917
RYE	3	151	0.791
RYE	3	152	0.7694
RYE	3	152.34	0.7581
RYE	3	153	0.7458
RYE	3	154	0.7191
RYE	3	155	0.6803
RYE	3	155.19	0.6715
RYE	3	156	0.7879
RYE	3	156.66	0.8684
RYE	3	156.66	0.8684
RYE	3	157	0.8325
RYE	3	158	0.7317
RYE	3	158.72	0.6664
RYE	3	159	0.6718
RYE	3	159.7	0.6874
RYE	3	160	0.6653
RYE	3	160.06	0.662
RYE	3	161	0.5456
RYE	3	161.54	0.4897
RYE	3	161.54	0.4897
RYE	3	162	0.4413
RYE	3	162.08	0.4345
RYE	3	162.08	0.4345
RYE	3	162.78	0.2883
RYE	3	163	0.3094
RYE	3	164	0.4104
RYE	3	165	0.508
RYE	3	166	0.5891
RYE	3	166.62	0.6289
RYE	3	167	0.6482
RYE	3	168	0.6973
RYE	3	169	0.741
RYE	3	170	0.7763
RYE	3	170.27	0.784
RYE	3	171	0.8018
RYE	3	172	0.8243
RYE	3	173	0.8442
RYE	3	174	0.8609
RYE	3	175	0.8741
RYE	3	176	0.8837
RYE	3	177	0.8893
RYE	3	177.07	0.8895
RYE	3	178	0.8612
RYE	3	179	0.827
RYE	3	180	0.7886
RYE	3	181	0.7459
RYE	3	181.68	0.7147
RYE	3	182	0.7021
RYE	3	182.12	0.6975
RYE	3	183	0.7964
RYE	3	184	0.907
RYE	3	185	1.0123
RYE	3	185.83	1.0935
RYE	3	186	1.0891
RYE	3	187	1.0604
RYE	3	188	1.0261
RYE	3	189	0.9864
RYE	3	190	0.9415
RYE	3	191	0.8916
RYE	3	192	0.8365
RYE	3	193	0.775
RYE	3	194	0.7056
RYE	3	195	0.6282
RYE	3	195.33	0.6017
RYE	3	196	0.5263
RYE	3	197	0.4181
RYE	3	198	0.3168
RYE	3	199	0.2254
RYE	3	199.9	0.1541
RYE	3	200	0.1611
RYE	3	201	0.2511
RYE	3	201.85	0.3458
RYE	3	202	0.3622
RYE	3	202.15	0.3795
RYE	3	203	0.4359
RYE	3	204	0.5287
RYE	3	204.52	0.5841
RYE	3	205	0.6024
RYE	3	206	0.6405
RYE	3	207	0.6778
RYE	3	208	0.7131
RYE	3	209	0.7452
RYE	3	209.45	0.7584
RYE	4	0	0.0504
RYE	4	1	0.0505
RYE	4	2	0.0633
RYE	4	3	0.0883
RYE	4	3.56	0.107
RYE	4	4	0.1063
RYE	4	5	0.1062
RYE	4	6	0.1065
RYE	4	6.19	0.1065
RYE	4	7	0.1555
RYE	4	7.3	0.176
RYE	4	8	0.1266
RYE	4	9	0.0649
RYE	4	10	0.0248
RYE	4	10.24	0.0193
RYE	4	11	0.0275
RYE	4	12	0.0438
RYE	4	13	0.0639
RYE	4	14	0.0852
RYE	4	14.31	0.0915
RYE	4	15	0.1361
RYE	4	16	0.2131
RYE	4	17	0.298
RYE	4	17.8	0.3657
RYE	4	18	0.3917
RYE	4	19	0.5039
RYE	4	19.19	0.5203
RYE	4	20	0.5918
RYE	4	21	0.6774
RYE	4	22	0.7526
RYE	4	23	0.8128
RYE	4	24	0.8562
RYE	4	24.7	0.8766
RYE	4	25	0.7621
RYE	4	26	0.3858
RYE	4	27	0.1279
RYE	4	27.43	0.0843
RYE	4	28	0.0899
RYE	4	29	0.0998
RYE	4	30	0.1093
RYE	4	31	0.1184
RYE	4	32	0.1266
RYE	4	32.37	0.1294
RYE	4	33	0.1229
RYE	4	34	0.1171
RYE	4	35	0.1209
RYE	4	36	0.1322
RYE	4	36.03	0.1326
RYE	4	36.14	0.1339
RYE	4	37	0.092
RYE	4	37.95	0.0716
RYE	4	38	0.0694
RYE	4	39	0.0321
RYE	4	40	0.0206
RYE	4	40.63	0.0278
RYE	4	41	0.0272
RYE	4	42	0.0271
RYE	4	43	0.0297
RYE	4	44	0.0353
RYE	4	45	0.0441
RYE	4	46	0.056
RYE	4	47	0.0709
RYE	4	48	0.0885
RYE	4	49	0.1084
RYE	4	50	0.1301
RYE	4	50.67	0.1454
RYE	4	51	0.1425
RYE	4	52	0.1587
RYE	4	52.72	0.1935
RYE	4	53	0.2012
RYE	4	54	0.2296
RYE	4	55	0.2588
RYE	4	56	0.288
RYE	4	57	0.3164
RYE	4	58	0.3434
RYE	4	58.2	0.3486
RYE	4	58.56	0.4177
RYE	4	59	0.3755
RYE	4	60	0.2593
RYE	4	61	0.1381
RYE	4	61.54	0.0872
RYE	4	62	0.071
RYE	4	63	0.0417
RYE	4	63.21	0.0368
RYE	4	63.78	0.0305
RYE	4	63.78	0.0305
RYE	4	64	0.0144
RYE	4	64.13	0.0097
RYE	4	65	0.0303
RYE	4	65.65	0.0529
RYE	4	65.98	0.0573
RYE	4	65.98	0.0573
RYE	4	66	0.0569
RYE	4	66.25	0.054
RYE	4	66.25	0.054
RYE	4	66.25	0.054
RYE	4	66.52	0.0526
RYE	4	66.79	0.1159
RYE	4	67	0.0714
RYE	4	67.07	0.0616
RYE	4	67.07	0.0616
RYE	4	67.07	0.0616
RYE	4	67.62	0.0788
RYE	4	67.91	0.1028
RYE	4	68	0.1028
RYE	4	68.37	0.1051
RYE	4	68.37	0.1051
RYE	4	68.83	0.1177
RYE	4	69	0.1118
RYE	4	69.92	0.066
RYE	4	69.92	0.066
RYE	4	69.92	0.066
RYE	4	70	0.0643
RYE	4	70.44	0.0617
RYE	4	70.71	0.0634
RYE	4	70.71	0.0634
RYE	4	71	0.0804
RYE	4	71.53	0.1285
RYE	4	72	0.1327
RYE	4	72.17	0.1344
RYE	4	73	0.109
RYE	4	73.14	0.1061
RYE	4	74	0.1156
RYE	4	74.8	0.148
RYE	4	75	0.1444
RYE	4	76	0.1263
RYE	4	76.16	0.1234
RYE	4	77	0.0463
RYE	4	77.53	0.0411
RYE	4	78	0.0453
RYE	4	79	0.0564
RYE	4	79.22	0.0592
RYE	4	79.6	0.0596
RYE	4	80	0.0703
RYE	4	81	0.1046
RYE	4	81.55	0.1271
RYE	4	81.55	0.1271
RYE	4	82	0.1517
RYE	4	83	0.2503
RYE	4	83.79	0.3555
RYE	4	84	0.3716
RYE	4	84.95	0.4413
RYE	4	85	0.4403
RYE	4	85.58	0.4332
RYE	4	86	0.4743
RYE	4	86.16	0.489
RYE	4	87	0.5402
RYE	4	88	0.5854
RYE	4	89	0.61
RYE	4	89.02	0.6104
RYE	4	89.02	0.6104
RYE	4	89.02	0.6104
RYE	4	89.31	0.6169
RYE	4	89.31	0.6169
RYE	4	90	0.6505
RYE	4	90.1	0.6555
RYE	4	91	0.6263
RYE	4	92	0.5674
RYE	4	92.86	0.5006
RYE	4	93	0.5132
RYE	4	94	0.6054
RYE	4	95	0.7054
RYE	4	96	0.8104
RYE	4	97	0.9164
RYE	4	98	1.0192
RYE	4	99	1.1146
RYE	4	100	1.1991
RYE	4	101	1.2695
RYE	4	102	1.3238
RYE	4	103	1.3605
RYE	4	103.37	1.3695
RYE	4	104	1.1931
RYE	4	104.74	0.9401
RYE	4	105	0.9346
RYE	4	105.04	0.934
RYE	4	105.32	0.9307
RYE	4	106	1.1085
RYE	4	106.19	1.1562
RYE	4	107	0.8916
RYE	4	107.06	0.8708
RYE	4	108	0.7014
RYE	4	108.51	0.5984
RYE	4	108.84	0.586
RYE	4	109	0.4744
RYE	4	109.12	0.3794
RYE	4	109.45	0.296
RYE	4	110	0.3402
RYE	4	111	0.419
RYE	4	111.05	0.4231
RYE	4	112	0.386
RYE	4	113	0.347
RYE	4	113.62	0.3239
RYE	4	114	0.318
RYE	4	114.3	0.3144
RYE	4	115	0.4123
RYE	4	115.47	0.4765
RYE	4	115.47	0.4765
RYE	4	115.47	0.4765
RYE	4	116	0.53
RYE	4	117	0.6237
RYE	4	117.16	0.6379
RYE	4	118	0.687
RYE	4	118.89	0.7416
RYE	4	119	0.7363
RYE	4	120	0.675
RYE	4	121	0.5976
RYE	4	122	0.5133
RYE	4	122.03	0.5109
RYE	4	122.52	0.425
RYE	4	123	0.4098
RYE	4	123.11	0.4097
RYE	4	123.6	0.5004
RYE	4	124	0.6094
RYE	4	124.14	0.6513
RYE	4	124.14	0.6513
RYE	4	125	0.7397
RYE	4	126	0.7878
RYE	4	126.01	0.7881
RYE	4	126.01	0.7881
RYE	4	127	0.7672
RYE	4	128	0.7294
RYE	4	128.3	0.7142
RYE	4	128.7	0.7213
RYE	4	129	0.7196
RYE	4	129.16	0.72
RYE	4	129.9	0.6582
RYE	4	129.9	0.6582
RYE	4	129.9	0.6582
RYE	4	130	0.6587
RYE	4	130.89	0.6722
RYE	4	130.89	0.6722
RYE	4	131	0.6833
RYE	4	131.34	0.7156
RYE	4	131.62	0.7148
RYE	4	132	0.695
RYE	4	132.09	0.6879
RYE	4	132.43	0.7307
RYE	4	132.9	0.761
RYE	4	133	0.7475
RYE	4	134	0.6061
RYE	4	135	0.4524
RYE	4	136	0.3004
RYE	4	136.48	0.2365
RYE	4	137	0.2822
RYE	4	138	0.417
RYE	4	138.65	0.5253
RYE	4	139	0.5434
RYE	4	139.89	0.5981
RYE	4	140	0.5947
RYE	4	141	0.5641
RYE	4	141.37	0.5524
RYE	4	142	0.499
RYE	4	142.82	0.4307
RYE	4	143	0.3975
RYE	4	144	0.2223
RYE	4	144.4	0.168
RYE	4	145	0.1516
RYE	4	146	0.128
RYE	4	147	0.11
RYE	4	148	0.098
RYE	4	148.99	0.0918
RYE	4	149	0.0925
RYE	4	150	0.156
RYE	4	151	0.2368
RYE	4	152	0.3286
RYE	4	153	0.4239
RYE	4	153.56	0.4763
RYE	4	154	0.4237
RYE	4	155	0.3098
RYE	4	155.07	0.3027
RYE	4	156	0.3249
RYE	4	156.17	0.3284
RYE	4	157	0.417
RYE	4	158	0.55
RYE	4	158.69	0.6419
RYE	4	159	0.652
RYE	4	160	0.6323
RYE	4	161	0.5461
RYE	4	161.23	0.5213
RYE	4	162	0.4888
RYE	4	162.16	0.4822
RYE	4	163	0.4637
RYE	4	164	0.4369
RYE	4	165	0.4048
RYE	4	166	0.368
RYE	4	167	0.3281
RYE	4	168	0.2873
RYE	4	169	0.2481
RYE	4	170	0.2128
RYE	4	170.81	0.1881
RYE	4	171	0.188
RYE	4	171.93	0.1956
RYE	4	172	0.1961
RYE	4	173	0.2044
RYE	4	173.99	0.2135
RYE	5	0	0.9582
RYE	5	1	1.0891
RYE	5	1.51	1.1594
RYE	5	2	1.1844
RYE	5	3	1.2316
RYE	5	3.12	1.2363
RYE	5	4	1.3369
RYE	5	5	1.4383
RYE	5	5.71	1.5004
RYE	5	5.98	1.4843
RYE	5	6	1.492
RYE	5	6.29	1.6016
RYE	5	7	1.7171
RYE	5	8	1.8199
RYE	5	9	1.8659
RYE	5	10	1.8706
RYE	5	11	1.8448
RYE	5	11.58	1.819
RYE	5	12	1.8359
RYE	5	13	1.873
RYE	5	14	1.905
RYE	5	15	1.9312
RYE	5	16	1.951
RYE	5	17	1.9638
RYE	5	18	1.9694
RYE	5	19	1.9677
RYE	5	20	1.9587
RYE	5	21	1.9425
RYE	5	22	1.9195
RYE	5	23	1.8901
RYE	5	24	1.855
RYE	5	25	1.8149
RYE	5	26	1.7704
RYE	5	27	1.7223
RYE	5	28	1.6716
RYE	5	29	1.6189
RYE	5	29.76	1.5781
RYE	5	30	1.5921
RYE	5	31	1.6479
RYE	5	32	1.7006
RYE	5	33	1.7497
RYE	5	34	1.7948
RYE	5	35	1.8353
RYE	5	35.92	1.868
RYE	5	36	1.8923
RYE	5	37	2.1779
RYE	5	38	2.451
RYE	5	38.26	2.5194
RYE	5	39	2.5388
RYE	5	40	2.5597
RYE	5	41	2.5738
RYE	5	42	2.5807
RYE	5	43	2.5796
RYE	5	44	2.5706
RYE	5	45	2.5533
RYE	5	46	2.528
RYE	5	47	2.4948
RYE	5	48	2.4543
RYE	5	49	2.4067
RYE	5	50	2.3525
RYE	5	51	2.2919
RYE	5	52	2.2251
RYE	5	53	2.1517
RYE	5	54	2.0711
RYE	5	55	1.9821
RYE	5	56	1.8831
RYE	5	57	1.7727
RYE	5	58	1.6506
RYE	5	58.7	1.5599
RYE	5	59	1.5388
RYE	5	60	1.4228
RYE	5	61	1.2353
RYE	5	61.5	1.1147
RYE	5	62	1.0976
RYE	5	63	1.0597
RYE	5	64	1.0167
RYE	5	64.37	0.9996
RYE	5	65	0.9676
RYE	5	66	0.9157
RYE	5	67	0.8628
RYE	5	68	0.8095
RYE	5	69	0.7566
RYE	5	69.71	0.7198
RYE	5	70	0.7145
RYE	5	71	0.6925
RYE	5	72	0.6612
RYE	5	72.76	0.6289
RYE	5	73	0.6289
RYE	5	74	0.6206
RYE	5	75	0.5982
RYE	5	75.86	0.5683
RYE	5	76	0.5589
RYE	5	77	0.5072
RYE	5	77.55	0.4915
RYE	5	78	0.5277
RYE	5	78.54	0.5518
RYE	5	79	0.4199
RYE	5	79.01	0.4167
RYE	5	79.54	0.2912
RYE	5	80	0.3395
RYE	5	81	0.496
RYE	5	82	0.7018
RYE	5	83	0.9307
RYE	5	83.29	0.9978
RYE	5	84	0.7992
RYE	5	84.32	0.7002
RYE	5	84.4	0.7029
RYE	5	84.4	0.7029
RYE	5	84.84	0.8487
RYE	5	84.84	0.8487
RYE	5	85	0.8184
RYE	5	85.5	0.7099
RYE	5	85.8	0.7117
RYE	5	85.8	0.7117
RYE	5	86	0.7037
RYE	5	86.07	0.7008
RYE	5	86.35	0.7626
RYE	5	86.35	0.7626
RYE	5	86.35	0.7626
RYE	5	86.35	0.7626
RYE	5	86.35	0.7626
RYE	5	86.35	0.7626
RYE	5	86.35	0.7626
RYE	5	87	0.8469
RYE	5	88	0.9561
RYE	5	88.03	0.959
RYE	5	88.39	0.9756
RYE	5	88.6	0.9794
RYE	5	88.6	0.9794
RYE	5	88.6	0.9794
RYE	5	88.6	0.9794
RYE	5	88.6	0.9794
RYE	5	88.6	0.9794
RYE	5	89	0.9327
RYE	5	89.7	0.8386
RYE	5	89.7	0.8386
RYE	5	89.7	0.8386
RYE	5	90	0.7828
RYE	5	90.25	0.6961
RYE	5	90.25	0.6961
RYE	5	90.25	0.6961
RYE	5	90.25	0.6961
RYE	5	90.25	0.6961
RYE	5	91	0.6526
RYE	5	92	0.5927
RYE	5	93	0.5316
RYE	5	94	0.4705
RYE	5	95	0.4108
RYE	5	95.42	0.3864
RYE	5	96	0.4391
RYE	5	97	0.536
RYE	5	98	0.6372
RYE	5	99	0.7393
RYE	5	100	0.8391
RYE	5	100.29	0.8671
RYE	5	101	0.9418
RYE	5	101.97	1.0244
RYE	5	102	1.0263
RYE	5	103	1.071
RYE	5	104	1.0912
RYE	5	105	1.0866
RYE	5	105.37	1.0791
RYE	5	105.37	1.0791
RYE	5	105.37	1.0791
RYE	5	105.37	1.0791
RYE	5	105.64	1.0334
RYE	5	105.93	1.182
RYE	5	105.93	1.182
RYE	5	106	1.1805
RYE	5	107	1.1422
RYE	5	108	1.0675
RYE	5	109	0.9485
RYE	5	110	0.7843
RYE	5	110.49	0.6937
RYE	5	110.49	0.6937
RYE	5	110.75	0.6875
RYE	5	111	0.6487
RYE	5	111.29	0.6011
RYE	5	112	0.584
RYE	5	112.95	0.5459
RYE	5	113	0.5416
RYE	5	114	0.4481
RYE	5	114.32	0.4138
RYE	5	114.76	0.4087
RYE	5	114.76	0.4087
RYE	5	115	0.3823
RYE	5	115.23	0.361
RYE	5	115.23	0.361
RYE	5	116	0.183
RYE	5	117	0.0346
RYE	5	117.19	0.0213
RYE	5	118	0.0174
RYE	5	118.04	0.0177
RYE	5	119	0.0609
RYE	5	120	0.172
RYE	5	120.2	0.2003
RYE	5	121	0.206
RYE	5	122	0.2207
RYE	5	122.3	0.2265
RYE	5	122.3	0.2265
RYE	5	123	0.2324
RYE	5	124	0.2455
RYE	5	125	0.2617
RYE	5	125.33	0.2671
RYE	5	126	0.2651
RYE	5	126.65	0.2619
RYE	5	127	0.2801
RYE	5	127.55	0.3086
RYE	5	128	0.3423
RYE	5	128.12	0.3514
RYE	5	129	0.3673
RYE	5	130	0.3894
RYE	5	131	0.4094
RYE	5	131.25	0.4135
RYE	5	131.25	0.4135
RYE	5	131.25	0.4135
RYE	5	131.25	0.4135
RYE	5	131.25	0.4135
RYE	5	131.7	0.3507
RYE	5	132	0.2932
RYE	5	132.14	0.2715
RYE	5	132.58	0.2546
RYE	5	133	0.2255
RYE	5	133.92	0.1666
RYE	5	134	0.1615
RYE	5	134.59	0.1296
RYE	5	134.78	0.1294
RYE	5	135	0.1413
RYE	5	136	0.1998
RYE	5	136.29	0.2171
RYE	5	137	0.1776
RYE	5	138	0.1284
RYE	5	138.42	0.11
RYE	5	139	0.101
RYE	5	139.69	0.0939
RYE	5	140	0.1095
RYE	5	141	0.1632
RYE	5	141.37	0.1831
RYE	5	142	0.2435
RYE	5	143	0.3682
RYE	5	143.71	0.4708
RYE	5	144	0.4673
RYE	5	144.84	0.4552
RYE	5	145	0.4216
RYE	5	145.42	0.3377
RYE	5	146	0.2779
RYE	5	147	0.1894
RYE	5	147.29	0.1684
RYE	5	148	0.1662
RYE	5	148.98	0.1627
RYE	5	149	0.1641
RYE	5	150	0.2675
RYE	5	151	0.4057
RYE	5	152	0.5607
RYE	5	153	0.7122
RYE	5	153.49	0.7804
RYE	5	154	0.8045
RYE	5	155	0.8558
RYE	5	156	0.9136
RYE	5	156.83	0.9674
RYE	5	157	0.9527
RYE	5	158	0.8672
RYE	5	159	0.7833
RYE	5	160	0.7012
RYE	5	161	0.6216
RYE	5	161.51	0.5823
RYE	5	161.51	0.5823
RYE	5	162	0.5976
RYE	5	162.7	0.6192
RYE	5	163	0.6012
RYE	5	163.59	0.5681
RYE	5	164	0.5764
RYE	5	165	0.5968
RYE	5	166	0.6163
RYE	5	166.22	0.6205
RYE	5	167	0.618
RYE	5	167.65	0.5811
RYE	5	168	0.5862
RYE	5	169	0.5815
RYE	5	169.72	0.5584
RYE	5	170	0.4954
RYE	5	170.63	0.3643
RYE	5	171	0.3465
RYE	5	172	0.3006
RYE	5	173	0.2587
RYE	5	173.95	0.2235
RYE	5	174	0.2224
RYE	5	175	0.2076
RYE	5	176	0.197
RYE	5	176.63	0.1917
RYE	5	177	0.2091
RYE	5	178	0.2653
RYE	5	179	0.3226
RYE	5	180	0.3701
RYE	5	181	0.4046
RYE	5	182	0.4283
RYE	5	182.05	0.4293
RYE	5	183	0.4031
RYE	5	184	0.3768
RYE	5	185	0.3536
RYE	5	186	0.3348
RYE	5	187	0.3202
RYE	5	187.55	0.3138
RYE	5	188	0.3099
RYE	5	189	0.3041
RYE	5	189.86	0.3023
RYE	5	189.86	0.3023
RYE	5	190	0.3039
RYE	5	191	0.3183
RYE	5	192	0.3376
RYE	5	192.91	0.3603
RYE	6	5	0.5922
RYE	6	6	0.7412
RYE	6	7	0.8718
RYE	6	8	0.9711
RYE	6	8	0.971
RYE	6	8.67	0.877
RYE	6	9	0.9389
RYE	6	9.86	1.0595
RYE	6	9.86	1.0595
RYE	6	9.86	1.0595
RYE	6	9.86	1.0595
RYE	6	9.86	1.0595
RYE	6	10	1.0633
RYE	6	10.69	1.0335
RYE	6	11	1.0032
RYE	6	11.21	0.9755
RYE	6	11.21	0.9755
RYE	6	12	1.0209
RYE	6	13	1.0235
RYE	6	13.54	0.9875
RYE	6	14	0.8931
RYE	6	15	0.6607
RYE	6	15.94	0.4154
RYE	6	16	0.4121
RYE	6	17	0.3542
RYE	6	17.79	0.3059
RYE	6	18	0.2679
RYE	6	18.84	0.1519
RYE	6	19	0.1408
RYE	6	20	0.0766
RYE	6	21	0.0296
RYE	6	21.19	0.0232
RYE	6	22	0.0321
RYE	6	23	0.0446
RYE	6	24	0.0575
RYE	6	25	0.0697
RYE	6	25.89	0.0794
RYE	6	26	0.0775
RYE	6	27	0.0722
RYE	6	28	0.0893
RYE	6	28.92	0.1228
RYE	6	29	0.1235
RYE	6	30	0.132
RYE	6	30.84	0.1376
RYE	6	30.84	0.1376
RYE	6	31	0.124
RYE	6	31.31	0.1005
RYE	6	32	0.1044
RYE	6	33	0.1171
RYE	6	33.01	0.1173
RYE	6	34	0.1272
RYE	6	34.25	0.1303
RYE	6	34.56	0.2017
RYE	6	35	0.1772
RYE	6	36	0.1277
RYE	6	37	0.0929
RYE	6	37.93	0.0782
RYE	6	38	0.0778
RYE	6	39	0.0726
RYE	6	39.43	0.0703
RYE	6	40	0.1432
RYE	6	40.67	0.2703
RYE	6	41	0.2681
RYE	6	41.23	0.2668
RYE	6	41.78	0.1216
RYE	6	41.78	0.1216
RYE	6	42	0.1166
RYE	6	42.88	0.0966
RYE	6	43	0.1008
RYE	6	44	0.1378
RYE	6	45	0.179
RYE	6	45.16	0.1859
RYE	6	46	0.2123
RYE	6	46.17	0.2178
RYE	6	47	0.3256
RYE	6	47.13	0.3426
RYE	6	47.4	0.5185
RYE	6	47.96	0.5718
RYE	6	48	0.5724
RYE	6	49	0.5835
RYE	6	50	0.5835
RYE	6	51	0.5722
RYE	6	52	0.5508
RYE	6	52.13	0.5474
RYE	6	53	0.5255
RYE	6	54	0.4989
RYE	6	55	0.4706
RYE	6	56	0.441
RYE	6	57	0.4102
RYE	6	58	0.3788
RYE	6	59	0.347
RYE	6	60	0.3154
RYE	6	60.95	0.286
RYE	6	61	0.2859
RYE	6	61.62	0.2845
RYE	6	62	0.2952
RYE	6	62.58	0.309
RYE	6	62.58	0.309
RYE	6	62.86	0.2228
RYE	6	63	0.2236
RYE	6	63.76	0.2292
RYE	6	64	0.202
RYE	6	64.04	0.1996
RYE	6	65	0.1626
RYE	6	65.84	0.1315
RYE	6	65.84	0.1315
RYE	6	66	0.1249
RYE	6	67	0.127
RYE	6	67	0.1269
RYE	6	68	0.1067
RYE	6	69	0.0851
RYE	6	70	0.0642
RYE	6	71	0.0459
RYE	6	72	0.0315
RYE	6	72.06	0.0308
RYE	6	72.48	0.0319
RYE	6	73	0.0241
RYE	6	73.89	0.0173
RYE	6	73.89	0.0173
RYE	6	73.89	0.0173
RYE	6	73.89	0.0173
RYE	6	74	0.0168
RYE	6	74.72	0.0143
RYE	6	75	0.0146
RYE	6	75.86	0.0169
RYE	6	76	0.0111
RYE	6	76.15	0.0133
RYE	6	76.43	0.0068
RYE	6	76.99	0.014
RYE	6	77	0.0142
RYE	6	77.31	0.0247
RYE	6	77.31	0.0247
RYE	6	78	0.0314
RYE	6	79	0.0465
RYE	6	80	0.0675
RYE	6	81	0.093
RYE	6	81.1	0.0957
RYE	6	82	0.0911
RYE	6	82.93	0.1106
RYE	6	83	0.11
RYE	6	84	0.1052
RYE	6	85	0.1067
RYE	6	86	0.1151
RYE	6	87	0.1299
RYE	6	88	0.1498
RYE	6	88.38	0.1584
RYE	6	89	0.1381
RYE	6	90	0.1125
RYE	6	91	0.098
RYE	6	92	0.0961
RYE	6	93	0.1063
RYE	6	93.32	0.1118
RYE	6	94	0.112
RYE	6	95	0.1109
RYE	6	96	0.1083
RYE	6	97	0.1042
RYE	6	98	0.0991
RYE	6	99	0.0935
RYE	6	100	0.0881
RYE	6	101	0.0834
RYE	6	101.54	0.0814
RYE	6	102	0.0744
RYE	6	103	0.0602
RYE	6	104	0.0475
RYE	6	105	0.0369
RYE	6	106	0.0286
RYE	6	106.91	0.0231
RYE	6	107	0.0234
RYE	6	108	0.0333
RYE	6	109	0.0565
RYE	6	110	0.0931
RYE	6	111	0.1421
RYE	6	111.17	0.1514
RYE	6	112	0.1029
RYE	6	113	0.0793
RYE	6	113.86	0.0844
RYE	6	114	0.082
RYE	6	114.87	0.0678
RYE	6	115	0.0658
RYE	6	116	0.0517
RYE	6	117	0.04
RYE	6	118	0.0324
RYE	6	118.61	0.0302
RYE	6	119	0.038
RYE	6	120	0.0611
RYE	6	121	0.0872
RYE	6	121.47	0.1
RYE	6	121.71	0.0999
RYE	6	121.9	0.0994
RYE	6	122	0.1006
RYE	6	123	0.1127
RYE	6	123.24	0.1158
RYE	6	124	0.0879
RYE	6	124.71	0.0675
RYE	6	125	0.0677
RYE	6	126	0.0708
RYE	6	127	0.0781
RYE	6	128	0.0903
RYE	6	129	0.1077
RYE	6	130	0.1305
RYE	6	131	0.1585
RYE	6	132	0.1907
RYE	6	133	0.226
RYE	6	134	0.263
RYE	6	135	0.3003
RYE	6	136	0.3365
RYE	6	137	0.3708
RYE	6	138	0.4024
RYE	6	139	0.431
RYE	6	140	0.4564
RYE	6	141	0.4786
RYE	6	141.54	0.4893
RYE	6	142	0.4765
RYE	6	143	0.4425
RYE	6	144	0.4058
RYE	6	145	0.3756
RYE	6	145.43	0.3666
RYE	7	0	0.1414
RYE	7	1	0.1059
RYE	7	2	0.0753
RYE	7	2.79	0.0567
RYE	7	3	0.0555
RYE	7	4	0.0517
RYE	7	5	0.0514
RYE	7	6	0.0549
RYE	7	7	0.0623
RYE	7	8	0.0731
RYE	7	8.17	0.0752
RYE	7	9	0.0975
RYE	7	10	0.132
RYE	7	11	0.1711
RYE	7	12	0.2095
RYE	7	12.34	0.2217
RYE	7	13	0.2371
RYE	7	14	0.2601
RYE	7	15	0.2815
RYE	7	16	0.3001
RYE	7	17	0.3149
RYE	7	18	0.3257
RYE	7	18.43	0.3292
RYE	7	19	0.3053
RYE	7	20	0.2629
RYE	7	21	0.221
RYE	7	22	0.1807
RYE	7	23	0.1435
RYE	7	24	0.1109
RYE	7	25	0.0846
RYE	7	26	0.0656
RYE	7	27	0.0546
RYE	7	28	0.0516
RYE	7	28.29	0.0521
RYE	7	29	0.0729
RYE	7	30	0.1057
RYE	7	31	0.1387
RYE	7	31.36	0.1498
RYE	7	32	0.1517
RYE	7	33	0.1588
RYE	7	34	0.1716
RYE	7	35	0.1903
RYE	7	36	0.2137
RYE	7	37	0.2396
RYE	7	38	0.2657
RYE	7	39	0.2899
RYE	7	39.25	0.2954
RYE	7	40	0.275
RYE	7	41	0.2525
RYE	7	42	0.2364
RYE	7	42.23	0.2338
RYE	7	43	0.2441
RYE	7	44	0.2639
RYE	7	45	0.2903
RYE	7	46	0.3224
RYE	7	47	0.3584
RYE	7	48	0.3966
RYE	7	49	0.4351
RYE	7	49.22	0.4434
RYE	7	50	0.3789
RYE	7	51	0.31
RYE	7	52	0.2647
RYE	7	53	0.2472
RYE	7	54	0.2539
RYE	7	55	0.2759
RYE	7	55.22	0.2818
RYE	7	56	0.2717
RYE	7	57	0.2538
RYE	7	58	0.2316
RYE	7	58.73	0.2139
RYE	7	59	0.216
RYE	7	59.86	0.2217
RYE	7	60	0.2173
RYE	7	60.67	0.1963
RYE	7	60.67	0.1963
RYE	7	61	0.1969
RYE	7	62	0.2336
RYE	7	62.21	0.246
RYE	7	62.21	0.246
RYE	7	63	0.1893
RYE	7	64	0.145
RYE	7	64.02	0.1444
RYE	7	64.02	0.1444
RYE	7	64.02	0.1444
RYE	7	64.02	0.1444
RYE	7	64.02	0.1444
RYE	7	64.84	0.2025
RYE	7	64.84	0.2025
RYE	7	64.84	0.2025
RYE	7	64.84	0.2025
RYE	7	64.84	0.2025
RYE	7	65	0.2524
RYE	7	65.65	0.4465
RYE	7	65.65	0.4465
RYE	7	66	0.3757
RYE	7	67	0.1878
RYE	7	67.02	0.1841
RYE	7	68	0.178
RYE	7	69	0.1695
RYE	7	69.05	0.169
RYE	7	70	0.216
RYE	7	70.32	0.2396
RYE	7	71	0.2852
RYE	7	71.62	0.3256
RYE	7	72	0.2411
RYE	7	72.2	0.2117
RYE	7	73	0.2418
RYE	7	74	0.3295
RYE	7	75	0.4762
RYE	7	75.89	0.6507
RYE	7	76	0.7245
RYE	7	76.17	0.8272
RYE	7	76.17	0.8272
RYE	7	77	1.0443
RYE	7	78	1.2091
RYE	7	79	1.261
RYE	7	79.3	1.2541
RYE	7	80	1.2296
RYE	7	81	1.1846
RYE	7	82	1.126
RYE	7	83	1.0544
RYE	7	84	0.9737
RYE	7	84.06	0.969
RYE	7	85	1.1006
RYE	7	86	1.2331
RYE	7	87	1.348
RYE	7	88	1.4416
RYE	7	89	1.5141
RYE	7	90	1.5668
RYE	7	91	1.6018
RYE	7	91.59	1.6153
RYE	7	92	1.5325
RYE	7	92.66	1.3905
RYE	7	93	1.4142
RYE	7	94	1.4659
RYE	7	95	1.4901
RYE	7	96	1.4901
RYE	7	97	1.4727
RYE	7	97.21	1.4675
RYE	7	98	1.7262
RYE	7	99	2.0202
RYE	7	100	2.2603
RYE	7	101	2.4396
RYE	7	102	2.5408
RYE	7	103	2.4999
RYE	7	103.28	2.4421
RYE	7	104	2.3286
RYE	7	105	2.1623
RYE	7	105.85	2.009
RYE	7	106	2.0117
RYE	7	107	2.0338
RYE	7	108	2.0362
RYE	7	108.57	2.0245
RYE	7	109	2.0453
RYE	7	109.07	2.0484
RYE	7	110	1.8743
RYE	7	111	1.5917
RYE	7	111.99	1.197
RYE	7	112	1.194
RYE	7	113	0.9928
RYE	7	113.83	0.8675
RYE	7	114	0.8562
RYE	7	114.5	0.8227
RYE	7	114.84	0.8162
RYE	7	115	0.8149
RYE	7	115.98	0.8101
RYE	7	116	0.817
RYE	7	116.06	0.8334
RYE	7	116.34	1.0142
RYE	7	116.99	0.9099
RYE	7	117	0.9099
RYE	7	117.26	0.911
RYE	7	117.26	0.911
RYE	7	117.34	0.9872
RYE	7	117.62	1.0749
RYE	7	118	1.027
RYE	7	118.25	0.993
RYE	7	118.25	0.993
RYE	7	119	0.8214
RYE	7	119.63	0.6942
RYE	7	119.63	0.6942
RYE	7	120	0.7044
RYE	7	120.35	0.7118
RYE	7	121	0.7159
RYE	7	121.2	0.7181
RYE	7	121.71	0.903
RYE	7	122	0.8763
RYE	7	123	0.7915
RYE	7	123.45	0.7573
RYE	7	124	0.7635
RYE	7	125	0.7583
RYE	7	125.16	0.7566
RYE	7	125.56	0.769
RYE	7	126	0.8688
RYE	7	126.5	0.9792
RYE	7	127	1.0248
RYE	7	128	1.1312
RYE	7	129	1.2468
RYE	7	129.46	1.3002
RYE	7	130	1.2978
RYE	7	131	1.2746
RYE	7	132	1.2216
RYE	7	132.22	1.2055
RYE	7	133	1.1007
RYE	7	134	0.9499
RYE	7	134.79	0.8202
RYE	7	135	0.813
RYE	7	135.12	0.8092
RYE	7	136	0.7902
RYE	7	137	0.7673
RYE	7	137.03	0.7666
RYE	7	138	0.7083
RYE	7	139	0.6468
RYE	7	140	0.5888
RYE	7	141	0.5395
RYE	7	141.24	0.5294
RYE	7	141.24	0.5294
RYE	7	142	0.4135
RYE	7	142.68	0.3143
RYE	7	143	0.2977
RYE	7	144	0.2465
RYE	7	144.15	0.239
RYE	7	145	0.2103
RYE	7	146	0.1789
RYE	7	146.68	0.1594
RYE	7	147	0.1707
RYE	7	148	0.2175
RYE	7	149	0.2794
RYE	7	149.82	0.3387
RYE	7	150	0.3383
RYE	7	151	0.3407
RYE	7	152	0.3524
RYE	7	153	0.3748
RYE	7	154	0.4088
RYE	7	155	0.4545
RYE	7	156	0.5106
RYE	7	157	0.5751
RYE	7	158	0.6452
RYE	7	159	0.7184
RYE	7	160	0.7923
RYE	7	161	0.865
RYE	7	161.82	0.9232
RYE	7	162	0.9099
RYE	7	163	0.8271
RYE	7	164	0.7344
RYE	7	165	0.6354
RYE	7	165.79	0.556
RYE	7	166	0.5559
RYE	7	167	0.5532
RYE	7	167.53	0.551
RYE	7	168	0.4943
RYE	7	169	0.3705
RYE	7	170	0.2524
RYE	7	170.38	0.2125
RYE	7	170.38	0.2125
RYE	7	171	0.1789
RYE	7	171.55	0.1514
RYE	7	172	0.097
RYE	7	172.27	0.0722
RYE	7	173	0.0361
RYE	7	174	0.0073
RYE	7	175	0.0037
RYE	7	176	0.0242
RYE	7	177	0.0645
RYE	7	178	0.119
RYE	7	178.24	0.1336
RYE	7	179	0.1242
RYE	7	180	0.1109
RYE	7	181	0.097
RYE	7	181.69	0.0875
RYE	7	181.69	0.0875
RYE	7	182	0.0844
RYE	7	183	0.0802
RYE	7	184	0.0856
RYE	7	185	0.1002
RYE	7	185.46	0.1096
RYE	7	186	0.1028
RYE	7	187	0.0902
RYE	7	188	0.078
RYE	7	188.18	0.076
RYE	7	189	0.0354
RYE	7	189.78	0.0104
RYE	8	10	0.1065
RYE	8	11	0.2627
RYE	8	11.51	0.3756
RYE	8	12	0.3321
RYE	8	12.12	0.3217
RYE	8	12.44	0.323
RYE	8	13	0.4365
RYE	8	13.96	0.6273
RYE	8	14	0.6278
RYE	8	15	0.6387
RYE	8	15.48	0.6435
RYE	8	16	0.6015
RYE	8	17	0.5341
RYE	8	18	0.4918
RYE	8	18.54	0.4823
RYE	8	18.54	0.4823
RYE	8	19	0.4998
RYE	8	20	0.557
RYE	8	21	0.6164
RYE	8	21.21	0.628
RYE	8	22	0.5777
RYE	8	22.35	0.5533
RYE	8	23	0.553
RYE	8	24	0.5524
RYE	8	25	0.5518
RYE	8	26	0.5508
RYE	8	27	0.5491
RYE	8	28	0.5464
RYE	8	29	0.5422
RYE	8	30	0.5359
RYE	8	31	0.5271
RYE	8	32	0.5152
RYE	8	33	0.5002
RYE	8	34	0.4819
RYE	8	35	0.4611
RYE	8	35.37	0.4529
RYE	8	36	0.4018
RYE	8	37	0.3312
RYE	8	38	0.2769
RYE	8	39	0.2418
RYE	8	40	0.2266
RYE	8	41	0.2298
RYE	8	41.36	0.2349
RYE	8	42	0.3104
RYE	8	42.33	0.3501
RYE	8	43	0.4394
RYE	8	44	0.5766
RYE	8	44.46	0.6385
RYE	8	45	0.6074
RYE	8	46	0.5499
RYE	8	47	0.493
RYE	8	48	0.4383
RYE	8	49	0.3871
RYE	8	50	0.3408
RYE	8	50.09	0.3367
RYE	8	51	0.3595
RYE	8	52	0.3836
RYE	8	53	0.4061
RYE	8	54	0.4264
RYE	8	55	0.4441
RYE	8	56	0.4586
RYE	8	56.95	0.4694
RYE	8	57	0.4714
RYE	8	58	0.5106
RYE	8	59	0.5506
RYE	8	60	0.5894
RYE	8	61	0.6256
RYE	8	61.94	0.657
RYE	8	62	0.657
RYE	8	62.61	0.6572
RYE	8	62.91	0.7639
RYE	8	63	0.7567
RYE	8	64	0.6644
RYE	8	64.03	0.6612
RYE	8	64.36	0.8702
RYE	8	64.68	0.8918
RYE	8	64.68	0.8918
RYE	8	64.68	0.8918
RYE	8	64.68	0.8918
RYE	8	65	0.9088
RYE	8	65.04	0.9115
RYE	8	65.04	0.9115
RYE	8	65.04	0.9115
RYE	8	65.04	0.9115
RYE	8	65.04	0.9115
RYE	8	65.04	0.9115
RYE	8	65.74	0.8899
RYE	8	65.74	0.8899
RYE	8	66	0.8966
RYE	8	66.73	0.9171
RYE	8	67	0.8556
RYE	8	67.01	0.8524
RYE	8	67.01	0.8524
RYE	8	67.3	0.8496
RYE	8	67.58	0.7744
RYE	8	67.63	0.7602
RYE	8	67.63	0.7602
RYE	8	68	0.7483
RYE	8	69	0.7267
RYE	8	70	0.7233
RYE	8	70.03	0.7235
RYE	8	71	0.5863
RYE	8	71.02	0.5835
RYE	8	72	0.6518
RYE	8	73	0.7147
RYE	8	73.13	0.7221
RYE	8	73.71	0.6052
RYE	8	73.71	0.6052
RYE	8	74	0.5926
RYE	8	74.28	0.5811
RYE	8	74.28	0.5811
RYE	8	74.55	0.5648
RYE	8	74.55	0.5648
RYE	8	74.83	0.4033
RYE	8	75	0.4035
RYE	8	75.38	0.419
RYE	8	75.52	0.4956
RYE	8	75.52	0.4956
RYE	8	76	0.5222
RYE	8	76.41	0.5338
RYE	8	76.71	0.5733
RYE	8	77	0.5247
RYE	8	77.45	0.4463
RYE	8	77.45	0.4463
RYE	8	77.45	0.4463
RYE	8	77.63	0.514
RYE	8	77.96	0.4048
RYE	8	77.96	0.4048
RYE	8	78	0.4064
RYE	8	79	0.4924
RYE	8	79.19	0.5137
RYE	8	79.46	0.4747
RYE	8	80	0.4801
RYE	8	80.17	0.4817
RYE	8	80.17	0.4817
RYE	8	80.64	0.4833
RYE	8	80.64	0.4833
RYE	8	80.64	0.4833
RYE	8	80.97	0.5407
RYE	8	81	0.5398
RYE	8	82	0.5199
RYE	8	82.07	0.5194
RYE	8	82.57	0.6134
RYE	8	83	0.6674
RYE	8	83.15	0.6848
RYE	8	83.68	0.7118
RYE	8	84	0.6813
RYE	8	84.27	0.6584
RYE	8	84.56	0.4002
RYE	8	85	0.3663
RYE	8	86	0.2907
RYE	8	86.7	0.24
RYE	8	87	0.2409
RYE	8	87.91	0.2427
RYE	8	88	0.2458
RYE	8	89	0.283
RYE	8	89.51	0.3023
RYE	8	90	0.2746
RYE	8	90.45	0.2508
RYE	8	90.77	0.2921
RYE	8	91	0.2789
RYE	8	91.34	0.2598
RYE	8	91.34	0.2598
RYE	8	92	0.192
RYE	8	93	0.1097
RYE	8	93.28	0.0922
RYE	8	93.28	0.0922
RYE	8	93.28	0.0922
RYE	8	93.84	0.1161
RYE	8	94	0.1087
RYE	8	94.39	0.0909
RYE	8	95	0.081
RYE	8	95.81	0.0922
RYE	8	95.81	0.0922
RYE	8	96	0.0915
RYE	8	96.46	0.0886
RYE	8	97	0.103
RYE	8	98	0.1503
RYE	8	99	0.2221
RYE	8	99.43	0.2582
RYE	8	100	0.246
RYE	8	100.24	0.2361
RYE	8	101	0.1401
RYE	8	101.37	0.101
RYE	8	102	0.0873
RYE	8	103	0.0667
RYE	8	103.85	0.0513
RYE	8	104	0.0538
RYE	8	104.48	0.062
RYE	8	105	0.0664
RYE	8	106	0.0796
RYE	8	107	0.0984
RYE	8	108	0.1215
RYE	8	109	0.147
RYE	8	110	0.1729
RYE	8	110.12	0.1761
RYE	8	110.49	0.1927
RYE	8	111	0.1875
RYE	8	112	0.1716
RYE	8	112.77	0.1548
RYE	8	113	0.1486
RYE	8	114	0.126
RYE	8	115	0.1116
RYE	8	116	0.1066
RYE	8	117	0.1111
RYE	8	117.87	0.1222
RYE	8	118	0.1211
RYE	8	119	0.1195
RYE	8	120	0.1327
RYE	8	121	0.1593
RYE	8	122	0.1936
RYE	8	123	0.2292
RYE	8	123.74	0.2535
RYE	8	124	0.2545
RYE	8	125	0.2554
RYE	8	125.85	0.2527
RYE	8	126	0.2431
RYE	8	127	0.1817
RYE	8	127.27	0.1665
RYE	8	128	0.2673
RYE	8	128.62	0.3675
RYE	8	129	0.4118
RYE	8	130	0.5341
RYE	8	131	0.6549
RYE	8	132	0.7679
RYE	8	132.15	0.7841
RYE	8	133	0.6955
RYE	8	134	0.5865
RYE	8	135	0.4748
RYE	8	135.18	0.4553
RYE	8	136	0.3583
RYE	8	137	0.2455
RYE	8	138	0.1471
RYE	8	139	0.0717
RYE	8	139.65	0.0377
RYE	8	140	0.0532
RYE	8	141	0.1103
RYE	8	141.72	0.1603
RYE	8	142	0.1095
RYE	8	142.26	0.0722
RYE	8	143	0.0587
RYE	8	144	0.0451
RYE	8	145	0.038
RYE	8	146	0.0375
RYE	8	147	0.0429
RYE	8	147.03	0.0431
RYE	8	148	0.052
RYE	8	149	0.0635
RYE	8	150	0.0777
RYE	8	151	0.0946
RYE	8	152	0.1137
RYE	8	153	0.1341
RYE	8	154	0.155
RYE	8	155	0.1758
RYE	8	155.48	0.1854
RYE	8	155.86	0.1774
RYE	8	156	0.2128
RYE	8	156.4	0.3459
RYE	8	156.4	0.3459
RYE	8	157	0.4574
RYE	8	158	0.6704
RYE	8	158.05	0.6798
RYE	9	0	0.1972
RYE	9	1	0.3092
RYE	9	2	0.432
RYE	9	3	0.5458
RYE	9	3.78	0.6168
RYE	9	4	0.6198
RYE	9	5	0.6308
RYE	9	6	0.6378
RYE	9	6.73	0.6402
RYE	9	7	0.6422
RYE	9	8	0.5785
RYE	9	8.56	0.5077
RYE	9	8.56	0.5077
RYE	9	9	0.4635
RYE	9	10	0.3505
RYE	9	11	0.2265
RYE	9	11.73	0.1452
RYE	9	12	0.1476
RYE	9	13	0.1559
RYE	9	13.87	0.1628
RYE	9	14	0.164
RYE	9	15	0.1786
RYE	9	16	0.2023
RYE	9	17	0.2328
RYE	9	18	0.2668
RYE	9	19	0.3009
RYE	9	20	0.3325
RYE	9	20.65	0.3513
RYE	9	21	0.3571
RYE	9	22	0.3735
RYE	9	23	0.3894
RYE	9	24	0.4059
RYE	9	25	0.4244
RYE	9	25.46	0.434
RYE	9	26	0.52
RYE	9	27	0.6833
RYE	9	28	0.8314
RYE	9	28.32	0.873
RYE	9	29	0.8206
RYE	9	30	0.7323
RYE	9	31	0.634
RYE	9	32	0.5318
RYE	9	33	0.4322
RYE	9	33.05	0.4271
RYE	9	33.25	0.4392
RYE	9	33.61	0.4976
RYE	9	34	0.4318
RYE	9	35	0.2828
RYE	9	36	0.1836
RYE	9	37	0.1559
RYE	9	37.52	0.1701
RYE	9	38	0.1783
RYE	9	39	0.1959
RYE	9	40	0.2145
RYE	9	41	0.2336
RYE	9	42	0.2533
RYE	9	43	0.2733
RYE	9	44	0.2933
RYE	9	45	0.3131
RYE	9	46	0.3326
RYE	9	47	0.3516
RYE	9	48	0.3699
RYE	9	49	0.3874
RYE	9	50	0.404
RYE	9	50.33	0.4092
RYE	9	51	0.4337
RYE	9	52	0.4737
RYE	9	53	0.5172
RYE	9	54	0.5623
RYE	9	55	0.606
RYE	9	55.66	0.6326
RYE	9	56	0.6868
RYE	9	56.73	0.7949
RYE	9	57	0.7736
RYE	9	57.48	0.7403
RYE	9	58	0.8096
RYE	9	59	0.8942
RYE	9	59.91	0.9239
RYE	9	60	0.9338
RYE	9	61	1.0467
RYE	9	61.35	1.0856
RYE	9	62	1.0355
RYE	9	63	0.9455
RYE	9	64	0.8415
RYE	9	65	0.7275
RYE	9	65.11	0.7141
RYE	9	65.88	0.8792
RYE	9	65.88	0.8792
RYE	9	65.88	0.8792
RYE	9	66	0.8985
RYE	9	67	1.037
RYE	9	67.84	1.1261
RYE	9	67.84	1.1261
RYE	9	67.84	1.1261
RYE	9	68	1.1235
RYE	9	68.2	1.1208
RYE	9	68.2	1.1208
RYE	9	68.2	1.1208
RYE	9	68.2	1.1208
RYE	9	68.2	1.1208
RYE	9	68.2	1.1208
RYE	9	68.2	1.1208
RYE	9	68.2	1.1208
RYE	9	68.86	1.1894
RYE	9	68.86	1.1894
RYE	9	69	1.1476
RYE	9	69.87	0.8478
RYE	9	69.87	0.8478
RYE	9	69.87	0.8478
RYE	9	70	0.8534
RYE	9	71	0.8981
RYE	9	71.81	0.9339
RYE	9	72	0.9217
RYE	9	73	0.8649
RYE	9	73.2	0.8548
RYE	9	74	0.8926
RYE	9	74.07	0.8965
RYE	9	74.49	0.8373
RYE	9	75	0.8027
RYE	9	76	0.7782
RYE	9	76.93	0.795
RYE	9	77	0.7888
RYE	9	77.86	0.717
RYE	9	78	0.6981
RYE	9	79	0.5467
RYE	9	79.1	0.5299
RYE	9	80	0.6154
RYE	9	81	0.7064
RYE	9	81.08	0.7122
RYE	9	82	0.7129
RYE	9	82.25	0.7117
RYE	9	82.25	0.7117
RYE	9	82.25	0.7117
RYE	9	82.54	0.7008
RYE	9	83	0.7195
RYE	9	83.43	0.714
RYE	9	84	0.6848
RYE	9	84.91	0.6347
RYE	9	85	0.6627
RYE	9	85.57	0.8445
RYE	9	86	0.8411
RYE	9	86.55	0.8361
RYE	9	86.89	0.8524
RYE	9	87	0.8469
RYE	9	88	0.7684
RYE	9	88.43	0.719
RYE	9	88.84	0.6714
RYE	9	89	0.7043
RYE	9	90	0.9068
RYE	9	90.07	0.9194
RYE	9	90.27	1.0427
RYE	9	91	0.9343
RYE	9	91.12	0.9162
RYE	9	92	1.0103
RYE	9	92.87	1.0929
RYE	9	93	1.0904
RYE	9	93.19	1.0868
RYE	9	93.4	1.0888
RYE	9	94	1.0664
RYE	9	94.87	1.0398
RYE	9	95	1.0374
RYE	9	96	1.0313
RYE	9	96.19	1.032
RYE	9	97	1.0647
RYE	9	98	1.1004
RYE	9	99	1.1288
RYE	9	100	1.1478
RYE	9	100.07	1.1488
RYE	9	101	1.0636
RYE	9	101.03	1.061
RYE	9	102	1.1488
RYE	9	103	1.2573
RYE	9	104	1.3811
RYE	9	105	1.515
RYE	9	106	1.6535
RYE	9	106.61	1.7383
RYE	9	107	1.7346
RYE	9	107.39	1.7307
RYE	9	108	1.6249
RYE	9	109	1.3614
RYE	9	109.12	1.3218
RYE	9	110	1.3097
RYE	9	111	1.2917
RYE	9	112	1.27
RYE	9	113	1.2454
RYE	9	113.39	1.2353
RYE	9	114	1.3225
RYE	9	115	1.4661
RYE	9	116	1.6079
RYE	9	117	1.7448
RYE	9	118	1.8737
RYE	9	119	1.9921
RYE	9	119.11	2.004
RYE	9	120	1.8633
RYE	9	121	1.7013
RYE	9	122	1.5357
RYE	9	123	1.368
RYE	9	124	1.2007
RYE	9	124.33	1.1458
RYE	9	125	1.1978
RYE	9	126	1.2618
RYE	9	127	1.308
RYE	9	128	1.3375
RYE	9	128.15	1.3406
RYE	9	129	1.3927
RYE	9	130	1.4543
RYE	9	131	1.5125
RYE	9	132	1.5633
RYE	9	133	1.6038
RYE	9	133.98	1.6315
RYE	9	134	1.6301
RYE	9	135	1.5413
RYE	9	136	1.433
RYE	9	137	1.3171
RYE	9	138	1.2172
RYE	9	139	1.1549
RYE	9	139.4	1.1406
RYE	9	140	1.1822
RYE	9	141	1.2467
RYE	9	142	1.3031
RYE	9	143	1.3493
RYE	9	144	1.3836
RYE	9	145	1.4034
RYE	9	145.7	1.4073
RYE	9	146	1.3635
RYE	9	146.83	1.2447
RYE	9	147	1.2544
RYE	9	148	1.3089
RYE	9	149	1.3563
RYE	9	150	1.3962
RYE	9	151	1.4285
RYE	9	152	1.4533
RYE	9	152.83	1.4684
RYE	9	153	1.4801
RYE	9	154	1.5413
RYE	9	154.19	1.5519
RYE	9	155	1.5726
RYE	9	156	1.5953
RYE	9	157	1.6131
RYE	9	158	1.623
RYE	9	159	1.6211
RYE	9	160	1.603
RYE	9	161	1.5655
RYE	9	161.6	1.533
RYE	9	162	1.5036
RYE	9	163	1.4087
RYE	9	164	1.281
RYE	9	164.21	1.2492
RYE	9	165	1.1189
RYE	9	166	0.9199
RYE	9	166.96	0.7097
RYE	9	167	0.7191
RYE	9	167.53	0.8353
RYE	9	168	0.8518
RYE	9	168.23	0.8567
RYE	10	0	0.197
RYE	10	0.39	0.1854
RYE	10	0.39	0.1854
RYE	10	1	0.179
RYE	10	2	0.1643
RYE	10	2.59	0.1538
RYE	10	3	0.1626
RYE	10	4	0.1838
RYE	10	5	0.2037
RYE	10	5.56	0.2139
RYE	10	6	0.2453
RYE	10	7	0.3284
RYE	10	8	0.4228
RYE	10	9	0.5204
RYE	10	10	0.6132
RYE	10	11	0.6951
RYE	10	12	0.762
RYE	10	12.75	0.801
RYE	10	13	0.8343
RYE	10	14	0.9675
RYE	10	15	1.0776
RYE	10	16	1.1451
RYE	10	17	1.1638
RYE	10	18	1.1371
RYE	10	19	1.0739
RYE	10	20	0.9874
RYE	10	20.84	0.9068
RYE	10	21	0.9058
RYE	10	22	0.8986
RYE	10	23	0.8898
RYE	10	24	0.8793
RYE	10	25	0.8669
RYE	10	26	0.8522
RYE	10	27	0.8352
RYE	10	28	0.8155
RYE	10	29	0.7931
RYE	10	30	0.7679
RYE	10	31	0.7396
RYE	10	32	0.7084
RYE	10	33	0.6742
RYE	10	34	0.6373
RYE	10	35	0.598
RYE	10	36	0.5566
RYE	10	37	0.5138
RYE	10	38	0.4701
RYE	10	39	0.4264
RYE	10	40	0.3835
RYE	10	41	0.3422
RYE	10	42	0.3034
RYE	10	43	0.2675
RYE	10	44	0.2351
RYE	10	45	0.2063
RYE	10	46	0.1811
RYE	10	47	0.1592
RYE	10	48	0.1404
RYE	10	49	0.1244
RYE	10	49.8	0.1135
RYE	10	50	0.1166
RYE	10	51	0.1321
RYE	10	52	0.1469
RYE	10	53	0.1602
RYE	10	54	0.1713
RYE	10	54.54	0.1762
RYE	10	55	0.2218
RYE	10	56	0.3362
RYE	10	57	0.4589
RYE	10	57.64	0.5358
RYE	10	58	0.5011
RYE	10	58.48	0.4519
RYE	10	59	0.5586
RYE	10	59.81	0.7317
RYE	10	60	0.7325
RYE	10	60.9	0.7339
RYE	10	61	0.706
RYE	10	61.41	0.5951
RYE	10	61.62	0.722
RYE	10	61.62	0.722
RYE	10	61.62	0.722
RYE	10	61.62	0.722
RYE	10	62	0.7207
RYE	10	63	0.7007
RYE	10	63.68	0.6756
RYE	10	64	0.6218
RYE	10	64.85	0.4798
RYE	10	64.85	0.4798
RYE	10	64.94	0.4513
RYE	10	64.94	0.4513
RYE	10	65	0.4549
RYE	10	65.75	0.4912
RYE	10	66	0.3961
RYE	10	66.31	0.3013
RYE	10	67	0.2571
RYE	10	68	0.2055
RYE	10	68.01	0.2051
RYE	10	68.47	0.1113
RYE	10	68.77	0.0991
RYE	10	69	0.1252
RYE	10	69.24	0.1548
RYE	10	69.53	0.1544
RYE	10	70	0.1437
RYE	10	70.91	0.1288
RYE	10	71	0.1311
RYE	10	72	0.1759
RYE	10	72.8	0.2337
RYE	10	73	0.2406
RYE	10	73.22	0.2483
RYE	10	74	0.2913
RYE	10	74.33	0.3119
RYE	10	74.33	0.3119
RYE	10	74.33	0.3119
RYE	10	75	0.1966
RYE	10	75.15	0.1751
RYE	10	76	0.1955
RYE	10	76.02	0.1965
RYE	10	76.79	0.2619
RYE	10	77	0.2594
RYE	10	77.19	0.2652
RYE	10	78	0.2457
RYE	10	79	0.2199
RYE	10	80	0.1931
RYE	10	81	0.1665
RYE	10	82	0.1411
RYE	10	83	0.1181
RYE	10	84	0.098
RYE	10	85	0.0813
RYE	10	85.45	0.0749
RYE	10	86	0.0594
RYE	10	87	0.0353
RYE	10	88	0.0169
RYE	10	89	0.0052
RYE	10	89.33	0.0028
RYE	10	90	0.005
RYE	10	91	0.0125
RYE	10	92	0.0254
RYE	10	93	0.044
RYE	10	94	0.0679
RYE	10	95	0.0965
RYE	10	96	0.1287
RYE	10	97	0.1628
RYE	10	98	0.1974
RYE	10	99	0.2309
RYE	10	100	0.2618
RYE	10	101	0.2893
RYE	10	102	0.3126
RYE	10	103	0.3315
RYE	10	103.02	0.3318
RYE	10	104	0.2481
RYE	10	104.26	0.2244
RYE	10	105	0.2477
RYE	10	106	0.2793
RYE	10	107	0.3101
RYE	10	108	0.3394
RYE	10	109	0.3671
RYE	10	109.24	0.3735
RYE	10	109.58	0.3789
RYE	10	109.58	0.3789
RYE	10	110	0.3877
RYE	10	111	0.4041
RYE	10	111.99	0.412
RYE	10	112	0.4125
RYE	10	113	0.4997
RYE	10	114	0.5802
RYE	10	115	0.6488
RYE	10	115.28	0.6658
RYE	10	115.6	0.5971
RYE	10	115.89	0.798
RYE	10	116	0.7901
RYE	10	117	0.719
RYE	10	118	0.6524
RYE	10	118.15	0.6431
RYE	10	118.15	0.6431
RYE	10	118.15	0.6431
RYE	10	119	0.5867
RYE	10	119.87	0.4969
RYE	10	120	0.4713
RYE	10	120.75	0.3375
RYE	10	121	0.3115
RYE	10	122	0.2138
RYE	10	123	0.1293
RYE	10	123.24	0.1118
RYE	10	124	0.0901
RYE	10	125	0.0645
RYE	10	125.84	0.0459
RYE	10	126	0.046
RYE	10	127	0.0482
RYE	10	128	0.0537
RYE	10	129	0.0622
RYE	10	130	0.0735
RYE	10	131	0.087
RYE	10	131.85	0.0999
RYE	10	132	0.103
RYE	10	133	0.1241
RYE	10	134	0.1462
RYE	10	134.68	0.1615
RYE	10	135	0.1568
RYE	10	136	0.1436
RYE	10	137	0.1337
RYE	10	137.84	0.1283
RYE	10	138	0.1291
RYE	10	138.71	0.1283
RYE	10	139	0.1269
RYE	10	140	0.123
RYE	10	141	0.1209
RYE	10	142	0.1205
RYE	10	142.22	0.1207
RYE	10	143	0.0904
RYE	10	144	0.0518
RYE	10	144.87	0.0254
RYE	10	145	0.0321
RYE	10	145.42	0.0704
RYE	10	146	0.0965
RYE	10	146.22	0.1077
RYE	10	146.22	0.1077
RYE	10	147	0.1325
RYE	10	148	0.2734
RYE	10	148.29	0.3328
RYE	10	149	0.3385
RYE	10	150	0.3405
RYE	10	151	0.3329
RYE	10	151.48	0.3257
SD	1	0	0.6375
SD	1	0.25	0.5751
SD	1	1	0.5462
SD	1	1.52	0.5274
SD	1	2	0.4922
SD	1	3	0.4178
SD	1	3.78	0.3681
SD	1	4	0.3688
SD	1	5	0.3683
SD	1	6	0.3622
SD	1	6.11	0.3611
SD	1	7	0.3973
SD	1	8	0.4364
SD	1	9	0.4718
SD	1	10	0.5019
SD	1	11	0.5254
SD	1	12	0.5416
SD	1	12.31	0.545
SD	1	13	0.5557
SD	1	13.84	0.5673
SD	1	14	0.553
SD	1	15	0.4632
SD	1	15.81	0.3913
SD	1	16	0.3901
SD	1	17	0.381
SD	1	18	0.3672
SD	1	19	0.3494
SD	1	20	0.3289
SD	1	20.14	0.3259
SD	1	21	0.4296
SD	1	21.01	0.4311
SD	1	21.91	0.4815
SD	1	22	0.4878
SD	1	22.8	0.5435
SD	1	23	0.5212
SD	1	23.11	0.5102
SD	1	23.11	0.5102
SD	1	23.53	0.4691
SD	1	24	0.4601
SD	1	25	0.451
SD	1	26	0.462
SD	1	27	0.496
SD	1	27.28	0.5094
SD	1	28	0.5002
SD	1	29	0.4917
SD	1	30	0.4876
SD	1	31	0.4864
SD	1	31.61	0.4865
SD	1	32	0.4821
SD	1	33	0.4696
SD	1	34	0.4558
SD	1	35	0.4423
SD	1	36	0.4301
SD	1	37	0.4195
SD	1	38	0.4099
SD	1	38.83	0.402
SD	1	39	0.4048
SD	1	40	0.4242
SD	1	40.63	0.4384
SD	1	40.63	0.4384
SD	1	41	0.4613
SD	1	42	0.5314
SD	1	43	0.6026
SD	1	43.74	0.6496
SD	1	44	0.7022
SD	1	44.09	0.718
SD	1	45	0.5446
SD	1	46	0.3513
SD	1	46.08	0.3371
SD	1	46.36	0.3512
SD	1	47	0.2757
SD	1	48	0.1655
SD	1	48.62	0.1082
SD	1	48.62	0.1082
SD	1	48.94	0.0995
SD	1	48.94	0.0995
SD	1	49	0.1007
SD	1	49.5	0.1108
SD	1	50	0.0801
SD	1	51	0.0414
SD	1	51.18	0.0378
SD	1	51.18	0.0378
SD	1	51.79	0.1122
SD	1	52	0.1075
SD	1	52.96	0.0831
SD	1	53	0.084
SD	1	54	0.1109
SD	1	55	0.1483
SD	1	56	0.1961
SD	1	57	0.2531
SD	1	57.49	0.2838
SD	1	58	0.3066
SD	1	58.7	0.3423
SD	1	58.7	0.3423
SD	1	59	0.3326
SD	1	60	0.2996
SD	1	61	0.2657
SD	1	62	0.2318
SD	1	63	0.1986
SD	1	64	0.1668
SD	1	64.59	0.1488
SD	1	65	0.1417
SD	1	66	0.1252
SD	1	66.35	0.1197
SD	1	67	0.1795
SD	1	68	0.288
SD	1	69	0.4008
SD	1	69.35	0.439
SD	1	69.88	0.4604
SD	1	69.88	0.4604
SD	1	69.88	0.4604
SD	1	70	0.4489
SD	1	70.15	0.4404
SD	1	70.42	0.4432
SD	1	70.42	0.4432
SD	1	71	0.3649
SD	1	72	0.2532
SD	1	72.68	0.1932
SD	1	73	0.2008
SD	1	73.25	0.2066
SD	1	74	0.1939
SD	1	74.94	0.206
SD	1	75	0.204
SD	1	75.32	0.1934
SD	1	76	0.2567
SD	1	77	0.3698
SD	1	78	0.4923
SD	1	78.22	0.5192
SD	1	79	0.6487
SD	1	79.22	0.6765
SD	1	80	0.6146
SD	1	81	0.5329
SD	1	81.02	0.5313
SD	1	81.87	0.5365
SD	1	82	0.5377
SD	1	83	0.5504
SD	1	84	0.5678
SD	1	84	0.5674
SD	1	84.68	0.419
SD	1	85	0.413
SD	1	85.25	0.4105
SD	1	86	0.3486
SD	1	87	0.2647
SD	1	87.01	0.2636
SD	1	88	0.2703
SD	1	88.14	0.2711
SD	1	88.14	0.2711
SD	1	89	0.2519
SD	1	89.25	0.2497
SD	1	90	0.2575
SD	1	90.36	0.2762
SD	1	90.36	0.2762
SD	1	90.36	0.2762
SD	1	90.53	0.3107
SD	1	90.53	0.3107
SD	1	91	0.4053
SD	1	91.16	0.4367
SD	1	91.16	0.4367
SD	1	91.22	0.4515
SD	1	91.22	0.4515
SD	1	92	0.4144
SD	1	92.39	0.3966
SD	1	92.96	0.432
SD	1	93	0.4285
SD	1	93.16	0.4143
SD	1	93.44	0.4423
SD	1	94	0.4625
SD	1	95	0.5221
SD	1	95.66	0.5738
SD	1	96	0.5886
SD	1	97	0.646
SD	1	97.63	0.6882
SD	1	98	0.6142
SD	1	99	0.399
SD	1	99.06	0.3854
SD	1	100	0.3707
SD	1	101	0.3735
SD	1	101.19	0.3767
SD	1	101.96	0.3723
SD	1	102	0.3764
SD	1	103	0.519
SD	1	103.18	0.5513
SD	1	104	0.5412
SD	1	105	0.483
SD	1	105.12	0.4751
SD	1	106	0.4124
SD	1	106.79	0.3457
SD	1	106.79	0.3457
SD	1	107	0.3449
SD	1	107.71	0.3355
SD	1	108	0.3449
SD	1	109	0.3738
SD	1	109.29	0.3811
SD	1	110	0.4281
SD	1	110.96	0.4973
SD	1	111	0.4935
SD	1	112	0.3957
SD	1	113	0.2987
SD	1	114	0.2093
SD	1	115	0.1349
SD	1	115.25	0.1195
SD	1	116	0.1469
SD	1	117	0.1881
SD	1	118	0.2339
SD	1	119	0.283
SD	1	119.33	0.2997
SD	1	120	0.3728
SD	1	121	0.4921
SD	1	121.21	0.5177
SD	1	122	0.7338
SD	1	122.08	0.7528
SD	1	122.47	0.7522
SD	1	123	0.7309
SD	1	124	0.664
SD	1	124.32	0.6352
SD	1	125	0.6233
SD	1	126	0.6021
SD	1	127	0.5764
SD	1	128	0.5461
SD	1	128.27	0.5373
SD	1	129	0.4889
SD	1	130	0.4226
SD	1	131	0.3569
SD	1	131.96	0.2953
SD	1	132	0.2956
SD	1	133	0.3031
SD	1	134	0.308
SD	1	135	0.3103
SD	1	136	0.3102
SD	1	137	0.3079
SD	1	138	0.3035
SD	1	138.18	0.3025
SD	1	139	0.3494
SD	1	140	0.4117
SD	1	141	0.4788
SD	1	142	0.5498
SD	1	143	0.6235
SD	1	144	0.6987
SD	1	144.75	0.7557
SD	1	145	0.8045
SD	1	145.59	0.9203
SD	1	146	0.8776
SD	1	146.72	0.7913
SD	1	147	0.7582
SD	1	147.73	0.5932
SD	1	148	0.6118
SD	1	148.09	0.618
SD	1	149	0.5834
SD	1	149.56	0.6023
SD	1	150	0.6419
SD	1	150.73	0.7096
SD	1	150.73	0.7096
SD	1	150.73	0.7096
SD	1	150.73	0.7096
SD	1	150.73	0.7096
SD	1	151	0.758
SD	1	152	0.9556
SD	1	152.69	1.1011
SD	1	152.96	1.1806
SD	1	152.96	1.1806
SD	1	152.96	1.1806
SD	1	152.96	1.1806
SD	1	152.96	1.1806
SD	1	152.96	1.1806
SD	1	153	1.1815
SD	1	153.23	1.1869
SD	1	153.23	1.1869
SD	1	153.23	1.1869
SD	1	153.23	1.1869
SD	1	153.23	1.1869
SD	1	153.5	1.1806
SD	1	153.5	1.1806
SD	1	153.5	1.1806
SD	1	153.5	1.1806
SD	1	153.5	1.1806
SD	1	153.5	1.1806
SD	1	153.5	1.1806
SD	1	153.5	1.1806
SD	1	153.5	1.1806
SD	1	153.5	1.1806
SD	1	153.5	1.1806
SD	1	153.5	1.1806
SD	1	153.5	1.1806
SD	1	153.5	1.1806
SD	1	153.5	1.1806
SD	1	153.75	1.1962
SD	1	154	1.1714
SD	1	155	1.0773
SD	1	156	0.9945
SD	1	157	0.9263
SD	1	158	0.8753
SD	1	159	0.8434
SD	1	160	0.8313
SD	1	160.39	0.8318
SD	1	161	0.8077
SD	1	162	0.7721
SD	1	163	0.7401
SD	1	164	0.7105
SD	1	165	0.6823
SD	1	166	0.654
SD	1	167	0.6247
SD	1	168	0.5934
SD	1	169	0.5601
SD	1	170	0.5252
SD	1	170.61	0.5034
SD	1	171	0.517
SD	1	172	0.5504
SD	1	173	0.5799
SD	1	174	0.6036
SD	1	175	0.6197
SD	1	176	0.627
SD	1	177	0.6252
SD	1	178	0.6146
SD	1	179	0.5963
SD	1	180	0.5717
SD	1	180.89	0.5462
SD	1	181	0.5498
SD	1	182	0.586
SD	1	183	0.6306
SD	1	184	0.6844
SD	1	185	0.7482
SD	1	186	0.8223
SD	1	187	0.9072
SD	1	188	1.0026
SD	1	189	1.1074
SD	1	190	1.2195
SD	1	191	1.3355
SD	1	192	1.4518
SD	1	193	1.5651
SD	1	194	1.6727
SD	1	194.61	1.7343
SD	1	194.61	1.7343
SD	1	194.61	1.7343
SD	1	195	1.9269
SD	1	195.47	2.1285
SD	1	196	2.1429
SD	1	196.98	2.1607
SD	1	197	2.1613
SD	1	198	2.1477
SD	1	199	2.0743
SD	1	200	1.962
SD	1	201	1.8256
SD	1	201.3	1.7825
SD	1	202	1.8189
SD	1	203	1.8602
SD	1	204	1.8884
SD	1	205	1.9029
SD	1	206	1.9036
SD	1	207	1.8905
SD	1	208	1.8638
SD	1	209	1.8239
SD	1	210	1.771
SD	1	210.35	1.7496
SD	1	211	1.7945
SD	1	212	1.8579
SD	1	213	1.9125
SD	1	214	1.9564
SD	1	215	1.99
SD	1	216	2.0162
SD	1	217	2.0395
SD	1	218	2.0602
SD	1	218.22	2.0635
SD	1	219	2.3318
SD	1	219.13	2.3652
SD	1	219.44	2.3027
SD	1	219.44	2.3027
SD	1	220	2.2888
SD	1	221	2.2624
SD	1	221.01	2.262
SD	1	221.96	1.8172
SD	1	222	1.8112
SD	1	223	1.64
SD	1	224	1.4679
SD	1	224.6	1.363
SD	1	224.97	1.3426
SD	1	225	1.3449
SD	1	225.83	1.4048
SD	1	226	1.4096
SD	1	226.58	1.432
SD	1	227	1.5142
SD	1	228	1.6953
SD	1	228.14	1.7189
SD	1	229	1.6361
SD	1	230	1.5458
SD	1	231	1.4663
SD	1	232	1.4021
SD	1	233	1.3559
SD	1	234	1.3283
SD	1	234.97	1.3184
SD	1	235	1.3205
SD	1	236	1.3887
SD	1	237	1.4497
SD	1	237.77	1.4907
SD	1	238	1.4996
SD	1	239	1.5192
SD	1	240	1.5137
SD	1	241	1.4896
SD	1	242	1.4515
SD	1	243	1.4023
SD	1	243.07	1.3987
SD	1	244	1.52
SD	1	245	1.641
SD	1	246	1.7487
SD	1	247	1.8394
SD	1	247.22	1.8571
SD	1	248	1.698
SD	1	248.76	1.5074
SD	1	249	1.4681
SD	1	249.58	1.3357
SD	1	250	1.0041
SD	1	250	1.004
SD	1	251	0.8653
SD	1	252	0.7272
SD	1	253	0.5942
SD	1	254	0.4722
SD	1	255	0.3677
SD	1	256	0.2857
SD	1	256.31	0.2654
SD	1	257	0.3543
SD	1	258	0.4968
SD	1	258.12	0.5139
SD	1	259	0.5064
SD	1	260	0.511
SD	1	260.03	0.5113
SD	1	261	0.4933
SD	1	262	0.4716
SD	1	263	0.4471
SD	1	264	0.4203
SD	1	265	0.3917
SD	1	266	0.3619
SD	1	267	0.3317
SD	1	267.88	0.305
SD	2	0	0.1248
SD	2	1	0.1123
SD	2	2	0.1001
SD	2	3	0.0884
SD	2	4	0.0775
SD	2	4.71	0.0704
SD	2	5	0.0672
SD	2	5.27	0.0738
SD	2	5.55	0.1065
SD	2	5.55	0.1065
SD	2	6	0.0376
SD	2	6.23	0.0308
SD	2	7	0.0442
SD	2	7.09	0.0459
SD	2	8	0.0654
SD	2	8.1	0.0688
SD	2	8.67	0.0844
SD	2	9	0.0766
SD	2	9.35	0.0748
SD	2	9.73	0.0229
SD	2	10	0.021
SD	2	11	0.0144
SD	2	12	0.0088
SD	2	13	0.0047
SD	2	14	0.0022
SD	2	14.35	0.0017
SD	2	15	0.0013
SD	2	16	0.0026
SD	2	16.89	0.0052
SD	2	17	0.0037
SD	2	18	0.0023
SD	2	18.84	0.017
SD	2	19	0.0173
SD	2	20	0.0337
SD	2	21	0.0746
SD	2	22	0.1343
SD	2	22.44	0.1644
SD	2	23	0.1819
SD	2	23.16	0.1957
SD	2	23.79	0.46
SD	2	24	0.4401
SD	2	24.57	0.386
SD	2	24.86	0.4206
SD	2	25	0.4192
SD	2	26	0.4017
SD	2	27	0.3724
SD	2	27	0.3724
SD	2	28	0.3523
SD	2	29	0.2892
SD	2	29.12	0.2798
SD	2	30	0.386
SD	2	30.21	0.4123
SD	2	30.21	0.4123
SD	2	31	0.41
SD	2	32	0.3927
SD	2	32.35	0.3834
SD	2	33	0.4201
SD	2	34	0.4735
SD	2	35	0.5177
SD	2	36	0.5503
SD	2	37	0.5714
SD	2	38	0.5823
SD	2	38.75	0.585
SD	2	39	0.603
SD	2	40	0.6742
SD	2	41	0.7437
SD	2	42	0.8092
SD	2	43	0.8685
SD	2	44	0.9202
SD	2	45	0.9634
SD	2	46	0.9978
SD	2	46.99	1.0232
SD	2	47	1.022
SD	2	48	0.9427
SD	2	49	0.8616
SD	2	50	0.7801
SD	2	51	0.7
SD	2	52	0.6235
SD	2	53	0.5528
SD	2	54	0.49
SD	2	55	0.4368
SD	2	56	0.3946
SD	2	57	0.3636
SD	2	58	0.3436
SD	2	58.58	0.3367
SD	2	59	0.3363
SD	2	60	0.3374
SD	2	61	0.3416
SD	2	62	0.349
SD	2	63	0.3596
SD	2	64	0.3729
SD	2	65	0.3883
SD	2	66	0.4047
SD	2	67	0.4213
SD	2	68	0.437
SD	2	68.02	0.4373
SD	2	69	0.6678
SD	2	70	0.9065
SD	2	70.04	0.9154
SD	2	71	0.875
SD	2	71.33	0.8327
SD	2	72	0.7877
SD	2	72.69	0.7398
SD	2	73	0.7934
SD	2	74	0.97
SD	2	74.94	1.1169
SD	2	75	1.1156
SD	2	75.94	1.0761
SD	2	76	1.0765
SD	2	77	1.0794
SD	2	78	1.0775
SD	2	78.97	1.0723
SD	2	79	1.0701
SD	2	79.87	1.002
SD	2	80	0.9793
SD	2	81	0.7932
SD	2	81.81	0.641
SD	2	81.81	0.641
SD	2	81.81	0.641
SD	2	82	0.6193
SD	2	82.69	0.5486
SD	2	83	0.5364
SD	2	84	0.5065
SD	2	84.33	0.5
SD	2	85	0.5515
SD	2	86	0.638
SD	2	87	0.7355
SD	2	87.51	0.7889
SD	2	88	0.7858
SD	2	89	0.7778
SD	2	90	0.767
SD	2	91	0.7527
SD	2	92	0.7341
SD	2	93	0.7107
SD	2	94	0.6824
SD	2	95	0.6493
SD	2	96	0.6123
SD	2	96.92	0.576
SD	2	97	0.5831
SD	2	98	0.664
SD	2	99	0.729
SD	2	100	0.7701
SD	2	101	0.7819
SD	2	102	0.7628
SD	2	102.4	0.7469
SD	2	103	0.7296
SD	2	104	0.6938
SD	2	105	0.6523
SD	2	106	0.609
SD	2	107	0.5683
SD	2	108	0.5337
SD	2	109	0.507
SD	2	109.98	0.4888
SD	2	110	0.4912
SD	2	111	0.647
SD	2	112	0.8213
SD	2	113	1.0066
SD	2	114	1.1951
SD	2	115	1.3811
SD	2	116	1.5604
SD	2	116.72	1.6844
SD	2	117	1.7009
SD	2	118	1.7409
SD	2	119	1.7444
SD	2	120	1.7044
SD	2	120.68	1.6505
SD	2	121	1.5813
SD	2	121.35	1.5054
SD	2	122	1.59
SD	2	122.54	1.6492
SD	2	122.68	1.7611
SD	2	123	1.7627
SD	2	123.54	1.771
SD	2	124	1.6174
SD	2	124.36	1.4698
SD	2	124.36	1.4698
SD	2	125	1.5413
SD	2	126	1.5332
SD	2	127	1.4507
SD	2	128	1.3359
SD	2	128.09	1.3256
SD	2	128.38	1.4213
SD	2	128.67	1.5446
SD	2	128.67	1.5446
SD	2	128.95	1.428
SD	2	129	1.4371
SD	2	129.36	1.498
SD	2	129.69	1.5571
SD	2	130	1.5112
SD	2	130.39	1.4524
SD	2	130.39	1.4524
SD	2	130.39	1.4524
SD	2	130.39	1.4524
SD	2	130.39	1.4524
SD	2	130.39	1.4524
SD	2	130.39	1.4524
SD	2	130.39	1.4524
SD	2	130.39	1.4524
SD	2	130.39	1.4524
SD	2	130.39	1.4524
SD	2	130.39	1.4524
SD	2	130.39	1.4524
SD	2	130.59	1.4486
SD	2	130.59	1.4486
SD	2	130.79	1.4246
SD	2	130.79	1.4246
SD	2	131	1.4658
SD	2	131.11	1.487
SD	2	131.71	1.5657
SD	2	131.71	1.5657
SD	2	131.71	1.5657
SD	2	131.71	1.5657
SD	2	131.71	1.5657
SD	2	131.71	1.5657
SD	2	131.71	1.5657
SD	2	132	1.5519
SD	2	132.25	1.5333
SD	2	132.25	1.5333
SD	2	132.25	1.5333
SD	2	133	1.5513
SD	2	133.14	1.5513
SD	2	133.5	1.426
SD	2	133.63	1.3746
SD	2	133.63	1.3746
SD	2	133.63	1.3746
SD	2	134	1.4768
SD	2	134.17	1.5233
SD	2	134.17	1.5233
SD	2	135	1.4778
SD	2	135.56	1.4143
SD	2	135.84	1.3132
SD	2	135.84	1.3132
SD	2	136	1.3711
SD	2	136.33	1.4806
SD	2	136.33	1.4806
SD	2	137	1.5136
SD	2	137.41	1.5336
SD	2	138	1.474
SD	2	138.58	1.3904
SD	2	139	1.3397
SD	2	139.43	1.2748
SD	2	139.43	1.2748
SD	2	140	1.3119
SD	2	140.53	1.3274
SD	2	141	1.3011
SD	2	141.07	1.2969
SD	2	141.07	1.2969
SD	2	141.07	1.2969
SD	2	142	1.7726
SD	2	142.88	2.105
SD	2	142.88	2.105
SD	2	143	2.0829
SD	2	144	1.8631
SD	2	144.42	1.7443
SD	2	144.78	1.7468
SD	2	145	1.9009
SD	2	145.32	2.0779
SD	2	145.32	2.0779
SD	2	146	2.0242
SD	2	146.14	2.0133
SD	2	146.14	2.0133
SD	2	146.14	2.0133
SD	2	147	2.1498
SD	2	148	2.2731
SD	2	148.55	2.3219
SD	2	149	2.2765
SD	2	150	2.1666
SD	2	151	2.0437
SD	2	152	1.9071
SD	2	153	1.7561
SD	2	154	1.5911
SD	2	154.02	1.5878
SD	2	154.02	1.5878
SD	2	154.56	1.6029
SD	2	154.56	1.6029
SD	2	154.83	1.5952
SD	2	155	1.608
SD	2	155.67	1.683
SD	2	156	1.7708
SD	2	156.84	1.9866
SD	2	157	2.0737
SD	2	158	2.5049
SD	2	158.32	2.6067
SD	2	159	2.4772
SD	2	159.79	2.3906
SD	2	160	2.2706
SD	2	160.39	2.0099
SD	2	160.78	2.1137
SD	2	160.78	2.1137
SD	2	161	2.1271
SD	2	161.73	2.11
SD	2	162	2.1589
SD	2	162.81	2.3092
SD	2	163	2.2219
SD	2	163.3	2.0293
SD	2	163.47	2.0424
SD	2	164	1.9774
SD	2	164.34	1.9508
SD	2	165	1.9932
SD	2	165.88	2.0479
SD	2	166	2.0708
SD	2	167	2.2471
SD	2	168	2.3968
SD	2	169	2.516
SD	2	170	2.6041
SD	2	171	2.6625
SD	2	171.74	2.6878
SD	2	172	2.6691
SD	2	173	2.5827
SD	2	174	2.4719
SD	2	175	2.3357
SD	2	176	2.1745
SD	2	177	1.9913
SD	2	177.6	1.8741
SD	2	178	1.8637
SD	2	179	1.8087
SD	2	180	1.7067
SD	2	180.37	1.6566
SD	2	181	1.7777
SD	2	181.76	1.8902
SD	2	182	1.8973
SD	2	182.75	1.9149
SD	2	183	1.8919
SD	2	183.36	1.8638
SD	2	183.36	1.8638
SD	2	183.36	1.8638
SD	2	184	1.6449
SD	2	185	1.2482
SD	2	185.42	1.0726
SD	2	185.42	1.0726
SD	2	186	1.2875
SD	2	186.64	1.49
SD	2	187	1.4533
SD	2	187.19	1.439
SD	2	187.19	1.439
SD	2	188	1.6929
SD	2	188.01	1.6963
SD	2	188.01	1.6963
SD	2	188.47	1.735
SD	2	188.78	1.7337
SD	2	189	1.709
SD	2	189.65	1.6358
SD	2	190	1.4905
SD	2	191	0.8417
SD	2	191.03	0.8193
SD	2	191.71	0.8477
SD	2	192	0.8367
SD	2	192.69	0.8258
SD	2	193	0.7822
SD	2	193.68	0.6697
SD	2	194	0.7058
SD	2	195	0.8552
SD	2	196	1.0423
SD	2	196.21	1.0828
SD	2	197	1.0734
SD	2	198	1.0594
SD	2	199	1.0423
SD	2	200	1.0219
SD	2	201	0.9979
SD	2	202	0.9705
SD	2	203	0.9398
SD	2	204	0.9066
SD	2	204.23	0.8985
SD	2	205	0.8759
SD	2	206	0.8428
SD	2	207	0.807
SD	2	208	0.7702
SD	2	209	0.7341
SD	2	209.59	0.7137
SD	2	210	0.7312
SD	2	210.97	0.7568
SD	2	211	0.7552
SD	2	211.48	0.7269
SD	2	211.48	0.7269
SD	2	212	0.7607
SD	2	212.25	0.7786
SD	2	213	0.7156
SD	2	214	0.6297
SD	2	215	0.547
SD	2	215.17	0.5335
SD	2	216	0.5415
SD	2	217	0.5531
SD	2	218	0.5661
SD	2	218.7	0.5758
SD	2	219	0.5496
SD	2	219.99	0.4352
SD	2	220	0.4359
SD	2	221	0.5272
SD	2	221.54	0.5707
SD	2	222	0.6852
SD	2	222.31	0.7676
SD	2	223	0.8091
SD	2	224	0.841
SD	2	225	0.8371
SD	2	225.96	0.8028
SD	2	226	0.8032
SD	2	227	0.81
SD	2	228	0.8129
SD	2	228.44	0.8128
SD	2	229	0.9316
SD	2	230	1.0866
SD	2	231	1.1659
SD	2	231.5	1.1794
SD	2	232	1.1216
SD	2	233	0.9923
SD	2	234	0.8486
SD	2	235	0.6971
SD	2	236	0.5473
SD	2	237	0.4104
SD	2	237.74	0.3237
SD	2	238	0.3048
SD	2	239	0.2298
SD	2	240	0.1569
SD	2	240.31	0.1367
SD	2	240.62	0.1326
SD	2	241	0.1335
SD	2	242	0.1436
SD	2	242.86	0.1553
SD	2	243	0.1413
SD	2	244	0.0524
SD	2	244.56	0.0277
SD	2	245	0.0456
SD	2	245.2	0.055
SD	2	246	0.0458
SD	2	246.13	0.0444
SD	2	247	0.0443
SD	2	248	0.0541
SD	2	249	0.0732
SD	2	250	0.1002
SD	2	251	0.1334
SD	2	251.18	0.1399
SD	3	35	0.4117
SD	3	36	0.508
SD	3	37	0.609
SD	3	38	0.712
SD	3	38.27	0.7397
SD	3	39	0.7519
SD	3	40	0.7724
SD	3	41	0.7949
SD	3	42	0.8167
SD	3	43	0.8354
SD	3	44	0.8493
SD	3	45	0.8569
SD	3	46	0.8576
SD	3	47	0.8513
SD	3	48	0.8383
SD	3	48.27	0.8336
SD	3	49	0.9889
SD	3	49.83	1.1599
SD	3	50	1.1664
SD	3	51	1.2046
SD	3	52	1.2424
SD	3	53	1.2773
SD	3	53.88	1.3024
SD	3	54	1.319
SD	3	54.92	1.4425
SD	3	55	1.4453
SD	3	56	1.4493
SD	3	57	1.4134
SD	3	57.8	1.3709
SD	3	58	1.3481
SD	3	59	1.2281
SD	3	59.24	1.1981
SD	3	60	1.1131
SD	3	60.87	0.9957
SD	3	61	1.0306
SD	3	61.51	1.163
SD	3	62	1.0893
SD	3	63	0.9416
SD	3	63.63	0.8551
SD	3	64	0.825
SD	3	65	0.7356
SD	3	65.18	0.7187
SD	3	66	0.739
SD	3	67	0.7587
SD	3	68	0.7722
SD	3	69	0.7797
SD	3	70	0.7814
SD	3	71	0.7782
SD	3	71.8	0.7726
SD	3	72	0.7759
SD	3	73	0.7892
SD	3	74	0.8022
SD	3	74.83	0.8167
SD	3	75	0.7406
SD	3	75.12	0.684
SD	3	76	0.5786
SD	3	76.41	0.5354
SD	3	76.41	0.5354
SD	3	76.58	0.5987
SD	3	76.58	0.5987
SD	3	76.58	0.5987
SD	3	76.58	0.5987
SD	3	76.99	0.7699
SD	3	77	0.769
SD	3	77.4	0.7824
SD	3	77.4	0.7824
SD	3	77.4	0.7824
SD	3	77.4	0.7824
SD	3	77.4	0.7824
SD	3	77.67	0.7935
SD	3	77.67	0.7935
SD	3	77.67	0.7935
SD	3	77.67	0.7935
SD	3	77.67	0.7935
SD	3	77.67	0.7935
SD	3	77.67	0.7935
SD	3	78	0.704
SD	3	78.21	0.6402
SD	3	78.21	0.6402
SD	3	78.21	0.6402
SD	3	78.5	0.5598
SD	3	79	0.5812
SD	3	79.15	0.5889
SD	3	79.15	0.5889
SD	3	80	0.5095
SD	3	80.59	0.4461
SD	3	80.59	0.4461
SD	3	81	0.4266
SD	3	81.82	0.3519
SD	3	82	0.3657
SD	3	82.1	0.3736
SD	3	82.1	0.3736
SD	3	83	0.4475
SD	3	83.26	0.4686
SD	3	84	0.4429
SD	3	84.14	0.4382
SD	3	84.14	0.4382
SD	3	84.7	0.3707
SD	3	84.97	0.2815
SD	3	84.97	0.2815
SD	3	84.97	0.2815
SD	3	85	0.2824
SD	3	86	0.3199
SD	3	86.42	0.3395
SD	3	87	0.3794
SD	3	88	0.4441
SD	3	88.53	0.4729
SD	3	89	0.4578
SD	3	90	0.4221
SD	3	91	0.382
SD	3	92	0.3387
SD	3	93	0.2942
SD	3	93.11	0.2894
SD	3	94	0.2865
SD	3	95	0.2819
SD	3	96	0.2756
SD	3	97	0.2678
SD	3	97.35	0.2647
SD	3	98	0.2818
SD	3	99	0.3161
SD	3	100	0.3553
SD	3	100.84	0.3879
SD	3	101	0.404
SD	3	102	0.5046
SD	3	102.6	0.5596
SD	3	103	0.5741
SD	3	103.79	0.6065
SD	3	104	0.629
SD	3	104.5	0.6785
SD	3	105	0.552
SD	3	105.51	0.4035
SD	3	106	0.3983
SD	3	107	0.3907
SD	3	107.55	0.3885
SD	3	108	0.3554
SD	3	109	0.2796
SD	3	110	0.2049
SD	3	111	0.1386
SD	3	112	0.0889
SD	3	112.09	0.0854
SD	3	113	0.132
SD	3	114	0.2076
SD	3	115	0.303
SD	3	115.54	0.3608
SD	3	115.54	0.3608
SD	3	116	0.5661
SD	3	117	1.048
SD	3	117.23	1.1488
SD	3	117.23	1.1488
SD	3	118	1.1543
SD	3	118.63	1.1556
SD	3	119	1.1407
SD	3	120	1.0934
SD	3	121	1.0277
SD	3	121.37	0.9989
SD	3	122	0.8957
SD	3	122.85	0.6961
SD	3	122.85	0.6961
SD	3	123	0.7292
SD	3	123.9	0.9075
SD	3	123.9	0.9075
SD	3	124	0.8325
SD	3	124.24	0.5861
SD	3	124.24	0.5861
SD	3	125	0.7943
SD	3	125.06	0.8095
SD	3	125.49	0.8318
SD	3	125.49	0.8318
SD	3	125.93	0.7703
SD	3	126	0.7793
SD	3	126.76	0.8098
SD	3	126.76	0.8098
SD	3	126.76	0.8098
SD	3	126.76	0.8098
SD	3	126.76	0.8098
SD	3	127	0.7723
SD	3	127.13	0.7518
SD	3	127.13	0.7518
SD	3	127.51	0.5217
SD	3	127.79	0.3478
SD	3	128	0.3995
SD	3	128.27	0.4648
SD	3	128.27	0.4648
SD	3	128.54	0.5365
SD	3	128.54	0.5365
SD	3	129	0.6931
SD	3	129.08	0.7184
SD	3	130	0.8404
SD	3	130.76	0.919
SD	3	131	0.9273
SD	3	131.75	0.9475
SD	3	132	0.9121
SD	3	132.15	0.8885
SD	3	133	0.7372
SD	3	134	0.5584
SD	3	134.73	0.437
SD	3	135	0.4266
SD	3	136	0.3848
SD	3	136.98	0.3398
SD	3	137	0.3398
SD	3	138	0.3294
SD	3	139	0.2992
SD	3	140	0.2522
SD	3	140.06	0.2489
SD	3	141	0.2163
SD	3	142	0.1789
SD	3	142.72	0.1519
SD	3	143	0.1776
SD	3	144	0.2677
SD	3	144.09	0.2747
SD	3	145	0.282
SD	3	146	0.2876
SD	3	146.82	0.2914
SD	3	147	0.3143
SD	3	148	0.4567
SD	3	149	0.6217
SD	3	150	0.799
SD	3	151	0.978
SD	3	152	1.1504
SD	3	152.34	1.2058
SD	3	153	1.2381
SD	3	154	1.2682
SD	3	155	1.2762
SD	3	155.19	1.2755
SD	3	156	1.242
SD	3	156.66	1.1692
SD	3	156.66	1.1692
SD	3	157	1.0498
SD	3	158	0.666
SD	3	158.72	0.3822
SD	3	159	0.4332
SD	3	159.7	0.5539
SD	3	160	0.5831
SD	3	160.06	0.5891
SD	3	161	0.9574
SD	3	161.54	1.121
SD	3	161.54	1.121
SD	3	162	1.1231
SD	3	162.08	1.1229
SD	3	162.08	1.1229
SD	3	162.78	1.2241
SD	3	163	1.1594
SD	3	164	0.8676
SD	3	165	0.5916
SD	3	166	0.3661
SD	3	166.62	0.2697
SD	3	167	0.2543
SD	3	168	0.21
SD	3	169	0.1629
SD	3	170	0.1172
SD	3	170.27	0.1057
SD	3	171	0.1153
SD	3	172	0.1293
SD	3	173	0.1432
SD	3	174	0.1562
SD	3	175	0.1671
SD	3	176	0.1753
SD	3	177	0.1806
SD	3	177.07	0.1808
SD	3	178	0.174
SD	3	179	0.1652
SD	3	180	0.155
SD	3	181	0.1438
SD	3	181.68	0.136
SD	3	182	0.1145
SD	3	182.12	0.1108
SD	3	183	0.0959
SD	3	184	0.0801
SD	3	185	0.066
SD	3	185.83	0.0558
SD	3	186	0.0593
SD	3	187	0.0854
SD	3	188	0.1205
SD	3	189	0.1632
SD	3	190	0.2106
SD	3	191	0.2589
SD	3	192	0.3041
SD	3	193	0.3431
SD	3	194	0.3737
SD	3	195	0.3946
SD	3	195.33	0.3992
SD	3	196	0.3453
SD	3	197	0.2673
SD	3	198	0.1956
SD	3	199	0.1346
SD	3	199.9	0.0917
SD	3	200	0.0914
SD	3	201	0.0914
SD	3	201.85	0.0984
SD	3	202	0.0927
SD	3	202.15	0.0872
SD	3	203	0.0731
SD	3	204	0.0568
SD	3	204.52	0.0487
SD	3	205	0.0588
SD	3	206	0.0828
SD	3	207	0.1099
SD	3	208	0.1393
SD	3	209	0.1699
SD	3	209.45	0.184
SD	4	0	0.0328
SD	4	1	0.0742
SD	4	2	0.132
SD	4	3	0.2024
SD	4	3.56	0.2457
SD	4	4	0.2265
SD	4	5	0.1832
SD	4	6	0.1425
SD	4	6.19	0.1354
SD	4	7	0.1326
SD	4	7.3	0.1396
SD	4	8	0.0744
SD	4	9	0.014
SD	4	10	0.002
SD	4	10.24	0.0066
SD	4	11	0.0148
SD	4	12	0.0367
SD	4	13	0.0702
SD	4	14	0.1129
SD	4	14.31	0.1274
SD	4	15	0.0968
SD	4	16	0.0602
SD	4	17	0.0346
SD	4	17.8	0.0231
SD	4	18	0.0343
SD	4	19	0.1199
SD	4	19.19	0.1392
SD	4	20	0.1777
SD	4	21	0.2331
SD	4	22	0.2949
SD	4	23	0.36
SD	4	24	0.4257
SD	4	24.7	0.4708
SD	4	25	0.488
SD	4	26	0.5492
SD	4	27	0.6138
SD	4	27.43	0.6419
SD	4	28	0.573
SD	4	29	0.4496
SD	4	30	0.3342
SD	4	31	0.2423
SD	4	32	0.1865
SD	4	32.37	0.1761
SD	4	33	0.1961
SD	4	34	0.2283
SD	4	35	0.2601
SD	4	36	0.2898
SD	4	36.03	0.2907
SD	4	36.14	0.2901
SD	4	37	0.2853
SD	4	37.95	0.2767
SD	4	38	0.2778
SD	4	39	0.3007
SD	4	40	0.3188
SD	4	40.63	0.3269
SD	4	41	0.3386
SD	4	42	0.3714
SD	4	43	0.406
SD	4	44	0.4417
SD	4	45	0.4777
SD	4	46	0.5129
SD	4	47	0.5462
SD	4	48	0.5766
SD	4	49	0.6034
SD	4	50	0.6259
SD	4	50.67	0.6386
SD	4	51	0.6319
SD	4	52	0.6326
SD	4	52.72	0.6544
SD	4	53	0.675
SD	4	54	0.7499
SD	4	55	0.8235
SD	4	56	0.8944
SD	4	57	0.961
SD	4	58	1.0221
SD	4	58.2	1.0337
SD	4	58.56	1.0048
SD	4	59	1.0123
SD	4	60	1.0151
SD	4	61	0.9985
SD	4	61.54	0.982
SD	4	62	0.9635
SD	4	63	0.9069
SD	4	63.21	0.8918
SD	4	63.78	0.8833
SD	4	63.78	0.8833
SD	4	64	0.8956
SD	4	64.13	0.9035
SD	4	65	0.7681
SD	4	65.65	0.664
SD	4	65.98	0.5867
SD	4	65.98	0.5867
SD	4	66	0.589
SD	4	66.25	0.6133
SD	4	66.25	0.6133
SD	4	66.25	0.6133
SD	4	66.52	0.6372
SD	4	66.79	0.5686
SD	4	67	0.5545
SD	4	67.07	0.5501
SD	4	67.07	0.5501
SD	4	67.07	0.5501
SD	4	67.62	0.6957
SD	4	67.91	0.7179
SD	4	68	0.7025
SD	4	68.37	0.6565
SD	4	68.37	0.6565
SD	4	68.83	0.6506
SD	4	69	0.6106
SD	4	69.92	0.4358
SD	4	69.92	0.4358
SD	4	69.92	0.4358
SD	4	70	0.4364
SD	4	70.44	0.4384
SD	4	70.71	0.4085
SD	4	70.71	0.4085
SD	4	71	0.3785
SD	4	71.53	0.3282
SD	4	72	0.2981
SD	4	72.17	0.292
SD	4	73	0.2432
SD	4	73.14	0.2352
SD	4	74	0.3068
SD	4	74.8	0.3757
SD	4	75	0.3341
SD	4	76	0.1428
SD	4	76.16	0.1184
SD	4	77	0.0571
SD	4	77.53	0.0438
SD	4	78	0.0439
SD	4	79	0.0883
SD	4	79.22	0.1053
SD	4	79.6	0.1779
SD	4	80	0.2076
SD	4	81	0.2934
SD	4	81.55	0.3442
SD	4	81.55	0.3442
SD	4	82	0.2837
SD	4	83	0.1589
SD	4	83.79	0.0803
SD	4	84	0.0806
SD	4	84.95	0.0823
SD	4	85	0.0849
SD	4	85.58	0.1196
SD	4	86	0.1661
SD	4	86.16	0.1847
SD	4	87	0.1519
SD	4	88	0.119
SD	4	89	0.099
SD	4	89.02	0.0987
SD	4	89.02	0.0987
SD	4	89.02	0.0987
SD	4	89.31	0.0673
SD	4	89.31	0.0673
SD	4	90	0.0761
SD	4	90.1	0.0774
SD	4	91	0.0421
SD	4	92	0.0861
SD	4	92.86	0.184
SD	4	93	0.1815
SD	4	94	0.1667
SD	4	95	0.1571
SD	4	96	0.1521
SD	4	97	0.151
SD	4	98	0.1527
SD	4	99	0.156
SD	4	100	0.16
SD	4	101	0.1639
SD	4	102	0.1672
SD	4	103	0.1694
SD	4	103.37	0.17
SD	4	104	0.231
SD	4	104.74	0.3403
SD	4	105	0.3474
SD	4	105.04	0.3486
SD	4	105.32	0.3596
SD	4	106	0.3851
SD	4	106.19	0.3921
SD	4	107	0.2969
SD	4	107.06	0.2926
SD	4	108	0.3965
SD	4	108.51	0.4549
SD	4	108.84	0.452
SD	4	109	0.4192
SD	4	109.12	0.3937
SD	4	109.45	0.3645
SD	4	110	0.3677
SD	4	111	0.3718
SD	4	111.05	0.3719
SD	4	112	0.3606
SD	4	113	0.3132
SD	4	113.62	0.2708
SD	4	114	0.2862
SD	4	114.3	0.2992
SD	4	115	0.16
SD	4	115.47	0.0868
SD	4	115.47	0.0868
SD	4	115.47	0.0868
SD	4	116	0.1381
SD	4	117	0.372
SD	4	117.16	0.4197
SD	4	118	0.4118
SD	4	118.89	0.4079
SD	4	119	0.4035
SD	4	120	0.3622
SD	4	121	0.3188
SD	4	122	0.2743
SD	4	122.03	0.273
SD	4	122.52	0.1185
SD	4	123	0.0668
SD	4	123.11	0.0622
SD	4	123.6	0.0496
SD	4	124	0.0472
SD	4	124.14	0.0518
SD	4	124.14	0.0518
SD	4	125	0.0727
SD	4	126	0.1056
SD	4	126.01	0.1059
SD	4	126.01	0.1059
SD	4	127	0.0635
SD	4	128	0.0279
SD	4	128.3	0.0201
SD	4	128.7	0.0188
SD	4	129	0.0101
SD	4	129.16	0.0068
SD	4	129.9	0.0156
SD	4	129.9	0.0156
SD	4	129.9	0.0156
SD	4	130	0.016
SD	4	130.89	0.0276
SD	4	130.89	0.0276
SD	4	131	0.0226
SD	4	131.34	0.0112
SD	4	131.62	0.0211
SD	4	132	0.0192
SD	4	132.09	0.0185
SD	4	132.43	0.0031
SD	4	132.9	0.0292
SD	4	133	0.0262
SD	4	134	0.0052
SD	4	135	0.002
SD	4	136	0.0171
SD	4	136.48	0.0297
SD	4	137	0.0578
SD	4	138	0.1356
SD	4	138.65	0.1976
SD	4	139	0.2236
SD	4	139.89	0.2943
SD	4	140	0.2949
SD	4	141	0.2974
SD	4	141.37	0.2969
SD	4	142	0.2756
SD	4	142.82	0.2483
SD	4	143	0.2291
SD	4	144	0.1306
SD	4	144.4	0.0991
SD	4	145	0.0908
SD	4	146	0.0784
SD	4	147	0.0676
SD	4	148	0.0591
SD	4	148.99	0.0536
SD	4	149	0.0534
SD	4	150	0.0403
SD	4	151	0.0285
SD	4	152	0.0183
SD	4	153	0.0103
SD	4	153.56	0.0069
SD	4	154	0.008
SD	4	155	0.017
SD	4	155.07	0.0179
SD	4	156	0.0123
SD	4	156.17	0.0126
SD	4	157	0.0011
SD	4	158	0.0104
SD	4	158.69	0.0311
SD	4	159	0.0192
SD	4	160	0.003
SD	4	161	0.0243
SD	4	161.23	0.0337
SD	4	162	0.0301
SD	4	162.16	0.0414
SD	4	163	0.0411
SD	4	164	0.041
SD	4	165	0.0412
SD	4	166	0.0415
SD	4	167	0.0418
SD	4	168	0.0418
SD	4	169	0.0415
SD	4	170	0.0408
SD	4	170.81	0.04
SD	4	171	0.0457
SD	4	171.93	0.079
SD	4	172	0.0796
SD	4	173	0.102
SD	4	173.99	0.1479
SD	5	0	0.2537
SD	5	1	0.2325
SD	5	1.51	0.2217
SD	5	2	0.2792
SD	5	3	0.4115
SD	5	3.12	0.4269
SD	5	4	0.5064
SD	5	5	0.5937
SD	5	5.71	0.6489
SD	5	5.98	0.7406
SD	5	6	0.7313
SD	5	6.29	0.5951
SD	5	7	0.6171
SD	5	8	0.6512
SD	5	9	0.6904
SD	5	10	0.7401
SD	5	11	0.8057
SD	5	11.58	0.8513
SD	5	12	0.8252
SD	5	13	0.7597
SD	5	14	0.69
SD	5	15	0.6169
SD	5	16	0.5416
SD	5	17	0.4658
SD	5	18	0.3912
SD	5	19	0.3197
SD	5	20	0.2535
SD	5	21	0.1945
SD	5	22	0.1442
SD	5	23	0.1034
SD	5	24	0.0723
SD	5	25	0.0504
SD	5	26	0.0368
SD	5	27	0.0303
SD	5	28	0.0297
SD	5	29	0.0339
SD	5	29.76	0.0396
SD	5	30	0.0366
SD	5	31	0.0251
SD	5	32	0.0155
SD	5	33	0.0088
SD	5	34	0.0055
SD	5	35	0.0057
SD	5	35.92	0.0084
SD	5	36	0.0086
SD	5	37	0.0162
SD	5	38	0.0323
SD	5	38.26	0.0376
SD	5	39	0.053
SD	5	40	0.0779
SD	5	41	0.1072
SD	5	42	0.1403
SD	5	43	0.1765
SD	5	44	0.2148
SD	5	45	0.2543
SD	5	46	0.2936
SD	5	47	0.3317
SD	5	48	0.3673
SD	5	49	0.3994
SD	5	50	0.4272
SD	5	51	0.4499
SD	5	52	0.4671
SD	5	53	0.4785
SD	5	54	0.4841
SD	5	55	0.4839
SD	5	56	0.4783
SD	5	57	0.4677
SD	5	58	0.4528
SD	5	58.7	0.4401
SD	5	59	0.4485
SD	5	60	0.4723
SD	5	61	0.4897
SD	5	61.5	0.496
SD	5	62	0.497
SD	5	63	0.5015
SD	5	64	0.5061
SD	5	64.37	0.5072
SD	5	65	0.4561
SD	5	66	0.3715
SD	5	67	0.2861
SD	5	68	0.2057
SD	5	69	0.1368
SD	5	69.71	0.0974
SD	5	70	0.1098
SD	5	71	0.169
SD	5	72	0.2495
SD	5	72.76	0.3201
SD	5	73	0.3393
SD	5	74	0.4262
SD	5	75	0.5192
SD	5	75.86	0.6006
SD	5	76	0.6204
SD	5	77	0.7374
SD	5	77.55	0.7727
SD	5	78	0.8433
SD	5	78.54	0.9189
SD	5	79	0.9214
SD	5	79.01	0.9214
SD	5	79.54	0.6381
SD	5	80	0.6469
SD	5	81	0.6556
SD	5	82	0.6497
SD	5	83	0.6307
SD	5	83.29	0.6234
SD	5	84	0.4506
SD	5	84.32	0.3785
SD	5	84.4	0.3483
SD	5	84.4	0.3483
SD	5	84.84	0.379
SD	5	84.84	0.379
SD	5	85	0.3501
SD	5	85.5	0.2606
SD	5	85.8	0.2586
SD	5	85.8	0.2586
SD	5	86	0.3416
SD	5	86.07	0.3709
SD	5	86.35	0.4001
SD	5	86.35	0.4001
SD	5	86.35	0.4001
SD	5	86.35	0.4001
SD	5	86.35	0.4001
SD	5	86.35	0.4001
SD	5	86.35	0.4001
SD	5	87	0.4079
SD	5	88	0.4285
SD	5	88.03	0.4293
SD	5	88.39	0.443
SD	5	88.6	0.4432
SD	5	88.6	0.4432
SD	5	88.6	0.4432
SD	5	88.6	0.4432
SD	5	88.6	0.4432
SD	5	88.6	0.4432
SD	5	89	0.4597
SD	5	89.7	0.4858
SD	5	89.7	0.4858
SD	5	89.7	0.4858
SD	5	90	0.4526
SD	5	90.25	0.4322
SD	5	90.25	0.4322
SD	5	90.25	0.4322
SD	5	90.25	0.4322
SD	5	90.25	0.4322
SD	5	91	0.4029
SD	5	92	0.3663
SD	5	93	0.3349
SD	5	94	0.3112
SD	5	95	0.2974
SD	5	95.42	0.2948
SD	5	96	0.2917
SD	5	97	0.2924
SD	5	98	0.2999
SD	5	99	0.3128
SD	5	100	0.3292
SD	5	100.29	0.3343
SD	5	101	0.3725
SD	5	101.97	0.428
SD	5	102	0.4296
SD	5	103	0.4763
SD	5	104	0.5175
SD	5	105	0.5526
SD	5	105.37	0.5641
SD	5	105.37	0.5641
SD	5	105.37	0.5641
SD	5	105.37	0.5641
SD	5	105.64	0.5427
SD	5	105.93	0.485
SD	5	105.93	0.485
SD	5	106	0.4848
SD	5	107	0.4757
SD	5	108	0.4526
SD	5	109	0.4162
SD	5	110	0.3703
SD	5	110.49	0.3458
SD	5	110.49	0.3458
SD	5	110.75	0.4491
SD	5	111	0.4216
SD	5	111.29	0.3912
SD	5	112	0.3463
SD	5	112.95	0.3001
SD	5	113	0.3041
SD	5	114	0.3838
SD	5	114.32	0.4107
SD	5	114.76	0.6136
SD	5	114.76	0.6136
SD	5	115	0.5114
SD	5	115.23	0.4126
SD	5	115.23	0.4126
SD	5	116	0.4805
SD	5	117	0.5489
SD	5	117.19	0.5583
SD	5	118	0.6731
SD	5	118.04	0.6787
SD	5	119	0.7953
SD	5	120	0.8992
SD	5	120.2	0.9174
SD	5	121	0.804
SD	5	122	0.676
SD	5	122.3	0.6492
SD	5	122.3	0.6492
SD	5	123	0.7192
SD	5	124	0.8202
SD	5	125	0.918
SD	5	125.33	0.9487
SD	5	126	0.9174
SD	5	126.65	0.8741
SD	5	127	0.8633
SD	5	127.55	0.8478
SD	5	128	0.9423
SD	5	128.12	0.9635
SD	5	129	0.8487
SD	5	130	0.7219
SD	5	131	0.6065
SD	5	131.25	0.5797
SD	5	131.25	0.5797
SD	5	131.25	0.5797
SD	5	131.25	0.5797
SD	5	131.25	0.5797
SD	5	131.7	0.5423
SD	5	132	0.5074
SD	5	132.14	0.4924
SD	5	132.58	0.5191
SD	5	133	0.4895
SD	5	133.92	0.3345
SD	5	134	0.3444
SD	5	134.59	0.4156
SD	5	134.78	0.4283
SD	5	135	0.3885
SD	5	136	0.2243
SD	5	136.29	0.1854
SD	5	137	0.1572
SD	5	138	0.1149
SD	5	138.42	0.0986
SD	5	139	0.0918
SD	5	139.69	0.0903
SD	5	140	0.097
SD	5	141	0.1207
SD	5	141.37	0.1303
SD	5	142	0.109
SD	5	143	0.0813
SD	5	143.71	0.0667
SD	5	144	0.0577
SD	5	144.84	0.0666
SD	5	145	0.0529
SD	5	145.42	0.0501
SD	5	146	0.0649
SD	5	147	0.1269
SD	5	147.29	0.1529
SD	5	148	0.1947
SD	5	148.98	0.2523
SD	5	149	0.253
SD	5	150	0.2979
SD	5	151	0.3501
SD	5	152	0.4048
SD	5	153	0.4562
SD	5	153.49	0.4786
SD	5	154	0.426
SD	5	155	0.3309
SD	5	156	0.2499
SD	5	156.83	0.1956
SD	5	157	0.1947
SD	5	158	0.1862
SD	5	159	0.1725
SD	5	160	0.1546
SD	5	161	0.1336
SD	5	161.51	0.1222
SD	5	161.51	0.1222
SD	5	162	0.1403
SD	5	162.7	0.1633
SD	5	163	0.1312
SD	5	163.59	0.086
SD	5	164	0.0986
SD	5	165	0.1397
SD	5	166	0.1895
SD	5	166.22	0.2009
SD	5	167	0.3062
SD	5	167.65	0.4058
SD	5	168	0.3528
SD	5	169	0.2027
SD	5	169.72	0.1262
SD	5	170	0.1628
SD	5	170.63	0.251
SD	5	171	0.2312
SD	5	172	0.1791
SD	5	173	0.131
SD	5	173.95	0.0911
SD	5	174	0.093
SD	5	175	0.1315
SD	5	176	0.1678
SD	5	176.63	0.1865
SD	5	177	0.1781
SD	5	178	0.1568
SD	5	179	0.1405
SD	5	180	0.1333
SD	5	181	0.1373
SD	5	182	0.1518
SD	5	182.05	0.1527
SD	5	183	0.1301
SD	5	184	0.1082
SD	5	185	0.0887
SD	5	186	0.072
SD	5	187	0.0581
SD	5	187.55	0.0518
SD	5	188	0.055
SD	5	189	0.0636
SD	5	189.86	0.0725
SD	5	189.86	0.0725
SD	5	190	0.0827
SD	5	191	0.1825
SD	5	192	0.3095
SD	5	192.91	0.4219
SD	6	5	0.4505
SD	6	6	0.4385
SD	6	7	0.4206
SD	6	8	0.3947
SD	6	8	0.395
SD	6	8.67	0.4806
SD	6	9	0.5244
SD	6	9.86	0.6366
SD	6	9.86	0.6366
SD	6	9.86	0.6366
SD	6	9.86	0.6366
SD	6	9.86	0.6366
SD	6	10	0.5628
SD	6	10.69	0.211
SD	6	11	0.1982
SD	6	11.21	0.1887
SD	6	11.21	0.1887
SD	6	12	0.2428
SD	6	13	0.3156
SD	6	13.54	0.3515
SD	6	14	0.3701
SD	6	15	0.3948
SD	6	15.94	0.398
SD	6	16	0.4121
SD	6	17	0.659
SD	6	17.79	0.8466
SD	6	18	0.8756
SD	6	18.84	0.9888
SD	6	19	0.9656
SD	6	20	0.7797
SD	6	21	0.5255
SD	6	21.19	0.4739
SD	6	22	0.4098
SD	6	23	0.3303
SD	6	24	0.2531
SD	6	25	0.1825
SD	6	25.89	0.1284
SD	6	26	0.1331
SD	6	27	0.1763
SD	6	28	0.2175
SD	6	28.92	0.2485
SD	6	29	0.2516
SD	6	30	0.2845
SD	6	30.84	0.2998
SD	6	30.84	0.2998
SD	6	31	0.2361
SD	6	31.31	0.1316
SD	6	32	0.083
SD	6	33	0.0323
SD	6	33.01	0.0319
SD	6	34	0.0275
SD	6	34.25	0.0268
SD	6	34.56	0.0779
SD	6	35	0.0877
SD	6	36	0.1126
SD	6	37	0.1378
SD	6	37.93	0.159
SD	6	38	0.1556
SD	6	39	0.1143
SD	6	39.43	0.1017
SD	6	40	0.0965
SD	6	40.67	0.0994
SD	6	41	0.1201
SD	6	41.23	0.1351
SD	6	41.78	0.1297
SD	6	41.78	0.1297
SD	6	42	0.1032
SD	6	42.88	0.0371
SD	6	43	0.0361
SD	6	44	0.0288
SD	6	45	0.0231
SD	6	45.16	0.0224
SD	6	46	0.0255
SD	6	46.17	0.0259
SD	6	47	0.0297
SD	6	47.13	0.0321
SD	6	47.4	0.0421
SD	6	47.96	0.0261
SD	6	48	0.0272
SD	6	49	0.0738
SD	6	50	0.1525
SD	6	51	0.261
SD	6	52	0.3925
SD	6	52.13	0.4108
SD	6	53	0.3964
SD	6	54	0.3703
SD	6	55	0.3355
SD	6	56	0.2948
SD	6	57	0.2514
SD	6	58	0.2081
SD	6	59	0.1675
SD	6	60	0.1311
SD	6	60.95	0.1014
SD	6	61	0.104
SD	6	61.62	0.1381
SD	6	62	0.1542
SD	6	62.58	0.1826
SD	6	62.58	0.1826
SD	6	62.86	0.1449
SD	6	63	0.1397
SD	6	63.76	0.1166
SD	6	64	0.0936
SD	6	64.04	0.0901
SD	6	65	0.0885
SD	6	65.84	0.0894
SD	6	65.84	0.0894
SD	6	66	0.0958
SD	6	67	0.132
SD	6	67	0.132
SD	6	68	0.1395
SD	6	69	0.1467
SD	6	70	0.1536
SD	6	71	0.1607
SD	6	72	0.1682
SD	6	72.06	0.1687
SD	6	72.48	0.1503
SD	6	73	0.1422
SD	6	73.89	0.1161
SD	6	73.89	0.1161
SD	6	73.89	0.1161
SD	6	73.89	0.1161
SD	6	74	0.1051
SD	6	74.72	0.0421
SD	6	75	0.0348
SD	6	75.86	0.0351
SD	6	76	0.0315
SD	6	76.15	0.028
SD	6	76.43	0.0248
SD	6	76.99	0.0246
SD	6	77	0.0246
SD	6	77.31	0.0261
SD	6	77.31	0.0261
SD	6	78	0.0111
SD	6	79	0.0039
SD	6	80	0.0169
SD	6	81	0.0483
SD	6	81.1	0.0522
SD	6	82	0.0518
SD	6	82.93	0.0489
SD	6	83	0.0485
SD	6	84	0.0456
SD	6	85	0.0472
SD	6	86	0.0529
SD	6	87	0.0621
SD	6	88	0.0738
SD	6	88.38	0.0787
SD	6	89	0.0866
SD	6	90	0.1014
SD	6	91	0.1182
SD	6	92	0.1367
SD	6	93	0.1564
SD	6	93.32	0.1628
SD	6	94	0.1244
SD	6	95	0.0736
SD	6	96	0.0336
SD	6	97	0.0091
SD	6	98	0.0037
SD	6	99	0.0179
SD	6	100	0.0496
SD	6	101	0.0952
SD	6	101.54	0.124
SD	6	102	0.1363
SD	6	103	0.1734
SD	6	104	0.2246
SD	6	105	0.2887
SD	6	106	0.364
SD	6	106.91	0.4402
SD	6	107	0.4327
SD	6	108	0.3512
SD	6	109	0.2757
SD	6	110	0.2079
SD	6	111	0.1492
SD	6	111.17	0.1403
SD	6	112	0.1867
SD	6	113	0.2497
SD	6	113.86	0.3089
SD	6	114	0.3127
SD	6	114.87	0.3333
SD	6	115	0.3277
SD	6	116	0.2787
SD	6	117	0.2215
SD	6	118	0.1681
SD	6	118.61	0.1435
SD	6	119	0.1682
SD	6	120	0.2427
SD	6	121	0.328
SD	6	121.47	0.3696
SD	6	121.71	0.3773
SD	6	121.9	0.3545
SD	6	122	0.3494
SD	6	123	0.2998
SD	6	123.24	0.2875
SD	6	124	0.3275
SD	6	124.71	0.3504
SD	6	125	0.3279
SD	6	126	0.2574
SD	6	127	0.1985
SD	6	128	0.154
SD	6	129	0.1265
SD	6	130	0.1185
SD	6	131	0.1315
SD	6	132	0.1655
SD	6	133	0.2196
SD	6	134	0.2913
SD	6	135	0.3773
SD	6	136	0.4739
SD	6	137	0.5777
SD	6	138	0.6856
SD	6	139	0.7953
SD	6	140	0.9049
SD	6	141	1.0132
SD	6	141.54	1.0706
SD	6	142	1.1583
SD	6	143	1.2731
SD	6	144	1.3099
SD	6	145	1.2986
SD	6	145.43	1.2847
SD	7	0	0.3604
SD	7	1	0.3777
SD	7	2	0.3905
SD	7	2.79	0.3914
SD	7	3	0.3838
SD	7	4	0.3423
SD	7	5	0.2943
SD	7	6	0.2422
SD	7	7	0.19
SD	7	8	0.1423
SD	7	8.17	0.135
SD	7	9	0.1328
SD	7	10	0.1291
SD	7	11	0.1244
SD	7	12	0.1194
SD	7	12.34	0.1177
SD	7	13	0.1189
SD	7	14	0.1217
SD	7	15	0.1254
SD	7	16	0.1301
SD	7	17	0.1358
SD	7	18	0.1427
SD	7	18.43	0.1462
SD	7	19	0.1298
SD	7	20	0.1027
SD	7	21	0.0798
SD	7	22	0.0629
SD	7	23	0.0536
SD	7	24	0.0528
SD	7	25	0.0606
SD	7	26	0.0764
SD	7	27	0.0986
SD	7	28	0.1255
SD	7	28.29	0.1339
SD	7	29	0.1622
SD	7	30	0.2305
SD	7	31	0.3206
SD	7	31.36	0.3556
SD	7	32	0.3597
SD	7	33	0.3638
SD	7	34	0.3638
SD	7	35	0.3587
SD	7	36	0.3489
SD	7	37	0.3357
SD	7	38	0.321
SD	7	39	0.3067
SD	7	39.25	0.3034
SD	7	40	0.2784
SD	7	41	0.2383
SD	7	42	0.1923
SD	7	42.23	0.1814
SD	7	43	0.1783
SD	7	44	0.1673
SD	7	45	0.1483
SD	7	46	0.1228
SD	7	47	0.0936
SD	7	48	0.065
SD	7	49	0.0411
SD	7	49.22	0.0369
SD	7	50	0.038
SD	7	51	0.0421
SD	7	52	0.0496
SD	7	53	0.0605
SD	7	54	0.0749
SD	7	55	0.0927
SD	7	55.22	0.097
SD	7	56	0.0864
SD	7	57	0.074
SD	7	58	0.0632
SD	7	58.73	0.0565
SD	7	59	0.0579
SD	7	59.86	0.0634
SD	7	60	0.074
SD	7	60.67	0.1323
SD	7	60.67	0.1323
SD	7	61	0.0855
SD	7	62	0.026
SD	7	62.21	0.0262
SD	7	62.21	0.0262
SD	7	63	0.0254
SD	7	64	0.0445
SD	7	64.02	0.0451
SD	7	64.02	0.0451
SD	7	64.02	0.0451
SD	7	64.02	0.0451
SD	7	64.02	0.0451
SD	7	64.84	0.1002
SD	7	64.84	0.1002
SD	7	64.84	0.1002
SD	7	64.84	0.1002
SD	7	64.84	0.1002
SD	7	65	0.1042
SD	7	65.65	0.1289
SD	7	65.65	0.1289
SD	7	66	0.1575
SD	7	67	0.2528
SD	7	67.02	0.2551
SD	7	68	0.2197
SD	7	69	0.1839
SD	7	69.05	0.1822
SD	7	70	0.2572
SD	7	70.32	0.2856
SD	7	71	0.3066
SD	7	71.62	0.3238
SD	7	72	0.3777
SD	7	72.2	0.4035
SD	7	73	0.4168
SD	7	74	0.4307
SD	7	75	0.4411
SD	7	75.89	0.4489
SD	7	76	0.3903
SD	7	76.17	0.2926
SD	7	76.17	0.2926
SD	7	77	0.253
SD	7	78	0.2766
SD	7	79	0.3852
SD	7	79.3	0.4313
SD	7	80	0.3847
SD	7	81	0.3206
SD	7	82	0.2619
SD	7	83	0.2114
SD	7	84	0.1713
SD	7	84.06	0.1694
SD	7	85	0.2072
SD	7	86	0.2519
SD	7	87	0.3008
SD	7	88	0.3532
SD	7	89	0.4085
SD	7	90	0.4661
SD	7	91	0.5253
SD	7	91.59	0.5609
SD	7	92	0.5136
SD	7	92.66	0.4448
SD	7	93	0.4609
SD	7	94	0.5082
SD	7	95	0.5548
SD	7	96	0.5997
SD	7	97	0.6418
SD	7	97.21	0.6502
SD	7	98	0.6601
SD	7	99	0.6726
SD	7	100	0.6845
SD	7	101	0.6954
SD	7	102	0.7048
SD	7	103	0.7122
SD	7	103.28	0.7138
SD	7	104	0.7008
SD	7	105	0.684
SD	7	105.85	0.6812
SD	7	106	0.6821
SD	7	107	0.6942
SD	7	108	0.7118
SD	7	108.57	0.7223
SD	7	109	0.6248
SD	7	109.07	0.612
SD	7	110	0.5618
SD	7	111	0.4798
SD	7	111.99	0.3931
SD	7	112	0.3942
SD	7	113	0.4695
SD	7	113.83	0.5154
SD	7	114	0.5168
SD	7	114.5	0.5109
SD	7	114.84	0.3759
SD	7	115	0.3929
SD	7	115.98	0.503
SD	7	116	0.5049
SD	7	116.06	0.5094
SD	7	116.34	0.6713
SD	7	116.99	0.5386
SD	7	117	0.5386
SD	7	117.26	0.5382
SD	7	117.26	0.5382
SD	7	117.34	0.5161
SD	7	117.62	0.5406
SD	7	118	0.503
SD	7	118.25	0.4797
SD	7	118.25	0.4797
SD	7	119	0.5795
SD	7	119.63	0.6579
SD	7	119.63	0.6579
SD	7	120	0.5807
SD	7	120.35	0.5155
SD	7	121	0.6793
SD	7	121.2	0.723
SD	7	121.71	0.7548
SD	7	122	0.7638
SD	7	123	0.7527
SD	7	123.45	0.7182
SD	7	124	0.8858
SD	7	125	1.22
SD	7	125.16	1.2713
SD	7	125.56	1.2145
SD	7	126	1.2146
SD	7	126.5	1.2132
SD	7	127	1.1753
SD	7	128	1.0813
SD	7	129	0.9654
SD	7	129.46	0.9056
SD	7	130	0.877
SD	7	131	0.8204
SD	7	132	0.7561
SD	7	132.22	0.7408
SD	7	133	0.7538
SD	7	134	0.7683
SD	7	134.79	0.7776
SD	7	135	0.7662
SD	7	135.12	0.7594
SD	7	136	0.8128
SD	7	137	0.8143
SD	7	137.03	0.8132
SD	7	138	0.802
SD	7	139	0.7632
SD	7	140	0.6985
SD	7	141	0.6125
SD	7	141.24	0.5895
SD	7	141.24	0.5895
SD	7	142	0.7062
SD	7	142.68	0.8103
SD	7	143	0.797
SD	7	144	0.6324
SD	7	144.15	0.59
SD	7	145	0.5733
SD	7	146	0.5528
SD	7	146.68	0.5387
SD	7	147	0.5332
SD	7	148	0.5103
SD	7	149	0.4796
SD	7	149.82	0.4496
SD	7	150	0.4524
SD	7	151	0.4655
SD	7	152	0.4745
SD	7	153	0.4783
SD	7	154	0.4763
SD	7	155	0.4685
SD	7	156	0.4551
SD	7	157	0.437
SD	7	158	0.4151
SD	7	159	0.3906
SD	7	160	0.3648
SD	7	161	0.3388
SD	7	161.82	0.3179
SD	7	162	0.3337
SD	7	163	0.4348
SD	7	164	0.5495
SD	7	165	0.6695
SD	7	165.79	0.7628
SD	7	166	0.7519
SD	7	167	0.7
SD	7	167.53	0.6731
SD	7	168	0.6069
SD	7	169	0.442
SD	7	170	0.2651
SD	7	170.38	0.2054
SD	7	170.38	0.2054
SD	7	171	0.2754
SD	7	171.55	0.3416
SD	7	172	0.505
SD	7	172.27	0.6081
SD	7	173	0.4936
SD	7	174	0.3546
SD	7	175	0.2433
SD	7	176	0.1635
SD	7	177	0.1146
SD	7	178	0.0917
SD	7	178.24	0.0893
SD	7	179	0.1005
SD	7	180	0.1441
SD	7	181	0.2191
SD	7	181.69	0.2856
SD	7	181.69	0.2856
SD	7	182	0.2684
SD	7	183	0.2283
SD	7	184	0.212
SD	7	185	0.2183
SD	7	185.46	0.2285
SD	7	186	0.2099
SD	7	187	0.1754
SD	7	188	0.1428
SD	7	188.18	0.1374
SD	7	189	0.0926
SD	7	189.78	0.0562
SD	8	10	0.0276
SD	8	11	0.0029
SD	8	11.51	0.0016
SD	8	12	0.0053
SD	8	12.12	0.0066
SD	8	12.44	0.0047
SD	8	13	0.0064
SD	8	13.96	0.02
SD	8	14	0.0194
SD	8	15	0.013
SD	8	15.48	0.0154
SD	8	16	0.0062
SD	8	17	0.005
SD	8	18	0.0275
SD	8	18.54	0.0487
SD	8	18.54	0.0487
SD	8	19	0.0456
SD	8	20	0.0534
SD	8	21	0.08
SD	8	21.21	0.0873
SD	8	22	0.0833
SD	8	22.35	0.0836
SD	8	23	0.1017
SD	8	24	0.1388
SD	8	25	0.1869
SD	8	26	0.2448
SD	8	27	0.3092
SD	8	28	0.3754
SD	8	29	0.4382
SD	8	30	0.493
SD	8	31	0.5359
SD	8	32	0.5647
SD	8	33	0.5784
SD	8	34	0.5775
SD	8	35	0.5639
SD	8	35.37	0.5562
SD	8	36	0.6532
SD	8	37	0.8291
SD	8	38	1.0176
SD	8	39	1.2022
SD	8	40	1.3716
SD	8	41	1.5196
SD	8	41.36	1.5677
SD	8	42	1.3983
SD	8	42.33	1.287
SD	8	43	1.3038
SD	8	44	1.2962
SD	8	44.46	1.2813
SD	8	45	1.18
SD	8	46	0.9954
SD	8	47	0.8191
SD	8	48	0.6585
SD	8	49	0.5183
SD	8	50	0.4009
SD	8	50.09	0.3911
SD	8	51	0.3929
SD	8	52	0.3904
SD	8	53	0.383
SD	8	54	0.3709
SD	8	55	0.3547
SD	8	56	0.3352
SD	8	56.95	0.3148
SD	8	57	0.3175
SD	8	58	0.3685
SD	8	59	0.4136
SD	8	60	0.4475
SD	8	61	0.4666
SD	8	61.94	0.4696
SD	8	62	0.4846
SD	8	62.61	0.635
SD	8	62.91	0.5222
SD	8	63	0.534
SD	8	64	0.6596
SD	8	64.03	0.6632
SD	8	64.36	0.7206
SD	8	64.68	0.739
SD	8	64.68	0.739
SD	8	64.68	0.739
SD	8	64.68	0.739
SD	8	65	0.5001
SD	8	65.04	0.4682
SD	8	65.04	0.4682
SD	8	65.04	0.4682
SD	8	65.04	0.4682
SD	8	65.04	0.4682
SD	8	65.04	0.4682
SD	8	65.74	0.4257
SD	8	65.74	0.4257
SD	8	66	0.4514
SD	8	66.73	0.486
SD	8	67	0.5914
SD	8	67.01	0.5965
SD	8	67.01	0.5965
SD	8	67.3	0.5848
SD	8	67.58	0.6182
SD	8	67.63	0.6192
SD	8	67.63	0.6192
SD	8	68	0.6091
SD	8	69	0.5679
SD	8	70	0.5088
SD	8	70.03	0.507
SD	8	71	0.5182
SD	8	71.02	0.5182
SD	8	72	0.5669
SD	8	73	0.6087
SD	8	73.13	0.6136
SD	8	73.71	0.4233
SD	8	73.71	0.4233
SD	8	74	0.4019
SD	8	74.28	0.382
SD	8	74.28	0.382
SD	8	74.55	0.2887
SD	8	74.55	0.2887
SD	8	74.83	0.24
SD	8	75	0.2665
SD	8	75.38	0.326
SD	8	75.52	0.3327
SD	8	75.52	0.3327
SD	8	76	0.2913
SD	8	76.41	0.2665
SD	8	76.71	0.3801
SD	8	77	0.3944
SD	8	77.45	0.4247
SD	8	77.45	0.4247
SD	8	77.45	0.4247
SD	8	77.63	0.4833
SD	8	77.96	0.4422
SD	8	77.96	0.4422
SD	8	78	0.4499
SD	8	79	0.6193
SD	8	79.19	0.6437
SD	8	79.46	0.6786
SD	8	80	0.6648
SD	8	80.17	0.6614
SD	8	80.17	0.6614
SD	8	80.64	0.6693
SD	8	80.64	0.6693
SD	8	80.64	0.6693
SD	8	80.97	0.7149
SD	8	81	0.7198
SD	8	82	0.8961
SD	8	82.07	0.9108
SD	8	82.57	0.81
SD	8	83	0.7322
SD	8	83.15	0.7043
SD	8	83.68	0.747
SD	8	84	0.7493
SD	8	84.27	0.7495
SD	8	84.56	0.7185
SD	8	85	0.7106
SD	8	86	0.6887
SD	8	86.7	0.67
SD	8	87	0.7017
SD	8	87.91	0.7886
SD	8	88	0.7918
SD	8	89	0.8237
SD	8	89.51	0.8364
SD	8	90	0.8399
SD	8	90.45	0.8411
SD	8	90.77	0.8193
SD	8	91	0.8131
SD	8	91.34	0.8044
SD	8	91.34	0.8044
SD	8	92	0.9225
SD	8	93	1.015
SD	8	93.28	1.0241
SD	8	93.28	1.0241
SD	8	93.28	1.0241
SD	8	93.84	1.0594
SD	8	94	1.2434
SD	8	94.39	1.239
SD	8	95	1.03
SD	8	95.81	0.7346
SD	8	95.81	0.7346
SD	8	96	0.7283
SD	8	96.46	0.7214
SD	8	97	0.7806
SD	8	98	0.9001
SD	8	99	1.0274
SD	8	99.43	1.0838
SD	8	100	1.0059
SD	8	100.24	0.9963
SD	8	101	0.8892
SD	8	101.37	0.8331
SD	8	102	0.7738
SD	8	103	0.6718
SD	8	103.85	0.582
SD	8	104	0.5507
SD	8	104.48	0.4519
SD	8	105	0.4966
SD	8	106	0.5949
SD	8	107	0.7023
SD	8	108	0.8098
SD	8	109	0.9096
SD	8	110	0.996
SD	8	110.12	1.0056
SD	8	110.49	1.0253
SD	8	111	0.9913
SD	8	112	0.8994
SD	8	112.77	0.8022
SD	8	113	0.8114
SD	8	114	0.8425
SD	8	115	0.8551
SD	8	116	0.8467
SD	8	117	0.8171
SD	8	117.87	0.7759
SD	8	118	0.7851
SD	8	119	0.8489
SD	8	120	0.8934
SD	8	121	0.918
SD	8	122	0.9242
SD	8	123	0.9146
SD	8	123.74	0.8991
SD	8	124	0.8477
SD	8	125	0.6151
SD	8	125.85	0.3974
SD	8	126	0.399
SD	8	127	0.4032
SD	8	127.27	0.4027
SD	8	128	0.4433
SD	8	128.62	0.485
SD	8	129	0.5123
SD	8	130	0.5777
SD	8	131	0.6244
SD	8	132	0.6439
SD	8	132.15	0.6441
SD	8	133	0.6314
SD	8	134	0.6349
SD	8	135	0.6476
SD	8	135.18	0.6496
SD	8	136	0.6367
SD	8	137	0.6212
SD	8	138	0.6072
SD	8	139	0.5957
SD	8	139.65	0.5901
SD	8	140	0.5638
SD	8	141	0.4819
SD	8	141.72	0.4151
SD	8	142	0.4165
SD	8	142.26	0.4177
SD	8	143	0.4488
SD	8	144	0.4927
SD	8	145	0.5324
SD	8	146	0.5604
SD	8	147	0.5707
SD	8	147.03	0.5707
SD	8	148	0.5626
SD	8	149	0.5468
SD	8	150	0.5239
SD	8	151	0.4947
SD	8	152	0.4606
SD	8	153	0.4236
SD	8	154	0.3855
SD	8	155	0.3483
SD	8	155.48	0.3311
SD	8	155.86	0.3515
SD	8	156	0.3003
SD	8	156.4	0.1844
SD	8	156.4	0.1844
SD	8	157	0.1467
SD	8	158	0.0952
SD	8	158.05	0.0932
SD	9	0	0.2745
SD	9	1	0.2268
SD	9	2	0.1805
SD	9	3	0.1416
SD	9	3.78	0.1194
SD	9	4	0.124
SD	9	5	0.1455
SD	9	6	0.1678
SD	9	6.73	0.1841
SD	9	7	0.1859
SD	9	8	0.1923
SD	9	8.56	0.196
SD	9	8.56	0.196
SD	9	9	0.1997
SD	9	10	0.2094
SD	9	11	0.2203
SD	9	11.73	0.2283
SD	9	12	0.2458
SD	9	13	0.3117
SD	9	13.87	0.369
SD	9	14	0.3593
SD	9	15	0.2848
SD	9	16	0.2152
SD	9	17	0.1533
SD	9	18	0.1029
SD	9	19	0.0692
SD	9	20	0.0553
SD	9	20.65	0.0571
SD	9	21	0.0503
SD	9	22	0.0325
SD	9	23	0.0182
SD	9	24	0.0082
SD	9	25	0.0031
SD	9	25.46	0.0024
SD	9	26	0.0054
SD	9	27	0.0331
SD	9	28	0.0883
SD	9	28.32	0.1108
SD	9	29	0.095
SD	9	30	0.0722
SD	9	31	0.0511
SD	9	32	0.033
SD	9	33	0.0191
SD	9	33.05	0.0185
SD	9	33.25	0.0143
SD	9	33.61	0.0171
SD	9	34	0.0189
SD	9	35	0.0254
SD	9	36	0.034
SD	9	37	0.0435
SD	9	37.52	0.0485
SD	9	38	0.0529
SD	9	39	0.0635
SD	9	40	0.0761
SD	9	41	0.0909
SD	9	42	0.1079
SD	9	43	0.1271
SD	9	44	0.1484
SD	9	45	0.1714
SD	9	46	0.1958
SD	9	47	0.2213
SD	9	48	0.2473
SD	9	49	0.2735
SD	9	50	0.2994
SD	9	50.33	0.3078
SD	9	51	0.2776
SD	9	52	0.2302
SD	9	53	0.1826
SD	9	54	0.1387
SD	9	55	0.1017
SD	9	55.66	0.0822
SD	9	56	0.0719
SD	9	56.73	0.0681
SD	9	57	0.0726
SD	9	57.48	0.0813
SD	9	58	0.089
SD	9	59	0.1172
SD	9	59.91	0.1547
SD	9	60	0.1592
SD	9	61	0.2155
SD	9	61.35	0.2369
SD	9	62	0.2847
SD	9	63	0.3771
SD	9	64	0.4868
SD	9	65	0.6042
SD	9	65.11	0.6177
SD	9	65.88	0.7339
SD	9	65.88	0.7339
SD	9	65.88	0.7339
SD	9	66	0.7413
SD	9	67	0.8243
SD	9	67.84	0.9144
SD	9	67.84	0.9144
SD	9	67.84	0.9144
SD	9	68	0.9153
SD	9	68.2	0.9156
SD	9	68.2	0.9156
SD	9	68.2	0.9156
SD	9	68.2	0.9156
SD	9	68.2	0.9156
SD	9	68.2	0.9156
SD	9	68.2	0.9156
SD	9	68.2	0.9156
SD	9	68.86	0.8133
SD	9	68.86	0.8133
SD	9	69	0.809
SD	9	69.87	0.7526
SD	9	69.87	0.7526
SD	9	69.87	0.7526
SD	9	70	0.7579
SD	9	71	0.8294
SD	9	71.81	0.9132
SD	9	72	0.9531
SD	9	73	1.1524
SD	9	73.2	1.1902
SD	9	74	1.2361
SD	9	74.07	1.2404
SD	9	74.49	1.4504
SD	9	75	1.4324
SD	9	76	1.3863
SD	9	76.93	1.3306
SD	9	77	1.3301
SD	9	77.86	1.3231
SD	9	78	1.3219
SD	9	79	1.3387
SD	9	79.1	1.3454
SD	9	80	1.3095
SD	9	81	1.3173
SD	9	81.08	1.3196
SD	9	82	1.4647
SD	9	82.25	1.4751
SD	9	82.25	1.4751
SD	9	82.25	1.4751
SD	9	82.54	1.2423
SD	9	83	1.2177
SD	9	83.43	1.2011
SD	9	84	1.3271
SD	9	84.91	1.4476
SD	9	85	1.4482
SD	9	85.57	1.4528
SD	9	86	1.1928
SD	9	86.55	0.8282
SD	9	86.89	0.5233
SD	9	87	0.5206
SD	9	88	0.4936
SD	9	88.43	0.4803
SD	9	88.84	0.4326
SD	9	89	0.4259
SD	9	90	0.3931
SD	9	90.07	0.3915
SD	9	90.27	0.4124
SD	9	91	0.3113
SD	9	91.12	0.297
SD	9	92	0.2331
SD	9	92.87	0.1769
SD	9	93	0.209
SD	9	93.19	0.2574
SD	9	93.4	0.1933
SD	9	94	0.2182
SD	9	94.87	0.2501
SD	9	95	0.2519
SD	9	96	0.2622
SD	9	96.19	0.2637
SD	9	97	0.2153
SD	9	98	0.1649
SD	9	99	0.1284
SD	9	100	0.107
SD	9	100.07	0.106
SD	9	101	0.1647
SD	9	101.03	0.1667
SD	9	102	0.2225
SD	9	103	0.2845
SD	9	104	0.343
SD	9	105	0.3916
SD	9	106	0.4274
SD	9	106.61	0.4427
SD	9	107	0.4092
SD	9	107.39	0.3824
SD	9	108	0.4387
SD	9	109	0.4997
SD	9	109.12	0.5039
SD	9	110	0.4843
SD	9	111	0.4569
SD	9	112	0.4239
SD	9	113	0.3856
SD	9	113.39	0.3695
SD	9	114	0.3686
SD	9	115	0.3642
SD	9	116	0.3564
SD	9	117	0.3459
SD	9	118	0.3331
SD	9	119	0.319
SD	9	119.11	0.3174
SD	9	120	0.3192
SD	9	121	0.3175
SD	9	122	0.3119
SD	9	123	0.3026
SD	9	124	0.2903
SD	9	124.33	0.2857
SD	9	125	0.2698
SD	9	126	0.2403
SD	9	127	0.2049
SD	9	128	0.166
SD	9	128.15	0.1599
SD	9	129	0.169
SD	9	130	0.1812
SD	9	131	0.1947
SD	9	132	0.2086
SD	9	133	0.2222
SD	9	133.98	0.2345
SD	9	134	0.2347
SD	9	135	0.2435
SD	9	136	0.2493
SD	9	137	0.2517
SD	9	138	0.2506
SD	9	139	0.2463
SD	9	139.4	0.2438
SD	9	140	0.2692
SD	9	141	0.3156
SD	9	142	0.365
SD	9	143	0.4158
SD	9	144	0.4659
SD	9	145	0.5134
SD	9	145.7	0.5443
SD	9	146	0.5464
SD	9	146.83	0.5443
SD	9	147	0.5358
SD	9	148	0.4806
SD	9	149	0.4194
SD	9	150	0.3547
SD	9	151	0.2898
SD	9	152	0.2282
SD	9	152.83	0.1818
SD	9	153	0.1777
SD	9	154	0.1828
SD	9	154.19	0.1906
SD	9	155	0.1953
SD	9	156	0.2002
SD	9	157	0.2036
SD	9	158	0.2049
SD	9	159	0.204
SD	9	160	0.2008
SD	9	161	0.1954
SD	9	161.6	0.1913
SD	9	162	0.212
SD	9	163	0.2861
SD	9	164	0.386
SD	9	164.21	0.4097
SD	9	165	0.494
SD	9	166	0.5856
SD	9	166.96	0.6463
SD	9	167	0.6366
SD	9	167.53	0.492
SD	9	168	0.5118
SD	9	168.23	0.5196
SD	10	0	1.0518
SD	10	0.39	1.0869
SD	10	0.39	1.0869
SD	10	1	1.0275
SD	10	2	0.9134
SD	10	2.59	0.8394
SD	10	3	0.829
SD	10	4	0.767
SD	10	5	0.6614
SD	10	5.56	0.5901
SD	10	6	0.6001
SD	10	7	0.6253
SD	10	8	0.6543
SD	10	9	0.6884
SD	10	10	0.7283
SD	10	11	0.7742
SD	10	12	0.8254
SD	10	12.75	0.8663
SD	10	13	0.8598
SD	10	14	0.8256
SD	10	15	0.7783
SD	10	16	0.7183
SD	10	17	0.6472
SD	10	18	0.5683
SD	10	19	0.4859
SD	10	20	0.4055
SD	10	20.84	0.3428
SD	10	21	0.3451
SD	10	22	0.3593
SD	10	23	0.3734
SD	10	24	0.3872
SD	10	25	0.4004
SD	10	26	0.4127
SD	10	27	0.4238
SD	10	28	0.4331
SD	10	29	0.4405
SD	10	30	0.4454
SD	10	31	0.4475
SD	10	32	0.4466
SD	10	33	0.4424
SD	10	34	0.4348
SD	10	35	0.4238
SD	10	36	0.4097
SD	10	37	0.3927
SD	10	38	0.3733
SD	10	39	0.352
SD	10	40	0.3294
SD	10	41	0.3061
SD	10	42	0.2828
SD	10	43	0.26
SD	10	44	0.2381
SD	10	45	0.2175
SD	10	46	0.1986
SD	10	47	0.1815
SD	10	48	0.1662
SD	10	49	0.1529
SD	10	49.8	0.1436
SD	10	50	0.1472
SD	10	51	0.1738
SD	10	52	0.2134
SD	10	53	0.2634
SD	10	54	0.3202
SD	10	54.54	0.3525
SD	10	55	0.3836
SD	10	56	0.4426
SD	10	57	0.4843
SD	10	57.64	0.501
SD	10	58	0.6208
SD	10	58.48	0.7765
SD	10	59	0.7387
SD	10	59.81	0.622
SD	10	60	0.6105
SD	10	60.9	0.5406
SD	10	61	0.56
SD	10	61.41	0.6325
SD	10	61.62	0.6653
SD	10	61.62	0.6653
SD	10	61.62	0.6653
SD	10	61.62	0.6653
SD	10	62	0.8321
SD	10	63	1.1522
SD	10	63.68	1.2517
SD	10	64	1.1721
SD	10	64.85	0.9348
SD	10	64.85	0.9348
SD	10	64.94	0.8316
SD	10	64.94	0.8316
SD	10	65	0.8204
SD	10	65.75	0.6547
SD	10	66	0.5609
SD	10	66.31	0.4384
SD	10	67	0.4976
SD	10	68	0.5762
SD	10	68.01	0.5768
SD	10	68.47	0.4942
SD	10	68.77	0.5383
SD	10	69	0.5731
SD	10	69.24	0.6077
SD	10	69.53	0.6159
SD	10	70	0.6353
SD	10	70.91	0.6674
SD	10	71	0.6564
SD	10	72	0.518
SD	10	72.8	0.3954
SD	10	73	0.3832
SD	10	73.22	0.3695
SD	10	74	0.3425
SD	10	74.33	0.3312
SD	10	74.33	0.3312
SD	10	74.33	0.3312
SD	10	75	0.3861
SD	10	75.15	0.3974
SD	10	76	0.4397
SD	10	76.02	0.4402
SD	10	76.79	0.7501
SD	10	77	0.7415
SD	10	77.19	0.7333
SD	10	78	0.7353
SD	10	79	0.7293
SD	10	80	0.7143
SD	10	81	0.6917
SD	10	82	0.664
SD	10	83	0.6339
SD	10	84	0.604
SD	10	85	0.5761
SD	10	85.45	0.5647
SD	10	86	0.5966
SD	10	87	0.6421
SD	10	88	0.6671
SD	10	89	0.6674
SD	10	89.33	0.6617
SD	10	90	0.6564
SD	10	91	0.6449
SD	10	92	0.6288
SD	10	93	0.608
SD	10	94	0.5826
SD	10	95	0.5526
SD	10	96	0.5186
SD	10	97	0.4813
SD	10	98	0.4415
SD	10	99	0.4004
SD	10	100	0.359
SD	10	101	0.3185
SD	10	102	0.2799
SD	10	103	0.2438
SD	10	103.02	0.2431
SD	10	104	0.2871
SD	10	104.26	0.2989
SD	10	105	0.337
SD	10	106	0.3941
SD	10	107	0.4506
SD	10	108	0.4996
SD	10	109	0.5364
SD	10	109.24	0.5432
SD	10	109.58	0.6635
SD	10	109.58	0.6635
SD	10	110	0.708
SD	10	111	0.8129
SD	10	111.99	0.9099
SD	10	112	0.9102
SD	10	113	0.9658
SD	10	114	1.0096
SD	10	115	1.0396
SD	10	115.28	1.0456
SD	10	115.6	0.8424
SD	10	115.89	0.8825
SD	10	116	0.868
SD	10	117	0.7048
SD	10	118	0.5073
SD	10	118.15	0.4788
SD	10	118.15	0.4788
SD	10	118.15	0.4788
SD	10	119	0.3328
SD	10	119.87	0.1975
SD	10	120	0.2019
SD	10	120.75	0.227
SD	10	121	0.2438
SD	10	122	0.31
SD	10	123	0.3698
SD	10	123.24	0.3825
SD	10	124	0.4757
SD	10	125	0.5626
SD	10	125.84	0.6022
SD	10	126	0.6001
SD	10	127	0.5819
SD	10	128	0.5538
SD	10	129	0.5159
SD	10	130	0.4694
SD	10	131	0.4166
SD	10	131.85	0.3692
SD	10	132	0.3543
SD	10	133	0.2582
SD	10	134	0.171
SD	10	134.68	0.1204
SD	10	135	0.1321
SD	10	136	0.1756
SD	10	137	0.2277
SD	10	137.84	0.2762
SD	10	138	0.2805
SD	10	138.71	0.3115
SD	10	139	0.3011
SD	10	140	0.2539
SD	10	141	0.1926
SD	10	142	0.128
SD	10	142.22	0.1146
SD	10	143	0.124
SD	10	144	0.1433
SD	10	144.87	0.1665
SD	10	145	0.1431
SD	10	145.42	0.0791
SD	10	146	0.0764
SD	10	146.22	0.0766
SD	10	146.22	0.0766
SD	10	147	0.093
SD	10	148	0.1249
SD	10	148.29	0.136
SD	10	149	0.1328
SD	10	150	0.1272
SD	10	151	0.1215
SD	10	151.48	0.1192
SW	1	0	0.4749
SW	1	0.25	0.4792
SW	1	1	0.3465
SW	1	1.52	0.2539
SW	1	2	0.2466
SW	1	3	0.2281
SW	1	3.78	0.2109
SW	1	4	0.2184
SW	1	5	0.2542
SW	1	6	0.2926
SW	1	6.11	0.2971
SW	1	7	0.2949
SW	1	8	0.2916
SW	1	9	0.2879
SW	1	10	0.284
SW	1	11	0.2799
SW	1	12	0.2756
SW	1	12.31	0.2743
SW	1	13	0.2907
SW	1	13.84	0.3169
SW	1	14	0.3255
SW	1	15	0.3793
SW	1	15.81	0.4228
SW	1	16	0.4077
SW	1	17	0.3302
SW	1	18	0.2571
SW	1	19	0.1917
SW	1	20	0.1373
SW	1	20.14	0.1307
SW	1	21	0.2083
SW	1	21.01	0.2098
SW	1	21.91	0.2394
SW	1	22	0.2342
SW	1	22.8	0.1964
SW	1	23	0.214
SW	1	23.11	0.2233
SW	1	23.11	0.2233
SW	1	23.53	0.2414
SW	1	24	0.2072
SW	1	25	0.1394
SW	1	26	0.0843
SW	1	27	0.0493
SW	1	27.28	0.0437
SW	1	28	0.025
SW	1	29	0.0124
SW	1	30	0.0181
SW	1	31	0.0396
SW	1	31.61	0.0578
SW	1	32	0.0608
SW	1	33	0.0712
SW	1	34	0.0851
SW	1	35	0.1021
SW	1	36	0.1211
SW	1	37	0.1411
SW	1	38	0.161
SW	1	38.83	0.177
SW	1	39	0.1751
SW	1	40	0.1647
SW	1	40.63	0.1586
SW	1	40.63	0.1586
SW	1	41	0.1822
SW	1	42	0.2555
SW	1	43	0.3326
SW	1	43.74	0.3861
SW	1	44	0.5262
SW	1	44.09	0.5688
SW	1	45	0.3499
SW	1	46	0.1499
SW	1	46.08	0.1378
SW	1	46.36	0.1805
SW	1	47	0.1244
SW	1	48	0.0869
SW	1	48.62	0.0998
SW	1	48.62	0.0998
SW	1	48.94	0.08
SW	1	48.94	0.08
SW	1	49	0.078
SW	1	49.5	0.0661
SW	1	50	0.063
SW	1	51	0.0847
SW	1	51.18	0.0924
SW	1	51.18	0.0924
SW	1	51.79	0.1851
SW	1	52	0.1714
SW	1	52.96	0.1139
SW	1	53	0.1133
SW	1	54	0.0964
SW	1	55	0.0772
SW	1	56	0.0588
SW	1	57	0.0439
SW	1	57.49	0.0384
SW	1	58	0.0362
SW	1	58.7	0.0403
SW	1	58.7	0.0403
SW	1	59	0.0431
SW	1	60	0.0594
SW	1	61	0.0865
SW	1	62	0.1241
SW	1	63	0.1711
SW	1	64	0.2255
SW	1	64.59	0.2604
SW	1	65	0.2647
SW	1	66	0.2739
SW	1	66.35	0.2766
SW	1	67	0.246
SW	1	68	0.2111
SW	1	69	0.1888
SW	1	69.35	0.1836
SW	1	69.88	0.0341
SW	1	69.88	0.0341
SW	1	69.88	0.0341
SW	1	70	0.0353
SW	1	70.15	0.0369
SW	1	70.42	0.0501
SW	1	70.42	0.0501
SW	1	71	0.0387
SW	1	72	0.0177
SW	1	72.68	0.0076
SW	1	73	0.0074
SW	1	73.25	0.0073
SW	1	74	0.024
SW	1	74.94	0.0995
SW	1	75	0.1067
SW	1	75.32	0.1475
SW	1	76	0.1882
SW	1	77	0.2507
SW	1	78	0.3104
SW	1	78.22	0.3226
SW	1	79	0.4051
SW	1	79.22	0.4256
SW	1	80	0.4038
SW	1	81	0.39
SW	1	81.02	0.39
SW	1	81.87	0.3959
SW	1	82	0.3998
SW	1	83	0.4319
SW	1	84	0.4613
SW	1	84	0.4616
SW	1	84.68	0.5501
SW	1	85	0.544
SW	1	85.25	0.5386
SW	1	86	0.4009
SW	1	87	0.2307
SW	1	87.01	0.2288
SW	1	88	0.1933
SW	1	88.14	0.189
SW	1	88.14	0.189
SW	1	89	0.2819
SW	1	89.25	0.321
SW	1	90	0.4017
SW	1	90.36	0.4416
SW	1	90.36	0.4416
SW	1	90.36	0.4416
SW	1	90.53	0.4292
SW	1	90.53	0.4292
SW	1	91	0.6394
SW	1	91.16	0.7052
SW	1	91.16	0.7052
SW	1	91.22	0.7006
SW	1	91.22	0.7006
SW	1	92	0.6917
SW	1	92.39	0.6907
SW	1	92.96	0.5699
SW	1	93	0.5645
SW	1	93.16	0.5432
SW	1	93.44	0.6002
SW	1	94	0.6247
SW	1	95	0.6423
SW	1	95.66	0.6473
SW	1	96	0.6382
SW	1	97	0.6098
SW	1	97.63	0.5904
SW	1	98	0.517
SW	1	99	0.3247
SW	1	99.06	0.3135
SW	1	100	0.6502
SW	1	101	1.044
SW	1	101.19	1.108
SW	1	101.96	1.3304
SW	1	102	1.3451
SW	1	103	1.7061
SW	1	103.18	1.7632
SW	1	104	1.8067
SW	1	105	1.8607
SW	1	105.12	1.8674
SW	1	106	1.7102
SW	1	106.79	1.5081
SW	1	106.79	1.5081
SW	1	107	1.5075
SW	1	107.71	1.5075
SW	1	108	1.599
SW	1	109	1.8924
SW	1	109.29	1.9707
SW	1	110	1.9063
SW	1	110.96	1.8198
SW	1	111	1.8196
SW	1	112	1.8085
SW	1	113	1.7799
SW	1	114	1.727
SW	1	115	1.6404
SW	1	115.25	1.6133
SW	1	116	1.665
SW	1	117	1.7138
SW	1	118	1.7338
SW	1	119	1.7203
SW	1	119.33	1.7082
SW	1	120	1.8237
SW	1	121	1.9655
SW	1	121.21	1.9908
SW	1	122	2.1665
SW	1	122.08	2.1821
SW	1	122.47	1.9476
SW	1	123	2.0558
SW	1	124	2.2366
SW	1	124.32	2.2881
SW	1	125	2.2973
SW	1	126	2.2837
SW	1	127	2.2417
SW	1	128	2.1776
SW	1	128.27	2.1574
SW	1	129	2.1069
SW	1	130	1.9936
SW	1	131	1.8301
SW	1	131.96	1.6452
SW	1	132	1.6495
SW	1	133	1.7693
SW	1	134	1.8719
SW	1	135	1.9474
SW	1	136	1.9942
SW	1	137	2.0151
SW	1	138	2.0139
SW	1	138.18	2.0117
SW	1	139	2.0951
SW	1	140	2.1953
SW	1	141	2.2914
SW	1	142	2.3815
SW	1	143	2.4636
SW	1	144	2.5362
SW	1	144.75	2.5839
SW	1	145	2.6486
SW	1	145.59	2.7854
SW	1	146	2.8525
SW	1	146.72	2.9426
SW	1	147	2.9292
SW	1	147.73	2.8706
SW	1	148	2.9225
SW	1	148.09	2.9393
SW	1	149	2.5701
SW	1	149.56	2.2732
SW	1	150	2.3397
SW	1	150.73	2.4415
SW	1	150.73	2.4415
SW	1	150.73	2.4415
SW	1	150.73	2.4415
SW	1	150.73	2.4415
SW	1	151	2.3587
SW	1	152	1.9702
SW	1	152.69	1.6622
SW	1	152.96	1.5534
SW	1	152.96	1.5534
SW	1	152.96	1.5534
SW	1	152.96	1.5534
SW	1	152.96	1.5534
SW	1	152.96	1.5534
SW	1	153	1.5534
SW	1	153.23	1.5537
SW	1	153.23	1.5537
SW	1	153.23	1.5537
SW	1	153.23	1.5537
SW	1	153.23	1.5537
SW	1	153.5	1.5534
SW	1	153.5	1.5534
SW	1	153.5	1.5534
SW	1	153.5	1.5534
SW	1	153.5	1.5534
SW	1	153.5	1.5534
SW	1	153.5	1.5534
SW	1	153.5	1.5534
SW	1	153.5	1.5534
SW	1	153.5	1.5534
SW	1	153.5	1.5534
SW	1	153.5	1.5534
SW	1	153.5	1.5534
SW	1	153.5	1.5534
SW	1	153.5	1.5534
SW	1	153.75	1.5589
SW	1	154	1.5664
SW	1	155	1.5943
SW	1	156	1.618
SW	1	157	1.6378
SW	1	158	1.6538
SW	1	159	1.6662
SW	1	160	1.6754
SW	1	160.39	1.6782
SW	1	161	1.6528
SW	1	162	1.6065
SW	1	163	1.5539
SW	1	164	1.4952
SW	1	165	1.4312
SW	1	166	1.3628
SW	1	167	1.2915
SW	1	168	1.2192
SW	1	169	1.1486
SW	1	170	1.0829
SW	1	170.61	1.0464
SW	1	171	1.0435
SW	1	172	1.0381
SW	1	173	1.0348
SW	1	174	1.0323
SW	1	175	1.0293
SW	1	176	1.0245
SW	1	177	1.0167
SW	1	178	1.0051
SW	1	179	0.989
SW	1	180	0.9678
SW	1	180.89	0.9448
SW	1	181	0.952
SW	1	182	1.0175
SW	1	183	1.0865
SW	1	184	1.1584
SW	1	185	1.2324
SW	1	186	1.3075
SW	1	187	1.3825
SW	1	188	1.4561
SW	1	189	1.5271
SW	1	190	1.5942
SW	1	191	1.6563
SW	1	192	1.7128
SW	1	193	1.763
SW	1	194	1.8066
SW	1	194.61	1.8297
SW	1	194.61	1.8297
SW	1	194.61	1.8297
SW	1	195	1.9515
SW	1	195.47	2.0903
SW	1	196	2.2627
SW	1	196.98	2.5062
SW	1	197	2.5047
SW	1	198	2.4177
SW	1	199	2.2932
SW	1	200	2.1212
SW	1	201	1.8851
SW	1	201.3	1.8015
SW	1	202	1.8559
SW	1	203	1.9223
SW	1	204	1.9753
SW	1	205	2.0149
SW	1	206	2.041
SW	1	207	2.0541
SW	1	208	2.055
SW	1	209	2.0448
SW	1	210	2.0247
SW	1	210.35	2.0157
SW	1	211	2.0534
SW	1	212	2.1036
SW	1	213	2.1431
SW	1	214	2.1727
SW	1	215	2.1954
SW	1	216	2.2149
SW	1	217	2.234
SW	1	218	2.2543
SW	1	218.22	2.259
SW	1	219	2.5552
SW	1	219.13	2.589
SW	1	219.44	2.6165
SW	1	219.44	2.6165
SW	1	220	2.5932
SW	1	221	2.5537
SW	1	221.01	2.5532
SW	1	221.96	2.4358
SW	1	222	2.4261
SW	1	223	2.1572
SW	1	224	1.8835
SW	1	224.6	1.638
SW	1	224.97	1.5041
SW	1	225	1.5066
SW	1	225.83	1.5706
SW	1	226	1.5716
SW	1	226.58	1.573
SW	1	227	1.6126
SW	1	228	1.648
SW	1	228.14	1.6444
SW	1	229	1.5864
SW	1	230	1.5199
SW	1	231	1.4581
SW	1	232	1.4059
SW	1	233	1.3673
SW	1	234	1.3439
SW	1	234.97	1.3345
SW	1	235	1.3345
SW	1	236	1.334
SW	1	237	1.3281
SW	1	237.77	1.3191
SW	1	238	1.318
SW	1	239	1.3136
SW	1	240	1.3095
SW	1	241	1.3049
SW	1	242	1.2988
SW	1	243	1.2903
SW	1	243.07	1.2896
SW	1	244	1.3315
SW	1	245	1.3693
SW	1	246	1.3995
SW	1	247	1.4225
SW	1	247.22	1.4266
SW	1	248	1.3883
SW	1	248.76	1.351
SW	1	249	1.3716
SW	1	249.58	1.4254
SW	1	250	1.5282
SW	1	250	1.5281
SW	1	251	1.3973
SW	1	252	1.2569
SW	1	253	1.1093
SW	1	254	0.958
SW	1	255	0.8076
SW	1	256	0.6633
SW	1	256.31	0.6207
SW	1	257	0.6513
SW	1	258	0.6789
SW	1	258.12	0.6809
SW	1	259	0.7092
SW	1	260	0.7379
SW	1	260.03	0.7386
SW	1	261	0.6809
SW	1	262	0.6188
SW	1	263	0.5545
SW	1	264	0.489
SW	1	265	0.4236
SW	1	266	0.3597
SW	1	267	0.2992
SW	1	267.88	0.2498
SW	2	0	0.488
SW	2	1	0.4858
SW	2	2	0.4718
SW	2	3	0.4474
SW	2	4	0.415
SW	2	4.71	0.3887
SW	2	5	0.3488
SW	2	5.27	0.3138
SW	2	5.55	0.3052
SW	2	5.55	0.3052
SW	2	6	0.334
SW	2	6.23	0.3507
SW	2	7	0.2652
SW	2	7.09	0.2557
SW	2	8	0.4601
SW	2	8.1	0.4837
SW	2	8.67	0.5254
SW	2	9	0.5955
SW	2	9.35	0.6658
SW	2	9.73	0.51
SW	2	10	0.5091
SW	2	11	0.4995
SW	2	12	0.4811
SW	2	13	0.4556
SW	2	14	0.425
SW	2	14.35	0.4136
SW	2	15	0.4278
SW	2	16	0.4404
SW	2	16.89	0.4418
SW	2	17	0.4409
SW	2	18	0.4369
SW	2	18.84	0.4387
SW	2	19	0.4399
SW	2	20	0.4528
SW	2	21	0.4717
SW	2	22	0.4907
SW	2	22.44	0.498
SW	2	23	0.5842
SW	2	23.16	0.6084
SW	2	23.79	0.5744
SW	2	24	0.5705
SW	2	24.57	0.559
SW	2	24.86	0.5248
SW	2	25	0.5171
SW	2	26	0.4529
SW	2	27	0.3786
SW	2	27	0.3786
SW	2	28	0.4092
SW	2	29	0.4257
SW	2	29.12	0.4266
SW	2	30	0.5237
SW	2	30.21	0.5451
SW	2	30.21	0.5451
SW	2	31	0.5035
SW	2	32	0.4469
SW	2	32.35	0.4259
SW	2	33	0.4196
SW	2	34	0.4105
SW	2	35	0.4022
SW	2	36	0.3943
SW	2	37	0.3867
SW	2	38	0.3792
SW	2	38.75	0.3736
SW	2	39	0.3864
SW	2	40	0.4398
SW	2	41	0.4957
SW	2	42	0.5513
SW	2	43	0.6037
SW	2	44	0.6508
SW	2	45	0.6915
SW	2	46	0.7252
SW	2	46.99	0.7518
SW	2	47	0.7519
SW	2	48	0.7606
SW	2	49	0.7638
SW	2	50	0.7598
SW	2	51	0.7467
SW	2	52	0.7229
SW	2	53	0.6871
SW	2	54	0.6387
SW	2	55	0.5782
SW	2	56	0.5077
SW	2	57	0.4311
SW	2	58	0.3542
SW	2	58.58	0.3118
SW	2	59	0.3216
SW	2	60	0.34
SW	2	61	0.348
SW	2	62	0.3438
SW	2	63	0.3283
SW	2	64	0.3037
SW	2	65	0.2735
SW	2	66	0.2412
SW	2	67	0.2097
SW	2	68	0.181
SW	2	68.02	0.1803
SW	2	69	0.1652
SW	2	70	0.1483
SW	2	70.04	0.1477
SW	2	71	0.2673
SW	2	71.33	0.3111
SW	2	72	0.3367
SW	2	72.69	0.3631
SW	2	73	0.3981
SW	2	74	0.5109
SW	2	74.94	0.6053
SW	2	75	0.602
SW	2	75.94	0.5509
SW	2	76	0.5541
SW	2	77	0.5976
SW	2	78	0.6245
SW	2	78.97	0.6349
SW	2	79	0.6323
SW	2	79.87	0.5564
SW	2	80	0.5512
SW	2	81	0.4899
SW	2	81.81	0.4152
SW	2	81.81	0.4152
SW	2	81.81	0.4152
SW	2	82	0.414
SW	2	82.69	0.3427
SW	2	83	0.3476
SW	2	84	0.3635
SW	2	84.33	0.3685
SW	2	85	0.4157
SW	2	86	0.487
SW	2	87	0.5573
SW	2	87.51	0.5923
SW	2	88	0.6133
SW	2	89	0.6546
SW	2	90	0.6912
SW	2	91	0.721
SW	2	92	0.7425
SW	2	93	0.755
SW	2	94	0.7584
SW	2	95	0.7535
SW	2	96	0.7413
SW	2	96.92	0.7248
SW	2	97	0.7386
SW	2	98	0.9079
SW	2	99	1.045
SW	2	100	1.128
SW	2	101	1.1578
SW	2	102	1.1416
SW	2	102.4	1.1241
SW	2	103	1.1263
SW	2	104	1.1099
SW	2	105	1.0669
SW	2	106	0.9973
SW	2	107	0.903
SW	2	108	0.7884
SW	2	109	0.6613
SW	2	109.98	0.5348
SW	2	110	0.5371
SW	2	111	0.6709
SW	2	112	0.7993
SW	2	113	0.9183
SW	2	114	1.0274
SW	2	115	1.1279
SW	2	116	1.2216
SW	2	116.72	1.2858
SW	2	117	1.3431
SW	2	118	1.5441
SW	2	119	1.7317
SW	2	120	1.9035
SW	2	120.68	2.0108
SW	2	121	1.9696
SW	2	121.35	1.9235
SW	2	122	1.8314
SW	2	122.54	1.7246
SW	2	122.68	1.8071
SW	2	123	1.853
SW	2	123.54	1.9396
SW	2	124	2.1578
SW	2	124.36	2.2972
SW	2	124.36	2.2972
SW	2	125	2.07
SW	2	126	1.6974
SW	2	127	1.3167
SW	2	128	0.9563
SW	2	128.09	0.9274
SW	2	128.38	0.8804
SW	2	128.67	0.8891
SW	2	128.67	0.8891
SW	2	128.95	0.9303
SW	2	129	0.9345
SW	2	129.36	0.9649
SW	2	129.69	0.9252
SW	2	130	0.8938
SW	2	130.39	0.8563
SW	2	130.39	0.8563
SW	2	130.39	0.8563
SW	2	130.39	0.8563
SW	2	130.39	0.8563
SW	2	130.39	0.8563
SW	2	130.39	0.8563
SW	2	130.39	0.8563
SW	2	130.39	0.8563
SW	2	130.39	0.8563
SW	2	130.39	0.8563
SW	2	130.39	0.8563
SW	2	130.39	0.8563
SW	2	130.59	0.958
SW	2	130.59	0.958
SW	2	130.79	1.0338
SW	2	130.79	1.0338
SW	2	131	1.0262
SW	2	131.11	1.0234
SW	2	131.71	0.8584
SW	2	131.71	0.8584
SW	2	131.71	0.8584
SW	2	131.71	0.8584
SW	2	131.71	0.8584
SW	2	131.71	0.8584
SW	2	131.71	0.8584
SW	2	132	0.8758
SW	2	132.25	0.8915
SW	2	132.25	0.8915
SW	2	132.25	0.8915
SW	2	133	1.0789
SW	2	133.14	1.1035
SW	2	133.5	0.9689
SW	2	133.63	0.9876
SW	2	133.63	0.9876
SW	2	133.63	0.9876
SW	2	134	1.0134
SW	2	134.17	1.0254
SW	2	134.17	1.0254
SW	2	135	1.0782
SW	2	135.56	1.1161
SW	2	135.84	1.1069
SW	2	135.84	1.1069
SW	2	136	1.2972
SW	2	136.33	1.6183
SW	2	136.33	1.6183
SW	2	137	1.4179
SW	2	137.41	1.2767
SW	2	138	1.2597
SW	2	138.58	1.1978
SW	2	139	1.2985
SW	2	139.43	1.3921
SW	2	139.43	1.3921
SW	2	140	1.287
SW	2	140.53	1.1827
SW	2	141	1.0876
SW	2	141.07	1.0713
SW	2	141.07	1.0713
SW	2	141.07	1.0713
SW	2	142	1.1532
SW	2	142.88	1.1742
SW	2	142.88	1.1742
SW	2	143	1.1552
SW	2	144	0.9681
SW	2	144.42	0.8642
SW	2	144.78	0.8731
SW	2	145	1.0411
SW	2	145.32	1.2234
SW	2	145.32	1.2234
SW	2	146	1.2941
SW	2	146.14	1.3074
SW	2	146.14	1.3074
SW	2	146.14	1.3074
SW	2	147	1.3882
SW	2	148	1.4956
SW	2	148.55	1.5591
SW	2	149	1.5921
SW	2	150	1.6621
SW	2	151	1.728
SW	2	152	1.7894
SW	2	153	1.8459
SW	2	154	1.8974
SW	2	154.02	1.8984
SW	2	154.02	1.8984
SW	2	154.56	1.8301
SW	2	154.56	1.8301
SW	2	154.83	1.8311
SW	2	155	1.8448
SW	2	155.67	1.8979
SW	2	156	1.9283
SW	2	156.84	2.0099
SW	2	157	2.0148
SW	2	158	2.0253
SW	2	158.32	2.0248
SW	2	159	2.1252
SW	2	159.79	2.4141
SW	2	160	2.4496
SW	2	160.39	2.5121
SW	2	160.78	2.665
SW	2	160.78	2.665
SW	2	161	2.6745
SW	2	161.73	2.695
SW	2	162	2.6662
SW	2	162.81	2.5272
SW	2	163	2.4678
SW	2	163.3	2.3592
SW	2	163.47	2.3236
SW	2	164	2.4715
SW	2	164.34	2.5517
SW	2	165	2.6111
SW	2	165.88	2.6719
SW	2	166	2.6851
SW	2	167	2.7863
SW	2	168	2.8731
SW	2	169	2.9461
SW	2	170	3.0061
SW	2	171	3.0552
SW	2	171.74	3.0863
SW	2	172	3.0795
SW	2	173	3.0472
SW	2	174	3.0021
SW	2	175	2.9411
SW	2	176	2.8615
SW	2	177	2.7613
SW	2	177.6	2.6907
SW	2	178	2.6611
SW	2	179	2.562
SW	2	180	2.4268
SW	2	180.37	2.368
SW	2	181	2.5858
SW	2	181.76	2.7535
SW	2	182	2.6991
SW	2	182.75	2.4681
SW	2	183	2.3588
SW	2	183.36	2.1786
SW	2	183.36	2.1786
SW	2	183.36	2.1786
SW	2	184	2.0084
SW	2	185	1.7063
SW	2	185.42	1.564
SW	2	185.42	1.564
SW	2	186	1.6224
SW	2	186.64	1.6868
SW	2	187	1.639
SW	2	187.19	1.6135
SW	2	187.19	1.6135
SW	2	188	1.7118
SW	2	188.01	1.7133
SW	2	188.01	1.7133
SW	2	188.47	1.6648
SW	2	188.78	1.6613
SW	2	189	1.6062
SW	2	189.65	1.4239
SW	2	190	1.2857
SW	2	191	0.8788
SW	2	191.03	0.868
SW	2	191.71	0.8046
SW	2	192	0.8535
SW	2	192.69	0.9709
SW	2	193	0.9501
SW	2	193.68	0.9051
SW	2	194	0.8463
SW	2	195	0.6876
SW	2	196	0.5849
SW	2	196.21	0.5723
SW	2	197	0.5482
SW	2	198	0.5167
SW	2	199	0.4843
SW	2	200	0.452
SW	2	201	0.4211
SW	2	202	0.3924
SW	2	203	0.3668
SW	2	204	0.344
SW	2	204.23	0.339
SW	2	205	0.3485
SW	2	206	0.3695
SW	2	207	0.4006
SW	2	208	0.4413
SW	2	209	0.4904
SW	2	209.59	0.5227
SW	2	210	0.5295
SW	2	210.97	0.5401
SW	2	211	0.5404
SW	2	211.48	0.5411
SW	2	211.48	0.5411
SW	2	212	0.5664
SW	2	212.25	0.5767
SW	2	213	0.6045
SW	2	214	0.6401
SW	2	215	0.6594
SW	2	215.17	0.6606
SW	2	216	0.6025
SW	2	217	0.5341
SW	2	218	0.4687
SW	2	218.7	0.4252
SW	2	219	0.4518
SW	2	219.99	0.5553
SW	2	220	0.5552
SW	2	221	0.537
SW	2	221.54	0.5244
SW	2	222	0.4568
SW	2	222.31	0.4179
SW	2	223	0.4447
SW	2	224	0.4867
SW	2	225	0.5296
SW	2	225.96	0.5689
SW	2	226	0.5696
SW	2	227	0.582
SW	2	228	0.588
SW	2	228.44	0.5889
SW	2	229	0.6645
SW	2	230	0.818
SW	2	231	0.9538
SW	2	231.5	1.0123
SW	2	232	0.9826
SW	2	233	0.9216
SW	2	234	0.8611
SW	2	235	0.8054
SW	2	236	0.7595
SW	2	237	0.7267
SW	2	237.74	0.7106
SW	2	238	0.7099
SW	2	239	0.707
SW	2	240	0.7035
SW	2	240.31	0.7022
SW	2	240.62	0.6902
SW	2	241	0.6684
SW	2	242	0.6044
SW	2	242.86	0.5423
SW	2	243	0.5413
SW	2	244	0.537
SW	2	244.56	0.5368
SW	2	245	0.5219
SW	2	245.2	0.5152
SW	2	246	0.5137
SW	2	246.13	0.5109
SW	2	247	0.5259
SW	2	248	0.5427
SW	2	249	0.5598
SW	2	250	0.5778
SW	2	251	0.5969
SW	2	251.18	0.6005
SW	3	35	0.041
SW	3	36	0.0878
SW	3	37	0.1541
SW	3	38	0.2344
SW	3	38.27	0.2576
SW	3	39	0.2318
SW	3	40	0.1965
SW	3	41	0.1618
SW	3	42	0.1285
SW	3	43	0.0977
SW	3	44	0.0702
SW	3	45	0.047
SW	3	46	0.0285
SW	3	47	0.0151
SW	3	48	0.0064
SW	3	48.27	0.0049
SW	3	49	0.0179
SW	3	49.83	0.0451
SW	3	50	0.0439
SW	3	51	0.0372
SW	3	52	0.0303
SW	3	53	0.0237
SW	3	53.88	0.0187
SW	3	54	0.0168
SW	3	54.92	0.0172
SW	3	55	0.0192
SW	3	56	0.0562
SW	3	57	0.1107
SW	3	57.8	0.1642
SW	3	58	0.1753
SW	3	59	0.2587
SW	3	59.24	0.284
SW	3	60	0.2488
SW	3	60.87	0.2031
SW	3	61	0.2063
SW	3	61.51	0.2211
SW	3	62	0.2196
SW	3	63	0.2164
SW	3	63.63	0.2142
SW	3	64	0.2154
SW	3	65	0.2286
SW	3	65.18	0.2328
SW	3	66	0.2401
SW	3	67	0.2475
SW	3	68	0.253
SW	3	69	0.2567
SW	3	70	0.2586
SW	3	71	0.2589
SW	3	71.8	0.258
SW	3	72	0.246
SW	3	73	0.1915
SW	3	74	0.1577
SW	3	74.83	0.1503
SW	3	75	0.1429
SW	3	75.12	0.138
SW	3	76	0.1388
SW	3	76.41	0.1561
SW	3	76.41	0.1561
SW	3	76.58	0.1721
SW	3	76.58	0.1721
SW	3	76.58	0.1721
SW	3	76.58	0.1721
SW	3	76.99	0.3522
SW	3	77	0.3554
SW	3	77.4	0.498
SW	3	77.4	0.498
SW	3	77.4	0.498
SW	3	77.4	0.498
SW	3	77.4	0.498
SW	3	77.67	0.5195
SW	3	77.67	0.5195
SW	3	77.67	0.5195
SW	3	77.67	0.5195
SW	3	77.67	0.5195
SW	3	77.67	0.5195
SW	3	77.67	0.5195
SW	3	78	0.4424
SW	3	78.21	0.3919
SW	3	78.21	0.3919
SW	3	78.21	0.3919
SW	3	78.5	0.4321
SW	3	79	0.4603
SW	3	79.15	0.4686
SW	3	79.15	0.4686
SW	3	80	0.5304
SW	3	80.59	0.5727
SW	3	80.59	0.5727
SW	3	81	0.6447
SW	3	81.82	0.7453
SW	3	82	0.6868
SW	3	82.1	0.6524
SW	3	82.1	0.6524
SW	3	83	0.6299
SW	3	83.26	0.6238
SW	3	84	0.5825
SW	3	84.14	0.5751
SW	3	84.14	0.5751
SW	3	84.7	0.6704
SW	3	84.97	0.5568
SW	3	84.97	0.5568
SW	3	84.97	0.5568
SW	3	85	0.5574
SW	3	86	0.5755
SW	3	86.42	0.5813
SW	3	87	0.5802
SW	3	88	0.5867
SW	3	88.53	0.6025
SW	3	89	0.6075
SW	3	90	0.6154
SW	3	91	0.62
SW	3	92	0.621
SW	3	93	0.6176
SW	3	93.11	0.6169
SW	3	94	0.5469
SW	3	95	0.4621
SW	3	96	0.3745
SW	3	97	0.2893
SW	3	97.35	0.261
SW	3	98	0.286
SW	3	99	0.3268
SW	3	100	0.3678
SW	3	100.84	0.4007
SW	3	101	0.4167
SW	3	102	0.503
SW	3	102.6	0.541
SW	3	103	0.5592
SW	3	103.79	0.5965
SW	3	104	0.5746
SW	3	104.5	0.5277
SW	3	105	0.6276
SW	3	105.51	0.7169
SW	3	106	0.7089
SW	3	107	0.7056
SW	3	107.55	0.7203
SW	3	108	0.6928
SW	3	109	0.6308
SW	3	110	0.5669
SW	3	111	0.5006
SW	3	112	0.4317
SW	3	112.09	0.4254
SW	3	113	0.5023
SW	3	114	0.5731
SW	3	115	0.6271
SW	3	115.54	0.6494
SW	3	115.54	0.6494
SW	3	116	0.7335
SW	3	117	0.8966
SW	3	117.23	0.9295
SW	3	117.23	0.9295
SW	3	118	0.9446
SW	3	118.63	0.9572
SW	3	119	0.9556
SW	3	120	0.9418
SW	3	121	0.9144
SW	3	121.37	0.9012
SW	3	122	0.821
SW	3	122.85	0.6967
SW	3	122.85	0.6967
SW	3	123	0.7338
SW	3	123.9	0.9246
SW	3	123.9	0.9246
SW	3	124	0.8736
SW	3	124.24	0.7251
SW	3	124.24	0.7251
SW	3	125	0.8595
SW	3	125.06	0.8707
SW	3	125.49	0.7624
SW	3	125.49	0.7624
SW	3	125.93	0.788
SW	3	126	0.7947
SW	3	126.76	0.842
SW	3	126.76	0.842
SW	3	126.76	0.842
SW	3	126.76	0.842
SW	3	126.76	0.842
SW	3	127	0.8031
SW	3	127.13	0.7818
SW	3	127.13	0.7818
SW	3	127.51	0.6496
SW	3	127.79	0.5948
SW	3	128	0.6437
SW	3	128.27	0.7
SW	3	128.27	0.7
SW	3	128.54	0.6884
SW	3	128.54	0.6884
SW	3	129	0.7702
SW	3	129.08	0.7844
SW	3	130	0.7747
SW	3	130.76	0.7531
SW	3	131	0.8016
SW	3	131.75	0.9439
SW	3	132	0.9727
SW	3	132.15	0.9902
SW	3	133	0.9074
SW	3	134	0.789
SW	3	134.73	0.6936
SW	3	135	0.7372
SW	3	136	0.8928
SW	3	136.98	1.0312
SW	3	137	1.0322
SW	3	138	1.0576
SW	3	139	1.035
SW	3	140	0.9625
SW	3	140.06	0.9564
SW	3	141	0.8446
SW	3	142	0.7172
SW	3	142.72	0.6235
SW	3	143	0.6233
SW	3	144	0.6138
SW	3	144.09	0.6123
SW	3	145	0.4705
SW	3	146	0.3319
SW	3	146.82	0.2372
SW	3	147	0.2546
SW	3	148	0.3705
SW	3	149	0.514
SW	3	150	0.6695
SW	3	151	0.8216
SW	3	152	0.9614
SW	3	152.34	1.0047
SW	3	153	1.0485
SW	3	154	1.0968
SW	3	155	1.1226
SW	3	155.19	1.1251
SW	3	156	1.0603
SW	3	156.66	0.9952
SW	3	156.66	0.9952
SW	3	157	0.857
SW	3	158	0.4513
SW	3	158.72	0.2171
SW	3	159	0.2309
SW	3	159.7	0.2664
SW	3	160	0.2671
SW	3	160.06	0.2672
SW	3	161	0.3449
SW	3	161.54	0.3917
SW	3	161.54	0.3917
SW	3	162	0.3892
SW	3	162.08	0.3879
SW	3	162.08	0.3879
SW	3	162.78	0.5281
SW	3	163	0.5195
SW	3	164	0.4759
SW	3	165	0.4327
SW	3	166	0.4033
SW	3	166.62	0.3962
SW	3	167	0.3481
SW	3	168	0.2194
SW	3	169	0.1027
SW	3	170	0.0291
SW	3	170.27	0.0192
SW	3	171	0.0306
SW	3	172	0.052
SW	3	173	0.0793
SW	3	174	0.1107
SW	3	175	0.1434
SW	3	176	0.1749
SW	3	177	0.2036
SW	3	177.07	0.2054
SW	3	178	0.1724
SW	3	179	0.1382
SW	3	180	0.1086
SW	3	181	0.0863
SW	3	181.68	0.0761
SW	3	182	0.022
SW	3	182.12	0.0118
SW	3	183	0.0125
SW	3	184	0.0132
SW	3	185	0.014
SW	3	185.83	0.0147
SW	3	186	0.0176
SW	3	187	0.0439
SW	3	188	0.0868
SW	3	189	0.1437
SW	3	190	0.2102
SW	3	191	0.2812
SW	3	192	0.352
SW	3	193	0.4193
SW	3	194	0.4805
SW	3	195	0.5337
SW	3	195.33	0.5492
SW	3	196	0.4733
SW	3	197	0.3638
SW	3	198	0.2631
SW	3	199	0.1778
SW	3	199.9	0.1184
SW	3	200	0.1142
SW	3	201	0.0713
SW	3	201.85	0.0432
SW	3	202	0.0414
SW	3	202.15	0.0396
SW	3	203	0.0514
SW	3	204	0.0753
SW	3	204.52	0.0916
SW	3	205	0.0876
SW	3	206	0.0792
SW	3	207	0.071
SW	3	208	0.063
SW	3	209	0.0556
SW	3	209.45	0.0524
SW	4	0	0.3997
SW	4	1	0.4306
SW	4	2	0.458
SW	4	3	0.4807
SW	4	3.56	0.491
SW	4	4	0.4517
SW	4	5	0.352
SW	4	6	0.253
SW	4	6.19	0.2369
SW	4	7	0.3591
SW	4	7.3	0.4054
SW	4	8	0.4733
SW	4	9	0.5272
SW	4	10	0.535
SW	4	10.24	0.5319
SW	4	11	0.4813
SW	4	12	0.4049
SW	4	13	0.3225
SW	4	14	0.2414
SW	4	14.31	0.2182
SW	4	15	0.23
SW	4	16	0.2464
SW	4	17	0.2615
SW	4	17.8	0.2724
SW	4	18	0.2953
SW	4	19	0.401
SW	4	19.19	0.4189
SW	4	20	0.5569
SW	4	21	0.7169
SW	4	22	0.8383
SW	4	23	0.9221
SW	4	24	0.9761
SW	4	24.7	1.0001
SW	4	25	0.9734
SW	4	26	0.9636
SW	4	27	1.1056
SW	4	27.43	1.1922
SW	4	28	1.1778
SW	4	29	1.145
SW	4	30	1.102
SW	4	31	1.0495
SW	4	32	0.989
SW	4	32.37	0.9654
SW	4	33	1.0524
SW	4	34	1.194
SW	4	35	1.3314
SW	4	36	1.4572
SW	4	36.03	1.4611
SW	4	36.14	1.46
SW	4	37	1.4078
SW	4	37.95	1.3425
SW	4	38	1.3465
SW	4	39	1.4214
SW	4	40	1.4765
SW	4	40.63	1.5009
SW	4	41	1.4987
SW	4	42	1.4925
SW	4	43	1.486
SW	4	44	1.4793
SW	4	45	1.4723
SW	4	46	1.4648
SW	4	47	1.4561
SW	4	48	1.4454
SW	4	49	1.4319
SW	4	50	1.415
SW	4	50.67	1.4016
SW	4	51	1.3978
SW	4	52	1.3891
SW	4	52.72	1.3894
SW	4	53	1.3905
SW	4	54	1.3902
SW	4	55	1.383
SW	4	56	1.3686
SW	4	57	1.3464
SW	4	58	1.3155
SW	4	58.2	1.3082
SW	4	58.56	1.1644
SW	4	59	1.1558
SW	4	60	1.104
SW	4	61	1.0134
SW	4	61.54	0.9522
SW	4	62	0.9393
SW	4	63	0.8905
SW	4	63.21	0.8753
SW	4	63.78	0.8675
SW	4	63.78	0.8675
SW	4	64	0.8825
SW	4	64.13	0.8929
SW	4	65	1.0384
SW	4	65.65	1.1509
SW	4	65.98	0.9662
SW	4	65.98	0.9662
SW	4	66	0.9662
SW	4	66.25	0.9662
SW	4	66.25	0.9662
SW	4	66.25	0.9662
SW	4	66.52	0.9807
SW	4	66.79	0.9655
SW	4	67	0.9627
SW	4	67.07	0.962
SW	4	67.07	0.962
SW	4	67.07	0.962
SW	4	67.62	1.3448
SW	4	67.91	1.1944
SW	4	68	1.1892
SW	4	68.37	1.1978
SW	4	68.37	1.1978
SW	4	68.83	1.2238
SW	4	69	1.2174
SW	4	69.92	1.2043
SW	4	69.92	1.2043
SW	4	69.92	1.2043
SW	4	70	1.2059
SW	4	70.44	1.2189
SW	4	70.71	1.2151
SW	4	70.71	1.2151
SW	4	71	1.1755
SW	4	71.53	1.0933
SW	4	72	1.1066
SW	4	72.17	1.1125
SW	4	73	1.1288
SW	4	73.14	1.1321
SW	4	74	1.058
SW	4	74.8	0.9516
SW	4	75	0.8936
SW	4	76	0.4801
SW	4	76.16	0.4047
SW	4	77	0.3513
SW	4	77.53	0.3271
SW	4	78	0.3314
SW	4	79	0.3599
SW	4	79.22	0.368
SW	4	79.6	0.496
SW	4	80	0.5085
SW	4	81	0.5332
SW	4	81.55	0.5405
SW	4	81.55	0.5405
SW	4	82	0.497
SW	4	83	0.3915
SW	4	83.79	0.305
SW	4	84	0.2962
SW	4	84.95	0.2843
SW	4	85	0.2861
SW	4	85.58	0.3108
SW	4	86	0.3363
SW	4	86.16	0.3459
SW	4	87	0.2395
SW	4	88	0.1268
SW	4	89	0.0458
SW	4	89.02	0.0444
SW	4	89.02	0.0444
SW	4	89.02	0.0444
SW	4	89.31	0.0432
SW	4	89.31	0.0432
SW	4	90	0.0449
SW	4	90.1	0.0452
SW	4	91	0.0237
SW	4	92	0.1738
SW	4	92.86	0.4032
SW	4	93	0.3887
SW	4	94	0.293
SW	4	95	0.2083
SW	4	96	0.1374
SW	4	97	0.0819
SW	4	98	0.0418
SW	4	99	0.0163
SW	4	100	0.0034
SW	4	101	4e-04
SW	4	102	0.0042
SW	4	103	0.0119
SW	4	103.37	0.0153
SW	4	104	0.0088
SW	4	104.74	0.043
SW	4	105	0.05
SW	4	105.04	0.0518
SW	4	105.32	0.0937
SW	4	106	0.2048
SW	4	106.19	0.2408
SW	4	107	0.2536
SW	4	107.06	0.2545
SW	4	108	0.3425
SW	4	108.51	0.3938
SW	4	108.84	0.427
SW	4	109	0.4089
SW	4	109.12	0.3951
SW	4	109.45	0.3576
SW	4	110	0.2917
SW	4	111	0.2755
SW	4	111.05	0.2781
SW	4	112	0.3568
SW	4	113	0.4103
SW	4	113.62	0.4234
SW	4	114	0.4253
SW	4	114.3	0.4268
SW	4	115	0.3782
SW	4	115.47	0.3401
SW	4	115.47	0.3401
SW	4	115.47	0.3401
SW	4	116	0.265
SW	4	117	0.1709
SW	4	117.16	0.163
SW	4	118	0.1116
SW	4	118.89	0.0651
SW	4	119	0.0675
SW	4	120	0.0987
SW	4	121	0.1448
SW	4	122	0.1991
SW	4	122.03	0.2007
SW	4	122.52	0.239
SW	4	123	0.4296
SW	4	123.11	0.4746
SW	4	123.6	0.4912
SW	4	124	0.5554
SW	4	124.14	0.5774
SW	4	124.14	0.5774
SW	4	125	0.5301
SW	4	126	0.4573
SW	4	126.01	0.4565
SW	4	126.01	0.4565
SW	4	127	0.5332
SW	4	128	0.6052
SW	4	128.3	0.6252
SW	4	128.7	0.6966
SW	4	129	0.673
SW	4	129.16	0.6605
SW	4	129.9	0.4006
SW	4	129.9	0.4006
SW	4	129.9	0.4006
SW	4	130	0.4053
SW	4	130.89	0.4462
SW	4	130.89	0.4462
SW	4	131	0.4511
SW	4	131.34	0.4663
SW	4	131.62	0.6569
SW	4	132	0.6065
SW	4	132.09	0.5942
SW	4	132.43	0.4773
SW	4	132.9	0.4276
SW	4	133	0.4142
SW	4	134	0.2911
SW	4	135	0.1886
SW	4	136	0.1137
SW	4	136.48	0.0886
SW	4	137	0.0906
SW	4	138	0.1017
SW	4	138.65	0.1142
SW	4	139	0.1109
SW	4	139.89	0.1169
SW	4	140	0.1177
SW	4	141	0.1248
SW	4	141.37	0.1272
SW	4	142	0.1448
SW	4	142.82	0.1683
SW	4	143	0.189
SW	4	144	0.3184
SW	4	144.4	0.3724
SW	4	145	0.4501
SW	4	146	0.5921
SW	4	147	0.743
SW	4	148	0.8941
SW	4	148.99	1.0367
SW	4	149	1.0396
SW	4	150	1.2462
SW	4	151	1.4478
SW	4	152	1.6396
SW	4	153	1.8198
SW	4	153.56	1.9151
SW	4	154	1.8036
SW	4	155	1.4487
SW	4	155.07	1.4177
SW	4	156	1.3941
SW	4	156.17	1.3865
SW	4	157	1.442
SW	4	158	1.4669
SW	4	158.69	1.4628
SW	4	159	1.3577
SW	4	160	1.0209
SW	4	161	0.7065
SW	4	161.23	0.6411
SW	4	162	0.7172
SW	4	162.16	0.7276
SW	4	163	0.6854
SW	4	164	0.6276
SW	4	165	0.5617
SW	4	166	0.4886
SW	4	167	0.4106
SW	4	168	0.3319
SW	4	169	0.2582
SW	4	170	0.1947
SW	4	170.81	0.1532
SW	4	171	0.1504
SW	4	171.93	0.137
SW	4	172	0.1367
SW	4	173	0.1378
SW	4	173.99	0.1486
SW	5	0	0.2254
SW	5	1	0.1521
SW	5	1.51	0.1226
SW	5	2	0.1705
SW	5	3	0.2878
SW	5	3.12	0.3029
SW	5	4	0.3048
SW	5	5	0.3167
SW	5	5.71	0.3302
SW	5	5.98	0.3773
SW	5	6	0.3681
SW	5	6.29	0.2476
SW	5	7	0.2823
SW	5	8	0.3382
SW	5	9	0.4005
SW	5	10	0.468
SW	5	11	0.5397
SW	5	11.58	0.5824
SW	5	12	0.5758
SW	5	13	0.5596
SW	5	14	0.5431
SW	5	15	0.5268
SW	5	16	0.5111
SW	5	17	0.4967
SW	5	18	0.4838
SW	5	19	0.4728
SW	5	20	0.4635
SW	5	21	0.4561
SW	5	22	0.4503
SW	5	23	0.4459
SW	5	24	0.4425
SW	5	25	0.4398
SW	5	26	0.4377
SW	5	27	0.4356
SW	5	28	0.4335
SW	5	29	0.4312
SW	5	29.76	0.4292
SW	5	30	0.4288
SW	5	31	0.4264
SW	5	32	0.4228
SW	5	33	0.4181
SW	5	34	0.4121
SW	5	35	0.405
SW	5	35.92	0.3975
SW	5	36	0.3946
SW	5	37	0.3556
SW	5	38	0.3081
SW	5	38.26	0.2945
SW	5	39	0.2966
SW	5	40	0.2981
SW	5	41	0.2978
SW	5	42	0.2951
SW	5	43	0.29
SW	5	44	0.2824
SW	5	45	0.2722
SW	5	46	0.2599
SW	5	47	0.2459
SW	5	48	0.2307
SW	5	49	0.2152
SW	5	50	0.2
SW	5	51	0.1859
SW	5	52	0.1733
SW	5	53	0.1626
SW	5	54	0.1539
SW	5	55	0.1472
SW	5	56	0.1423
SW	5	57	0.139
SW	5	58	0.137
SW	5	58.7	0.1362
SW	5	59	0.1371
SW	5	60	0.1484
SW	5	61	0.1699
SW	5	61.5	0.1817
SW	5	62	0.1789
SW	5	63	0.1767
SW	5	64	0.1881
SW	5	64.37	0.197
SW	5	65	0.1825
SW	5	66	0.1601
SW	5	67	0.1389
SW	5	68	0.119
SW	5	69	0.1009
SW	5	69.71	0.0892
SW	5	70	0.0884
SW	5	71	0.0923
SW	5	72	0.106
SW	5	72.76	0.1225
SW	5	73	0.1226
SW	5	74	0.1221
SW	5	75	0.1199
SW	5	75.86	0.1166
SW	5	76	0.1282
SW	5	77	0.2356
SW	5	77.55	0.3077
SW	5	78	0.3953
SW	5	78.54	0.5113
SW	5	79	0.5686
SW	5	79.01	0.57
SW	5	79.54	0.492
SW	5	80	0.6388
SW	5	81	0.9802
SW	5	82	1.2701
SW	5	83	1.4936
SW	5	83.29	1.5464
SW	5	84	1.4647
SW	5	84.32	1.4266
SW	5	84.4	1.3715
SW	5	84.4	1.3715
SW	5	84.84	1.562
SW	5	84.84	1.562
SW	5	85	1.4798
SW	5	85.5	1.1891
SW	5	85.8	1.1365
SW	5	85.8	1.1365
SW	5	86	1.3124
SW	5	86.07	1.3647
SW	5	86.35	1.2317
SW	5	86.35	1.2317
SW	5	86.35	1.2317
SW	5	86.35	1.2317
SW	5	86.35	1.2317
SW	5	86.35	1.2317
SW	5	86.35	1.2317
SW	5	87	1.1733
SW	5	88	1.0788
SW	5	88.03	1.0759
SW	5	88.39	1.0383
SW	5	88.6	1.0369
SW	5	88.6	1.0369
SW	5	88.6	1.0369
SW	5	88.6	1.0369
SW	5	88.6	1.0369
SW	5	88.6	1.0369
SW	5	89	0.91
SW	5	89.7	0.7181
SW	5	89.7	0.7181
SW	5	89.7	0.7181
SW	5	90	0.684
SW	5	90.25	0.6597
SW	5	90.25	0.6597
SW	5	90.25	0.6597
SW	5	90.25	0.6597
SW	5	90.25	0.6597
SW	5	91	0.6339
SW	5	92	0.6001
SW	5	93	0.5668
SW	5	94	0.5341
SW	5	95	0.5019
SW	5	95.42	0.4886
SW	5	96	0.5009
SW	5	97	0.5208
SW	5	98	0.5386
SW	5	99	0.554
SW	5	100	0.5671
SW	5	100.29	0.5703
SW	5	101	0.6473
SW	5	101.97	0.7556
SW	5	102	0.7592
SW	5	103	0.8509
SW	5	104	0.9068
SW	5	105	0.9279
SW	5	105.37	0.9278
SW	5	105.37	0.9278
SW	5	105.37	0.9278
SW	5	105.37	0.9278
SW	5	105.64	0.9046
SW	5	105.93	0.9488
SW	5	105.93	0.9488
SW	5	106	0.9439
SW	5	107	0.8703
SW	5	108	0.7915
SW	5	109	0.7081
SW	5	110	0.622
SW	5	110.49	0.5796
SW	5	110.49	0.5796
SW	5	110.75	0.7289
SW	5	111	0.6411
SW	5	111.29	0.5249
SW	5	112	0.5817
SW	5	112.95	0.6565
SW	5	113	0.6544
SW	5	114	0.6058
SW	5	114.32	0.5876
SW	5	114.76	0.5272
SW	5	114.76	0.5272
SW	5	115	0.5581
SW	5	115.23	0.5881
SW	5	115.23	0.5881
SW	5	116	0.5037
SW	5	117	0.3235
SW	5	117.19	0.2853
SW	5	118	0.3341
SW	5	118.04	0.3404
SW	5	119	0.5118
SW	5	120	0.6983
SW	5	120.2	0.7318
SW	5	121	0.6719
SW	5	122	0.582
SW	5	122.3	0.5525
SW	5	122.3	0.5525
SW	5	123	0.5228
SW	5	124	0.4829
SW	5	125	0.4464
SW	5	125.33	0.4354
SW	5	126	0.3701
SW	5	126.65	0.3076
SW	5	127	0.296
SW	5	127.55	0.2839
SW	5	128	0.3437
SW	5	128.12	0.3595
SW	5	129	0.2859
SW	5	130	0.2084
SW	5	131	0.1424
SW	5	131.25	0.1282
SW	5	131.25	0.1282
SW	5	131.25	0.1282
SW	5	131.25	0.1282
SW	5	131.25	0.1282
SW	5	131.7	0.145
SW	5	132	0.1263
SW	5	132.14	0.1183
SW	5	132.58	0.2417
SW	5	133	0.1892
SW	5	133.92	0.0976
SW	5	134	0.0962
SW	5	134.59	0.0863
SW	5	134.78	0.1514
SW	5	135	0.1428
SW	5	136	0.1094
SW	5	136.29	0.1017
SW	5	137	0.0785
SW	5	138	0.0547
SW	5	138.42	0.048
SW	5	139	0.0415
SW	5	139.69	0.0354
SW	5	140	0.0366
SW	5	141	0.0419
SW	5	141.37	0.0445
SW	5	142	0.0804
SW	5	143	0.1851
SW	5	143.71	0.2691
SW	5	144	0.2513
SW	5	144.84	0.1966
SW	5	145	0.2316
SW	5	145.42	0.3316
SW	5	146	0.3728
SW	5	147	0.4535
SW	5	147.29	0.4784
SW	5	148	0.3982
SW	5	148.98	0.252
SW	5	149	0.2537
SW	5	150	0.3526
SW	5	151	0.4412
SW	5	152	0.501
SW	5	153	0.5272
SW	5	153.49	0.5291
SW	5	154	0.5456
SW	5	155	0.5668
SW	5	156	0.5683
SW	5	156.83	0.5511
SW	5	157	0.5738
SW	5	158	0.7131
SW	5	159	0.8587
SW	5	160	1.0052
SW	5	161	1.1484
SW	5	161.51	1.2191
SW	5	161.51	1.2191
SW	5	162	1.2524
SW	5	162.7	1.2299
SW	5	163	1.3216
SW	5	163.59	1.4434
SW	5	164	1.4476
SW	5	165	1.4342
SW	5	166	1.3879
SW	5	166.22	1.3736
SW	5	167	1.302
SW	5	167.65	1.208
SW	5	168	1.2654
SW	5	169	1.3793
SW	5	169.72	1.3975
SW	5	170	1.3379
SW	5	170.63	1.2024
SW	5	171	1.2687
SW	5	172	1.4432
SW	5	173	1.6058
SW	5	173.95	1.7462
SW	5	174	1.7405
SW	5	175	1.5982
SW	5	176	1.3924
SW	5	176.63	1.2514
SW	5	177	1.2492
SW	5	178	1.2317
SW	5	179	1.1961
SW	5	180	1.1423
SW	5	181	1.0743
SW	5	182	1.0007
SW	5	182.05	0.997
SW	5	183	0.9191
SW	5	184	0.8331
SW	5	185	0.745
SW	5	186	0.6571
SW	5	187	0.5717
SW	5	187.55	0.5264
SW	5	188	0.5489
SW	5	189	0.5991
SW	5	189.86	0.6424
SW	5	189.86	0.6424
SW	5	190	0.6277
SW	5	191	0.5228
SW	5	192	0.4213
SW	5	192.91	0.335
SW	6	5	0.6467
SW	6	6	0.5599
SW	6	7	0.4567
SW	6	8	0.358
SW	6	8	0.3582
SW	6	8.67	0.4118
SW	6	9	0.4313
SW	6	9.86	0.4761
SW	6	9.86	0.4761
SW	6	9.86	0.4761
SW	6	9.86	0.4761
SW	6	9.86	0.4761
SW	6	10	0.4636
SW	6	10.69	0.4002
SW	6	11	0.4157
SW	6	11.21	0.4271
SW	6	11.21	0.4271
SW	6	12	0.3742
SW	6	13	0.3045
SW	6	13.54	0.2678
SW	6	14	0.2633
SW	6	15	0.2406
SW	6	15.94	0.201
SW	6	16	0.2078
SW	6	17	0.3602
SW	6	17.79	0.5057
SW	6	18	0.5689
SW	6	18.84	0.7419
SW	6	19	0.7127
SW	6	20	0.5232
SW	6	21	0.3424
SW	6	21.19	0.3114
SW	6	22	0.265
SW	6	23	0.2259
SW	6	24	0.216
SW	6	25	0.2406
SW	6	25.89	0.289
SW	6	26	0.2784
SW	6	27	0.195
SW	6	28	0.1339
SW	6	28.92	0.0996
SW	6	29	0.0986
SW	6	30	0.0921
SW	6	30.84	0.0984
SW	6	30.84	0.0984
SW	6	31	0.0767
SW	6	31.31	0.0465
SW	6	32	0.0424
SW	6	33	0.0602
SW	6	33.01	0.0605
SW	6	34	0.0762
SW	6	34.25	0.0791
SW	6	34.56	0.1395
SW	6	35	0.152
SW	6	36	0.1795
SW	6	37	0.2045
SW	6	37.93	0.2242
SW	6	38	0.2211
SW	6	39	0.1766
SW	6	39.43	0.1606
SW	6	40	0.155
SW	6	40.67	0.1493
SW	6	41	0.1423
SW	6	41.23	0.1374
SW	6	41.78	0.2504
SW	6	41.78	0.2504
SW	6	42	0.1812
SW	6	42.88	0.0172
SW	6	43	0.0177
SW	6	44	0.0282
SW	6	45	0.0507
SW	6	45.16	0.0553
SW	6	46	0.0416
SW	6	46.17	0.0397
SW	6	47	0.043
SW	6	47.13	0.0449
SW	6	47.4	0.1042
SW	6	47.96	0.085
SW	6	48	0.0855
SW	6	49	0.1069
SW	6	50	0.1384
SW	6	51	0.1782
SW	6	52	0.2237
SW	6	52.13	0.2299
SW	6	53	0.1944
SW	6	54	0.1553
SW	6	55	0.119
SW	6	56	0.0868
SW	6	57	0.0598
SW	6	58	0.0389
SW	6	59	0.0247
SW	6	60	0.0175
SW	6	60.95	0.017
SW	6	61	0.018
SW	6	61.62	0.0359
SW	6	62	0.0335
SW	6	62.58	0.0344
SW	6	62.58	0.0344
SW	6	62.86	0.0713
SW	6	63	0.0801
SW	6	63.76	0.1347
SW	6	64	0.1305
SW	6	64.04	0.1299
SW	6	65	0.1094
SW	6	65.84	0.1131
SW	6	65.84	0.1131
SW	6	66	0.1
SW	6	67	0.0333
SW	6	67	0.0333
SW	6	68	0.024
SW	6	69	0.0189
SW	6	70	0.0187
SW	6	71	0.0237
SW	6	72	0.0332
SW	6	72.06	0.0339
SW	6	72.48	0.0369
SW	6	73	0.0498
SW	6	73.89	0.0764
SW	6	73.89	0.0764
SW	6	73.89	0.0764
SW	6	73.89	0.0764
SW	6	74	0.0772
SW	6	74.72	0.0852
SW	6	75	0.0899
SW	6	75.86	0.1291
SW	6	76	0.149
SW	6	76.15	0.1803
SW	6	76.43	0.257
SW	6	76.99	0.3556
SW	6	77	0.3564
SW	6	77.31	0.3869
SW	6	77.31	0.3869
SW	6	78	0.3219
SW	6	79	0.2536
SW	6	80	0.2301
SW	6	81	0.2554
SW	6	81.1	0.2602
SW	6	82	0.2491
SW	6	82.93	0.2455
SW	6	83	0.2439
SW	6	84	0.2229
SW	6	85	0.2046
SW	6	86	0.1908
SW	6	87	0.1817
SW	6	88	0.1761
SW	6	88.38	0.1746
SW	6	89	0.1531
SW	6	90	0.1215
SW	6	91	0.0953
SW	6	92	0.0765
SW	6	93	0.0669
SW	6	93.32	0.0659
SW	6	94	0.0653
SW	6	95	0.065
SW	6	96	0.0658
SW	6	97	0.0683
SW	6	98	0.0726
SW	6	99	0.0791
SW	6	100	0.0878
SW	6	101	0.0986
SW	6	101.54	0.1052
SW	6	102	0.1082
SW	6	103	0.1375
SW	6	104	0.2014
SW	6	105	0.2986
SW	6	106	0.4211
SW	6	106.91	0.5463
SW	6	107	0.5325
SW	6	108	0.3804
SW	6	109	0.247
SW	6	110	0.1624
SW	6	111	0.1386
SW	6	111.17	0.1393
SW	6	112	0.1773
SW	6	113	0.2266
SW	6	113.86	0.271
SW	6	114	0.2575
SW	6	114.87	0.1774
SW	6	115	0.1691
SW	6	116	0.111
SW	6	117	0.063
SW	6	118	0.0288
SW	6	118.61	0.0158
SW	6	119	0.0165
SW	6	120	0.0313
SW	6	121	0.064
SW	6	121.47	0.0851
SW	6	121.71	0.0918
SW	6	121.9	0.1674
SW	6	122	0.1597
SW	6	123	0.0918
SW	6	123.24	0.0782
SW	6	124	0.0486
SW	6	124.71	0.0348
SW	6	125	0.0363
SW	6	126	0.0454
SW	6	127	0.0624
SW	6	128	0.0884
SW	6	129	0.1244
SW	6	130	0.1706
SW	6	131	0.2264
SW	6	132	0.29
SW	6	133	0.3597
SW	6	134	0.4335
SW	6	135	0.5096
SW	6	136	0.5866
SW	6	137	0.6634
SW	6	138	0.7391
SW	6	139	0.8132
SW	6	140	0.8851
SW	6	141	0.9545
SW	6	141.54	0.9907
SW	6	142	0.9822
SW	6	143	0.962
SW	6	144	0.9389
SW	6	145	0.9133
SW	6	145.43	0.9015
SW	7	0	1.0915
SW	7	1	1.2312
SW	7	2	1.3925
SW	7	2.79	1.5116
SW	7	3	1.4997
SW	7	4	1.4251
SW	7	5	1.3182
SW	7	6	1.1715
SW	7	7	0.9747
SW	7	8	0.7281
SW	7	8.17	0.685
SW	7	9	0.576
SW	7	10	0.4342
SW	7	11	0.2922
SW	7	12	0.1758
SW	7	12.34	0.1469
SW	7	13	0.1629
SW	7	14	0.1871
SW	7	15	0.2087
SW	7	16	0.2252
SW	7	17	0.235
SW	7	18	0.2371
SW	7	18.43	0.2356
SW	7	19	0.2295
SW	7	20	0.2164
SW	7	21	0.2008
SW	7	22	0.1833
SW	7	23	0.1647
SW	7	24	0.1457
SW	7	25	0.1271
SW	7	26	0.1097
SW	7	27	0.094
SW	7	28	0.0803
SW	7	28.29	0.0768
SW	7	29	0.0826
SW	7	30	0.096
SW	7	31	0.1153
SW	7	31.36	0.1237
SW	7	32	0.0884
SW	7	33	0.0428
SW	7	34	0.0125
SW	7	35	6e-04
SW	7	36	0.0084
SW	7	37	0.035
SW	7	38	0.0771
SW	7	39	0.1309
SW	7	39.25	0.1456
SW	7	40	0.1431
SW	7	41	0.1432
SW	7	42	0.1424
SW	7	42.23	0.1417
SW	7	43	0.1455
SW	7	44	0.1445
SW	7	45	0.1375
SW	7	46	0.1258
SW	7	47	0.1117
SW	7	48	0.0982
SW	7	49	0.0886
SW	7	49.22	0.0873
SW	7	50	0.0711
SW	7	51	0.053
SW	7	52	0.0384
SW	7	53	0.028
SW	7	54	0.022
SW	7	55	0.0207
SW	7	55.22	0.021
SW	7	56	0.0239
SW	7	57	0.0277
SW	7	58	0.0315
SW	7	58.73	0.0341
SW	7	59	0.0302
SW	7	59.86	0.0199
SW	7	60	0.0245
SW	7	60.67	0.0534
SW	7	60.67	0.0534
SW	7	61	0.0378
SW	7	62	0.0091
SW	7	62.21	0.006
SW	7	62.21	0.006
SW	7	63	0.0057
SW	7	64	0.0137
SW	7	64.02	0.0139
SW	7	64.02	0.0139
SW	7	64.02	0.0139
SW	7	64.02	0.0139
SW	7	64.02	0.0139
SW	7	64.84	0.0229
SW	7	64.84	0.0229
SW	7	64.84	0.0229
SW	7	64.84	0.0229
SW	7	64.84	0.0229
SW	7	65	0.0196
SW	7	65.65	0.0094
SW	7	65.65	0.0094
SW	7	66	0.0238
SW	7	67	0.0999
SW	7	67.02	0.1022
SW	7	68	0.1363
SW	7	69	0.1711
SW	7	69.05	0.1726
SW	7	70	0.1639
SW	7	70.32	0.1624
SW	7	71	0.2126
SW	7	71.62	0.2597
SW	7	72	0.3282
SW	7	72.2	0.3654
SW	7	73	0.3741
SW	7	74	0.3742
SW	7	75	0.3573
SW	7	75.89	0.3305
SW	7	76	0.3016
SW	7	76.17	0.2564
SW	7	76.17	0.2564
SW	7	77	0.1555
SW	7	78	0.1855
SW	7	79	0.3622
SW	7	79.3	0.4283
SW	7	80	0.3603
SW	7	81	0.2736
SW	7	82	0.2036
SW	7	83	0.1542
SW	7	84	0.1265
SW	7	84.06	0.1256
SW	7	85	0.1262
SW	7	86	0.1267
SW	7	87	0.1271
SW	7	88	0.1275
SW	7	89	0.1278
SW	7	90	0.1281
SW	7	91	0.1284
SW	7	91.59	0.1285
SW	7	92	0.1179
SW	7	92.66	0.108
SW	7	93	0.1091
SW	7	94	0.1167
SW	7	95	0.13
SW	7	96	0.1468
SW	7	97	0.1647
SW	7	97.21	0.1684
SW	7	98	0.1708
SW	7	99	0.1728
SW	7	100	0.1736
SW	7	101	0.173
SW	7	102	0.1712
SW	7	103	0.1683
SW	7	103.28	0.1673
SW	7	104	0.1982
SW	7	105	0.2508
SW	7	105.85	0.303
SW	7	106	0.2938
SW	7	107	0.2586
SW	7	108	0.2745
SW	7	108.57	0.3016
SW	7	109	0.2324
SW	7	109.07	0.223
SW	7	110	0.3116
SW	7	111	0.4055
SW	7	111.99	0.4658
SW	7	112	0.4663
SW	7	113	0.5015
SW	7	113.83	0.5268
SW	7	114	0.5308
SW	7	114.5	0.5408
SW	7	114.84	0.4788
SW	7	115	0.478
SW	7	115.98	0.4738
SW	7	116	0.4653
SW	7	116.06	0.4445
SW	7	116.34	0.4774
SW	7	116.99	0.5604
SW	7	117	0.5603
SW	7	117.26	0.5597
SW	7	117.26	0.5597
SW	7	117.34	0.5179
SW	7	117.62	0.4186
SW	7	118	0.442
SW	7	118.25	0.4589
SW	7	118.25	0.4589
SW	7	119	0.5636
SW	7	119.63	0.6505
SW	7	119.63	0.6505
SW	7	120	0.6698
SW	7	120.35	0.6529
SW	7	121	0.5876
SW	7	121.2	0.5663
SW	7	121.71	0.69
SW	7	122	0.6865
SW	7	123	0.727
SW	7	123.45	0.7629
SW	7	124	0.661
SW	7	125	0.4952
SW	7	125.16	0.478
SW	7	125.56	0.4584
SW	7	126	0.4338
SW	7	126.5	0.404
SW	7	127	0.3955
SW	7	128	0.3851
SW	7	129	0.3813
SW	7	129.46	0.3811
SW	7	130	0.3693
SW	7	131	0.3403
SW	7	132	0.3018
SW	7	132.22	0.2924
SW	7	133	0.3476
SW	7	134	0.4324
SW	7	134.79	0.5058
SW	7	135	0.4696
SW	7	135.12	0.4484
SW	7	136	0.463
SW	7	137	0.4631
SW	7	137.03	0.4628
SW	7	138	0.5391
SW	7	139	0.6058
SW	7	140	0.6559
SW	7	141	0.6886
SW	7	141.24	0.6939
SW	7	141.24	0.6939
SW	7	142	0.6123
SW	7	142.68	0.5393
SW	7	143	0.6081
SW	7	144	0.8174
SW	7	144.15	0.8463
SW	7	145	0.8913
SW	7	146	0.9406
SW	7	146.68	0.9718
SW	7	147	0.9235
SW	7	148	0.7701
SW	7	149	0.6199
SW	7	149.82	0.5038
SW	7	150	0.5037
SW	7	151	0.5015
SW	7	152	0.4971
SW	7	153	0.4904
SW	7	154	0.4814
SW	7	155	0.4699
SW	7	156	0.4561
SW	7	157	0.4402
SW	7	158	0.4224
SW	7	159	0.4031
SW	7	160	0.3826
SW	7	161	0.3613
SW	7	161.82	0.3433
SW	7	162	0.3408
SW	7	163	0.3448
SW	7	164	0.3862
SW	7	165	0.4668
SW	7	165.79	0.5542
SW	7	166	0.55
SW	7	167	0.5345
SW	7	167.53	0.5292
SW	7	168	0.511
SW	7	169	0.466
SW	7	170	0.4132
SW	7	170.38	0.3917
SW	7	170.38	0.3917
SW	7	171	0.4979
SW	7	171.55	0.5863
SW	7	172	0.6328
SW	7	172.27	0.6616
SW	7	173	0.6353
SW	7	174	0.6118
SW	7	175	0.6037
SW	7	176	0.608
SW	7	177	0.6182
SW	7	178	0.6281
SW	7	178.24	0.6299
SW	7	179	0.7362
SW	7	180	0.8874
SW	7	181	1.0463
SW	7	181.69	1.1574
SW	7	181.69	1.1574
SW	7	182	1.1065
SW	7	183	0.9341
SW	7	184	0.7557
SW	7	185	0.5982
SW	7	185.46	0.5406
SW	7	186	0.5555
SW	7	187	0.5813
SW	7	188	0.6045
SW	7	188.18	0.6084
SW	7	189	0.5444
SW	7	189.78	0.4865
SW	8	10	0.3968
SW	8	11	0.4698
SW	8	11.51	0.4796
SW	8	12	0.6301
SW	8	12.12	0.666
SW	8	12.44	0.5962
SW	8	13	0.5945
SW	8	13.96	0.5747
SW	8	14	0.5865
SW	8	15	0.7896
SW	8	15.48	0.8391
SW	8	16	0.7358
SW	8	17	0.5538
SW	8	18	0.4341
SW	8	18.54	0.4041
SW	8	18.54	0.4041
SW	8	19	0.3104
SW	8	20	0.1142
SW	8	21	0.0187
SW	8	21.21	0.0166
SW	8	22	0.0215
SW	8	22.35	0.024
SW	8	23	0.0306
SW	8	24	0.0444
SW	8	25	0.0622
SW	8	26	0.0835
SW	8	27	0.107
SW	8	28	0.1315
SW	8	29	0.1553
SW	8	30	0.1772
SW	8	31	0.1958
SW	8	32	0.2101
SW	8	33	0.2196
SW	8	34	0.224
SW	8	35	0.2236
SW	8	35.37	0.2223
SW	8	36	0.3092
SW	8	37	0.4722
SW	8	38	0.6533
SW	8	39	0.838
SW	8	40	1.0159
SW	8	41	1.1802
SW	8	41.36	1.2359
SW	8	42	1.4306
SW	8	42.33	1.4907
SW	8	43	1.5907
SW	8	44	1.6895
SW	8	44.46	1.7148
SW	8	45	1.682
SW	8	46	1.611
SW	8	47	1.5256
SW	8	48	1.4267
SW	8	49	1.3161
SW	8	50	1.1968
SW	8	50.09	1.1853
SW	8	51	1.1689
SW	8	52	1.13
SW	8	53	1.0697
SW	8	54	0.9895
SW	8	55	0.8926
SW	8	56	0.7831
SW	8	56.95	0.6727
SW	8	57	0.6812
SW	8	58	0.836
SW	8	59	0.9705
SW	8	60	1.0792
SW	8	61	1.1586
SW	8	61.94	1.2033
SW	8	62	1.2168
SW	8	62.61	1.3343
SW	8	62.91	1.1983
SW	8	63	1.1969
SW	8	64	1.1783
SW	8	64.03	1.1776
SW	8	64.36	1.0142
SW	8	64.68	0.9926
SW	8	64.68	0.9926
SW	8	64.68	0.9926
SW	8	64.68	0.9926
SW	8	65	0.9738
SW	8	65.04	0.9715
SW	8	65.04	0.9715
SW	8	65.04	0.9715
SW	8	65.04	0.9715
SW	8	65.04	0.9715
SW	8	65.04	0.9715
SW	8	65.74	1.2227
SW	8	65.74	1.2227
SW	8	66	1.1932
SW	8	66.73	0.9725
SW	8	67	1.0454
SW	8	67.01	1.0492
SW	8	67.01	1.0492
SW	8	67.3	1.0485
SW	8	67.58	1.1537
SW	8	67.63	1.1664
SW	8	67.63	1.1664
SW	8	68	1.2264
SW	8	69	1.3632
SW	8	70	1.4615
SW	8	70.03	1.4636
SW	8	71	1.3506
SW	8	71.02	1.3482
SW	8	72	1.1583
SW	8	73	0.9614
SW	8	73.13	0.9357
SW	8	73.71	0.6887
SW	8	73.71	0.6887
SW	8	74	0.7151
SW	8	74.28	0.7393
SW	8	74.28	0.7393
SW	8	74.55	0.7411
SW	8	74.55	0.7411
SW	8	74.83	0.7664
SW	8	75	0.8146
SW	8	75.38	0.9122
SW	8	75.52	0.9154
SW	8	75.52	0.9154
SW	8	76	0.7701
SW	8	76.41	0.6829
SW	8	76.71	0.8016
SW	8	77	0.8479
SW	8	77.45	0.9617
SW	8	77.45	0.9617
SW	8	77.45	0.9617
SW	8	77.63	0.9707
SW	8	77.96	0.9786
SW	8	77.96	0.9786
SW	8	78	0.9826
SW	8	79	1.0564
SW	8	79.19	1.0644
SW	8	79.46	1.2161
SW	8	80	1.1524
SW	8	80.17	1.1354
SW	8	80.17	1.1354
SW	8	80.64	1.1584
SW	8	80.64	1.1584
SW	8	80.64	1.1584
SW	8	80.97	1.3234
SW	8	81	1.3279
SW	8	82	1.4503
SW	8	82.07	1.4585
SW	8	82.57	1.2891
SW	8	83	1.3251
SW	8	83.15	1.3284
SW	8	83.68	1.4558
SW	8	84	1.4871
SW	8	84.27	1.4959
SW	8	84.56	1.5293
SW	8	85	1.5511
SW	8	86	1.5765
SW	8	86.7	1.5716
SW	8	87	1.5734
SW	8	87.91	1.577
SW	8	88	1.5649
SW	8	89	1.4202
SW	8	89.51	1.3458
SW	8	90	1.463
SW	8	90.45	1.5083
SW	8	90.77	1.5051
SW	8	91	1.4969
SW	8	91.34	1.4858
SW	8	91.34	1.4858
SW	8	92	1.4777
SW	8	93	1.4322
SW	8	93.28	1.4091
SW	8	93.28	1.4091
SW	8	93.28	1.4091
SW	8	93.84	1.3983
SW	8	94	1.3788
SW	8	94.39	1.3315
SW	8	95	1.0469
SW	8	95.81	0.6458
SW	8	95.81	0.6458
SW	8	96	0.6459
SW	8	96.46	0.6583
SW	8	97	0.6671
SW	8	98	0.6809
SW	8	99	0.6912
SW	8	99.43	0.6945
SW	8	100	0.7107
SW	8	100.24	0.7222
SW	8	101	0.6057
SW	8	101.37	0.5471
SW	8	102	0.5018
SW	8	103	0.4184
SW	8	103.85	0.3775
SW	8	104	0.3775
SW	8	104.48	0.3797
SW	8	105	0.3597
SW	8	106	0.3354
SW	8	107	0.3312
SW	8	108	0.3416
SW	8	109	0.3547
SW	8	110	0.3592
SW	8	110.12	0.3589
SW	8	110.49	0.3661
SW	8	111	0.3987
SW	8	112	0.4814
SW	8	112.77	0.5602
SW	8	113	0.6044
SW	8	114	0.7887
SW	8	115	0.9303
SW	8	116	1.0325
SW	8	117	1.1063
SW	8	117.87	1.1541
SW	8	118	1.1604
SW	8	119	1.2045
SW	8	120	1.2376
SW	8	121	1.2599
SW	8	122	1.2716
SW	8	123	1.2739
SW	8	123.74	1.27
SW	8	124	1.2687
SW	8	125	1.2557
SW	8	125.85	1.2344
SW	8	126	1.2342
SW	8	127	1.2125
SW	8	127.27	1.2005
SW	8	128	1.2312
SW	8	128.62	1.2587
SW	8	129	1.3241
SW	8	130	1.4736
SW	8	131	1.5835
SW	8	132	1.6476
SW	8	132.15	1.6528
SW	8	133	1.575
SW	8	134	1.491
SW	8	135	1.4176
SW	8	135.18	1.4055
SW	8	136	1.4361
SW	8	137	1.469
SW	8	138	1.497
SW	8	139	1.5201
SW	8	139.65	1.5325
SW	8	140	1.443
SW	8	141	1.1425
SW	8	141.72	0.8519
SW	8	142	0.8564
SW	8	142.26	0.8606
SW	8	143	0.8004
SW	8	144	0.7206
SW	8	145	0.6444
SW	8	146	0.5736
SW	8	147	0.5097
SW	8	147.03	0.5078
SW	8	148	0.5151
SW	8	149	0.5119
SW	8	150	0.4978
SW	8	151	0.4735
SW	8	152	0.4407
SW	8	153	0.4017
SW	8	154	0.3593
SW	8	155	0.3162
SW	8	155.48	0.2961
SW	8	155.86	0.341
SW	8	156	0.3284
SW	8	156.4	0.2937
SW	8	156.4	0.2937
SW	8	157	0.2641
SW	8	158	0.217
SW	8	158.05	0.2149
SW	9	0	1.3883
SW	9	1	1.4008
SW	9	2	1.4042
SW	9	3	1.3968
SW	9	3.78	1.3826
SW	9	4	1.37
SW	9	5	1.3104
SW	9	6	1.246
SW	9	6.73	1.1953
SW	9	7	1.2277
SW	9	8	1.3267
SW	9	8.56	1.3676
SW	9	8.56	1.3676
SW	9	9	1.3801
SW	9	10	1.3909
SW	9	11	1.3697
SW	9	11.73	1.3273
SW	9	12	1.3523
SW	9	13	1.4145
SW	9	13.87	1.4326
SW	9	14	1.4139
SW	9	15	1.2632
SW	9	16	1.1067
SW	9	17	0.9466
SW	9	18	0.7866
SW	9	19	0.632
SW	9	20	0.4892
SW	9	20.65	0.4051
SW	9	21	0.4268
SW	9	22	0.4956
SW	9	23	0.5695
SW	9	24	0.6438
SW	9	25	0.7147
SW	9	25.46	0.7455
SW	9	26	0.6875
SW	9	27	0.5808
SW	9	28	0.4788
SW	9	28.32	0.4479
SW	9	29	0.4599
SW	9	30	0.4801
SW	9	31	0.5037
SW	9	32	0.5289
SW	9	33	0.553
SW	9	33.05	0.5542
SW	9	33.25	0.6261
SW	9	33.61	0.6199
SW	9	34	0.6471
SW	9	35	0.713
SW	9	36	0.7711
SW	9	37	0.8188
SW	9	37.52	0.8389
SW	9	38	0.8318
SW	9	39	0.8119
SW	9	40	0.7846
SW	9	41	0.7499
SW	9	42	0.7082
SW	9	43	0.6605
SW	9	44	0.6081
SW	9	45	0.5529
SW	9	46	0.4969
SW	9	47	0.4424
SW	9	48	0.3912
SW	9	49	0.3448
SW	9	50	0.3044
SW	9	50.33	0.2925
SW	9	51	0.287
SW	9	52	0.2807
SW	9	53	0.2765
SW	9	54	0.2738
SW	9	55	0.2717
SW	9	55.66	0.2702
SW	9	56	0.2548
SW	9	56.73	0.2201
SW	9	57	0.2429
SW	9	57.48	0.2894
SW	9	58	0.3405
SW	9	59	0.4488
SW	9	59.91	0.5517
SW	9	60	0.5518
SW	9	61	0.5469
SW	9	61.35	0.5422
SW	9	62	0.6244
SW	9	63	0.7124
SW	9	64	0.7473
SW	9	65	0.7541
SW	9	65.11	0.7541
SW	9	65.88	0.8368
SW	9	65.88	0.8368
SW	9	65.88	0.8368
SW	9	66	0.8398
SW	9	67	0.8128
SW	9	67.84	0.7317
SW	9	67.84	0.7317
SW	9	67.84	0.7317
SW	9	68	0.7702
SW	9	68.2	0.813
SW	9	68.2	0.813
SW	9	68.2	0.813
SW	9	68.2	0.813
SW	9	68.2	0.813
SW	9	68.2	0.813
SW	9	68.2	0.813
SW	9	68.2	0.813
SW	9	68.86	0.6358
SW	9	68.86	0.6358
SW	9	69	0.6504
SW	9	69.87	0.7103
SW	9	69.87	0.7103
SW	9	69.87	0.7103
SW	9	70	0.6796
SW	9	71	0.4425
SW	9	71.81	0.2852
SW	9	72	0.2796
SW	9	73	0.3119
SW	9	73.2	0.3302
SW	9	74	0.3587
SW	9	74.07	0.3613
SW	9	74.49	0.437
SW	9	75	0.4585
SW	9	76	0.5075
SW	9	76.93	0.5597
SW	9	77	0.5653
SW	9	77.86	0.6282
SW	9	78	0.6452
SW	9	79	0.7764
SW	9	79.1	0.7904
SW	9	80	0.6132
SW	9	81	0.4378
SW	9	81.08	0.4249
SW	9	82	0.4795
SW	9	82.25	0.494
SW	9	82.25	0.494
SW	9	82.25	0.494
SW	9	82.54	0.3869
SW	9	83	0.4159
SW	9	83.43	0.4418
SW	9	84	0.5629
SW	9	84.91	0.7606
SW	9	85	0.7549
SW	9	85.57	0.719
SW	9	86	0.657
SW	9	86.55	0.5847
SW	9	86.89	0.5533
SW	9	87	0.5607
SW	9	88	0.6272
SW	9	88.43	0.6567
SW	9	88.84	0.6314
SW	9	89	0.6362
SW	9	90	0.6277
SW	9	90.07	0.6249
SW	9	90.27	0.6048
SW	9	91	0.6556
SW	9	91.12	0.6725
SW	9	92	0.6351
SW	9	92.87	0.5882
SW	9	93	0.5757
SW	9	93.19	0.5676
SW	9	93.4	0.6004
SW	9	94	0.5754
SW	9	94.87	0.5655
SW	9	95	0.5867
SW	9	96	0.7475
SW	9	96.19	0.7764
SW	9	97	0.7014
SW	9	98	0.6162
SW	9	99	0.5449
SW	9	100	0.4865
SW	9	100.07	0.4827
SW	9	101	0.5211
SW	9	101.03	0.5223
SW	9	102	0.4768
SW	9	103	0.4285
SW	9	104	0.3794
SW	9	105	0.3313
SW	9	106	0.286
SW	9	106.61	0.2604
SW	9	107	0.2988
SW	9	107.39	0.3375
SW	9	108	0.4124
SW	9	109	0.5364
SW	9	109.12	0.5511
SW	9	110	0.4963
SW	9	111	0.4272
SW	9	112	0.3508
SW	9	113	0.2702
SW	9	113.39	0.2396
SW	9	114	0.2406
SW	9	115	0.241
SW	9	116	0.24
SW	9	117	0.2375
SW	9	118	0.2336
SW	9	119	0.2283
SW	9	119.11	0.2277
SW	9	120	0.2748
SW	9	121	0.3295
SW	9	122	0.3786
SW	9	123	0.4177
SW	9	124	0.4457
SW	9	124.33	0.4526
SW	9	125	0.4477
SW	9	126	0.4363
SW	9	127	0.4193
SW	9	128	0.3958
SW	9	128.15	0.3917
SW	9	129	0.3313
SW	9	130	0.2642
SW	9	131	0.2032
SW	9	132	0.1498
SW	9	133	0.1057
SW	9	133.98	0.0723
SW	9	134	0.0721
SW	9	135	0.0618
SW	9	136	0.0583
SW	9	137	0.0626
SW	9	138	0.0747
SW	9	139	0.0929
SW	9	139.4	0.1015
SW	9	140	0.1046
SW	9	141	0.1104
SW	9	142	0.1167
SW	9	143	0.1235
SW	9	144	0.1307
SW	9	145	0.1382
SW	9	145.7	0.1436
SW	9	146	0.1283
SW	9	146.83	0.0961
SW	9	147	0.0971
SW	9	148	0.1032
SW	9	149	0.1091
SW	9	150	0.1145
SW	9	151	0.1194
SW	9	152	0.1235
SW	9	152.83	0.1264
SW	9	153	0.1236
SW	9	154	0.1097
SW	9	154.19	0.1073
SW	9	155	0.0944
SW	9	156	0.0795
SW	9	157	0.0665
SW	9	158	0.056
SW	9	159	0.0485
SW	9	160	0.0441
SW	9	161	0.043
SW	9	161.6	0.0438
SW	9	162	0.0492
SW	9	163	0.0865
SW	9	164	0.1567
SW	9	164.21	0.1756
SW	9	165	0.1917
SW	9	166	0.2271
SW	9	166.96	0.2725
SW	9	167	0.2735
SW	9	167.53	0.2883
SW	9	168	0.3543
SW	9	168.23	0.3882
SW	10	0	0.202
SW	10	0.39	0.1856
SW	10	0.39	0.1856
SW	10	1	0.2036
SW	10	2	0.2311
SW	10	2.59	0.2454
SW	10	3	0.2397
SW	10	4	0.2215
SW	10	5	0.1994
SW	10	5.56	0.1865
SW	10	6	0.1709
SW	10	7	0.1401
SW	10	8	0.1161
SW	10	9	0.0985
SW	10	10	0.0862
SW	10	11	0.0783
SW	10	12	0.0736
SW	10	12.75	0.0718
SW	10	13	0.0773
SW	10	14	0.1029
SW	10	15	0.1329
SW	10	16	0.1668
SW	10	17	0.2039
SW	10	18	0.2436
SW	10	19	0.2851
SW	10	20	0.3278
SW	10	20.84	0.3643
SW	10	21	0.3663
SW	10	22	0.3791
SW	10	23	0.3923
SW	10	24	0.406
SW	10	25	0.4202
SW	10	26	0.4347
SW	10	27	0.4494
SW	10	28	0.4643
SW	10	29	0.4792
SW	10	30	0.4939
SW	10	31	0.5083
SW	10	32	0.5221
SW	10	33	0.5351
SW	10	34	0.5471
SW	10	35	0.5577
SW	10	36	0.5669
SW	10	37	0.5745
SW	10	38	0.5803
SW	10	39	0.5842
SW	10	40	0.5863
SW	10	41	0.5865
SW	10	42	0.5851
SW	10	43	0.5821
SW	10	44	0.5777
SW	10	45	0.5721
SW	10	46	0.5654
SW	10	47	0.5578
SW	10	48	0.5496
SW	10	49	0.5407
SW	10	49.8	0.5333
SW	10	50	0.5373
SW	10	51	0.5554
SW	10	52	0.5708
SW	10	53	0.5829
SW	10	54	0.5913
SW	10	54.54	0.594
SW	10	55	0.5849
SW	10	56	0.5598
SW	10	57	0.5298
SW	10	57.64	0.5091
SW	10	58	0.5535
SW	10	58.48	0.6264
SW	10	59	0.6167
SW	10	59.81	0.5864
SW	10	60	0.5548
SW	10	60.9	0.3567
SW	10	61	0.3589
SW	10	61.41	0.3585
SW	10	61.62	0.3637
SW	10	61.62	0.3637
SW	10	61.62	0.3637
SW	10	61.62	0.3637
SW	10	62	0.3249
SW	10	63	0.2117
SW	10	63.68	0.1366
SW	10	64	0.1395
SW	10	64.85	0.1473
SW	10	64.85	0.1473
SW	10	64.94	0.143
SW	10	64.94	0.143
SW	10	65	0.1402
SW	10	65.75	0.2168
SW	10	66	0.2038
SW	10	66.31	0.1879
SW	10	67	0.1424
SW	10	68	0.0852
SW	10	68.01	0.0848
SW	10	68.47	0.1016
SW	10	68.77	0.094
SW	10	69	0.0999
SW	10	69.24	0.1063
SW	10	69.53	0.1065
SW	10	70	0.0839
SW	10	70.91	0.0471
SW	10	71	0.0465
SW	10	72	0.0409
SW	10	72.8	0.0379
SW	10	73	0.0357
SW	10	73.22	0.0333
SW	10	74	0.0784
SW	10	74.33	0.1028
SW	10	74.33	0.1028
SW	10	74.33	0.1028
SW	10	75	0.0978
SW	10	75.15	0.097
SW	10	76	0.1009
SW	10	76.02	0.101
SW	10	76.79	0.1083
SW	10	77	0.1168
SW	10	77.19	0.125
SW	10	78	0.1106
SW	10	79	0.0945
SW	10	80	0.0805
SW	10	81	0.0686
SW	10	82	0.0587
SW	10	83	0.0507
SW	10	84	0.0447
SW	10	85	0.0409
SW	10	85.45	0.04
SW	10	86	0.0488
SW	10	87	0.066
SW	10	88	0.0835
SW	10	89	0.0996
SW	10	89.33	0.1044
SW	10	90	0.1079
SW	10	91	0.1132
SW	10	92	0.1183
SW	10	93	0.123
SW	10	94	0.1272
SW	10	95	0.131
SW	10	96	0.1345
SW	10	97	0.1378
SW	10	98	0.1414
SW	10	99	0.1455
SW	10	100	0.1503
SW	10	101	0.1561
SW	10	102	0.1628
SW	10	103	0.1703
SW	10	103.02	0.1704
SW	10	104	0.0765
SW	10	104.26	0.0562
SW	10	105	0.0679
SW	10	106	0.0899
SW	10	107	0.1189
SW	10	108	0.1537
SW	10	109	0.1917
SW	10	109.24	0.2011
SW	10	109.58	0.4404
SW	10	109.58	0.4404
SW	10	110	0.4285
SW	10	111	0.3982
SW	10	111.99	0.3655
SW	10	112	0.366
SW	10	113	0.4405
SW	10	114	0.5166
SW	10	115	0.5916
SW	10	115.28	0.6125
SW	10	115.6	0.6558
SW	10	115.89	0.6751
SW	10	116	0.7021
SW	10	117	0.9055
SW	10	118	1.0297
SW	10	118.15	1.0429
SW	10	118.15	1.0429
SW	10	118.15	1.0429
SW	10	119	0.9818
SW	10	119.87	0.9224
SW	10	120	0.9225
SW	10	120.75	0.9245
SW	10	121	0.9042
SW	10	122	0.8185
SW	10	123	0.724
SW	10	123.24	0.7001
SW	10	124	0.6651
SW	10	125	0.6166
SW	10	125.84	0.5737
SW	10	126	0.5727
SW	10	127	0.5648
SW	10	128	0.5549
SW	10	129	0.5432
SW	10	130	0.53
SW	10	131	0.5155
SW	10	131.85	0.5025
SW	10	132	0.4965
SW	10	133	0.4532
SW	10	134	0.4037
SW	10	134.68	0.3675
SW	10	135	0.3587
SW	10	136	0.3339
SW	10	137	0.3142
SW	10	137.84	0.3016
SW	10	138	0.2883
SW	10	138.71	0.2318
SW	10	139	0.2384
SW	10	140	0.261
SW	10	141	0.2835
SW	10	142	0.3054
SW	10	142.22	0.3102
SW	10	143	0.4432
SW	10	144	0.5868
SW	10	144.87	0.6781
SW	10	145	0.6721
SW	10	145.42	0.6553
SW	10	146	0.552
SW	10	146.22	0.507
SW	10	146.22	0.507
SW	10	147	0.7038
SW	10	148	0.9632
SW	10	148.29	1.0374
SW	10	149	1
SW	10	150	0.9459
SW	10	151	0.8935
SW	10	151.48	0.8698
TDM	1	0	0.5157
TDM	1	0.25	0.5173
TDM	1	1	0.3886
TDM	1	1.52	0.2961
TDM	1	2	0.3042
TDM	1	3	0.318
TDM	1	3.78	0.3245
TDM	1	4	0.3305
TDM	1	5	0.3581
TDM	1	6	0.3858
TDM	1	6.11	0.3889
TDM	1	7	0.3968
TDM	1	8	0.4047
TDM	1	9	0.4119
TDM	1	10	0.419
TDM	1	11	0.426
TDM	1	12	0.4329
TDM	1	12.31	0.4349
TDM	1	13	0.4549
TDM	1	13.84	0.4827
TDM	1	14	0.4902
TDM	1	15	0.5361
TDM	1	15.81	0.5717
TDM	1	16	0.5542
TDM	1	17	0.464
TDM	1	18	0.3786
TDM	1	19	0.3023
TDM	1	20	0.2391
TDM	1	20.14	0.2315
TDM	1	21	0.2828
TDM	1	21.01	0.2838
TDM	1	21.91	0.3137
TDM	1	22	0.3114
TDM	1	22.8	0.298
TDM	1	23	0.3175
TDM	1	23.11	0.3275
TDM	1	23.11	0.3275
TDM	1	23.53	0.3336
TDM	1	24	0.2857
TDM	1	25	0.1911
TDM	1	26	0.1132
TDM	1	27	0.0589
TDM	1	27.28	0.0487
TDM	1	28	0.0172
TDM	1	29	0.0023
TDM	1	30	0.0286
TDM	1	31	0.0877
TDM	1	31.61	0.1324
TDM	1	32	0.1399
TDM	1	33	0.1611
TDM	1	34	0.1851
TDM	1	35	0.2106
TDM	1	36	0.2363
TDM	1	37	0.2608
TDM	1	38	0.2832
TDM	1	38.83	0.2997
TDM	1	39	0.3011
TDM	1	40	0.3093
TDM	1	40.63	0.314
TDM	1	40.63	0.314
TDM	1	41	0.3419
TDM	1	42	0.4144
TDM	1	43	0.4714
TDM	1	43.74	0.4999
TDM	1	44	0.5993
TDM	1	44.09	0.63
TDM	1	45	0.4293
TDM	1	46	0.2404
TDM	1	46.08	0.2283
TDM	1	46.36	0.2763
TDM	1	47	0.2067
TDM	1	48	0.167
TDM	1	48.62	0.1921
TDM	1	48.62	0.1921
TDM	1	48.94	0.1638
TDM	1	48.94	0.1638
TDM	1	49	0.1601
TDM	1	49.5	0.1332
TDM	1	50	0.1161
TDM	1	51	0.1197
TDM	1	51.18	0.1258
TDM	1	51.18	0.1258
TDM	1	51.79	0.2013
TDM	1	52	0.1908
TDM	1	52.96	0.1468
TDM	1	53	0.1466
TDM	1	54	0.1399
TDM	1	55	0.1291
TDM	1	56	0.1162
TDM	1	57	0.1032
TDM	1	57.49	0.0974
TDM	1	58	0.0877
TDM	1	58.7	0.0804
TDM	1	58.7	0.0804
TDM	1	59	0.0817
TDM	1	60	0.0926
TDM	1	61	0.1148
TDM	1	62	0.1484
TDM	1	63	0.1921
TDM	1	64	0.2437
TDM	1	64.59	0.277
TDM	1	65	0.2893
TDM	1	66	0.317
TDM	1	66.35	0.3257
TDM	1	67	0.2895
TDM	1	68	0.2477
TDM	1	69	0.2201
TDM	1	69.35	0.2127
TDM	1	69.88	0.0255
TDM	1	69.88	0.0255
TDM	1	69.88	0.0255
TDM	1	70	0.0273
TDM	1	70.15	0.0298
TDM	1	70.42	0.0529
TDM	1	70.42	0.0529
TDM	1	71	0.0366
TDM	1	72	0.0101
TDM	1	72.68	0.0011
TDM	1	73	0.0017
TDM	1	73.25	0.0035
TDM	1	74	0.0325
TDM	1	74.94	0.0985
TDM	1	75	0.1023
TDM	1	75.32	0.1238
TDM	1	76	0.1662
TDM	1	77	0.2341
TDM	1	78	0.301
TDM	1	78.22	0.3148
TDM	1	79	0.4657
TDM	1	79.22	0.5072
TDM	1	80	0.4734
TDM	1	81	0.4339
TDM	1	81.02	0.4333
TDM	1	81.87	0.4452
TDM	1	82	0.4506
TDM	1	83	0.4911
TDM	1	84	0.5238
TDM	1	84	0.524
TDM	1	84.68	0.6076
TDM	1	85	0.6131
TDM	1	85.25	0.6169
TDM	1	86	0.4504
TDM	1	87	0.2365
TDM	1	87.01	0.2341
TDM	1	88	0.1856
TDM	1	88.14	0.1798
TDM	1	88.14	0.1798
TDM	1	89	0.2397
TDM	1	89.25	0.2735
TDM	1	90	0.3481
TDM	1	90.36	0.3856
TDM	1	90.36	0.3856
TDM	1	90.36	0.3856
TDM	1	90.53	0.3786
TDM	1	90.53	0.3786
TDM	1	91	0.5445
TDM	1	91.16	0.5986
TDM	1	91.16	0.5986
TDM	1	91.22	0.596
TDM	1	91.22	0.596
TDM	1	92	0.5801
TDM	1	92.39	0.5755
TDM	1	92.96	0.4516
TDM	1	93	0.4448
TDM	1	93.16	0.4185
TDM	1	93.44	0.4723
TDM	1	94	0.4833
TDM	1	95	0.4984
TDM	1	95.66	0.5128
TDM	1	96	0.4973
TDM	1	97	0.4502
TDM	1	97.63	0.4195
TDM	1	98	0.3675
TDM	1	99	0.2329
TDM	1	99.06	0.225
TDM	1	100	0.5151
TDM	1	101	0.9105
TDM	1	101.19	0.9756
TDM	1	101.96	1.3258
TDM	1	102	1.342
TDM	1	103	1.7413
TDM	1	103.18	1.8047
TDM	1	104	1.8406
TDM	1	105	1.8808
TDM	1	105.12	1.8854
TDM	1	106	1.7405
TDM	1	106.79	1.5472
TDM	1	106.79	1.5472
TDM	1	107	1.5497
TDM	1	107.71	1.5586
TDM	1	108	1.633
TDM	1	109	1.8656
TDM	1	109.29	1.9259
TDM	1	110	1.8959
TDM	1	110.96	1.8395
TDM	1	111	1.8407
TDM	1	112	1.8637
TDM	1	113	1.8685
TDM	1	114	1.8481
TDM	1	115	1.7936
TDM	1	115.25	1.774
TDM	1	116	1.7738
TDM	1	117	1.7504
TDM	1	118	1.6996
TDM	1	119	1.621
TDM	1	119.33	1.5892
TDM	1	120	1.6972
TDM	1	121	1.832
TDM	1	121.21	1.8564
TDM	1	122	2.0086
TDM	1	122.08	2.0227
TDM	1	122.47	1.7625
TDM	1	123	1.8814
TDM	1	124	2.0786
TDM	1	124.32	2.134
TDM	1	125	2.134
TDM	1	126	2.119
TDM	1	127	2.0877
TDM	1	128	2.0432
TDM	1	128.27	2.0295
TDM	1	129	1.97
TDM	1	130	1.8453
TDM	1	131	1.6637
TDM	1	131.96	1.4553
TDM	1	132	1.4578
TDM	1	133	1.5236
TDM	1	134	1.5785
TDM	1	135	1.6185
TDM	1	136	1.6423
TDM	1	137	1.6508
TDM	1	138	1.6458
TDM	1	138.18	1.6437
TDM	1	139	1.7177
TDM	1	140	1.8093
TDM	1	141	1.9
TDM	1	142	1.9878
TDM	1	143	2.071
TDM	1	144	2.1479
TDM	1	144.75	2.2012
TDM	1	145	2.2616
TDM	1	145.59	2.3904
TDM	1	146	2.5151
TDM	1	146.72	2.6712
TDM	1	147	2.6507
TDM	1	147.73	2.5752
TDM	1	148	2.6036
TDM	1	148.09	2.613
TDM	1	149	2.2902
TDM	1	149.56	2.0355
TDM	1	150	2.1173
TDM	1	150.73	2.2428
TDM	1	150.73	2.2428
TDM	1	150.73	2.2428
TDM	1	150.73	2.2428
TDM	1	150.73	2.2428
TDM	1	151	2.1635
TDM	1	152	1.7949
TDM	1	152.69	1.5043
TDM	1	152.96	1.4037
TDM	1	152.96	1.4037
TDM	1	152.96	1.4037
TDM	1	152.96	1.4037
TDM	1	152.96	1.4037
TDM	1	152.96	1.4037
TDM	1	153	1.4004
TDM	1	153.23	1.3806
TDM	1	153.23	1.3806
TDM	1	153.23	1.3806
TDM	1	153.23	1.3806
TDM	1	153.23	1.3806
TDM	1	153.5	1.4037
TDM	1	153.5	1.4037
TDM	1	153.5	1.4037
TDM	1	153.5	1.4037
TDM	1	153.5	1.4037
TDM	1	153.5	1.4037
TDM	1	153.5	1.4037
TDM	1	153.5	1.4037
TDM	1	153.5	1.4037
TDM	1	153.5	1.4037
TDM	1	153.5	1.4037
TDM	1	153.5	1.4037
TDM	1	153.5	1.4037
TDM	1	153.5	1.4037
TDM	1	153.5	1.4037
TDM	1	153.75	1.3877
TDM	1	154	1.3965
TDM	1	155	1.4296
TDM	1	156	1.4589
TDM	1	157	1.4842
TDM	1	158	1.5057
TDM	1	159	1.5233
TDM	1	160	1.5374
TDM	1	160.39	1.5418
TDM	1	161	1.5162
TDM	1	162	1.4691
TDM	1	163	1.4151
TDM	1	164	1.3546
TDM	1	165	1.2881
TDM	1	166	1.2166
TDM	1	167	1.1415
TDM	1	168	1.0652
TDM	1	169	0.9905
TDM	1	170	0.9208
TDM	1	170.61	0.8819
TDM	1	171	0.8835
TDM	1	172	0.8893
TDM	1	173	0.8967
TDM	1	174	0.9044
TDM	1	175	0.9111
TDM	1	176	0.9156
TDM	1	177	0.917
TDM	1	178	0.9148
TDM	1	179	0.9085
TDM	1	180	0.8979
TDM	1	180.89	0.8849
TDM	1	181	0.8899
TDM	1	182	0.9361
TDM	1	183	0.9859
TDM	1	184	1.0389
TDM	1	185	1.0943
TDM	1	186	1.1512
TDM	1	187	1.2084
TDM	1	188	1.2648
TDM	1	189	1.3191
TDM	1	190	1.3703
TDM	1	191	1.4174
TDM	1	192	1.4598
TDM	1	193	1.497
TDM	1	194	1.5289
TDM	1	194.61	1.5455
TDM	1	194.61	1.5455
TDM	1	194.61	1.5455
TDM	1	195	1.6712
TDM	1	195.47	1.8162
TDM	1	196	1.989
TDM	1	196.98	2.2456
TDM	1	197	2.2441
TDM	1	198	2.1571
TDM	1	199	2.039
TDM	1	200	1.8876
TDM	1	201	1.7007
TDM	1	201.3	1.6391
TDM	1	202	1.6933
TDM	1	203	1.76
TDM	1	204	1.8135
TDM	1	205	1.8535
TDM	1	206	1.8801
TDM	1	207	1.8938
TDM	1	208	1.8954
TDM	1	209	1.8862
TDM	1	210	1.8676
TDM	1	210.35	1.8592
TDM	1	211	1.8817
TDM	1	212	1.9115
TDM	1	213	1.9355
TDM	1	214	1.9542
TDM	1	215	1.9697
TDM	1	216	1.9845
TDM	1	217	2.0004
TDM	1	218	2.0182
TDM	1	218.22	2.0223
TDM	1	219	2.2912
TDM	1	219.13	2.3241
TDM	1	219.44	2.3402
TDM	1	219.44	2.3402
TDM	1	220	2.3125
TDM	1	221	2.2793
TDM	1	221.01	2.279
TDM	1	221.96	2.1763
TDM	1	222	2.1667
TDM	1	223	1.9004
TDM	1	224	1.6586
TDM	1	224.6	1.4908
TDM	1	224.97	1.3621
TDM	1	225	1.3637
TDM	1	225.83	1.403
TDM	1	226	1.404
TDM	1	226.58	1.4062
TDM	1	227	1.463
TDM	1	228	1.5182
TDM	1	228.14	1.5161
TDM	1	229	1.4651
TDM	1	230	1.4099
TDM	1	231	1.3632
TDM	1	232	1.3295
TDM	1	233	1.3123
TDM	1	234	1.3112
TDM	1	234.97	1.3225
TDM	1	235	1.3227
TDM	1	236	1.327
TDM	1	237	1.3241
TDM	1	237.77	1.3162
TDM	1	238	1.3155
TDM	1	239	1.3122
TDM	1	240	1.3083
TDM	1	241	1.3034
TDM	1	242	1.2971
TDM	1	243	1.2887
TDM	1	243.07	1.288
TDM	1	244	1.3281
TDM	1	245	1.3623
TDM	1	246	1.3873
TDM	1	247	1.403
TDM	1	247.22	1.4053
TDM	1	248	1.347
TDM	1	248.76	1.2895
TDM	1	249	1.2998
TDM	1	249.58	1.3283
TDM	1	250	1.434
TDM	1	250	1.4339
TDM	1	251	1.333
TDM	1	252	1.2188
TDM	1	253	1.0927
TDM	1	254	0.9578
TDM	1	255	0.8186
TDM	1	256	0.681
TDM	1	256.31	0.6398
TDM	1	257	0.6597
TDM	1	258	0.6701
TDM	1	258.12	0.6699
TDM	1	259	0.7129
TDM	1	260	0.7454
TDM	1	260.03	0.7461
TDM	1	261	0.6997
TDM	1	262	0.6487
TDM	1	263	0.5947
TDM	1	264	0.5382
TDM	1	265	0.4804
TDM	1	266	0.4223
TDM	1	267	0.3656
TDM	1	267.88	0.3177
TDM	2	0	0.6116
TDM	2	1	0.6131
TDM	2	2	0.6037
TDM	2	3	0.5848
TDM	2	4	0.5584
TDM	2	4.71	0.5364
TDM	2	5	0.4937
TDM	2	5.27	0.4553
TDM	2	5.55	0.4402
TDM	2	5.55	0.4402
TDM	2	6	0.4711
TDM	2	6.23	0.4876
TDM	2	7	0.3902
TDM	2	7.09	0.3791
TDM	2	8	0.5361
TDM	2	8.1	0.5548
TDM	2	8.67	0.5825
TDM	2	9	0.6483
TDM	2	9.35	0.7158
TDM	2	9.73	0.5617
TDM	2	10	0.5619
TDM	2	11	0.5562
TDM	2	12	0.5411
TDM	2	13	0.5185
TDM	2	14	0.4907
TDM	2	14.35	0.4803
TDM	2	15	0.505
TDM	2	16	0.5345
TDM	2	16.89	0.5515
TDM	2	17	0.549
TDM	2	18	0.5301
TDM	2	18.84	0.5196
TDM	2	19	0.5153
TDM	2	20	0.496
TDM	2	21	0.4879
TDM	2	22	0.4863
TDM	2	22.44	0.4864
TDM	2	23	0.6169
TDM	2	23.16	0.6521
TDM	2	23.79	0.631
TDM	2	24	0.5994
TDM	2	24.57	0.5033
TDM	2	24.86	0.4824
TDM	2	25	0.4768
TDM	2	26	0.426
TDM	2	27	0.3621
TDM	2	27	0.3621
TDM	2	28	0.3755
TDM	2	29	0.3762
TDM	2	29.12	0.3754
TDM	2	30	0.4446
TDM	2	30.21	0.4602
TDM	2	30.21	0.4602
TDM	2	31	0.4369
TDM	2	32	0.4032
TDM	2	32.35	0.3903
TDM	2	33	0.3892
TDM	2	34	0.3907
TDM	2	35	0.3959
TDM	2	36	0.4044
TDM	2	37	0.4155
TDM	2	38	0.4286
TDM	2	38.75	0.4391
TDM	2	39	0.4583
TDM	2	40	0.5397
TDM	2	41	0.6245
TDM	2	42	0.7053
TDM	2	43	0.7767
TDM	2	44	0.8362
TDM	2	45	0.8831
TDM	2	46	0.9181
TDM	2	46.99	0.9422
TDM	2	47	0.9423
TDM	2	48	0.9446
TDM	2	49	0.938
TDM	2	50	0.9211
TDM	2	51	0.8924
TDM	2	52	0.8512
TDM	2	53	0.7971
TDM	2	54	0.7309
TDM	2	55	0.6543
TDM	2	56	0.5707
TDM	2	57	0.4847
TDM	2	58	0.4015
TDM	2	58.58	0.3564
TDM	2	59	0.3646
TDM	2	60	0.3807
TDM	2	61	0.3888
TDM	2	62	0.3867
TDM	2	63	0.3735
TDM	2	64	0.3503
TDM	2	65	0.3194
TDM	2	66	0.2841
TDM	2	67	0.2483
TDM	2	68	0.215
TDM	2	68.02	0.2143
TDM	2	69	0.2166
TDM	2	70	0.2168
TDM	2	70.04	0.2168
TDM	2	71	0.3669
TDM	2	71.33	0.4196
TDM	2	72	0.4415
TDM	2	72.69	0.463
TDM	2	73	0.498
TDM	2	74	0.6064
TDM	2	74.94	0.6911
TDM	2	75	0.6838
TDM	2	75.94	0.5686
TDM	2	76	0.5754
TDM	2	77	0.6794
TDM	2	78	0.7624
TDM	2	78.97	0.816
TDM	2	79	0.8118
TDM	2	79.87	0.6986
TDM	2	80	0.6915
TDM	2	81	0.6014
TDM	2	81.81	0.4894
TDM	2	81.81	0.4894
TDM	2	81.81	0.4894
TDM	2	82	0.4939
TDM	2	82.69	0.4394
TDM	2	83	0.4434
TDM	2	84	0.4559
TDM	2	84.33	0.4597
TDM	2	85	0.525
TDM	2	86	0.6269
TDM	2	87	0.7296
TDM	2	87.51	0.7812
TDM	2	88	0.7946
TDM	2	89	0.8174
TDM	2	90	0.8317
TDM	2	91	0.8363
TDM	2	92	0.8304
TDM	2	93	0.8141
TDM	2	94	0.7883
TDM	2	95	0.7546
TDM	2	96	0.715
TDM	2	96.92	0.6752
TDM	2	97	0.6861
TDM	2	98	0.8235
TDM	2	99	0.9378
TDM	2	100	1.0057
TDM	2	101	1.0281
TDM	2	102	1.0128
TDM	2	102.4	0.9981
TDM	2	103	0.9837
TDM	2	104	0.9447
TDM	2	105	0.8861
TDM	2	106	0.8078
TDM	2	107	0.7118
TDM	2	108	0.6024
TDM	2	109	0.4867
TDM	2	109.98	0.3765
TDM	2	110	0.3782
TDM	2	111	0.4811
TDM	2	112	0.5832
TDM	2	113	0.6797
TDM	2	114	0.7693
TDM	2	115	0.8527
TDM	2	116	0.9317
TDM	2	116.72	0.9869
TDM	2	117	1.0502
TDM	2	118	1.2787
TDM	2	119	1.4982
TDM	2	120	1.7018
TDM	2	120.68	1.8293
TDM	2	121	1.7969
TDM	2	121.35	1.7583
TDM	2	122	1.644
TDM	2	122.54	1.5201
TDM	2	122.68	1.6039
TDM	2	123	1.6401
TDM	2	123.54	1.7014
TDM	2	124	1.9117
TDM	2	124.36	2.0499
TDM	2	124.36	2.0499
TDM	2	125	1.8354
TDM	2	126	1.4862
TDM	2	127	1.1364
TDM	2	128	0.8136
TDM	2	128.09	0.7881
TDM	2	128.38	0.7604
TDM	2	128.67	0.778
TDM	2	128.67	0.778
TDM	2	128.95	0.7993
TDM	2	129	0.8033
TDM	2	129.36	0.8308
TDM	2	129.69	0.7866
TDM	2	130	0.7649
TDM	2	130.39	0.739
TDM	2	130.39	0.739
TDM	2	130.39	0.739
TDM	2	130.39	0.739
TDM	2	130.39	0.739
TDM	2	130.39	0.739
TDM	2	130.39	0.739
TDM	2	130.39	0.739
TDM	2	130.39	0.739
TDM	2	130.39	0.739
TDM	2	130.39	0.739
TDM	2	130.39	0.739
TDM	2	130.39	0.739
TDM	2	130.59	0.8436
TDM	2	130.59	0.8436
TDM	2	130.79	0.9017
TDM	2	130.79	0.9017
TDM	2	131	0.8887
TDM	2	131.11	0.8834
TDM	2	131.71	0.7337
TDM	2	131.71	0.7337
TDM	2	131.71	0.7337
TDM	2	131.71	0.7337
TDM	2	131.71	0.7337
TDM	2	131.71	0.7337
TDM	2	131.71	0.7337
TDM	2	132	0.7695
TDM	2	132.25	0.8007
TDM	2	132.25	0.8007
TDM	2	132.25	0.8007
TDM	2	133	0.9504
TDM	2	133.14	0.9725
TDM	2	133.5	0.8401
TDM	2	133.63	0.8497
TDM	2	133.63	0.8497
TDM	2	133.63	0.8497
TDM	2	134	0.899
TDM	2	134.17	0.9202
TDM	2	134.17	0.9202
TDM	2	135	0.9943
TDM	2	135.56	1.0438
TDM	2	135.84	1.0397
TDM	2	135.84	1.0397
TDM	2	136	1.2235
TDM	2	136.33	1.5364
TDM	2	136.33	1.5364
TDM	2	137	1.2968
TDM	2	137.41	1.1398
TDM	2	138	1.1088
TDM	2	138.58	1.0307
TDM	2	139	1.1476
TDM	2	139.43	1.2504
TDM	2	139.43	1.2504
TDM	2	140	1.1784
TDM	2	140.53	1.1098
TDM	2	141	1.0126
TDM	2	141.07	0.9959
TDM	2	141.07	0.9959
TDM	2	141.07	0.9959
TDM	2	142	1.0868
TDM	2	142.88	1.0894
TDM	2	142.88	1.0894
TDM	2	143	1.0689
TDM	2	144	0.8867
TDM	2	144.42	0.7981
TDM	2	144.78	0.8037
TDM	2	145	0.9431
TDM	2	145.32	1.1022
TDM	2	145.32	1.1022
TDM	2	146	1.1862
TDM	2	146.14	1.2012
TDM	2	146.14	1.2012
TDM	2	146.14	1.2012
TDM	2	147	1.3248
TDM	2	148	1.477
TDM	2	148.55	1.5622
TDM	2	149	1.5909
TDM	2	150	1.6508
TDM	2	151	1.7055
TDM	2	152	1.7546
TDM	2	153	1.7981
TDM	2	154	1.8362
TDM	2	154.02	1.8369
TDM	2	154.02	1.8369
TDM	2	154.56	1.7622
TDM	2	154.56	1.7622
TDM	2	154.83	1.7616
TDM	2	155	1.7897
TDM	2	155.67	1.8923
TDM	2	156	1.9202
TDM	2	156.84	1.9934
TDM	2	157	1.9992
TDM	2	158	1.9892
TDM	2	158.32	1.9734
TDM	2	159	2.0478
TDM	2	159.79	2.2986
TDM	2	160	2.3211
TDM	2	160.39	2.3619
TDM	2	160.78	2.5077
TDM	2	160.78	2.5077
TDM	2	161	2.5267
TDM	2	161.73	2.5766
TDM	2	162	2.5527
TDM	2	162.81	2.4478
TDM	2	163	2.3852
TDM	2	163.3	2.2674
TDM	2	163.47	2.232
TDM	2	164	2.3309
TDM	2	164.34	2.3858
TDM	2	165	2.4304
TDM	2	165.88	2.4785
TDM	2	166	2.4917
TDM	2	167	2.5952
TDM	2	168	2.6905
TDM	2	169	2.7778
TDM	2	170	2.8578
TDM	2	171	2.9317
TDM	2	171.74	2.9832
TDM	2	172	2.9616
TDM	2	173	2.8738
TDM	2	174	2.7761
TDM	2	175	2.6672
TDM	2	176	2.5463
TDM	2	177	2.4136
TDM	2	177.6	2.3286
TDM	2	178	2.3148
TDM	2	179	2.2625
TDM	2	180	2.1846
TDM	2	180.37	2.1497
TDM	2	181	2.3952
TDM	2	181.76	2.6132
TDM	2	182	2.5677
TDM	2	182.75	2.3614
TDM	2	183	2.2606
TDM	2	183.36	2.096
TDM	2	183.36	2.096
TDM	2	183.36	2.096
TDM	2	184	1.9141
TDM	2	185	1.6131
TDM	2	185.42	1.4828
TDM	2	185.42	1.4828
TDM	2	186	1.5868
TDM	2	186.64	1.6995
TDM	2	187	1.6635
TDM	2	187.19	1.6435
TDM	2	187.19	1.6435
TDM	2	188	1.7337
TDM	2	188.01	1.735
TDM	2	188.01	1.735
TDM	2	188.47	1.7244
TDM	2	188.78	1.722
TDM	2	189	1.66
TDM	2	189.65	1.4614
TDM	2	190	1.2992
TDM	2	191	0.8347
TDM	2	191.03	0.823
TDM	2	191.71	0.763
TDM	2	192	0.826
TDM	2	192.69	0.9757
TDM	2	193	0.956
TDM	2	193.68	0.9159
TDM	2	194	0.8505
TDM	2	195	0.6683
TDM	2	196	0.5375
TDM	2	196.21	0.5186
TDM	2	197	0.4854
TDM	2	198	0.4434
TDM	2	199	0.4024
TDM	2	200	0.3646
TDM	2	201	0.3319
TDM	2	202	0.3055
TDM	2	203	0.2852
TDM	2	204	0.2697
TDM	2	204.23	0.2666
TDM	2	205	0.268
TDM	2	206	0.2773
TDM	2	207	0.2956
TDM	2	208	0.3232
TDM	2	209	0.3596
TDM	2	209.59	0.3849
TDM	2	210	0.3912
TDM	2	210.97	0.4007
TDM	2	211	0.4014
TDM	2	211.48	0.4121
TDM	2	211.48	0.4121
TDM	2	212	0.4393
TDM	2	212.25	0.4516
TDM	2	213	0.4517
TDM	2	214	0.459
TDM	2	215	0.465
TDM	2	215.17	0.4655
TDM	2	216	0.4159
TDM	2	217	0.3588
TDM	2	218	0.3052
TDM	2	218.7	0.2701
TDM	2	219	0.2896
TDM	2	219.99	0.3666
TDM	2	220	0.3668
TDM	2	221	0.3802
TDM	2	221.54	0.3835
TDM	2	222	0.3242
TDM	2	222.31	0.2921
TDM	2	223	0.3101
TDM	2	224	0.3378
TDM	2	225	0.3661
TDM	2	225.96	0.3919
TDM	2	226	0.394
TDM	2	227	0.441
TDM	2	228	0.4841
TDM	2	228.44	0.5018
TDM	2	229	0.5523
TDM	2	230	0.6597
TDM	2	231	0.7628
TDM	2	231.5	0.8084
TDM	2	232	0.776
TDM	2	233	0.7112
TDM	2	234	0.6487
TDM	2	235	0.592
TDM	2	236	0.5445
TDM	2	237	0.5083
TDM	2	237.74	0.4889
TDM	2	238	0.4915
TDM	2	239	0.5006
TDM	2	240	0.5085
TDM	2	240.31	0.5106
TDM	2	240.62	0.5007
TDM	2	241	0.4827
TDM	2	242	0.4314
TDM	2	242.86	0.3843
TDM	2	243	0.383
TDM	2	244	0.375
TDM	2	244.56	0.3722
TDM	2	245	0.3581
TDM	2	245.2	0.3517
TDM	2	246	0.361
TDM	2	246.13	0.3614
TDM	2	247	0.4013
TDM	2	248	0.4452
TDM	2	249	0.4864
TDM	2	250	0.5244
TDM	2	251	0.5593
TDM	2	251.18	0.5652
TDM	3	35	0.0967
TDM	3	36	0.146
TDM	3	37	0.2184
TDM	3	38	0.3075
TDM	3	38.27	0.3334
TDM	3	39	0.3022
TDM	3	40	0.2596
TDM	3	41	0.2179
TDM	3	42	0.1777
TDM	3	43	0.1402
TDM	3	44	0.1063
TDM	3	45	0.0767
TDM	3	46	0.052
TDM	3	47	0.0326
TDM	3	48	0.0184
TDM	3	48.27	0.0154
TDM	3	49	0.0301
TDM	3	49.83	0.0546
TDM	3	50	0.0526
TDM	3	51	0.041
TDM	3	52	0.0299
TDM	3	53	0.0201
TDM	3	53.88	0.013
TDM	3	54	0.0125
TDM	3	54.92	0.0208
TDM	3	55	0.0226
TDM	3	56	0.055
TDM	3	57	0.1007
TDM	3	57.8	0.1447
TDM	3	58	0.1562
TDM	3	59	0.245
TDM	3	59.24	0.2726
TDM	3	60	0.231
TDM	3	60.87	0.1816
TDM	3	61	0.1828
TDM	3	61.51	0.189
TDM	3	62	0.1879
TDM	3	63	0.1875
TDM	3	63.63	0.1887
TDM	3	64	0.1973
TDM	3	65	0.2316
TDM	3	65.18	0.2398
TDM	3	66	0.2553
TDM	3	67	0.2732
TDM	3	68	0.2892
TDM	3	69	0.303
TDM	3	70	0.3143
TDM	3	71	0.3229
TDM	3	71.8	0.3281
TDM	3	72	0.3109
TDM	3	73	0.2259
TDM	3	74	0.1612
TDM	3	74.83	0.135
TDM	3	75	0.1256
TDM	3	75.12	0.1198
TDM	3	76	0.1306
TDM	3	76.41	0.1496
TDM	3	76.41	0.1496
TDM	3	76.58	0.1586
TDM	3	76.58	0.1586
TDM	3	76.58	0.1586
TDM	3	76.58	0.1586
TDM	3	76.99	0.301
TDM	3	77	0.3039
TDM	3	77.4	0.4399
TDM	3	77.4	0.4399
TDM	3	77.4	0.4399
TDM	3	77.4	0.4399
TDM	3	77.4	0.4399
TDM	3	77.67	0.4727
TDM	3	77.67	0.4727
TDM	3	77.67	0.4727
TDM	3	77.67	0.4727
TDM	3	77.67	0.4727
TDM	3	77.67	0.4727
TDM	3	77.67	0.4727
TDM	3	78	0.4075
TDM	3	78.21	0.3662
TDM	3	78.21	0.3662
TDM	3	78.21	0.3662
TDM	3	78.5	0.3912
TDM	3	79	0.4249
TDM	3	79.15	0.4347
TDM	3	79.15	0.4347
TDM	3	80	0.5307
TDM	3	80.59	0.597
TDM	3	80.59	0.597
TDM	3	81	0.652
TDM	3	81.82	0.7486
TDM	3	82	0.7029
TDM	3	82.1	0.6767
TDM	3	82.1	0.6767
TDM	3	83	0.6945
TDM	3	83.26	0.6994
TDM	3	84	0.674
TDM	3	84.14	0.6696
TDM	3	84.14	0.6696
TDM	3	84.7	0.7548
TDM	3	84.97	0.6611
TDM	3	84.97	0.6611
TDM	3	84.97	0.6611
TDM	3	85	0.6626
TDM	3	86	0.7064
TDM	3	86.42	0.7227
TDM	3	87	0.7238
TDM	3	88	0.7101
TDM	3	88.53	0.6994
TDM	3	89	0.691
TDM	3	90	0.6702
TDM	3	91	0.6467
TDM	3	92	0.6228
TDM	3	93	0.5997
TDM	3	93.11	0.5972
TDM	3	94	0.5178
TDM	3	95	0.4273
TDM	3	96	0.3394
TDM	3	97	0.2595
TDM	3	97.35	0.2342
TDM	3	98	0.244
TDM	3	99	0.2619
TDM	3	100	0.2818
TDM	3	100.84	0.2989
TDM	3	101	0.3134
TDM	3	102	0.4005
TDM	3	102.6	0.4462
TDM	3	103	0.4601
TDM	3	103.79	0.4879
TDM	3	104	0.4667
TDM	3	104.5	0.4234
TDM	3	105	0.4709
TDM	3	105.51	0.5164
TDM	3	106	0.5302
TDM	3	107	0.5942
TDM	3	107.55	0.654
TDM	3	108	0.6191
TDM	3	109	0.5393
TDM	3	110	0.4578
TDM	3	111	0.3769
TDM	3	112	0.2987
TDM	3	112.09	0.2918
TDM	3	113	0.3571
TDM	3	114	0.4283
TDM	3	115	0.4926
TDM	3	115.54	0.5234
TDM	3	115.54	0.5234
TDM	3	116	0.5999
TDM	3	117	0.7607
TDM	3	117.23	0.7955
TDM	3	117.23	0.7955
TDM	3	118	0.7834
TDM	3	118.63	0.7753
TDM	3	119	0.7771
TDM	3	120	0.7768
TDM	3	121	0.7688
TDM	3	121.37	0.764
TDM	3	122	0.6724
TDM	3	122.85	0.5435
TDM	3	122.85	0.5435
TDM	3	123	0.5807
TDM	3	123.9	0.7894
TDM	3	123.9	0.7894
TDM	3	124	0.749
TDM	3	124.24	0.6353
TDM	3	124.24	0.6353
TDM	3	125	0.7239
TDM	3	125.06	0.7321
TDM	3	125.49	0.702
TDM	3	125.49	0.702
TDM	3	125.93	0.7142
TDM	3	126	0.7203
TDM	3	126.76	0.7672
TDM	3	126.76	0.7672
TDM	3	126.76	0.7672
TDM	3	126.76	0.7672
TDM	3	126.76	0.7672
TDM	3	127	0.7332
TDM	3	127.13	0.7147
TDM	3	127.13	0.7147
TDM	3	127.51	0.5805
TDM	3	127.79	0.533
TDM	3	128	0.5815
TDM	3	128.27	0.6399
TDM	3	128.27	0.6399
TDM	3	128.54	0.6244
TDM	3	128.54	0.6244
TDM	3	129	0.7329
TDM	3	129.08	0.7517
TDM	3	130	0.6588
TDM	3	130.76	0.6244
TDM	3	131	0.6585
TDM	3	131.75	0.7725
TDM	3	132	0.8011
TDM	3	132.15	0.8184
TDM	3	133	0.7323
TDM	3	134	0.6168
TDM	3	134.73	0.5275
TDM	3	135	0.5716
TDM	3	136	0.7283
TDM	3	136.98	0.8649
TDM	3	137	0.8643
TDM	3	138	0.8288
TDM	3	139	0.7695
TDM	3	140	0.6884
TDM	3	140.06	0.6827
TDM	3	141	0.5845
TDM	3	142	0.4856
TDM	3	142.72	0.423
TDM	3	143	0.4151
TDM	3	144	0.3849
TDM	3	144.09	0.3822
TDM	3	145	0.2986
TDM	3	146	0.2329
TDM	3	146.82	0.2022
TDM	3	147	0.2047
TDM	3	148	0.2364
TDM	3	149	0.3043
TDM	3	150	0.4065
TDM	3	151	0.5278
TDM	3	152	0.6525
TDM	3	152.34	0.6934
TDM	3	153	0.7155
TDM	3	154	0.7373
TDM	3	155	0.745
TDM	3	155.19	0.7449
TDM	3	156	0.7334
TDM	3	156.66	0.7195
TDM	3	156.66	0.7195
TDM	3	157	0.6122
TDM	3	158	0.3135
TDM	3	158.72	0.1483
TDM	3	159	0.1547
TDM	3	159.7	0.1741
TDM	3	160	0.1683
TDM	3	160.06	0.1671
TDM	3	161	0.292
TDM	3	161.54	0.3734
TDM	3	161.54	0.3734
TDM	3	162	0.3494
TDM	3	162.08	0.3448
TDM	3	162.08	0.3448
TDM	3	162.78	0.4996
TDM	3	163	0.483
TDM	3	164	0.3999
TDM	3	165	0.3094
TDM	3	166	0.2288
TDM	3	166.62	0.1928
TDM	3	167	0.1606
TDM	3	168	0.0855
TDM	3	169	0.0449
TDM	3	170	0.057
TDM	3	170.27	0.0685
TDM	3	171	0.0765
TDM	3	172	0.0904
TDM	3	173	0.1068
TDM	3	174	0.1243
TDM	3	175	0.1413
TDM	3	176	0.1565
TDM	3	177	0.1691
TDM	3	177.07	0.1699
TDM	3	178	0.1642
TDM	3	179	0.157
TDM	3	180	0.1493
TDM	3	181	0.1419
TDM	3	181.68	0.1373
TDM	3	182	0.0736
TDM	3	182.12	0.0569
TDM	3	183	0.0644
TDM	3	184	0.0723
TDM	3	185	0.0791
TDM	3	185.83	0.0836
TDM	3	186	0.0876
TDM	3	187	0.1199
TDM	3	188	0.166
TDM	3	189	0.2214
TDM	3	190	0.2806
TDM	3	191	0.3389
TDM	3	192	0.3928
TDM	3	193	0.4403
TDM	3	194	0.4801
TDM	3	195	0.5117
TDM	3	195.33	0.5202
TDM	3	196	0.4498
TDM	3	197	0.3496
TDM	3	198	0.2577
TDM	3	199	0.1786
TDM	3	199.9	0.1218
TDM	3	200	0.1192
TDM	3	201	0.0937
TDM	3	201.85	0.0747
TDM	3	202	0.0718
TDM	3	202.15	0.0695
TDM	3	203	0.0826
TDM	3	204	0.1082
TDM	3	204.52	0.1254
TDM	3	205	0.1195
TDM	3	206	0.1072
TDM	3	207	0.095
TDM	3	208	0.0833
TDM	3	209	0.0721
TDM	3	209.45	0.0672
TDM	4	0	0.264
TDM	4	1	0.307
TDM	4	2	0.3503
TDM	4	3	0.3924
TDM	4	3.56	0.415
TDM	4	4	0.3805
TDM	4	5	0.2917
TDM	4	6	0.1977
TDM	4	6.19	0.1811
TDM	4	7	0.2676
TDM	4	7.3	0.3032
TDM	4	8	0.3152
TDM	4	9	0.314
TDM	4	10	0.2895
TDM	4	10.24	0.281
TDM	4	11	0.2467
TDM	4	12	0.1952
TDM	4	13	0.1422
TDM	4	14	0.0942
TDM	4	14.31	0.0813
TDM	4	15	0.0961
TDM	4	16	0.1184
TDM	4	17	0.1408
TDM	4	17.8	0.1582
TDM	4	18	0.1757
TDM	4	19	0.2701
TDM	4	19.19	0.2881
TDM	4	20	0.3932
TDM	4	21	0.5265
TDM	4	22	0.6386
TDM	4	23	0.7229
TDM	4	24	0.7823
TDM	4	24.7	0.8117
TDM	4	25	0.7627
TDM	4	26	0.6772
TDM	4	27	0.7739
TDM	4	27.43	0.8521
TDM	4	28	0.8481
TDM	4	29	0.8354
TDM	4	30	0.8155
TDM	4	31	0.7887
TDM	4	32	0.7565
TDM	4	32.37	0.7437
TDM	4	33	0.816
TDM	4	34	0.9335
TDM	4	35	1.0476
TDM	4	36	1.1516
TDM	4	36.03	1.1549
TDM	4	36.14	1.153
TDM	4	37	1.1092
TDM	4	37.95	1.0656
TDM	4	38	1.0672
TDM	4	39	1.0889
TDM	4	40	1.0837
TDM	4	40.63	1.0666
TDM	4	41	1.0651
TDM	4	42	1.0605
TDM	4	43	1.0553
TDM	4	44	1.0495
TDM	4	45	1.0428
TDM	4	46	1.0352
TDM	4	47	1.0263
TDM	4	48	1.0158
TDM	4	49	1.0033
TDM	4	50	0.9886
TDM	4	50.67	0.9776
TDM	4	51	0.9814
TDM	4	52	0.9961
TDM	4	52.72	1.0117
TDM	4	53	1.0218
TDM	4	54	1.0566
TDM	4	55	1.0878
TDM	4	56	1.1148
TDM	4	57	1.1368
TDM	4	58	1.1531
TDM	4	58.2	1.1556
TDM	4	58.56	1.0179
TDM	4	59	1.0281
TDM	4	60	1.0172
TDM	4	61	0.9613
TDM	4	61.54	0.916
TDM	4	62	0.9027
TDM	4	63	0.8541
TDM	4	63.21	0.8394
TDM	4	63.78	0.843
TDM	4	63.78	0.843
TDM	4	64	0.8633
TDM	4	64.13	0.8774
TDM	4	65	1.063
TDM	4	65.65	1.2086
TDM	4	65.98	0.9839
TDM	4	65.98	0.9839
TDM	4	66	0.9841
TDM	4	66.25	0.9867
TDM	4	66.25	0.9867
TDM	4	66.25	0.9867
TDM	4	66.52	1.013
TDM	4	66.79	0.9825
TDM	4	67	0.9842
TDM	4	67.07	0.9848
TDM	4	67.07	0.9848
TDM	4	67.07	0.9848
TDM	4	67.62	1.3465
TDM	4	67.91	1.2536
TDM	4	68	1.2443
TDM	4	68.37	1.2228
TDM	4	68.37	1.2228
TDM	4	68.83	1.2291
TDM	4	69	1.2212
TDM	4	69.92	1.1967
TDM	4	69.92	1.1967
TDM	4	69.92	1.1967
TDM	4	70	1.2006
TDM	4	70.44	1.227
TDM	4	70.71	1.1962
TDM	4	70.71	1.1962
TDM	4	71	1.161
TDM	4	71.53	1.0933
TDM	4	72	1.1019
TDM	4	72.17	1.1067
TDM	4	73	1.1269
TDM	4	73.14	1.1311
TDM	4	74	1.0298
TDM	4	74.8	0.8845
TDM	4	75	0.8162
TDM	4	76	0.3417
TDM	4	76.16	0.263
TDM	4	77	0.2345
TDM	4	77.53	0.219
TDM	4	78	0.2185
TDM	4	79	0.2331
TDM	4	79.22	0.2383
TDM	4	79.6	0.3396
TDM	4	80	0.3482
TDM	4	81	0.366
TDM	4	81.55	0.3716
TDM	4	81.55	0.3716
TDM	4	82	0.3366
TDM	4	83	0.2553
TDM	4	83.79	0.1921
TDM	4	84	0.1888
TDM	4	84.95	0.1867
TDM	4	85	0.1888
TDM	4	85.58	0.2149
TDM	4	86	0.2363
TDM	4	86.16	0.2444
TDM	4	87	0.1692
TDM	4	88	0.0918
TDM	4	89	0.0378
TDM	4	89.02	0.0369
TDM	4	89.02	0.0369
TDM	4	89.02	0.0369
TDM	4	89.31	0.0239
TDM	4	89.31	0.0239
TDM	4	90	0.0235
TDM	4	90.1	0.0236
TDM	4	91	0.0148
TDM	4	92	0.1776
TDM	4	92.86	0.4078
TDM	4	93	0.3916
TDM	4	94	0.2852
TDM	4	95	0.1912
TDM	4	96	0.113
TDM	4	97	0.0539
TDM	4	98	0.0165
TDM	4	99	0.0014
TDM	4	100	0.0067
TDM	4	101	0.0274
TDM	4	102	0.0579
TDM	4	103	0.0924
TDM	4	103.37	0.1055
TDM	4	104	0.0498
TDM	4	104.74	0.0271
TDM	4	105	0.049
TDM	4	105.04	0.053
TDM	4	105.32	0.1201
TDM	4	106	0.2189
TDM	4	106.19	0.2516
TDM	4	107	0.2432
TDM	4	107.06	0.2431
TDM	4	108	0.2994
TDM	4	108.51	0.3371
TDM	4	108.84	0.3808
TDM	4	109	0.3817
TDM	4	109.12	0.3824
TDM	4	109.45	0.3605
TDM	4	110	0.2587
TDM	4	111	0.1241
TDM	4	111.05	0.1202
TDM	4	112	0.1544
TDM	4	113	0.1836
TDM	4	113.62	0.1951
TDM	4	114	0.1992
TDM	4	114.3	0.2027
TDM	4	115	0.1528
TDM	4	115.47	0.1248
TDM	4	115.47	0.1248
TDM	4	115.47	0.1248
TDM	4	116	0.0941
TDM	4	117	0.099
TDM	4	117.16	0.1073
TDM	4	118	0.0803
TDM	4	118.89	0.0619
TDM	4	119	0.0601
TDM	4	120	0.0516
TDM	4	121	0.0588
TDM	4	122	0.0804
TDM	4	122.03	0.0811
TDM	4	122.52	0.1054
TDM	4	123	0.2428
TDM	4	123.11	0.2861
TDM	4	123.6	0.3157
TDM	4	124	0.3856
TDM	4	124.14	0.4105
TDM	4	124.14	0.4105
TDM	4	125	0.3734
TDM	4	126	0.3183
TDM	4	126.01	0.3177
TDM	4	126.01	0.3177
TDM	4	127	0.38
TDM	4	128	0.4394
TDM	4	128.3	0.4561
TDM	4	128.7	0.5318
TDM	4	129	0.5036
TDM	4	129.16	0.4887
TDM	4	129.9	0.2435
TDM	4	129.9	0.2435
TDM	4	129.9	0.2435
TDM	4	130	0.2499
TDM	4	130.89	0.3083
TDM	4	130.89	0.3083
TDM	4	131	0.3096
TDM	4	131.34	0.3131
TDM	4	131.62	0.4834
TDM	4	132	0.4571
TDM	4	132.09	0.4509
TDM	4	132.43	0.3652
TDM	4	132.9	0.3318
TDM	4	133	0.321
TDM	4	134	0.2227
TDM	4	135	0.1446
TDM	4	136	0.0915
TDM	4	136.48	0.0756
TDM	4	137	0.0867
TDM	4	138	0.1148
TDM	4	138.65	0.1371
TDM	4	139	0.1303
TDM	4	139.89	0.1172
TDM	4	140	0.1159
TDM	4	141	0.104
TDM	4	141.37	0.0993
TDM	4	142	0.1077
TDM	4	142.82	0.1215
TDM	4	143	0.1325
TDM	4	144	0.2033
TDM	4	144.4	0.234
TDM	4	145	0.2897
TDM	4	146	0.3976
TDM	4	147	0.5186
TDM	4	148	0.6445
TDM	4	148.99	0.7659
TDM	4	149	0.7686
TDM	4	150	0.9697
TDM	4	151	1.1741
TDM	4	152	1.3747
TDM	4	153	1.5678
TDM	4	153.56	1.6718
TDM	4	154	1.5529
TDM	4	155	1.212
TDM	4	155.07	1.185
TDM	4	156	1.1977
TDM	4	156.17	1.198
TDM	4	157	1.3303
TDM	4	158	1.4698
TDM	4	158.69	1.5537
TDM	4	159	1.4287
TDM	4	160	1.0221
TDM	4	161	0.6406
TDM	4	161.23	0.563
TDM	4	162	0.6189
TDM	4	162.16	0.6263
TDM	4	163	0.5898
TDM	4	164	0.5401
TDM	4	165	0.4839
TDM	4	166	0.4221
TDM	4	167	0.3574
TDM	4	168	0.2937
TDM	4	169	0.2354
TDM	4	170	0.1862
TDM	4	170.81	0.1542
TDM	4	171	0.1519
TDM	4	171.93	0.1455
TDM	4	172	0.1461
TDM	4	173	0.1574
TDM	4	173.99	0.1722
TDM	5	0	0.2849
TDM	5	1	0.1957
TDM	5	1.51	0.1547
TDM	5	2	0.1913
TDM	5	3	0.2849
TDM	5	3.12	0.297
TDM	5	4	0.3381
TDM	5	5	0.3935
TDM	5	5.71	0.434
TDM	5	5.98	0.5278
TDM	5	6	0.5178
TDM	5	6.29	0.3839
TDM	5	7	0.3945
TDM	5	8	0.411
TDM	5	9	0.4293
TDM	5	10	0.4505
TDM	5	11	0.4771
TDM	5	11.58	0.4957
TDM	5	12	0.4856
TDM	5	13	0.46
TDM	5	14	0.4326
TDM	5	15	0.404
TDM	5	16	0.3748
TDM	5	17	0.3459
TDM	5	18	0.318
TDM	5	19	0.292
TDM	5	20	0.2686
TDM	5	21	0.2483
TDM	5	22	0.2315
TDM	5	23	0.2181
TDM	5	24	0.2078
TDM	5	25	0.2004
TDM	5	26	0.1954
TDM	5	27	0.1923
TDM	5	28	0.1906
TDM	5	29	0.1899
TDM	5	29.76	0.1898
TDM	5	30	0.1903
TDM	5	31	0.192
TDM	5	32	0.1932
TDM	5	33	0.1938
TDM	5	34	0.1937
TDM	5	35	0.1931
TDM	5	35.92	0.1919
TDM	5	36	0.1889
TDM	5	37	0.1522
TDM	5	38	0.1155
TDM	5	38.26	0.1062
TDM	5	39	0.1083
TDM	5	40	0.1107
TDM	5	41	0.1126
TDM	5	42	0.1139
TDM	5	43	0.1143
TDM	5	44	0.1139
TDM	5	45	0.1125
TDM	5	46	0.1104
TDM	5	47	0.1075
TDM	5	48	0.1041
TDM	5	49	0.1004
TDM	5	50	0.0968
TDM	5	51	0.0935
TDM	5	52	0.0907
TDM	5	53	0.0886
TDM	5	54	0.0872
TDM	5	55	0.0868
TDM	5	56	0.0872
TDM	5	57	0.0884
TDM	5	58	0.0903
TDM	5	58.7	0.092
TDM	5	59	0.0962
TDM	5	60	0.1255
TDM	5	61	0.1721
TDM	5	61.5	0.1966
TDM	5	62	0.1864
TDM	5	63	0.169
TDM	5	64	0.1703
TDM	5	64.37	0.1776
TDM	5	65	0.1671
TDM	5	66	0.151
TDM	5	67	0.1358
TDM	5	68	0.1215
TDM	5	69	0.1084
TDM	5	69.71	0.0999
TDM	5	70	0.1011
TDM	5	71	0.1133
TDM	5	72	0.1371
TDM	5	72.76	0.1623
TDM	5	73	0.1655
TDM	5	74	0.1777
TDM	5	75	0.1865
TDM	5	75.86	0.1908
TDM	5	76	0.2017
TDM	5	77	0.2966
TDM	5	77.55	0.3573
TDM	5	78	0.4525
TDM	5	78.54	0.5746
TDM	5	79	0.657
TDM	5	79.01	0.6589
TDM	5	79.54	0.5731
TDM	5	80	0.7275
TDM	5	81	1.0864
TDM	5	82	1.3902
TDM	5	83	1.6237
TDM	5	83.29	1.6787
TDM	5	84	1.5465
TDM	5	84.32	1.4827
TDM	5	84.4	1.4299
TDM	5	84.4	1.4299
TDM	5	84.84	1.6531
TDM	5	84.84	1.6531
TDM	5	85	1.5654
TDM	5	85.5	1.2575
TDM	5	85.8	1.2147
TDM	5	85.8	1.2147
TDM	5	86	1.382
TDM	5	86.07	1.4323
TDM	5	86.35	1.3585
TDM	5	86.35	1.3585
TDM	5	86.35	1.3585
TDM	5	86.35	1.3585
TDM	5	86.35	1.3585
TDM	5	86.35	1.3585
TDM	5	86.35	1.3585
TDM	5	87	1.2861
TDM	5	88	1.1607
TDM	5	88.03	1.1566
TDM	5	88.39	1.1018
TDM	5	88.6	1.102
TDM	5	88.6	1.102
TDM	5	88.6	1.102
TDM	5	88.6	1.102
TDM	5	88.6	1.102
TDM	5	88.6	1.102
TDM	5	89	0.9752
TDM	5	89.7	0.7573
TDM	5	89.7	0.7573
TDM	5	89.7	0.7573
TDM	5	90	0.6831
TDM	5	90.25	0.6228
TDM	5	90.25	0.6228
TDM	5	90.25	0.6228
TDM	5	90.25	0.6228
TDM	5	90.25	0.6228
TDM	5	91	0.5868
TDM	5	92	0.5382
TDM	5	93	0.4892
TDM	5	94	0.4402
TDM	5	95	0.3919
TDM	5	95.42	0.3719
TDM	5	96	0.3955
TDM	5	97	0.4349
TDM	5	98	0.4718
TDM	5	99	0.5054
TDM	5	100	0.5353
TDM	5	100.29	0.5432
TDM	5	101	0.6607
TDM	5	101.97	0.8232
TDM	5	102	0.8252
TDM	5	103	0.8699
TDM	5	104	0.8773
TDM	5	105	0.8485
TDM	5	105.37	0.8303
TDM	5	105.37	0.8303
TDM	5	105.37	0.8303
TDM	5	105.37	0.8303
TDM	5	105.64	0.8047
TDM	5	105.93	0.8574
TDM	5	105.93	0.8574
TDM	5	106	0.8546
TDM	5	107	0.8105
TDM	5	108	0.7578
TDM	5	109	0.696
TDM	5	110	0.6261
TDM	5	110.49	0.59
TDM	5	110.49	0.59
TDM	5	110.75	0.7369
TDM	5	111	0.6338
TDM	5	111.29	0.4954
TDM	5	112	0.5568
TDM	5	112.95	0.635
TDM	5	113	0.6322
TDM	5	114	0.5701
TDM	5	114.32	0.547
TDM	5	114.76	0.4328
TDM	5	114.76	0.4328
TDM	5	115	0.4654
TDM	5	115.23	0.4975
TDM	5	115.23	0.4975
TDM	5	116	0.4558
TDM	5	117	0.3366
TDM	5	117.19	0.3084
TDM	5	118	0.2186
TDM	5	118.04	0.2202
TDM	5	119	0.4335
TDM	5	120	0.6431
TDM	5	120.2	0.678
TDM	5	121	0.6295
TDM	5	122	0.5543
TDM	5	122.3	0.5288
TDM	5	122.3	0.5288
TDM	5	123	0.5078
TDM	5	124	0.4784
TDM	5	125	0.4499
TDM	5	125.33	0.4409
TDM	5	126	0.3919
TDM	5	126.65	0.3423
TDM	5	127	0.3255
TDM	5	127.55	0.3115
TDM	5	128	0.3848
TDM	5	128.12	0.4035
TDM	5	129	0.3265
TDM	5	130	0.2436
TDM	5	131	0.1694
TDM	5	131.25	0.1527
TDM	5	131.25	0.1527
TDM	5	131.25	0.1527
TDM	5	131.25	0.1527
TDM	5	131.25	0.1527
TDM	5	131.7	0.155
TDM	5	132	0.1478
TDM	5	132.14	0.1452
TDM	5	132.58	0.1892
TDM	5	133	0.1565
TDM	5	133.92	0.1118
TDM	5	134	0.1117
TDM	5	134.59	0.1128
TDM	5	134.78	0.1085
TDM	5	135	0.1002
TDM	5	136	0.0662
TDM	5	136.29	0.0577
TDM	5	137	0.0589
TDM	5	138	0.0631
TDM	5	138.42	0.0654
TDM	5	139	0.0547
TDM	5	139.69	0.043
TDM	5	140	0.0523
TDM	5	141	0.0876
TDM	5	141.37	0.1025
TDM	5	142	0.0835
TDM	5	143	0.1365
TDM	5	143.71	0.2154
TDM	5	144	0.1985
TDM	5	144.84	0.1497
TDM	5	145	0.1667
TDM	5	145.42	0.2317
TDM	5	146	0.2561
TDM	5	147	0.3165
TDM	5	147.29	0.3374
TDM	5	148	0.2837
TDM	5	148.98	0.1912
TDM	5	149	0.193
TDM	5	150	0.3051
TDM	5	151	0.4095
TDM	5	152	0.4767
TDM	5	153	0.5035
TDM	5	153.49	0.5044
TDM	5	154	0.5168
TDM	5	155	0.5348
TDM	5	156	0.5406
TDM	5	156.83	0.5331
TDM	5	157	0.5532
TDM	5	158	0.676
TDM	5	159	0.8043
TDM	5	160	0.9334
TDM	5	161	1.0594
TDM	5	161.51	1.1214
TDM	5	161.51	1.1214
TDM	5	162	1.1622
TDM	5	162.7	1.1714
TDM	5	163	1.2378
TDM	5	163.59	1.3249
TDM	5	164	1.3283
TDM	5	165	1.3104
TDM	5	166	1.2555
TDM	5	166.22	1.2389
TDM	5	167	1.1813
TDM	5	167.65	1.0961
TDM	5	168	1.1572
TDM	5	169	1.2938
TDM	5	169.72	1.3393
TDM	5	170	1.2564
TDM	5	170.63	1.0687
TDM	5	171	1.1146
TDM	5	172	1.2313
TDM	5	173	1.3323
TDM	5	173.95	1.4112
TDM	5	174	1.4061
TDM	5	175	1.2838
TDM	5	176	1.1292
TDM	5	176.63	1.0476
TDM	5	177	1.0516
TDM	5	178	1.0543
TDM	5	179	1.0458
TDM	5	180	1.0288
TDM	5	181	1.0075
TDM	5	182	0.984
TDM	5	182.05	0.9828
TDM	5	183	0.9096
TDM	5	184	0.8306
TDM	5	185	0.7516
TDM	5	186	0.6747
TDM	5	187	0.6015
TDM	5	187.55	0.5633
TDM	5	188	0.5844
TDM	5	189	0.6314
TDM	5	189.86	0.6716
TDM	5	189.86	0.6716
TDM	5	190	0.6585
TDM	5	191	0.5647
TDM	5	192	0.4729
TDM	5	192.91	0.3931
TDM	6	5	0.5675
TDM	6	6	0.4607
TDM	6	7	0.341
TDM	6	8	0.2352
TDM	6	8	0.2353
TDM	6	8.67	0.2739
TDM	6	9	0.2863
TDM	6	9.86	0.3135
TDM	6	9.86	0.3135
TDM	6	9.86	0.3135
TDM	6	9.86	0.3135
TDM	6	9.86	0.3135
TDM	6	10	0.2959
TDM	6	10.69	0.2103
TDM	6	11	0.2196
TDM	6	11.21	0.2267
TDM	6	11.21	0.2267
TDM	6	12	0.1876
TDM	6	13	0.1384
TDM	6	13.54	0.1138
TDM	6	14	0.1149
TDM	6	15	0.1135
TDM	6	15.94	0.1063
TDM	6	16	0.1121
TDM	6	17	0.2497
TDM	6	17.79	0.3917
TDM	6	18	0.4368
TDM	6	18.84	0.5837
TDM	6	19	0.5582
TDM	6	20	0.3949
TDM	6	21	0.2434
TDM	6	21.19	0.218
TDM	6	22	0.1717
TDM	6	23	0.1293
TDM	6	24	0.1091
TDM	6	25	0.1146
TDM	6	25.89	0.1406
TDM	6	26	0.134
TDM	6	27	0.0894
TDM	6	28	0.072
TDM	6	28.92	0.0793
TDM	6	29	0.0796
TDM	6	30	0.0902
TDM	6	30.84	0.108
TDM	6	30.84	0.108
TDM	6	31	0.0793
TDM	6	31.31	0.037
TDM	6	32	0.0262
TDM	6	33	0.0324
TDM	6	33.01	0.0327
TDM	6	34	0.0631
TDM	6	34.25	0.0711
TDM	6	34.56	0.198
TDM	6	35	0.2097
TDM	6	36	0.2335
TDM	6	37	0.2518
TDM	6	37.93	0.2632
TDM	6	38	0.2613
TDM	6	39	0.2316
TDM	6	39.43	0.2203
TDM	6	40	0.2235
TDM	6	40.67	0.2298
TDM	6	41	0.2212
TDM	6	41.23	0.2152
TDM	6	41.78	0.3487
TDM	6	41.78	0.3487
TDM	6	42	0.2778
TDM	6	42.88	0.0744
TDM	6	43	0.0743
TDM	6	44	0.0832
TDM	6	45	0.1094
TDM	6	45.16	0.1151
TDM	6	46	0.1096
TDM	6	46.17	0.1091
TDM	6	47	0.1253
TDM	6	47.13	0.1293
TDM	6	47.4	0.222
TDM	6	47.96	0.2048
TDM	6	48	0.2055
TDM	6	49	0.2275
TDM	6	50	0.2556
TDM	6	51	0.2872
TDM	6	52	0.3193
TDM	6	52.13	0.3234
TDM	6	53	0.2777
TDM	6	54	0.2266
TDM	6	55	0.1782
TDM	6	56	0.1337
TDM	6	57	0.0944
TDM	6	58	0.0613
TDM	6	59	0.0354
TDM	6	60	0.017
TDM	6	60.95	0.0065
TDM	6	61	0.0074
TDM	6	61.62	0.0237
TDM	6	62	0.0295
TDM	6	62.58	0.044
TDM	6	62.58	0.044
TDM	6	62.86	0.014
TDM	6	63	0.0166
TDM	6	63.76	0.0397
TDM	6	64	0.0388
TDM	6	64.04	0.0386
TDM	6	65	0.0304
TDM	6	65.84	0.0441
TDM	6	65.84	0.0441
TDM	6	66	0.0371
TDM	6	67	0.0131
TDM	6	67	0.0131
TDM	6	68	0.0085
TDM	6	69	0.0049
TDM	6	70	0.0023
TDM	6	71	0.001
TDM	6	72	9e-04
TDM	6	72.06	0.001
TDM	6	72.48	6e-04
TDM	6	73	0.0012
TDM	6	73.89	0.0106
TDM	6	73.89	0.0106
TDM	6	73.89	0.0106
TDM	6	73.89	0.0106
TDM	6	74	0.0112
TDM	6	74.72	0.0181
TDM	6	75	0.0238
TDM	6	75.86	0.0671
TDM	6	76	0.1007
TDM	6	76.15	0.1465
TDM	6	76.43	0.2027
TDM	6	76.99	0.259
TDM	6	77	0.2595
TDM	6	77.31	0.2805
TDM	6	77.31	0.2805
TDM	6	78	0.2146
TDM	6	79	0.1422
TDM	6	80	0.1087
TDM	6	81	0.1188
TDM	6	81.1	0.1219
TDM	6	82	0.1288
TDM	6	82.93	0.1543
TDM	6	83	0.1532
TDM	6	84	0.1387
TDM	6	85	0.1248
TDM	6	86	0.1121
TDM	6	87	0.1006
TDM	6	88	0.0901
TDM	6	88.38	0.0864
TDM	6	89	0.0709
TDM	6	90	0.051
TDM	6	91	0.0387
TDM	6	92	0.0353
TDM	6	93	0.0412
TDM	6	93.32	0.0451
TDM	6	94	0.0483
TDM	6	95	0.0539
TDM	6	96	0.0606
TDM	6	97	0.0686
TDM	6	98	0.078
TDM	6	99	0.0889
TDM	6	100	0.1013
TDM	6	101	0.1152
TDM	6	101.54	0.1233
TDM	6	102	0.1246
TDM	6	103	0.1476
TDM	6	104	0.2009
TDM	6	105	0.2838
TDM	6	106	0.3917
TDM	6	106.91	0.5054
TDM	6	107	0.4931
TDM	6	108	0.3604
TDM	6	109	0.2495
TDM	6	110	0.1854
TDM	6	111	0.175
TDM	6	111.17	0.1773
TDM	6	112	0.2212
TDM	6	113	0.2793
TDM	6	113.86	0.3327
TDM	6	114	0.3198
TDM	6	114.87	0.2398
TDM	6	115	0.2293
TDM	6	116	0.156
TDM	6	117	0.0949
TDM	6	118	0.0501
TDM	6	118.61	0.0324
TDM	6	119	0.0328
TDM	6	120	0.0486
TDM	6	121	0.0858
TDM	6	121.47	0.11
TDM	6	121.71	0.1163
TDM	6	121.9	0.1702
TDM	6	122	0.1629
TDM	6	123	0.0966
TDM	6	123.24	0.0824
TDM	6	124	0.041
TDM	6	124.71	0.0171
TDM	6	125	0.0163
TDM	6	126	0.0166
TDM	6	127	0.0221
TDM	6	128	0.0337
TDM	6	129	0.0521
TDM	6	130	0.0777
TDM	6	131	0.1106
TDM	6	132	0.1502
TDM	6	133	0.1953
TDM	6	134	0.2448
TDM	6	135	0.2974
TDM	6	136	0.3518
TDM	6	137	0.4071
TDM	6	138	0.4624
TDM	6	139	0.5173
TDM	6	140	0.5711
TDM	6	141	0.6236
TDM	6	141.54	0.6512
TDM	6	142	0.642
TDM	6	143	0.6208
TDM	6	144	0.5979
TDM	6	145	0.5734
TDM	6	145.43	0.5625
TDM	7	0	0.6961
TDM	7	1	0.809
TDM	7	2	0.9563
TDM	7	2.79	1.069
TDM	7	3	1.0589
TDM	7	4	0.9969
TDM	7	5	0.9107
TDM	7	6	0.7963
TDM	7	7	0.6509
TDM	7	8	0.4865
TDM	7	8.17	0.4594
TDM	7	9	0.3921
TDM	7	10	0.3089
TDM	7	11	0.2329
TDM	7	12	0.1775
TDM	7	12.34	0.1651
TDM	7	13	0.1663
TDM	7	14	0.1674
TDM	7	15	0.1664
TDM	7	16	0.1624
TDM	7	17	0.1546
TDM	7	18	0.1433
TDM	7	18.43	0.1375
TDM	7	19	0.1298
TDM	7	20	0.1154
TDM	7	21	0.1006
TDM	7	22	0.0864
TDM	7	23	0.0733
TDM	7	24	0.0623
TDM	7	25	0.0537
TDM	7	26	0.0478
TDM	7	27	0.0446
TDM	7	28	0.0438
TDM	7	28.29	0.0439
TDM	7	29	0.0645
TDM	7	30	0.1014
TDM	7	31	0.1464
TDM	7	31.36	0.1643
TDM	7	32	0.1295
TDM	7	33	0.0853
TDM	7	34	0.0582
TDM	7	35	0.0519
TDM	7	36	0.0674
TDM	7	37	0.1016
TDM	7	38	0.1494
TDM	7	39	0.2057
TDM	7	39.25	0.2205
TDM	7	40	0.2252
TDM	7	41	0.2239
TDM	7	42	0.2117
TDM	7	42.23	0.2075
TDM	7	43	0.2158
TDM	7	44	0.2199
TDM	7	45	0.2162
TDM	7	46	0.2048
TDM	7	47	0.1869
TDM	7	48	0.1646
TDM	7	49	0.1401
TDM	7	49.22	0.1348
TDM	7	50	0.1197
TDM	7	51	0.102
TDM	7	52	0.0867
TDM	7	53	0.0744
TDM	7	54	0.0658
TDM	7	55	0.0615
TDM	7	55.22	0.0611
TDM	7	56	0.0617
TDM	7	57	0.0622
TDM	7	58	0.0623
TDM	7	58.73	0.0621
TDM	7	59	0.0569
TDM	7	59.86	0.0433
TDM	7	60	0.0493
TDM	7	60.67	0.0831
TDM	7	60.67	0.0831
TDM	7	61	0.0677
TDM	7	62	0.0362
TDM	7	62.21	0.0318
TDM	7	62.21	0.0318
TDM	7	63	0.0322
TDM	7	64	0.036
TDM	7	64.02	0.0361
TDM	7	64.02	0.0361
TDM	7	64.02	0.0361
TDM	7	64.02	0.0361
TDM	7	64.02	0.0361
TDM	7	64.84	0.0213
TDM	7	64.84	0.0213
TDM	7	64.84	0.0213
TDM	7	64.84	0.0213
TDM	7	64.84	0.0213
TDM	7	65	0.0194
TDM	7	65.65	0.0134
TDM	7	65.65	0.0134
TDM	7	66	0.0251
TDM	7	67	0.0934
TDM	7	67.02	0.0955
TDM	7	68	0.1159
TDM	7	69	0.1376
TDM	7	69.05	0.1385
TDM	7	70	0.1255
TDM	7	70.32	0.1231
TDM	7	71	0.1775
TDM	7	71.62	0.2293
TDM	7	72	0.2973
TDM	7	72.2	0.3352
TDM	7	73	0.3012
TDM	7	74	0.2541
TDM	7	75	0.2071
TDM	7	75.89	0.1747
TDM	7	76	0.151
TDM	7	76.17	0.1156
TDM	7	76.17	0.1156
TDM	7	77	0.0381
TDM	7	78	0.0872
TDM	7	79	0.2559
TDM	7	79.3	0.3195
TDM	7	80	0.2673
TDM	7	81	0.2049
TDM	7	82	0.1597
TDM	7	83	0.1338
TDM	7	84	0.1264
TDM	7	84.06	0.1265
TDM	7	85	0.1299
TDM	7	86	0.1335
TDM	7	87	0.137
TDM	7	88	0.1405
TDM	7	89	0.1438
TDM	7	90	0.1469
TDM	7	91	0.1497
TDM	7	91.59	0.1512
TDM	7	92	0.1222
TDM	7	92.66	0.085
TDM	7	93	0.0797
TDM	7	94	0.0656
TDM	7	95	0.0546
TDM	7	96	0.047
TDM	7	97	0.043
TDM	7	97.21	0.0425
TDM	7	98	0.0392
TDM	7	99	0.0357
TDM	7	100	0.0334
TDM	7	101	0.0321
TDM	7	102	0.0321
TDM	7	103	0.0333
TDM	7	103.28	0.0338
TDM	7	104	0.0306
TDM	7	105	0.037
TDM	7	105.85	0.0522
TDM	7	106	0.0519
TDM	7	107	0.0719
TDM	7	108	0.1258
TDM	7	108.57	0.1663
TDM	7	109	0.0999
TDM	7	109.07	0.0908
TDM	7	110	0.1057
TDM	7	111	0.145
TDM	7	111.99	0.1885
TDM	7	112	0.1891
TDM	7	113	0.2329
TDM	7	113.83	0.2677
TDM	7	114	0.2699
TDM	7	114.5	0.2741
TDM	7	114.84	0.2374
TDM	7	115	0.236
TDM	7	115.98	0.2279
TDM	7	116	0.2217
TDM	7	116.06	0.2068
TDM	7	116.34	0.2366
TDM	7	116.99	0.2736
TDM	7	117	0.2736
TDM	7	117.26	0.273
TDM	7	117.26	0.273
TDM	7	117.34	0.2415
TDM	7	117.62	0.1728
TDM	7	118	0.1934
TDM	7	118.25	0.2086
TDM	7	118.25	0.2086
TDM	7	119	0.2857
TDM	7	119.63	0.3526
TDM	7	119.63	0.3526
TDM	7	120	0.3627
TDM	7	120.35	0.3525
TDM	7	121	0.299
TDM	7	121.2	0.2823
TDM	7	121.71	0.3491
TDM	7	122	0.3429
TDM	7	123	0.3526
TDM	7	123.45	0.3729
TDM	7	124	0.2744
TDM	7	125	0.162
TDM	7	125.16	0.1574
TDM	7	125.56	0.1381
TDM	7	126	0.1186
TDM	7	126.5	0.0968
TDM	7	127	0.0862
TDM	7	128	0.08
TDM	7	129	0.0932
TDM	7	129.46	0.1051
TDM	7	130	0.1061
TDM	7	131	0.1077
TDM	7	132	0.1077
TDM	7	132.22	0.1074
TDM	7	133	0.1184
TDM	7	134	0.1488
TDM	7	134.79	0.1855
TDM	7	135	0.1595
TDM	7	135.12	0.1447
TDM	7	136	0.1539
TDM	7	137	0.1614
TDM	7	137.03	0.1616
TDM	7	138	0.2024
TDM	7	139	0.2456
TDM	7	140	0.2857
TDM	7	141	0.3195
TDM	7	141.24	0.3266
TDM	7	141.24	0.3266
TDM	7	142	0.2821
TDM	7	142.68	0.2441
TDM	7	143	0.2849
TDM	7	144	0.4129
TDM	7	144.15	0.4312
TDM	7	145	0.4663
TDM	7	146	0.5067
TDM	7	146.68	0.5335
TDM	7	147	0.5013
TDM	7	148	0.4014
TDM	7	149	0.3074
TDM	7	149.82	0.2377
TDM	7	150	0.238
TDM	7	151	0.2394
TDM	7	152	0.2401
TDM	7	153	0.2399
TDM	7	154	0.2388
TDM	7	155	0.2368
TDM	7	156	0.2338
TDM	7	157	0.2299
TDM	7	158	0.2251
TDM	7	159	0.2193
TDM	7	160	0.2127
TDM	7	161	0.2055
TDM	7	161.82	0.199
TDM	7	162	0.1928
TDM	7	163	0.173
TDM	7	164	0.1855
TDM	7	165	0.2324
TDM	7	165.79	0.2914
TDM	7	166	0.289
TDM	7	167	0.2799
TDM	7	167.53	0.2769
TDM	7	168	0.2687
TDM	7	169	0.2477
TDM	7	170	0.2226
TDM	7	170.38	0.2125
TDM	7	170.38	0.2125
TDM	7	171	0.2849
TDM	7	171.55	0.3536
TDM	7	172	0.3968
TDM	7	172.27	0.4249
TDM	7	173	0.4061
TDM	7	174	0.3996
TDM	7	175	0.4185
TDM	7	176	0.4579
TDM	7	177	0.5065
TDM	7	178	0.5544
TDM	7	178.24	0.5652
TDM	7	179	0.6502
TDM	7	180	0.7682
TDM	7	181	0.8894
TDM	7	181.69	0.9728
TDM	7	181.69	0.9728
TDM	7	182	0.9199
TDM	7	183	0.7402
TDM	7	184	0.5534
TDM	7	185	0.388
TDM	7	185.46	0.3292
TDM	7	186	0.3435
TDM	7	187	0.3691
TDM	7	188	0.3929
TDM	7	188.18	0.3969
TDM	7	189	0.355
TDM	7	189.78	0.3177
TDM	8	10	0.5505
TDM	8	11	0.7319
TDM	8	11.51	0.7901
TDM	8	12	0.9593
TDM	8	12.12	0.9983
TDM	8	12.44	0.9235
TDM	8	13	0.9209
TDM	8	13.96	0.892
TDM	8	14	0.9047
TDM	8	15	1.1036
TDM	8	15.48	1.1463
TDM	8	16	1.0338
TDM	8	17	0.8271
TDM	8	18	0.6774
TDM	8	18.54	0.6316
TDM	8	18.54	0.6316
TDM	8	19	0.5353
TDM	8	20	0.298
TDM	8	21	0.0907
TDM	8	21.21	0.064
TDM	8	22	0.0791
TDM	8	22.35	0.0862
TDM	8	23	0.0795
TDM	8	24	0.0718
TDM	8	25	0.0673
TDM	8	26	0.0658
TDM	8	27	0.0669
TDM	8	28	0.0701
TDM	8	29	0.0745
TDM	8	30	0.0795
TDM	8	31	0.0843
TDM	8	32	0.0883
TDM	8	33	0.091
TDM	8	34	0.0921
TDM	8	35	0.0917
TDM	8	35.37	0.0911
TDM	8	36	0.1643
TDM	8	37	0.3257
TDM	8	38	0.529
TDM	8	39	0.7534
TDM	8	40	0.9812
TDM	8	41	1.2006
TDM	8	41.36	1.2766
TDM	8	42	1.5091
TDM	8	42.33	1.5761
TDM	8	43	1.6715
TDM	8	44	1.7715
TDM	8	44.46	1.8004
TDM	8	45	1.7525
TDM	8	46	1.6556
TDM	8	47	1.5478
TDM	8	48	1.4303
TDM	8	49	1.3058
TDM	8	50	1.1778
TDM	8	50.09	1.1658
TDM	8	51	1.1496
TDM	8	52	1.1142
TDM	8	53	1.0605
TDM	8	54	0.9894
TDM	8	55	0.9033
TDM	8	56	0.8054
TDM	8	56.95	0.7053
TDM	8	57	0.7123
TDM	8	58	0.8349
TDM	8	59	0.9316
TDM	8	60	0.9995
TDM	8	61	1.0361
TDM	8	61.94	1.0393
TDM	8	62	1.0504
TDM	8	62.61	1.1499
TDM	8	62.91	1.0544
TDM	8	63	1.0537
TDM	8	64	1.0445
TDM	8	64.03	1.0442
TDM	8	64.36	0.9432
TDM	8	64.68	0.9345
TDM	8	64.68	0.9345
TDM	8	64.68	0.9345
TDM	8	64.68	0.9345
TDM	8	65	0.9036
TDM	8	65.04	0.8998
TDM	8	65.04	0.8998
TDM	8	65.04	0.8998
TDM	8	65.04	0.8998
TDM	8	65.04	0.8998
TDM	8	65.04	0.8998
TDM	8	65.74	1.0459
TDM	8	65.74	1.0459
TDM	8	66	1.0342
TDM	8	66.73	0.8996
TDM	8	67	0.9402
TDM	8	67.01	0.9426
TDM	8	67.01	0.9426
TDM	8	67.3	0.9416
TDM	8	67.58	1.01
TDM	8	67.63	1.0181
TDM	8	67.63	1.0181
TDM	8	68	1.0747
TDM	8	69	1.2051
TDM	8	70	1.3001
TDM	8	70.03	1.3021
TDM	8	71	1.2812
TDM	8	71.02	1.2807
TDM	8	72	1.0918
TDM	8	73	0.9034
TDM	8	73.13	0.8793
TDM	8	73.71	0.6509
TDM	8	73.71	0.6509
TDM	8	74	0.6652
TDM	8	74.28	0.6789
TDM	8	74.28	0.6789
TDM	8	74.55	0.681
TDM	8	74.55	0.681
TDM	8	74.83	0.6933
TDM	8	75	0.7477
TDM	8	75.38	0.8609
TDM	8	75.52	0.8539
TDM	8	75.52	0.8539
TDM	8	76	0.7454
TDM	8	76.41	0.6942
TDM	8	76.71	0.8194
TDM	8	77	0.8328
TDM	8	77.45	0.9103
TDM	8	77.45	0.9103
TDM	8	77.45	0.9103
TDM	8	77.63	0.9189
TDM	8	77.96	0.9352
TDM	8	77.96	0.9352
TDM	8	78	0.9399
TDM	8	79	1.0248
TDM	8	79.19	1.033
TDM	8	79.46	1.1716
TDM	8	80	1.1322
TDM	8	80.17	1.1218
TDM	8	80.17	1.1218
TDM	8	80.64	1.1366
TDM	8	80.64	1.1366
TDM	8	80.64	1.1366
TDM	8	80.97	1.2976
TDM	8	81	1.3
TDM	8	82	1.3694
TDM	8	82.07	1.3743
TDM	8	82.57	1.2092
TDM	8	83	1.2319
TDM	8	83.15	1.2369
TDM	8	83.68	1.357
TDM	8	84	1.3751
TDM	8	84.27	1.3729
TDM	8	84.56	1.4006
TDM	8	85	1.4072
TDM	8	86	1.406
TDM	8	86.7	1.3883
TDM	8	87	1.3903
TDM	8	87.91	1.3958
TDM	8	88	1.3867
TDM	8	89	1.2866
TDM	8	89.51	1.241
TDM	8	90	1.3342
TDM	8	90.45	1.3692
TDM	8	90.77	1.3671
TDM	8	91	1.3634
TDM	8	91.34	1.3591
TDM	8	91.34	1.3591
TDM	8	92	1.3633
TDM	8	93	1.3428
TDM	8	93.28	1.3286
TDM	8	93.28	1.3286
TDM	8	93.28	1.3286
TDM	8	93.84	1.309
TDM	8	94	1.2765
TDM	8	94.39	1.1961
TDM	8	95	0.9183
TDM	8	95.81	0.5423
TDM	8	95.81	0.5423
TDM	8	96	0.5458
TDM	8	96.46	0.5577
TDM	8	97	0.5852
TDM	8	98	0.6339
TDM	8	99	0.6785
TDM	8	99.43	0.6964
TDM	8	100	0.7224
TDM	8	100.24	0.7381
TDM	8	101	0.611
TDM	8	101.37	0.548
TDM	8	102	0.5048
TDM	8	103	0.4191
TDM	8	103.85	0.366
TDM	8	104	0.3669
TDM	8	104.48	0.3702
TDM	8	105	0.3576
TDM	8	106	0.345
TDM	8	107	0.3494
TDM	8	108	0.3676
TDM	8	109	0.3899
TDM	8	110	0.4052
TDM	8	110.12	0.4062
TDM	8	110.49	0.4139
TDM	8	111	0.4349
TDM	8	112	0.4851
TDM	8	112.77	0.5307
TDM	8	113	0.578
TDM	8	114	0.7838
TDM	8	115	0.9528
TDM	8	116	1.0831
TDM	8	117	1.1837
TDM	8	117.87	1.2529
TDM	8	118	1.2561
TDM	8	119	1.2738
TDM	8	120	1.2767
TDM	8	121	1.2643
TDM	8	122	1.237
TDM	8	123	1.1958
TDM	8	123.74	1.1575
TDM	8	124	1.1526
TDM	8	125	1.1254
TDM	8	125.85	1.0927
TDM	8	126	1.1034
TDM	8	127	1.147
TDM	8	127.27	1.1518
TDM	8	128	1.1551
TDM	8	128.62	1.1565
TDM	8	129	1.2244
TDM	8	130	1.3838
TDM	8	131	1.5071
TDM	8	132	1.5873
TDM	8	132.15	1.5951
TDM	8	133	1.4794
TDM	8	134	1.3538
TDM	8	135	1.2421
TDM	8	135.18	1.2234
TDM	8	136	1.2494
TDM	8	137	1.2773
TDM	8	138	1.3013
TDM	8	139	1.321
TDM	8	139.65	1.3314
TDM	8	140	1.244
TDM	8	141	0.9293
TDM	8	141.72	0.6048
TDM	8	142	0.6116
TDM	8	142.26	0.6185
TDM	8	143	0.5714
TDM	8	144	0.5108
TDM	8	145	0.4551
TDM	8	146	0.4055
TDM	8	147	0.3634
TDM	8	147.03	0.3622
TDM	8	148	0.3555
TDM	8	149	0.3418
TDM	8	150	0.3214
TDM	8	151	0.2951
TDM	8	152	0.264
TDM	8	153	0.2299
TDM	8	154	0.1948
TDM	8	155	0.1604
TDM	8	155.48	0.1447
TDM	8	155.86	0.1766
TDM	8	156	0.1608
TDM	8	156.4	0.1193
TDM	8	156.4	0.1193
TDM	8	157	0.0985
TDM	8	158	0.0661
TDM	8	158.05	0.0647
TDM	9	0	1.0231
TDM	9	1	1.0307
TDM	9	2	1.0315
TDM	9	3	1.024
TDM	9	3.78	1.0117
TDM	9	4	1.0007
TDM	9	5	0.9493
TDM	9	6	0.896
TDM	9	6.73	0.8556
TDM	9	7	0.8767
TDM	9	8	0.9408
TDM	9	8.56	0.9675
TDM	9	8.56	0.9675
TDM	9	9	0.9846
TDM	9	10	1.0102
TDM	9	11	1.0129
TDM	9	11.73	0.9967
TDM	9	12	1.0167
TDM	9	13	1.0725
TDM	9	13.87	1.0974
TDM	9	14	1.0817
TDM	9	15	0.9552
TDM	9	16	0.8242
TDM	9	17	0.6902
TDM	9	18	0.5567
TDM	9	19	0.4299
TDM	9	20	0.3176
TDM	9	20.65	0.2552
TDM	9	21	0.2719
TDM	9	22	0.3301
TDM	9	23	0.401
TDM	9	24	0.4815
TDM	9	25	0.5671
TDM	9	25.46	0.6072
TDM	9	26	0.5401
TDM	9	27	0.4251
TDM	9	28	0.3279
TDM	9	28.32	0.3015
TDM	9	29	0.3009
TDM	9	30	0.304
TDM	9	31	0.3141
TDM	9	32	0.3313
TDM	9	33	0.3526
TDM	9	33.05	0.3537
TDM	9	33.25	0.4108
TDM	9	33.61	0.4002
TDM	9	34	0.4236
TDM	9	35	0.4824
TDM	9	36	0.5375
TDM	9	37	0.5862
TDM	9	37.52	0.6082
TDM	9	38	0.6019
TDM	9	39	0.5851
TDM	9	40	0.5633
TDM	9	41	0.5366
TDM	9	42	0.5056
TDM	9	43	0.4712
TDM	9	44	0.4345
TDM	9	45	0.3971
TDM	9	46	0.3604
TDM	9	47	0.3261
TDM	9	48	0.2953
TDM	9	49	0.2688
TDM	9	50	0.2471
TDM	9	50.33	0.2411
TDM	9	51	0.2341
TDM	9	52	0.2238
TDM	9	53	0.2135
TDM	9	54	0.2034
TDM	9	55	0.1933
TDM	9	55.66	0.1867
TDM	9	56	0.1754
TDM	9	56.73	0.153
TDM	9	57	0.1597
TDM	9	57.48	0.1796
TDM	9	58	0.2027
TDM	9	59	0.2541
TDM	9	59.91	0.3051
TDM	9	60	0.3032
TDM	9	61	0.2802
TDM	9	61.35	0.2715
TDM	9	62	0.3064
TDM	9	63	0.3581
TDM	9	64	0.392
TDM	9	65	0.4136
TDM	9	65.11	0.4158
TDM	9	65.88	0.4934
TDM	9	65.88	0.4934
TDM	9	65.88	0.4934
TDM	9	66	0.4948
TDM	9	67	0.4831
TDM	9	67.84	0.4435
TDM	9	67.84	0.4435
TDM	9	67.84	0.4435
TDM	9	68	0.4721
TDM	9	68.2	0.5066
TDM	9	68.2	0.5066
TDM	9	68.2	0.5066
TDM	9	68.2	0.5066
TDM	9	68.2	0.5066
TDM	9	68.2	0.5066
TDM	9	68.2	0.5066
TDM	9	68.2	0.5066
TDM	9	68.86	0.3614
TDM	9	68.86	0.3614
TDM	9	69	0.3712
TDM	9	69.87	0.4119
TDM	9	69.87	0.4119
TDM	9	69.87	0.4119
TDM	9	70	0.3853
TDM	9	71	0.197
TDM	9	71.81	0.0957
TDM	9	72	0.0983
TDM	9	73	0.1492
TDM	9	73.2	0.1663
TDM	9	74	0.1934
TDM	9	74.07	0.1961
TDM	9	74.49	0.2649
TDM	9	75	0.2694
TDM	9	76	0.2892
TDM	9	76.93	0.3197
TDM	9	77	0.3231
TDM	9	77.86	0.3623
TDM	9	78	0.3714
TDM	9	79	0.4443
TDM	9	79.1	0.4523
TDM	9	80	0.3229
TDM	9	81	0.2306
TDM	9	81.08	0.2259
TDM	9	82	0.285
TDM	9	82.25	0.3014
TDM	9	82.25	0.3014
TDM	9	82.25	0.3014
TDM	9	82.54	0.1904
TDM	9	83	0.2031
TDM	9	83.43	0.2158
TDM	9	84	0.302
TDM	9	84.91	0.4498
TDM	9	85	0.4464
TDM	9	85.57	0.4278
TDM	9	86	0.3623
TDM	9	86.55	0.2849
TDM	9	86.89	0.2307
TDM	9	87	0.233
TDM	9	88	0.254
TDM	9	88.43	0.2631
TDM	9	88.84	0.2324
TDM	9	89	0.2269
TDM	9	90	0.1805
TDM	9	90.07	0.1769
TDM	9	90.27	0.1636
TDM	9	91	0.1876
TDM	9	91.12	0.1994
TDM	9	92	0.1603
TDM	9	92.87	0.1253
TDM	9	93	0.1265
TDM	9	93.19	0.1367
TDM	9	93.4	0.1288
TDM	9	94	0.1324
TDM	9	94.87	0.1726
TDM	9	95	0.1734
TDM	9	96	0.2104
TDM	9	96.19	0.226
TDM	9	97	0.1897
TDM	9	98	0.1596
TDM	9	99	0.1473
TDM	9	100	0.1469
TDM	9	100.07	0.1472
TDM	9	101	0.1854
TDM	9	101.03	0.1866
TDM	9	102	0.154
TDM	9	103	0.1189
TDM	9	104	0.0844
TDM	9	105	0.0538
TDM	9	106	0.0303
TDM	9	106.61	0.0201
TDM	9	107	0.0308
TDM	9	107.39	0.0447
TDM	9	108	0.0721
TDM	9	109	0.1279
TDM	9	109.12	0.1354
TDM	9	110	0.1101
TDM	9	111	0.0825
TDM	9	112	0.0573
TDM	9	113	0.0362
TDM	9	113.39	0.0293
TDM	9	114	0.0277
TDM	9	115	0.0249
TDM	9	116	0.022
TDM	9	117	0.0191
TDM	9	118	0.0164
TDM	9	119	0.0144
TDM	9	119.11	0.0142
TDM	9	120	0.0225
TDM	9	121	0.036
TDM	9	122	0.0532
TDM	9	123	0.0725
TDM	9	124	0.0924
TDM	9	124.33	0.0988
TDM	9	125	0.0985
TDM	9	126	0.0973
TDM	9	127	0.0955
TDM	9	128	0.0931
TDM	9	128.15	0.0927
TDM	9	129	0.0672
TDM	9	130	0.0435
TDM	9	131	0.0277
TDM	9	132	0.0206
TDM	9	133	0.0223
TDM	9	133.98	0.0326
TDM	9	134	0.0322
TDM	9	135	0.0135
TDM	9	136	0.0027
TDM	9	137	0.0015
TDM	9	138	0.0102
TDM	9	139	0.0277
TDM	9	139.4	0.0368
TDM	9	140	0.0426
TDM	9	141	0.0532
TDM	9	142	0.065
TDM	9	143	0.0776
TDM	9	144	0.091
TDM	9	145	0.1049
TDM	9	145.7	0.1148
TDM	9	146	0.1115
TDM	9	146.83	0.1088
TDM	9	147	0.1101
TDM	9	148	0.1179
TDM	9	149	0.1258
TDM	9	150	0.1338
TDM	9	151	0.1417
TDM	9	152	0.1494
TDM	9	152.83	0.1557
TDM	9	153	0.1507
TDM	9	154	0.1232
TDM	9	154.19	0.1182
TDM	9	155	0.1161
TDM	9	156	0.1128
TDM	9	157	0.1091
TDM	9	158	0.105
TDM	9	159	0.1006
TDM	9	160	0.0961
TDM	9	161	0.0916
TDM	9	161.6	0.0889
TDM	9	162	0.0801
TDM	9	163	0.0805
TDM	9	164	0.1132
TDM	9	164.21	0.1242
TDM	9	165	0.1242
TDM	9	166	0.1432
TDM	9	166.96	0.1791
TDM	9	167	0.1783
TDM	9	167.53	0.1686
TDM	9	168	0.1974
TDM	9	168.23	0.215
TDM	10	0	0.0867
TDM	10	0.39	0.0806
TDM	10	0.39	0.0806
TDM	10	1	0.0958
TDM	10	2	0.1218
TDM	10	2.59	0.137
TDM	10	3	0.1344
TDM	10	4	0.1255
TDM	10	5	0.1135
TDM	10	5.56	0.106
TDM	10	6	0.0904
TDM	10	7	0.0605
TDM	10	8	0.0381
TDM	10	9	0.0225
TDM	10	10	0.0125
TDM	10	11	0.0065
TDM	10	12	0.0035
TDM	10	12.75	0.0025
TDM	10	13	0.0034
TDM	10	14	0.0096
TDM	10	15	0.0203
TDM	10	16	0.0354
TDM	10	17	0.0543
TDM	10	18	0.0765
TDM	10	19	0.1011
TDM	10	20	0.1272
TDM	10	20.84	0.1499
TDM	10	21	0.1514
TDM	10	22	0.1614
TDM	10	23	0.1723
TDM	10	24	0.1842
TDM	10	25	0.197
TDM	10	26	0.2108
TDM	10	27	0.2255
TDM	10	28	0.241
TDM	10	29	0.2571
TDM	10	30	0.2738
TDM	10	31	0.2906
TDM	10	32	0.3074
TDM	10	33	0.3239
TDM	10	34	0.3398
TDM	10	35	0.3548
TDM	10	36	0.3687
TDM	10	37	0.3812
TDM	10	38	0.3923
TDM	10	39	0.4019
TDM	10	40	0.4099
TDM	10	41	0.4163
TDM	10	42	0.4212
TDM	10	43	0.4248
TDM	10	44	0.427
TDM	10	45	0.428
TDM	10	46	0.428
TDM	10	47	0.4271
TDM	10	48	0.4254
TDM	10	49	0.4231
TDM	10	49.8	0.4208
TDM	10	50	0.4222
TDM	10	51	0.4271
TDM	10	52	0.4286
TDM	10	53	0.4261
TDM	10	54	0.4191
TDM	10	54.54	0.4134
TDM	10	55	0.4019
TDM	10	56	0.3757
TDM	10	57	0.3496
TDM	10	57.64	0.3335
TDM	10	58	0.3651
TDM	10	58.48	0.4251
TDM	10	59	0.4092
TDM	10	59.81	0.3904
TDM	10	60	0.3707
TDM	10	60.9	0.2587
TDM	10	61	0.2638
TDM	10	61.41	0.2793
TDM	10	61.62	0.276
TDM	10	61.62	0.276
TDM	10	61.62	0.276
TDM	10	61.62	0.276
TDM	10	62	0.2508
TDM	10	63	0.176
TDM	10	63.68	0.1247
TDM	10	64	0.1266
TDM	10	64.85	0.1318
TDM	10	64.85	0.1318
TDM	10	64.94	0.1269
TDM	10	64.94	0.1269
TDM	10	65	0.127
TDM	10	65.75	0.2303
TDM	10	66	0.2158
TDM	10	66.31	0.1982
TDM	10	67	0.1538
TDM	10	68	0.0987
TDM	10	68.01	0.0983
TDM	10	68.47	0.1048
TDM	10	68.77	0.0911
TDM	10	69	0.1101
TDM	10	69.24	0.1328
TDM	10	69.53	0.1332
TDM	10	70	0.1058
TDM	10	70.91	0.0624
TDM	10	71	0.062
TDM	10	72	0.0593
TDM	10	72.8	0.0585
TDM	10	73	0.0556
TDM	10	73.22	0.0524
TDM	10	74	0.1006
TDM	10	74.33	0.125
TDM	10	74.33	0.125
TDM	10	74.33	0.125
TDM	10	75	0.1236
TDM	10	75.15	0.123
TDM	10	76	0.0967
TDM	10	76.02	0.0961
TDM	10	76.79	0.1016
TDM	10	77	0.1161
TDM	10	77.19	0.1302
TDM	10	78	0.1149
TDM	10	79	0.0981
TDM	10	80	0.0839
TDM	10	81	0.0723
TDM	10	82	0.063
TDM	10	83	0.056
TDM	10	84	0.0511
TDM	10	85	0.0486
TDM	10	85.45	0.0482
TDM	10	86	0.0543
TDM	10	87	0.0654
TDM	10	88	0.0759
TDM	10	89	0.0852
TDM	10	89.33	0.0878
TDM	10	90	0.0936
TDM	10	91	0.1037
TDM	10	92	0.1154
TDM	10	93	0.1283
TDM	10	94	0.142
TDM	10	95	0.156
TDM	10	96	0.17
TDM	10	97	0.1837
TDM	10	98	0.1972
TDM	10	99	0.2103
TDM	10	100	0.2233
TDM	10	101	0.2361
TDM	10	102	0.2488
TDM	10	103	0.261
TDM	10	103.02	0.2612
TDM	10	104	0.158
TDM	10	104.26	0.1298
TDM	10	105	0.1605
TDM	10	106	0.2096
TDM	10	107	0.2659
TDM	10	108	0.3275
TDM	10	109	0.3919
TDM	10	109.24	0.4077
TDM	10	109.58	0.6832
TDM	10	109.58	0.6832
TDM	10	110	0.6694
TDM	10	111	0.6331
TDM	10	111.99	0.5924
TDM	10	112	0.593
TDM	10	113	0.6918
TDM	10	114	0.788
TDM	10	115	0.8785
TDM	10	115.28	0.9029
TDM	10	115.6	0.9517
TDM	10	115.89	0.9848
TDM	10	116	1.0121
TDM	10	117	1.1997
TDM	10	118	1.2963
TDM	10	118.15	1.3051
TDM	10	118.15	1.3051
TDM	10	118.15	1.3051
TDM	10	119	1.2084
TDM	10	119.87	1.1008
TDM	10	120	1.0954
TDM	10	120.75	1.0614
TDM	10	121	1.0333
TDM	10	122	0.9161
TDM	10	123	0.7896
TDM	10	123.24	0.7582
TDM	10	124	0.7081
TDM	10	125	0.6403
TDM	10	125.84	0.582
TDM	10	126	0.5826
TDM	10	127	0.5855
TDM	10	128	0.5874
TDM	10	129	0.5886
TDM	10	130	0.5891
TDM	10	131	0.5892
TDM	10	131.85	0.5888
TDM	10	132	0.5826
TDM	10	133	0.5387
TDM	10	134	0.4899
TDM	10	134.68	0.4552
TDM	10	135	0.4406
TDM	10	136	0.3988
TDM	10	137	0.366
TDM	10	137.84	0.3467
TDM	10	138	0.3266
TDM	10	138.71	0.2422
TDM	10	139	0.2485
TDM	10	140	0.2701
TDM	10	141	0.2918
TDM	10	142	0.3134
TDM	10	142.22	0.3181
TDM	10	143	0.4083
TDM	10	144	0.5066
TDM	10	144.87	0.5693
TDM	10	145	0.5629
TDM	10	145.42	0.5517
TDM	10	146	0.4627
TDM	10	146.22	0.4254
TDM	10	146.22	0.4254
TDM	10	147	0.6051
TDM	10	148	0.8578
TDM	10	148.29	0.9325
TDM	10	149	0.914
TDM	10	150	0.886
TDM	10	151	0.8568
TDM	10	151.48	0.8429
