entry,loc,p_input,treatment,rep,gen,female,male,hybrid,GY,GYPP,PUE,RSR,RYE,HI,NP,EW,GW,PH,SD,RW,DM,silking_date,anthesis_date,planting_date
1,CKOKWE OPT,50,Optimal,I,45,CML434,EN64,CML434xEN64,7,131.25,140,0.06434271442495126,7.766272189349113,0.499703033625731,22,3593,2886,178,3.16,16.9,262.656,2026-09-19,2026-09-18,2026-07-08
2,CKOKWE OPT,50,Optimal,I,2,CML366,EN17,CML366xEN17,6.81,127.6875,136.2,0.06123492678725236,7.0157967032967035,0.4296117974806201,24,3734,3063,196,3.22,18.2,297.216,2026-09-20,2026-09-19,2026-07-08
3,CKOKWE OPT,50,Optimal,I,37,CML366,EN32,CML366xEN32,7.47,140.0625,149.4,0.07444858956738006,7.695741758241758,0.5729371195758884,20,3316,2801,179,3.19,18.2,244.464,2026-09-18,2026-09-18,2026-07-08
4,CKOKWE OPT,50,Optimal,I,16,CML366,EN21,CML366xEN21,7.51,140.8125,150.2,0.17275377229080932,3.4941066997518613,0.6036201131687243,23,3850,3240,204,3.27,40.3,233.28,2026-09-19,2026-09-18,2026-07-08
5,CKOKWE OPT,50,Optimal,I,26,CML439,EN25,CML439xEN25,7.43,139.3125,148.6,0.08024691358024692,6.697716346153846,0.5374710648148149,20,3496,2786,167,2.89,20.8,259.2,2026-09-18,2026-09-18,2026-07-08
6,CKOKWE OPT,50,Optimal,I,40,CML439,EN32,CML439xEN32,5.71,107.0625,114.2,0.09171907756813416,5.882554945054945,0.5395425133043058,26,3672,2786,155,2.75,18.2,198.432,2026-09-17,2026-09-16,2026-07-08
7,CKOKWE OPT,50,Optimal,I,7,CML532,EN17,CML532xEN17,7.19,134.8125,143.8,0.0729430713983946,6.100113122171945,0.444960987008872,16,2641,2157,181,2.51,22.1,302.976,2026-09-26,2026-09-22,2026-07-08
8,CKOKWE OPT,50,Optimal,I,28,CML532,EN25,CML532xEN25,6.24,117,124.8,0.14451245030341076,2.6470588235294117,0.3825329566854991,20,3029,2340,156,2.74,44.2,305.856,2026-09-27,2026-09-23,2026-07-08
9,CKOKWE OPT,50,Optimal,I,10,CML434,EN20,CML434xEN20,5.79,108.5625,115.8,0.11547157622739018,2.530594405594406,0.29221172480620156,23,2994,2499,153,2.82,42.9,371.52,2026-09-20,2026-09-19,2026-07-08
10,CKOKWE OPT,50,Optimal,I,19,CML439,EN21,CML439xEN21,6.23,116.8125,124.6,0.1868494311304769,2.3646255060728745,0.4418289306463326,22,3107,2568,114,2.15,49.4,264.384,2026-09-25,2026-09-20,2026-07-08
11,CKOKWE OPT,50,Optimal,I,35,CML532,EN31,CML532xEN31,4.51,84.5625,90.2,0.10893667491749176,5.003698224852071,0.5450862469059407,21,2245,1774,122,2.18,16.9,155.136,2026-09-23,2026-09-22,2026-07-08
12,CKOKWE OPT,50,Optimal,I,0,Check,Check,Check,4.05,75.9375,81,0.12727272727272726,3.616071428571429,0.4602272727272727,13,1336,988,134,2.13,21,165,2026-09-27,2026-09-23,2026-07-08
13,CKOKWE OPT,50,Optimal,I,29,CML364,EN31,CML364xEN31,3.33,62.4375,66.6,0.10903113258185722,4.802884615384615,0.5236639492753623,20,1570,1250,157,2.86,13,119.232,2026-09-22,2026-09-19,2026-07-08
14,CKOKWE OPT,50,Optimal,I,14,CML532,EN20,CML532xEN20,7.38,138.375,147.6,0.04060469765117441,13.305288461538462,0.5402572151424289,20,3499,2766,144,2.62,10.4,256.128,2026-09-21,2026-09-20,2026-07-08
15,CKOKWE OPT,50,Optimal,I,48,CML530,EN64,CML530xEN64,10.61,198.9375,212.2,0.04177182650962797,13.911713286713288,0.5811176738642737,12,2785,2387,191,2.58,14.3,342.336,2026-09-22,2026-09-20,2026-07-08
16,CKOKWE OPT,50,Optimal,I,30,CML366,EN31,CML366xEN31,7.98,149.625,159.6,0.06500800098473657,8.853550295857989,0.5755516063515509,18,3259,2692,165,2.12,16.9,259.968,2026-09-18,2026-09-18,2026-07-08
17,CKOKWE OPT,50,Optimal,I,4,CML435,EN17,CML435xEN17,10.45,195.9375,209,0.1168445352709658,3.9663461538461537,0.46344587306993645,13,3029,2546,168,2.5,49.4,422.784,2026-09-20,2026-09-19,2026-07-08
18,CKOKWE OPT,50,Optimal,I,17,CML434,EN21,CML434xEN21,5.91,110.8125,118.2,0.04476584022038567,10.655048076923077,0.47698217975206614,25,3360,2772,162,2.98,10.4,232.32,2026-09-20,2026-09-18,2026-07-08
19,CKOKWE OPT,50,Optimal,I,9,CML366,EN20,CML366xEN20,8.04,150.74999999999997,160.79999999999998,0.06034610814022578,7.730769230769229,0.46652183600713,21,3377,3166,154,2.81,19.5,323.136,2026-09-20,2026-09-19,2026-07-08
20,CKOKWE OPT,50,Optimal,I,43,CML364,EN64,CML364xEN64,6.05,113.4375,121,0.08425925925925926,6.232829670329671,0.5251736111111112,20,2878,2270,159,2.88,18.2,216,2026-09-22,2026-09-20,2026-07-08
21,CKOKWE OPT,50,Optimal,I,13,CML530,EN20,CML530xEN20,5.47,102.5625,109.4,0.07323778619073373,7.889423076923077,0.577803880475933,18,2144,1845,139,2.71,13,177.504,2026-09-20,2026-09-19,2026-07-08
22,CKOKWE OPT,50,Optimal,I,32,CML435,EN31,CML435xEN31,4.8,90,96,0.10650749063670412,4.945054945054945,0.526685393258427,20,2223,1801,153,2.25,18.2,170.88,2026-09-19,2026-09-18,2026-07-08
23,CKOKWE OPT,50,Optimal,I,22,CML364,EN25,CML364xEN25,7.21,135.1875,144.2,0.15361401977894126,2.6664201183431953,0.4095995127981384,25,4238,3381,157,2.75,50.7,330.048,2026-09-23,2026-09-20,2026-07-08
24,CKOKWE OPT,50,Optimal,I,39,CML435,EN32,CML435xEN32,4.04,75.75,80.8,0.08293893838158872,5.297202797202797,0.4393443763919822,20,2076,1516,99,1.82,14.3,172.416,2026-09-22,2026-09-18,2026-07-08
25,CKOKWE OPT,50,Optimal,I,47,CML439,EN64,CML439xEN64,3.04,57,60.8,0.13583461934156377,3.3727810650887577,0.4581404320987654,15,1121,855,89,1.79,16.9,124.416,2026-09-29,2026-09-24,2026-07-08
26,CKOKWE OPT,50,Optimal,I,25,CML435,EN25,CML435xEN25,5.85,109.6875,117,0.07337848932676519,7.670454545454545,0.562846366995074,13,2175,1425,153,2.85,14.3,194.88,2026-09-24,2026-09-20,2026-07-08
27,CKOKWE OPT,50,Optimal,I,49,CML532,EN64,CML532xEN64,9.37,175.6875,187.4,0.12188340575212084,4.6601458885941645,0.5679944522036002,15,3294,2634,149,2.75,37.7,309.312,2026-09-19,2026-09-19,2026-07-08
28,CKOKWE OPT,50,Optimal,I,36,CML364,EN32,CML364xEN32,6.82,127.875,136.4,0.07481583793738489,7.566568047337279,0.5660991287717807,11,1557,1407,128,2.28,16.9,225.888,2026-09-19,2026-09-18,2026-07-08
29,CKOKWE OPT,50,Optimal,I,5,CML439,EN17,CML439xEN17,7.65,143.4375,153,0.03424329501915708,10.030594405594403,0.34348060344827586,20,3492,2869,162,2.78,14.3,417.6,2026-09-18,2026-09-17,2026-07-08
30,CKOKWE OPT,50,Optimal,I,41,CML530,EN32,CML530xEN32,6.97,130.6875,139.4,0.12679463171036204,3.3509615384615383,0.42488393414481895,20,3470,2615,163,2.71,39,307.584,2026-09-19,2026-09-16,2026-07-08
31,CKOKWE OPT,50,Optimal,I,15,CML364,EN21,CML364xEN21,5.81,108.9375,116.2,0.11329544494211104,2.5393356643356646,0.2876951639482802,25,3280,2724,181,3.22,42.9,378.656,2026-09-18,2026-09-17,2026-07-08
32,CKOKWE OPT,50,Optimal,I,31,CML434,EN31,CML434xEN31,6.51,122.0625,130.2,0.0625,7.824519230769231,0.4890324519230769,23,3642,2808,162,2.85,15.6,249.6,2026-09-19,2026-09-18,2026-07-08
33,CKOKWE OPT,50,Optimal,I,21,CML532,EN21,CML532xEN21,5.98,112.125,119.6,0.11325169255276782,3.080357142857143,0.34885566009557945,22,3167,2467,164,2.92,36.4,321.408,2026-09-23,2026-09-20,2026-07-08
34,CKOKWE OPT,50,Optimal,I,33,CML439,EN31,CML439xEN31,5.4,101.25,108,0.14560931899641577,2.5961538461538463,0.3780241935483871,15,1911,1520,136,2.56,39,267.84,2026-09-20,2026-09-18,2026-07-08
35,CKOKWE OPT,50,Optimal,I,44,CML366,EN64,CML366xEN64,5.59,104.8125,111.8,0.12120835405271008,4.479166666666667,0.5429124191944306,25,3204,2619,148,2.7,23.4,193.056,2026-09-20,2026-09-19,2026-07-08
36,CKOKWE OPT,50,Optimal,I,11,CML435,EN20,CML435xEN20,7.6,142.5,152,0.09792261338407864,5.769230769230769,0.5649381541389153,18,3180,2565,161,2.77,24.7,252.24,2026-09-20,2026-09-18,2026-07-08
37,CKOKWE OPT,50,Optimal,I,8,CML364,EN20,CML364xEN20,7.64,143.25,152.8,0.09333228905597328,5.008741258741258,0.4674772869674185,20,3382,2865,177,3.12,28.6,306.432,2026-09-23,2026-09-19,2026-07-08
38,CKOKWE OPT,50,Optimal,I,38,CML434,EN32,CML434xEN32,5.72,107.25,114.4,0.14159537389100127,3.75,0.5309826520912547,20,2985,2145,171,3.18,28.6,201.984,2026-09-22,2026-09-19,2026-07-08
39,CKOKWE OPT,50,Optimal,I,24,CML434,EN25,CML434xEN25,7.33,137.4375,146.6,0.10179690075832508,5.564271255060729,0.566425568743818,22,3790,3025,174,3.21,24.7,242.64,2026-09-22,2026-09-19,2026-07-08
40,CKOKWE OPT,50,Optimal,I,3,CML434,EN17,CML434xEN17,9.36,175.5,187.2,0.03561892236569425,12.272727272727272,0.4371413199426112,26,5110,4561,188,3.24,14.3,401.472,2026-09-19,2026-09-18,2026-07-08
41,CKOKWE OPT,50,Optimal,I,6,CML530,EN17,CML530xEN17,7.98,149.625,159.6,0.09672619047619048,4.795673076923077,0.4638671875,17,3299,2543,179,3.23,31.2,322.56,2026-09-22,2026-09-19,2026-07-08
42,CKOKWE OPT,50,Optimal,I,27,CML530,EN25,CML530xEN25,8.37,156.93749999999997,167.4,0.0785383597883598,6.353744939271254,0.499012706043956,22,4354,3452,198,3.25,24.7,314.496,2026-09-21,2026-09-20,2026-07-08
43,CKOKWE OPT,50,Optimal,I,42,CML532,EN32,CML532xEN32,7.85,147.1875,157,0.09986479842674534,5.6610576923076925,0.5653403853244838,24,4397,3533,185,3.2,26,260.352,2026-09-22,2026-09-20,2026-07-08
44,CKOKWE OPT,50,Optimal,I,34,CML530,EN31,CML530xEN31,9.34,175.125,186.8,0.06483402489626557,8.98076923076923,0.582259415895308,23,5010,4029,184,3.19,19.5,300.768,2026-09-19,2026-09-18,2026-07-08
45,CKOKWE OPT,50,Optimal,I,18,CML435,EN21,CML435xEN21,7.08,132.75,141.6,0.05151098901098901,11.346153846153848,0.5844516060862215,25,4103,3321,183,3.21,11.7,227.136,2026-09-19,2026-09-18,2026-07-08
46,CKOKWE OPT,50,Optimal,I,1,CML364,EN17,CML364xEN17,5.26,98.625,105.2,0.067956636427974,5.8357988165680474,0.3965812584443158,22,2760,2170,192,3.25,16.9,248.688,2026-09-22,2026-09-20,2026-07-08
47,CKOKWE OPT,50,Optimal,I,46,CML435,EN64,CML435xEN64,7.02,131.625,140.4,0.03946364140993616,14.464285714285715,0.5708133846794338,19,3209,2501,175,3.11,9.1,230.592,2026-09-19,2026-09-18,2026-07-08
48,CKOKWE OPT,50,Optimal,I,23,CML366,EN25,CML366xEN25,6.89,129.1875,137.8,0.05857122260668973,9.9375,0.5820515246539792,25,4128,3230,196,3.24,13,221.952,2026-09-22,2026-09-20,2026-07-08
49,CKOKWE OPT,50,Optimal,I,12,CML439,EN20,CML439xEN20,9.44,177,188.8,0.03981672057238068,13.615384615384617,0.54211996471626,16,3458,2832,175,3.18,13,326.496,2026-09-19,2026-09-19,2026-07-08
50,CKOKWE OPT,50,Optimal,I,20,CML530,EN21,CML530xEN21,7.83,146.8125,156.6,0.1112875108952808,5.133304195804196,0.57127264661935,23,4091,3375,186,3.17,28.6,256.992,2026-09-22,2026-09-20,2026-07-08
51,CKOKWE OPT,50,Optimal,II,19,CML439,EN21,CML439xEN21,7.4,138.75,148,0.1247152901564666,3.4429280397022337,0.4293857694592989,19,3298,2636,185,3.16,40.3,323.136,2026-09-18,2026-09-17,2026-07-08
52,CKOKWE OPT,50,Optimal,II,1,CML364,EN17,CML364xEN17,8.88,166.5,177.6,0.11063453159041396,5.123076923076923,0.5667892156862745,8,1636,1332,202,3.25,32.5,293.76,2026-09-22,2026-09-20,2026-07-08
53,CKOKWE OPT,50,Optimal,II,23,CML366,EN25,CML366xEN25,7.42,139.125,148.4,0.06700303819444445,5.6325910931174095,0.37740071614583337,20,3454,2783,198,3.24,24.7,368.64,2026-09-22,2026-09-20,2026-07-08
54,CKOKWE OPT,50,Optimal,II,3,CML434,EN17,CML434xEN17,7.41,138.9375,148.2,0.0947706065318818,5.9375,0.5627004762830482,21,3406,2916,202,3.26,23.4,246.912,2026-09-21,2026-09-19,2026-07-08
55,CKOKWE OPT,50,Optimal,II,39,CML435,EN32,CML435xEN32,6.26,117.375,125.2,0.04373923341946598,9.028846153846152,0.3949148094315245,22,3048,2583,174,3.15,13,297.216,2026-09-18,2026-09-16,2026-07-08
56,CKOKWE OPT,50,Optimal,II,37,CML366,EN32,CML366xEN32,3.64,68.25,72.8,0.16354669887278583,3.5,0.5724134460547504,24,2193,1636,170,3,19.5,119.232,2026-09-19,2026-09-18,2026-07-08
57,CKOKWE OPT,50,Optimal,II,15,CML364,EN21,CML364xEN21,7.42,139.125,148.4,0.08850762527233116,5.350961538461538,0.47360089869281047,20,3160,2781,216,3.28,26,293.76,2026-09-20,2026-09-18,2026-07-08
58,CKOKWE OPT,50,Optimal,II,20,CML530,EN21,CML530xEN21,8.19,153.56249999999997,163.79999999999998,0.1262399904386279,4.54326923076923,0.57354226425242,14,2652,2151,288,3.5,33.8,267.744,2026-09-20,2026-09-18,2026-07-08
59,CKOKWE OPT,50,Optimal,II,8,CML364,EN20,CML364xEN20,3.5,65.625,70,0.10747354497354496,3.1550480769230766,0.3390842013888889,22,1887,1444,197,3.25,20.8,193.536,2026-09-20,2026-09-19,2026-07-08
60,CKOKWE OPT,50,Optimal,II,33,CML439,EN31,CML439xEN31,4.85,90.9375,97,0.10216620941929586,6.359265734265734,0.6497020747599451,13,1540,1183,168,2.97,14.3,139.968,2026-09-18,2026-09-17,2026-07-08
61,CKOKWE OPT,50,Optimal,II,35,CML532,EN31,CML532xEN31,6.79,127.3125,135.8,0.10101287114231387,5.760746606334841,0.5819095546292233,18,2957,2293,150,2.75,22.1,218.784,2026-09-22,2026-09-20,2026-07-08
62,CKOKWE OPT,50,Optimal,II,11,CML435,EN20,CML435xEN20,5.75,107.8125,115,0.10284810126582278,4.607371794871795,0.4738594409282701,15,1972,1618,165,2.78,23.4,227.52,2026-09-19,2026-09-16,2026-07-08
63,CKOKWE OPT,50,Optimal,II,28,CML532,EN25,CML532xEN25,9.93,186.1875,198.6,0.04989151793024398,9.548076923076923,0.4763680510070411,18,3738,3353,150,2.76,19.5,390.848,2026-09-26,2026-09-22,2026-07-08
64,CKOKWE OPT,50,Optimal,II,43,CML364,EN64,CML364xEN64,6.01,112.6875,120.2,0.06976971116315378,7.880244755244755,0.549802400468384,16,2297,1804,165,2.76,14.3,204.96,2026-09-22,2026-09-20,2026-07-08
65,CKOKWE OPT,50,Optimal,II,38,CML434,EN32,CML434xEN32,9.18,172.125,183.6,0.08827683615819208,6.6201923076923075,0.5844096316818774,14,2916,2409,169,2.99,26,294.528,2026-09-19,2026-09-17,2026-07-08
66,CKOKWE OPT,50,Optimal,II,7,CML532,EN17,CML532xEN17,5.86,109.875,117.2,0.10001230920728706,5.634615384615385,0.5635308961102905,18,2613,1979,150,2.75,19.5,194.976,2026-09-25,2026-09-22,2026-07-08
67,CKOKWE OPT,50,Optimal,II,16,CML366,EN21,CML366xEN21,5.65,105.9375,113,0.07901331538001197,6.268491124260356,0.4952942661579892,19,2513,2013,160,2.79,16.9,213.888,2026-09-20,2026-09-18,2026-07-08
68,CKOKWE OPT,50,Optimal,II,40,CML439,EN32,CML439xEN32,6.52,122.25,130.4,0.13448114565342542,4.0886287625418065,0.5498434801381692,15,2268,1834,152,2.76,29.9,222.336,2026-09-18,2026-09-17,2026-07-08
69,CKOKWE OPT,50,Optimal,II,25,CML435,EN25,CML435xEN25,5.64,105.75,112.8,0.1020087884494664,3.389423076923077,0.3457509416195857,19,2472,2009,173,3.08,31.2,305.856,2026-09-20,2026-09-18,2026-07-08
70,CKOKWE OPT,50,Optimal,II,18,CML435,EN21,CML435xEN21,6.28,117.75,125.6,0.133919914679077,2.664027149321267,0.35676628853984876,18,2664,2120,155,2.77,44.2,330.048,2026-09-19,2026-09-18,2026-07-08
71,CKOKWE OPT,50,Optimal,II,6,CML530,EN17,CML530xEN17,6.4,120,128,0.08916323731138547,5.769230769230769,0.51440329218107,16,2468,1920,169,3,20.8,233.28,2026-09-22,2026-09-20,2026-07-08
72,CKOKWE OPT,50,Optimal,II,21,CML532,EN21,CML532xEN21,7.37,138.1875,147.4,0.15046296296296297,2.872920997920998,0.4322682057057057,24,3894,3315,154,2.76,48.1,319.68,2026-09-22,2026-09-19,2026-07-08
73,CKOKWE OPT,50,Optimal,II,31,CML434,EN31,CML434xEN31,7.81,146.4375,156.2,0.19302814327485385,2.8883136094674553,0.5575258132309941,23,3975,3366,161,2.76,50.7,262.656,2026-09-19,2026-09-18,2026-07-08
74,CKOKWE OPT,50,Optimal,II,2,CML366,EN17,CML366xEN17,10.05,188.4375,201,0.05925466744457409,9.663461538461538,0.5726051998249708,12,3078,2261,153,2.76,19.5,329.088,2026-09-20,2026-09-18,2026-07-08
75,CKOKWE OPT,50,Optimal,II,49,CML532,EN64,CML532xEN64,7.42,139.125,148.4,0.06127450980392156,5.945512820512821,0.36430838360985424,13,2286,1808,166,3,23.4,381.888,2026-09-20,2026-09-18,2026-07-08
76,CKOKWE OPT,50,Optimal,II,26,CML439,EN25,CML439xEN25,5.59,104.8125,111.8,0.09781103910435184,2.6875,0.26286716759294554,14,1887,1468,159,2.8,39,398.728,2026-09-19,2026-09-18,2026-07-08
77,CKOKWE OPT,50,Optimal,II,9,CML366,EN20,CML366xEN20,3.1,58.125,62,0.10655102527420122,1.354895104895105,0.14436546256556984,14,1430,815,134,2.5,42.9,402.624,2026-09-20,2026-09-19,2026-07-08
78,CKOKWE OPT,50,Optimal,II,42,CML532,EN32,CML532xEN32,7.34,137.625,146.8,0.117178110728307,2.940705128205128,0.3445862711321208,15,2255,2064,148,2.7,46.8,399.392,2026-09-22,2026-09-20,2026-07-08
79,CKOKWE OPT,50,Optimal,II,22,CML364,EN25,CML364xEN25,3.1,58.125,62,0.05188378033205619,2.483974358974359,0.12887797999148573,12,904,697,126,2.28,23.4,451.008,2026-09-23,2026-09-22,2026-07-08
80,CKOKWE OPT,50,Optimal,II,47,CML439,EN64,CML439xEN64,6.15,115.3125,123,0.09013910223587644,3.411612426035503,0.3075196812596006,13,1933,1500,135,2.55,33.8,374.976,2026-09-18,2026-09-17,2026-07-08
81,CKOKWE OPT,50,Optimal,II,30,CML366,EN31,CML366xEN31,4.8,90,96,0.10352445540484996,2.2332506203473947,0.2311960542540074,21,2407,1891,134,2.54,40.3,389.28,2026-09-18,2026-09-18,2026-07-08
82,CKOKWE OPT,50,Optimal,II,12,CML439,EN20,CML439xEN20,6.15,115.3125,123,0.06762380357885976,5.5438701923076925,0.37489758895131087,12,1695,1383,146,2.73,20.8,307.584,2026-09-19,2026-09-18,2026-07-08
83,CKOKWE OPT,50,Optimal,II,10,CML434,EN20,CML434xEN20,5.93,111.1875,118.6,0.11475988700564972,4.751602564102565,0.5452933733521658,13,1789,1446,154,2.72,23.4,203.904,2026-09-19,2026-09-18,2026-07-08
84,CKOKWE OPT,50,Optimal,II,27,CML530,EN25,CML530xEN25,6.32,118.5,126.4,0.12813902705325733,2.3372781065088755,0.29949654252092683,10,1563,1185,172,2.15,50.7,395.664,2026-09-20,2026-09-19,2026-07-08
85,CKOKWE OPT,50,Optimal,II,34,CML530,EN31,CML530xEN31,5.02,94.125,100.4,0.1712372776806826,1.7659474671669797,0.30239603680477023,8,968,753,125,2.29,53.3,311.264,2026-09-18,2026-09-18,2026-07-08
86,CKOKWE OPT,50,Optimal,II,14,CML532,EN20,CML532xEN20,8.72,163.5,174.4,0.07567663817663818,7.398190045248868,0.5598701512163051,10,2102,1635,140,2.66,22.1,292.032,2026-09-22,2026-09-20,2026-07-08
87,CKOKWE OPT,50,Optimal,II,36,CML364,EN32,CML364xEN32,5.4,101.25,108,0.13583461934156377,2.995562130177515,0.4069010416666667,15,1925,1520,165,2.8,33.8,248.832,2026-09-19,2026-09-18,2026-07-08
88,CKOKWE OPT,50,Optimal,II,17,CML434,EN21,CML434xEN21,4.27,80.0625,85.4,0.25264303482587064,1.3685897435897436,0.34576466625207297,13,1321,1040,153,2.79,58.5,231.552,2026-09-21,2026-09-19,2026-07-08
89,CKOKWE OPT,50,Optimal,II,46,CML435,EN64,CML435xEN64,5.23,98.0625,104.6,0.08353822083147071,3.2796822742474916,0.27397882208314706,7,902,687,130,2.5,29.9,357.92,2026-09-20,2026-09-19,2026-07-08
90,CKOKWE OPT,50,Optimal,II,4,CML435,EN17,CML435xEN17,3.11,58.3125,62.2,0.1337748839994013,4.0777972027972025,0.5455068477772789,4,347,233,99,1.75,14.3,106.896,2026-09-22,2026-09-19,2026-07-08
91,CKOKWE OPT,50,Optimal,II,32,CML435,EN31,CML435xEN31,5.84,109.5,116.8,0.09658820732287209,5.615384615384615,0.5423799334284356,13,1784,1423,139,2.62,19.5,201.888,2026-09-22,2026-09-19,2026-07-08
92,CKOKWE OPT,50,Optimal,II,41,CML530,EN32,CML530xEN32,6.29,117.9375,125.8,0.2794060179757718,2.0618444055944054,0.576091735052755,13,1977,1533,165,2.93,57.2,204.72,2026-09-19,2026-09-18,2026-07-08
93,CKOKWE OPT,50,Optimal,II,5,CML439,EN17,CML439xEN17,7.28,136.5,145.6,0.06703795379537954,5.833333333333334,0.39105473047304734,12,2023,1637,162,2.91,23.4,349.056,2026-09-20,2026-09-18,2026-07-08
94,CKOKWE OPT,50,Optimal,II,44,CML366,EN64,CML366xEN64,5.52,103.5,110.4,0.12492312423124231,3.980769230769231,0.4972901291512915,17,2195,1758,179,3,26,208.128,2026-09-19,2026-09-19,2026-07-08
95,CKOKWE OPT,50,Optimal,II,0,Check,Check,Check,6.54,122.625,130.8,0.0989010989010989,4.541666666666667,0.4491758241758242,16,2483,1962,169,3,27,273,2026-09-19,2026-09-18,2026-07-08
96,CKOKWE OPT,50,Optimal,II,45,CML434,EN64,CML434xEN64,5.54,103.875,110.8,0.2680121527777778,2.102732793522267,0.5635579427083334,16,2158,1662,185,3.22,49.4,184.32,2026-09-18,2026-09-18,2026-07-08
97,CKOKWE OPT,50,Optimal,II,29,CML364,EN31,CML364xEN31,7.68,144,153.6,0.14232982982982983,3.956043956043956,0.5630630630630631,15,2626,2161,194,3.24,36.4,255.744,2026-09-19,2026-09-18,2026-07-08
98,CKOKWE OPT,50,Optimal,II,48,CML530,EN64,CML530xEN64,10.28,192.75,205.6,0.1652108058760063,3.0259026687598114,0.4999118184081667,10,2426,1927,192,3.23,63.7,385.568,2026-09-19,2026-09-19,2026-07-08
99,CKOKWE OPT,50,Optimal,II,24,CML434,EN25,CML434xEN25,7.8,146.25,156,0.07185029130253849,6.617647058823529,0.4754798689138577,16,2926,2340,203,3.26,22.1,307.584,2026-09-22,2026-09-19,2026-07-08
100,CKOKWE OPT,50,Optimal,II,13,CML530,EN20,CML530xEN20,9.01,168.9375,180.2,0.13674614305750352,3.0940934065934065,0.4231053396113004,16,3297,2703,183,3.23,54.6,399.28,2026-09-20,2026-09-19,2026-07-08
101,CKOKWE OPT,50,Optimal,III,25,CML435,EN25,CML435xEN25,6.4,120,128,0.13533705663335294,2.7149321266968323,0.36743092298647856,7,1078,840,134,2.53,44.2,326.592,2026-09-22,2026-09-20,2026-07-08
102,CKOKWE OPT,50,Optimal,III,34,CML530,EN31,CML530xEN31,6.96,130.5,139.2,0.05893710530807306,5.90497737556561,0.34802227342549924,21,3707,2741,165,2.96,22.1,374.976,2026-09-20,2026-09-18,2026-07-08
103,CKOKWE OPT,50,Optimal,III,40,CML439,EN32,CML439xEN32,5.34,100.125,106.8,0.1334752090800478,3.500874125874126,0.4672799059139785,25,3410,2502,164,2.95,28.6,214.272,2026-09-18,2026-09-18,2026-07-08
104,CKOKWE OPT,50,Optimal,III,11,CML435,EN20,CML435xEN20,7.74,145.125,154.8,0.07117203924316749,7.4423076923076925,0.5296842151366503,24,3777,3485,173,3.05,19.5,273.984,2026-09-19,2026-09-18,2026-07-08
105,CKOKWE OPT,50,Optimal,III,0,Check,Check,Check,9.11,170.8125,182.2,0.09491525423728814,6.100446428571429,0.5790254237288136,17,3733,2905,158,2.8,28,295,2026-09-28,2026-09-22,2026-07-08
106,CKOKWE OPT,50,Optimal,III,15,CML364,EN21,CML364xEN21,6.37,119.4375,127.4,0.10814525462962962,3.9945652173913047,0.4319932725694444,18,2652,2151,184,3.09,29.9,276.48,2026-09-23,2026-09-20,2026-07-08
107,CKOKWE OPT,50,Optimal,III,6,CML530,EN17,CML530xEN17,9.68,181.5,193.6,0.17975663716814158,3.102564102564102,0.5577064896755163,16,3608,2903,160,2.85,58.5,325.44,2026-09-23,2026-09-20,2026-07-08
108,CKOKWE OPT,50,Optimal,III,47,CML439,EN64,CML439xEN64,5.4,101.25,108,0.07776182663385288,5.563186813186813,0.43260356849876946,19,2480,1922,141,2.55,18.2,234.048,2026-09-20,2026-09-19,2026-07-08
109,CKOKWE OPT,50,Optimal,III,9,CML366,EN20,CML366xEN20,4.51,84.5625,90.2,0.10258838383838384,2.7103365384615383,0.2780490451388889,24,2490,2029,165,2.84,31.2,304.128,2026-09-23,2026-09-19,2026-07-08
110,CKOKWE OPT,50,Optimal,III,21,CML532,EN21,CML532xEN21,4.12,77.25,82.4,0.12342664930555557,2.8296703296703294,0.3492567274305556,11,1185,849,124,2.26,27.3,221.184,2026-09-24,2026-09-20,2026-07-08
111,CKOKWE OPT,50,Optimal,III,39,CML435,EN32,CML435xEN32,4.76,89.25,95.2,0.13322241512345678,4.038461538461538,0.538013599537037,16,1801,1427,127,1.26,22.1,165.888,2026-09-22,2026-09-20,2026-07-08
112,CKOKWE OPT,50,Optimal,III,22,CML364,EN25,CML364xEN25,6.09,114.1875,121.8,0.06766852831667647,5.166855203619909,0.349633487654321,13,1868,1484,138,2.75,22.1,326.592,2026-09-27,2026-09-23,2026-07-08
113,CKOKWE OPT,50,Optimal,III,13,CML530,EN20,CML530xEN20,8.18,153.375,163.6,0.07314171810699589,5.618131868131868,0.4109198173868313,15,2808,2301,151,2.75,27.3,373.248,2026-09-22,2026-09-19,2026-07-08
114,CKOKWE OPT,50,Optimal,III,29,CML364,EN31,CML364xEN31,6.25,117.1875,125,0.15249624624624625,3.0048076923076925,0.4582218937687688,23,3290,2696,176,3.13,39,255.744,2026-09-22,2026-09-20,2026-07-08
115,CKOKWE OPT,50,Optimal,III,42,CML532,EN32,CML532xEN32,8.04,150.74999999999997,160.79999999999998,0.08761430296756384,4.638461538461538,0.4063955745341614,16,3058,2412,152,2.75,32.5,370.944,2026-09-23,2026-09-20,2026-07-08
116,CKOKWE OPT,50,Optimal,III,3,CML434,EN17,CML434xEN17,4.56,85.5,91.2,0.20337922403003755,2.7403846153846154,0.557337296620776,17,1870,1452,165,2.78,31.2,153.408,2026-09-22,2026-09-20,2026-07-08
117,CKOKWE OPT,50,Optimal,III,16,CML366,EN21,CML366xEN21,5.33,99.9375,106.6,0.0879737045630317,5.491071428571429,0.48306989559164737,19,2391,1898,156,2.85,18.2,206.88,2026-09-21,2026-09-19,2026-07-08
118,CKOKWE OPT,50,Optimal,III,37,CML366,EN32,CML366xEN32,4.88,91.5,97.6,0.15505725190839695,3.3516483516483517,0.51969738276990185,18,2027,1647,142,2.72,27.3,176.064,2026-09-21,2026-09-19,2026-07-08
119,CKOKWE OPT,50,Optimal,III,45,CML434,EN64,CML434xEN64,7.47,140.0625,149.4,0.10363520408163268,5.1304945054945055,0.5316998451166182,14,2365,1961,146,2.74,27.3,263.424,2026-09-22,2026-09-20,2026-07-08
120,CKOKWE OPT,50,Optimal,III,24,CML434,EN25,CML434xEN25,5.67,106.3125,113.4,0.10627495525265042,2.152074898785425,0.22871166356877323,16,2114,1700,162,2.81,49.4,464.832,2026-09-22,2026-09-19,2026-07-08
121,CKOKWE OPT,50,Optimal,III,48,CML530,EN64,CML530xEN64,7.02,131.625,140.4,0.11954922418405566,4.602272727272727,0.5501981340288925,15,2560,1974,171,3.1,28.6,239.232,2026-09-23,2026-09-20,2026-07-08
122,CKOKWE OPT,50,Optimal,III,20,CML530,EN21,CML530xEN21,8.01,150.1875,160.2,0.1175491898148148,4.621153846153846,0.543212890625,17,3389,2554,165,2.95,32.5,276.48,2026-09-23,2026-09-19,2026-07-08
123,CKOKWE OPT,50,Optimal,III,5,CML439,EN17,CML439xEN17,7.07,132.5625,141.4,0.10149572649572648,5.366902834008098,0.5447177021696252,17,2834,2253,150,3,24.7,243.36,2026-09-22,2026-09-19,2026-07-08
124,CKOKWE OPT,50,Optimal,III,30,CML366,EN31,CML366xEN31,4.73,88.6875,94.6,0.1618848376170552,3.4110576923076925,0.5521985206216378,26,2925,2305,137,2.6,26,160.608,2026-09-20,2026-09-19,2026-07-08
125,CKOKWE OPT,50,Optimal,III,14,CML532,EN20,CML532xEN20,6.06,113.625,121.2,0.14508928571428573,3.2371794871794872,0.46968005952380953,11,1693,1250,151,2.75,35.1,241.92,2026-09-24,2026-09-21,2026-07-08
126,CKOKWE OPT,50,Optimal,III,44,CML366,EN64,CML366xEN64,3.57,66.9375,71.4,0.20015715256540945,1.7755305039787797,0.35538512996941896,21,1813,1405,135,2.8,37.7,188.352,2026-09-22,2026-09-19,2026-07-08
127,CKOKWE OPT,50,Optimal,III,19,CML439,EN21,CML439xEN21,4.67,87.5625,93.4,0.1040938737479618,3.061625874125874,0.3186964972047519,22,2437,1926,127,2.3,28.6,274.752,2026-09-22,2026-09-19,2026-07-08
128,CKOKWE OPT,50,Optimal,III,35,CML532,EN31,CML532xEN31,3.73,69.9375,74.6,0.1084417751084418,3.3623798076923075,0.36462243493493496,21,1942,1467,134,2.58,20.8,191.808,2026-09-21,2026-09-20,2026-07-08
129,CKOKWE OPT,50,Optimal,III,28,CML532,EN25,CML532xEN25,4.16,78,83.2,0.2494847312189787,0.821917808219178,0.20505594346765377,25,2612,1948,143,2.61,94.9,380.384,2026-07-27,2026-09-22,2026-07-08
130,CKOKWE OPT,50,Optimal,III,12,CML439,EN20,CML439xEN20,7.72,144.75,154.4,0.11834889898037872,3.274886877828054,0.3875792562762403,16,2917,2317,146,2.63,44.2,373.472,2026-09-20,2026-09-19,2026-07-08
131,CKOKWE OPT,50,Optimal,III,7,CML532,EN17,CML532xEN17,4.23,79.3125,84.6,0.15452952952952953,1.6055161943319838,0.24809966216216217,21,1831,1665,129,2.5,49.4,319.68,2026-09-24,2026-09-20,2026-07-08
132,CKOKWE OPT,50,Optimal,III,32,CML435,EN31,CML435xEN31,3.76,70.5,75.2,0.16441317144959527,1.643356643356643,0.2701894775570272,19,1819,1341,139,2.74,42.9,260.928,2026-09-20,2026-09-18,2026-07-08
133,CKOKWE OPT,50,Optimal,III,49,CML532,EN64,CML532xEN64,5.92,111,118.4,0.14649296394019348,2.082551594746717,0.30507915567282323,23,3241,2552,157,2.79,53.3,363.84,2026-09-22,2026-09-19,2026-07-08
134,CKOKWE OPT,50,Optimal,III,26,CML439,EN25,CML439xEN25,6.73,126.1875,134.6,0.10339871862383712,3.3471485411140582,0.34609087019483936,23,3608,2903,159,2.78,37.7,364.608,2026-09-20,2026-09-18,2026-07-08
135,CKOKWE OPT,50,Optimal,III,2,CML366,EN17,CML366xEN17,6.77,126.9375,135.4,0.1611108663082753,2.1698717948717947,0.34958992464968713,23,3699,2920,171,3,58.5,363.104,2026-09-23,2026-09-19,2026-07-08
136,CKOKWE OPT,50,Optimal,III,27,CML530,EN25,CML530xEN25,4.46,83.625,89.2,0.06434972905377241,3.3856275303643724,0.21786421425594,23,2552,1925,167,3,24.7,383.84,2026-09-22,2026-09-20,2026-07-08
137,CKOKWE OPT,50,Optimal,III,18,CML435,EN21,CML435xEN21,7.08,132.75,141.6,0.07601983532934131,6.8076923076923075,0.5175196482035929,22,3629,2920,164,2.76,19.5,256.512,2026-09-19,2026-09-18,2026-07-08
138,CKOKWE OPT,50,Optimal,III,36,CML364,EN32,CML364xEN32,5.61,105.1875,112.2,0.10448816872427984,4.045673076923077,0.4227249710648148,18,2398,1895,169,3,26,248.832,2026-09-20,2026-09-19,2026-07-08
139,CKOKWE OPT,50,Optimal,III,38,CML434,EN32,CML434xEN32,6.5,121.875,130,0.09212018140589567,5.208333333333334,0.47979261148904007,17,2999,2072,157,2.83,23.4,254.016,2026-09-20,2026-09-19,2026-07-08
140,CKOKWE OPT,50,Optimal,III,10,CML434,EN20,CML434xEN20,6.79,127.3125,135.8,0.12589308771627786,2.7203525641025643,0.34247358397176547,19,3040,2419,168,3,46.8,371.744,2026-09-22,2026-09-19,2026-07-08
141,CKOKWE OPT,50,Optimal,III,4,CML435,EN17,CML435xEN17,6.37,119.4375,127.4,0.2164193302891933,2.1875,0.4734172850076103,18,2652,2151,136,2.69,54.6,252.288,2026-09-22,2026-09-18,2026-07-08
142,CKOKWE OPT,50,Optimal,III,41,CML530,EN32,CML530xEN32,7.48,140.25,149.6,0.1444843021829777,3.720159151193634,0.5375045989698307,11,1989,1542,142,2.52,37.7,260.928,2026-09-20,2026-09-19,2026-07-08
143,CKOKWE OPT,50,Optimal,III,33,CML439,EN31,CML439xEN31,5.22,97.875,104.4,0.1800411522633745,2.6888736263736264,0.4841079059829061,17,2125,1663,164,2.64,36.4,202.176,2026-09-19,2026-09-18,2026-07-08
144,CKOKWE OPT,50,Optimal,III,43,CML364,EN64,CML364xEN64,6.47,121.3125,129.4,0.09155153831079756,4.057274247491639,0.3714496987066432,18,2653,2183,176,3.27,29.9,326.592,2026-09-22,2026-09-20,2026-07-08
145,CKOKWE OPT,50,Optimal,III,1,CML364,EN17,CML364xEN17,6.23,116.8125,124.6,0.17067620286085827,2.1394230769230766,0.36514860708212465,15,2198,1751,197,3.25,54.6,319.904,2026-09-26,2026-09-22,2026-07-08
146,CKOKWE OPT,50,Optimal,III,17,CML434,EN21,CML434xEN21,8.41,157.6875,168.2,0.07883847031963472,7.135180995475113,0.5625267551369864,27,5020,4260,207,3.28,22.1,280.32,2026-09-20,2026-09-18,2026-07-08
147,CKOKWE OPT,50,Optimal,III,46,CML435,EN64,CML435xEN64,6.98,130.875,139.6,0.19882605820105825,2.720893970893971,0.540984623015873,24,3997,3139,186,3.22,48.1,241.92,2026-09-18,2026-09-17,2026-07-08
148,CKOKWE OPT,50,Optimal,III,8,CML364,EN20,CML364xEN20,8.59,161.0625,171.8,0.12413194444444443,3.7543706293706296,0.4660373263888888,27,5030,4351,203,3.25,42.9,345.6,2026-09-22,2026-09-19,2026-07-08
149,CKOKWE OPT,50,Optimal,III,31,CML434,EN31,CML434xEN31,6.4,120,128,0.14360761979575806,3.418803418803418,0.49096622152395913,25,3707,2998,201,3.25,35.1,244.416,2026-09-19,2026-09-18,2026-07-08
150,CKOKWE OPT,50,Optimal,III,23,CML366,EN25,CML366xEN25,6.2,116.25,124,0.2189572968490879,2.2928994082840237,0.502047056384743,22,3228,2556,208,3.25,50.7,231.552,2026-09-19,2026-09-17,2026-07-08
151,CHOKWE STS,10,Stress,I,45,CML434,EN64,CML434xEN64,3.06,57.375,306,0.14818322109988774,3.394970414201184,0.5030776515151515,20,1461,1148,95,3.11,16.9,114.048,2026-09-25,2026-09-22,2026-07-08
152,CHOKWE STS,10,Stress,I,2,CML366,EN17,CML366xEN17,2.82,52.875,282,0.0638327721661055,2.90521978021978,0.18544823232323232,19,1313,1003,119,3.17,18.2,285.12,2026-09-25,2026-09-22,2026-07-08
153,CHOKWE STS,10,Stress,I,37,CML366,EN32,CML366xEN32,3.16,59.25,316,0.13276143790849673,3.0384615384615383,0.403390522875817,18,1429,1066,100,3.14,19.5,146.88,2026-09-24,2026-09-22,2026-07-08
154,CHOKWE STS,10,Stress,I,16,CML366,EN21,CML366xEN21,6,112.5,600,0.06816275167785235,7.211538461538462,0.49155830536912754,14,1884,1576,153,3.22,15.6,228.864,2026-09-25,2026-09-21,2026-07-08
155,CHOKWE STS,10,Stress,I,26,CML439,EN25,CML439xEN25,4.95,92.8125,495,0.10594947025264874,4.462139423076923,0.4727613080684597,12,1408,1114,102,2.84,20.8,196.32,2026-09-23,2026-09-20,2026-07-08
156,CHOKWE STS,10,Stress,I,40,CML439,EN32,CML439xEN32,4.23,79.3125,423,0.1170267489711934,4.357829670329671,0.5099826388888888,21,2088,1667,99,2.7,18.2,155.52,2026-09-23,2026-09-25,2026-07-08
157,CHOKWE STS,10,Stress,I,7,CML532,EN17,CML532xEN17,5.05,94.6875,505,0.12430255579553635,4.284502262443438,0.5325745815334774,25,3008,2368,121,2.46,22.1,177.792,2026-09-29,2026-09-24,2026-07-08
158,CHOKWE STS,10,Stress,I,28,CML532,EN25,CML532xEN25,6.1,114.375,610,0.15488834422657952,2.5137362637362637,0.38934844771241833,23,3345,2631,123,2.69,45.5,293.76,2026-09-28,2026-09-21,2026-07-08
159,CHOKWE STS,10,Stress,I,10,CML434,EN20,CML434xEN20,5.91,110.8125,591,0.1278204782452355,2.43543956043956,0.31129904935275077,24,2998,2659,144,2.77,45.5,355.968,2026-09-23,2026-09-20,2026-07-08
160,CHOKWE STS,10,Stress,I,19,CML439,EN21,CML439xEN21,5.88,110.25,588,0.2033283283283283,2.1201923076923075,0.43109515765765766,19,2659,2095,140,2.2,52,255.744,2026-09-22,2026-09-20,2026-07-08
161,CHOKWE STS,10,Stress,I,35,CML532,EN31,CML532xEN31,5.64,105.75,564,0.0772233536999321,5.81043956043956,0.44870162932790225,18,2459,1905,164,2.23,18.2,235.68,2026-09-26,2026-09-23,2026-07-08
162,CHOKWE STS,10,Stress,I,0,Check,Check,Check,6.76,126.75,676,0.08494208494208494,5.761363636363637,0.4893822393822394,18,2932,2280,124,2.08,22,259,2026-09-27,2026-09-20,2026-07-08
163,CHOKWE STS,10,Stress,I,29,CML364,EN31,CML364xEN31,4.73,88.6875,473,0.08022314375987362,6.822115384615385,0.5472915432464455,27,2948,2395,134,2.81,13,162.048,2026-09-22,2026-09-21,2026-07-08
164,CHOKWE STS,10,Stress,I,14,CML532,EN20,CML532xEN20,5.04,94.5,504,0.06936539556061468,8.076923076923077,0.5602589641434264,23,2839,2174,130,2.57,11.7,168.672,2026-09-23,2026-09-21,2026-07-08
165,CHOKWE STS,10,Stress,I,48,CML530,EN64,CML530xEN64,7.26,136.125,726,0.05959525238381009,9.519230769230768,0.5673009601920385,16,2786,2179,134,2.53,14.3,239.952,2026-09-23,2026-09-20,2026-07-08
166,CHOKWE STS,10,Stress,I,30,CML366,EN31,CML366xEN31,7.18,134.625,718,0.07047707558859975,7.396978021978022,0.5213173791821561,15,2505,2019,159,2.07,18.2,258.24,2026-09-22,2026-09-22,2026-07-08
167,CHOKWE STS,10,Stress,I,4,CML435,EN17,CML435xEN17,4.31,80.8125,431,0.0649480415667466,7.770432692307692,0.5046743854916068,10,998,808,39,2.45,10.4,160.128,2026-09-26,2026-09-20,2026-07-08
168,CHOKWE STS,10,Stress,I,17,CML434,EN21,CML434xEN21,8.8,165,880,0.04500387725711754,12.692307692307692,0.5712030574941842,14,2814,2310,140,2.93,13,288.864,2026-09-23,2026-09-20,2026-07-08
169,CHOKWE STS,10,Stress,I,9,CML366,EN20,CML366xEN20,7.67,143.8125,767,0.04159467588148717,13.828125,0.5751763774236898,7,1229,1007,135,2.76,10.4,250.032,2026-09-22,2026-09-23,2026-07-08
170,CHOKWE STS,10,Stress,I,43,CML364,EN64,CML364xEN64,7.13,133.6875,713,0.07451393983859134,6.855769230769231,0.510850376008804,11,1849,1470,101,2.83,19.5,261.696,2026-09-25,2026-09-20,2026-07-08
171,CHOKWE STS,10,Stress,I,13,CML530,EN20,CML530xEN20,8.32,156,832,0.05032376126126126,10.909090909090908,0.5489864864864864,13,2602,2029,160,2.76,14.3,284.16,2026-09-22,2026-09-19,2026-07-08
172,CHOKWE STS,10,Stress,I,32,CML435,EN31,CML435xEN31,6.73,126.1875,673,0.08126160880125732,6.933379120879121,0.5634175417916846,18,2847,2271,151,2.3,18.2,223.968,2026-09-20,2026-09-20,2026-07-08
173,CHOKWE STS,10,Stress,I,22,CML364,EN25,CML364xEN25,5.76,108,576,0.16763536634460546,2.0262664165103192,0.33967391304347827,25,3422,2698,191,2.8,53.3,317.952,2026-09-23,2026-09-20,2026-07-08
174,CHOKWE STS,10,Stress,I,39,CML435,EN32,CML435xEN32,6.79,127.3125,679,0.06293127728488945,8.902972027972028,0.5602754013519222,22,3289,2801,141,1.87,14.3,227.232,2026-09-22,2026-09-22,2026-07-08
175,CHOKWE STS,10,Stress,I,47,CML439,EN64,CML439xEN64,8.71,163.3125,871,0.0592732884399551,9.66346153846154,0.5727851430976431,13,2692,2123,146,1.84,16.9,285.12,2026-09-22,2026-09-20,2026-07-08
176,CHOKWE STS,10,Stress,I,25,CML435,EN25,CML435xEN25,5.95,111.5625,595,0.07151144183069291,7.801573426573426,0.5579017642822852,18,2672,2008,156,2.9,14.3,199.968,2026-09-27,2026-09-20,2026-07-08
177,CHOKWE STS,10,Stress,I,49,CML532,EN64,CML532xEN64,5.35,100.3125,535,0.1304592164418754,2.5721153846153846,0.33555615767501606,18,2303,1804,123,2.8,39,298.944,2026-09-22,2026-09-22,2026-07-08
178,CHOKWE STS,10,Stress,I,36,CML364,EN32,CML364xEN32,2.38,44.625,238,0.10516228594185582,2.6405325443786984,0.27768443847072877,23,1515,1025,157,2.33,16.9,160.704,2026-09-23,2026-09-20,2026-07-08
179,CHOKWE STS,10,Stress,I,5,CML439,EN17,CML439xEN17,3.64,68.25,364,0.12366818873668188,4.375,0.5410483257229832,15,1221,1023,165,2.83,15.6,126.144,2026-09-23,2026-09-22,2026-07-08
180,CHOKWE STS,10,Stress,I,41,CML530,EN32,CML530xEN32,7.42,139.125,742,0.13638455707169156,3.4522332506203477,0.4708313027940221,11,1998,1530,119,2.66,40.3,295.488,2026-09-25,2026-09-22,2026-07-08
181,CHOKWE STS,10,Stress,I,15,CML364,EN21,CML364xEN21,9.13,171.1875,913,0.12651259008808613,3.7623626373626378,0.47598624210339,17,3688,2911,174,3.17,45.5,359.648,2026-09-24,2026-09-23,2026-07-08
182,CHOKWE STS,10,Stress,I,31,CML434,EN31,CML434xEN31,9.01,168.9375,901,0.13700772410791992,4.191997518610422,0.5743360394908616,14,2875,2366,160,2.8,40.3,294.144,2026-09-26,2026-09-20,2026-07-08
183,CHOKWE STS,10,Stress,I,21,CML532,EN21,CML532xEN21,5.07,95.0625,507,0.10047974413646056,2.521551724137931,0.2533648720682303,21,2244,1998,151,2.87,37.7,375.2,2026-09-22,2026-09-22,2026-07-08
184,CHOKWE STS,10,Stress,I,33,CML439,EN31,CML439xEN31,4.65,87.1875,465,0.1565218742232165,2.1634615384615388,0.3386290548098434,19,2047,1658,156,2.51,40.3,257.472,2026-09-23,2026-09-22,2026-07-08
185,CHOKWE STS,10,Stress,I,44,CML366,EN64,CML366xEN64,6.76,126.75,676,0.10452401372212693,5.416666666666667,0.5661717409948541,18,2772,2281,163,2.65,23.4,223.872,2026-09-23,2026-09-23,2026-07-08
186,CHOKWE STS,10,Stress,I,11,CML435,EN20,CML435xEN20,3.63,68.0625,363,0.14897323065639895,2.6177884615384617,0.3899804042904291,16,1790,1088,161,2.72,26,174.528,2026-09-27,2026-09-20,2026-07-08
187,CHOKWE STS,10,Stress,I,8,CML364,EN20,CML364xEN20,6.69,125.4375,669,0.05080241767403084,10.721153846153848,0.54466053563985,8,1295,1004,133,1.52,11.7,230.304,2026-09-22,2026-09-22,2026-07-08
188,CHOKWE STS,10,Stress,I,38,CML434,EN32,CML434xEN32,7.41,138.9375,741,0.1230088204318062,4.646739130434783,0.5715898992890995,17,3258,2362,165,3.13,29.9,243.072,2026-09-27,2026-09-20,2026-07-08
189,CHOKWE STS,10,Stress,I,24,CML434,EN25,CML434xEN25,7.94,148.875,794,0.10172143974960876,5.725961538461538,0.5824530516431925,15,2689,2234,168,3.16,26,255.6,2026-09-26,2026-09-23,2026-07-08
190,CHOKWE STS,10,Stress,I,3,CML434,EN17,CML434xEN17,8.19,153.56249999999997,818.9999999999999,0.05131186129291538,10.738636363636362,0.5510194195659661,18,3391,2764,174,3.19,14.3,278.688,2026-09-25,2026-09-23,2026-07-08
191,CHOKWE STS,10,Stress,I,6,CML530,EN17,CML530xEN17,9.34,175.125,934,0.09768560264502554,5.612980769230769,0.5483074090772467,12,2848,2102,133,3.18,31.2,319.392,2026-09-22,2026-09-20,2026-07-08
192,CHOKWE STS,10,Stress,I,27,CML530,EN25,CML530xEN25,10.03,188.0625,1003,0.06683359945807325,8.509615384615383,0.5687282261576426,6,1675,1128,134,3.2,22.1,330.672,2026-09-20,2026-09-19,2026-07-08
193,CHOKWE STS,10,Stress,I,42,CML532,EN32,CML532xEN32,10.24,192,1024,0.08090327169274537,7.032967032967033,0.5689900426742532,15,3590,2881,166,3.15,27.3,337.44,2026-09-22,2026-09-20,2026-07-08
194,CHOKWE STS,10,Stress,I,34,CML530,EN31,CML530xEN31,8.14,152.62500000000003,814.0000000000001,0.0746234386480529,7.826923076923078,0.5840719140337988,11,2053,1679,172,3.14,19.5,261.312,2026-09-25,2026-09-22,2026-07-08
195,CHOKWE STS,10,Stress,I,18,CML435,EN21,CML435xEN21,5.63,105.5625,563,0.05811874105865522,8.120192307692308,0.4719353540772532,16,2109,1690,143,3.16,13,223.68,2026-09-24,2026-09-22,2026-07-08
196,CHOKWE STS,10,Stress,I,1,CML364,EN17,CML364xEN17,3.34,62.625,334,0.09752229080932784,3.440934065934066,0.3355677726337449,17,1898,1065,136,3.2,18.2,186.624,2026-09-27,2026-09-23,2026-07-08
197,CHOKWE STS,10,Stress,I,46,CML435,EN64,CML435xEN64,5.14,96.375,514,0.05163647918652685,9.266826923076923,0.47850631553860823,19,2354,1832,106,2.06,10.4,201.408,2026-09-22,2026-09-20,2026-07-08
198,CHOKWE STS,10,Stress,I,23,CML366,EN25,CML366xEN25,6.4,120,640,0.06077947336923997,9.23076923076923,0.5610412926391383,16,2432,1921,149,2.19,13,213.888,2026-09-24,2026-09-22,2026-07-08
199,CHOKWE STS,10,Stress,I,12,CML439,EN20,CML439xEN20,5.22,97.875,522,0.0778256704980843,7.528846153846154,0.5859375,22,2628,2152,146,2.13,13,167.04,2026-09-25,2026-09-23,2026-07-08
200,CHOKWE STS,10,Stress,I,20,CML530,EN21,CML530xEN21,7.05,132.1875,705,0.1255880376344086,4.4209866220735785,0.5552230342741935,18,3149,2378,154,3.12,29.9,238.08,2026-09-26,2026-09-22,2026-07-08
201,CHOKWE STS,10,Stress,II,19,CML439,EN21,CML439xEN21,8.32,156,832,0.11419064153439154,3.5294117647058822,0.40302579365079366,15,2855,2340,154,2.55,44.2,387.072,2026-09-30,2026-09-19,2026-07-08
202,CHOKWE STS,10,Stress,II,1,CML364,EN17,CML364xEN17,5.26,98.625,526,0.08620689655172413,6.322115384615385,0.5450099469496021,15,1908,1478,146,2.95,15.6,180.96,2026-09-24,2026-09-26,2026-07-08
203,CHOKWE STS,10,Stress,II,23,CML366,EN25,CML366xEN25,5.06,94.875,506,0.08597883597883599,1.658653846153846,0.14260912698412698,17,2026,1613,156,3.18,57.2,665.28,2026-09-28,2026-09-22,2026-07-08
204,CHOKWE STS,10,Stress,II,3,CML434,EN17,CML434xEN17,8.07,151.3125,807,0.0794523896834128,7.274639423076923,0.577987486248625,15,2766,2269,177,2.8,20.8,261.792,2026-09-22,2026-09-20,2026-07-08
205,CHOKWE STS,10,Stress,II,39,CML435,EN32,CML435xEN32,5.77,108.1875,577,0.10346441947565543,4.895361990950226,0.5064957865168539,26,3442,2815,149,2.7,22.1,213.6,2026-09-22,2026-09-19,2026-07-08
206,CHOKWE STS,10,Stress,II,37,CML366,EN32,CML366xEN32,6.6,123.75,660,0.11766835626357712,3.9663461538461537,0.4667134322954381,13,1956,1608,150,2.71,31.2,265.152,2026-09-28,2026-09-20,2026-07-08
207,CHOKWE STS,10,Stress,II,15,CML364,EN21,CML364xEN21,8.24,154.5,824,0.07220938499822253,7.923076923076923,0.5721205119089939,19,3628,2936,168,2.95,19.5,270.048,2026-09-24,2026-09-20,2026-07-08
208,CHOKWE STS,10,Stress,II,20,CML530,EN21,CML530xEN21,7.09,132.9375,709,0.16862228607918262,2.622041420118343,0.4421346184546615,11,1743,1463,153,2.71,50.7,300.672,2026-09-30,2026-09-22,2026-07-08
209,CHOKWE STS,10,Stress,II,8,CML364,EN20,CML364xEN20,4.95,92.8125,495,0.15754847645429362,1.699862637362637,0.2678107686980609,10,1243,928,113,3.18,54.6,346.56,2026-09-24,2026-09-23,2026-07-08
210,CHOKWE STS,10,Stress,II,33,CML439,EN31,CML439xEN31,7.21,135.1875,721,0.10536104286104286,5.473178137651822,0.5766597563472564,8,1328,1081,151,2.86,24.7,234.432,2026-09-27,2026-09-20,2026-07-08
211,CHOKWE STS,10,Stress,II,35,CML532,EN31,CML532xEN31,7.15,134.0625,715,0.12227238525206922,2.7871621621621623,0.3407929656518821,9,2135,1207,149,2.75,48.1,393.384,2026-09-22,2026-09-21,2026-07-08
212,CHOKWE STS,10,Stress,II,11,CML435,EN20,CML435xEN20,4.9,91.875,490,0.10920698924731184,3.926282051282051,0.4287774417562724,15,1858,1378,140,3.21,23.4,214.272,2026-09-23,2026-09-25,2026-07-08
213,CHOKWE STS,10,Stress,II,28,CML532,EN25,CML532xEN25,6.3,118.125,630,0.05943189206762028,5.048076923076923,0.3000167628413524,16,2507,1891,152,2.33,23.4,393.728,2026-09-22,2026-09-26,2026-07-08
214,CHOKWE STS,10,Stress,II,43,CML364,EN64,CML364xEN64,6.72,126,672,0.06599837542460493,8.81118881118881,0.5815241470979176,7,1148,882,145,2.95,14.3,216.672,2026-09-26,2026-09-22,2026-07-08
215,CHOKWE STS,10,Stress,II,38,CML434,EN32,CML434xEN32,10.17,190.6875,1017,0.05432187201528175,10.477335164835166,0.5691484598853868,18,3892,3434,178,2.45,18.2,335.04,2026-09-23,2026-09-22,2026-07-08
216,CHOKWE STS,10,Stress,II,7,CML532,EN17,CML532xEN17,6.49,121.6875,649,0.125,2.8365384615384617,0.3545673076923077,19,3129,2312,139,2.59,42.9,343.2,2026-09-26,2026-09-26,2026-07-08
217,CHOKWE STS,10,Stress,II,16,CML366,EN21,CML366xEN21,7.63,143.0625,763,0.06483698130414957,7.860576923076923,0.509656079001368,15,2587,2145,150,2.74,18.2,280.704,2026-09-23,2026-09-19,2026-07-08
218,CHOKWE STS,10,Stress,II,40,CML439,EN32,CML439xEN32,6.03,113.0625,603,0.12037037037037036,4.3485576923076925,0.5234375,13,1833,1469,115,3.19,26,216,2026-09-29,2026-09-20,2026-07-08
219,CHOKWE STS,10,Stress,II,25,CML435,EN25,CML435xEN25,6.29,117.9375,629,0.13792438271604937,2.749125874125874,0.37917148919753085,16,2435,1886,129,3.11,42.9,311.04,2026-09-23,2026-09-22,2026-07-08
220,CHOKWE STS,10,Stress,II,18,CML435,EN21,CML435xEN21,8.98,168.375,898,0.11692516789254875,4.797008547008547,0.5608910297409657,15,3148,2525,166,2.85,35.1,300.192,2026-09-22,2026-09-20,2026-07-08
221,CHOKWE STS,10,Stress,II,6,CML530,EN17,CML530xEN17,6.62,124.125,662,0.0963329945799458,4.5467032967032965,0.4379975440379404,16,2526,1986,155,3.23,27.3,283.392,2026-09-22,2026-09-21,2026-07-08
222,CHOKWE STS,10,Stress,II,21,CML532,EN21,CML532xEN21,4.47,83.8125,447,0.09742206235011992,5.861013986013986,0.5709920699803793,27,2985,2261,153,2.92,14.3,146.784,2026-09-23,2026-09-23,2026-07-08
223,CHOKWE STS,10,Stress,II,31,CML434,EN31,CML434xEN31,3.58,67.125,358,0.18055555555555555,2.8685897435897436,0.5179398148148149,23,1925,1542,121,3.21,23.4,129.6,2026-09-30,2026-09-22,2026-07-08
224,CHOKWE STS,10,Stress,II,2,CML366,EN17,CML366xEN17,7.29,136.6875,729,0.10841217855409994,3.1861888111888113,0.3454216703056769,13,2176,1778,168,2.34,42.9,395.712,2026-09-28,2026-09-22,2026-07-08
225,CHOKWE STS,10,Stress,II,49,CML532,EN64,CML532xEN64,6.68,125.25,668,0.10520069054812256,5.352564102564103,0.5630934397928355,12,1849,1502,134,2.67,23.4,222.432,2026-09-22,2026-09-20,2026-07-08
226,CHOKWE STS,10,Stress,II,26,CML439,EN25,CML439xEN25,8.57,160.6875,857,0.14317587539790813,3.9872828784119103,0.5708827165757163,15,3064,2410,148,2.2,40.3,281.472,2026-09-22,2026-09-22,2026-07-08
227,CHOKWE STS,10,Stress,II,9,CML366,EN20,CML366xEN20,7.48,140.25,748,0.08433891267678734,6.742788461538462,0.5686794472557416,23,3717,3227,147,3.2,20.8,246.624,2026-09-20,2026-09-20,2026-07-08
228,CHOKWE STS,10,Stress,II,42,CML532,EN32,CML532xEN32,10.65,199.6875,1065,0.07814646881011267,7.31456043956044,0.5716070692497939,16,3618,3195,176,3.04,27.3,349.344,2026-09-22,2026-09-22,2026-07-08
229,CHOKWE STS,10,Stress,II,22,CML364,EN25,CML364xEN25,6.16,115.5,616,0.1190185546875,4.935897435897436,0.58746337890625,7,1070,808,119,2.73,23.4,196.608,2026-09-23,2026-09-21,2026-07-08
230,CHOKWE STS,10,Stress,II,47,CML439,EN64,CML439xEN64,4.1,76.87499999999999,410,0.14204545454545453,2.1901709401709395,0.31110382672882664,24,2335,1843,119,3.45,35.1,247.104,2026-09-27,2026-09-21,2026-07-08
231,CHOKWE STS,10,Stress,II,30,CML366,EN31,CML366xEN31,6.78,127.125,678,0.08247056435241575,6.519230769230769,0.5376446406820949,20,3019,2543,133,2.71,19.5,236.448,2026-09-23,2026-09-21,2026-07-08
232,CHOKWE STS,10,Stress,II,12,CML439,EN20,CML439xEN20,6.44,120.75,644,0.097188995215311,3.44017094017094,0.3343467570441255,25,3637,3019,141,2.6,35.1,361.152,2026-09-23,2026-09-20,2026-07-08
233,CHOKWE STS,10,Stress,II,10,CML434,EN20,CML434xEN20,7.69,144.1875,769,0.07800499231950844,7.394230769230769,0.5767869143625192,15,2634,2162,120,1.8,19.5,249.984,2026-09-24,2026-09-22,2026-07-08
234,CHOKWE STS,10,Stress,II,27,CML530,EN25,CML530xEN25,10.3,193.125,1030,0.06703795379537955,8.73868778280543,0.5858237478159581,14,3635,2705,164,2.71,22.1,329.664,2026-09-24,2026-09-22,2026-07-08
235,CHOKWE STS,10,Stress,II,34,CML530,EN31,CML530xEN31,6.25,117.1875,625,0.09020260893699694,5.6340144230769225,0.5082027997502081,12,1721,1406,171,3.2,20.8,230.592,2026-09-28,2026-09-23,2026-07-08
236,CHOKWE STS,10,Stress,II,14,CML532,EN20,CML532xEN20,6.18,115.875,618,0.06710789427925577,4.691295546558704,0.314822965571205,25,3471,2895,137,2.95,24.7,368.064,2026-09-30,2026-09-23,2026-07-08
237,CHOKWE STS,10,Stress,II,36,CML364,EN32,CML364xEN32,7.27,136.3125,727,0.27409919609532013,2.230973813420622,0.6115081287683032,13,2229,1773,135,2.74,61.1,222.912,2026-09-22,2026-09-20,2026-07-08
238,CHOKWE STS,10,Stress,II,17,CML434,EN21,CML434xEN21,4.55,85.3125,455,0.1384628493524199,2.1875,0.30288748295841855,13,1685,1110,151,3.17,39,281.664,2026-09-24,2026-09-23,2026-07-08
239,CHOKWE STS,10,Stress,II,46,CML435,EN64,CML435xEN64,3.29,61.6875,329,0.092751141552511407,5.272435897435898,0.48902444824961944,15,1298,926,77,3.19,11.7,126.144,2026-09-22,2026-09-23,2026-07-08
240,CHOKWE STS,10,Stress,II,4,CML435,EN17,CML435xEN17,7.56,141.75,756,0.07596297681376216,7.269230769230769,0.5521924083769634,20,3532,2834,149,2.67,19.5,256.704,2026-09-30,2026-09-20,2026-07-08
241,CHOKWE STS,10,Stress,II,32,CML435,EN31,CML435xEN31,6.86,128.625,686,0.07039202945635695,6.183894230769231,0.43529686484730346,17,2752,2186,140,2.68,20.8,295.488,2026-09-28,2026-09-20,2026-07-08
242,CHOKWE STS,10,Stress,II,41,CML530,EN32,CML530xEN32,9.67,181.3125,967,0.16799262855088096,3.0319816053511706,0.509350559600863,15,2843,2719,145,2.88,59.8,355.968,2026-09-27,2026-09-20,2026-07-08
243,CHOKWE STS,10,Stress,II,5,CML439,EN17,CML439xEN17,6.45,120.9375,645,0.15782828282828282,3.1009615384615383,0.4894194347319347,11,1598,1330,129,2.71,39,247.104,2026-09-23,2026-09-20,2026-07-08
244,CHOKWE STS,10,Stress,II,44,CML366,EN64,CML366xEN64,7.35,137.8125,735,0.13772298006295908,2.5240384615384617,0.34761809871660343,19,3201,2620,130,2.75,54.6,396.448,2026-09-22,2026-09-22,2026-07-08
245,CHOKWE STS,10,Stress,II,0,Check,Check,Check,3.43,64.3125,343,0.18803418803418803,1.4616477272727273,0.2748397435897436,12,1031,771,115,3.2,44,234,2026-09-28,2026-09-27,2026-07-08
246,CHOKWE STS,10,Stress,II,45,CML434,EN64,CML434xEN64,5.67,106.3125,567,0.10620915032679738,3.4074519230769234,0.3619025735294118,22,2855,2340,142,3.03,31.2,293.76,2026-09-30,2026-09-20,2026-07-08
247,CHOKWE STS,10,Stress,II,29,CML364,EN31,CML364xEN31,6.22,116.625,622,0.06697766786570744,8.155594405594405,0.5462426933453237,20,2864,2333,172,2.81,14.3,213.504,2026-09-20,2026-09-21,2026-07-08
248,CHOKWE STS,10,Stress,II,48,CML530,EN64,CML530xEN64,7.11,133.3125,711,0.09632147838214784,6.032239819004524,0.5810342573221757,15,2273,2001,153,2.95,22.1,229.44,2026-09-23,2026-09-22,2026-07-08
249,CHOKWE STS,10,Stress,II,24,CML434,EN25,CML434xEN25,7.27,136.3125,727,0.14719202898550723,2.9126602564102564,0.4287203728864734,17,2916,2316,154,2.72,46.8,317.952,2026-09-24,2026-09-22,2026-07-08
250,CHOKWE STS,10,Stress,II,13,CML530,EN20,CML530xEN20,7.76,145.5,776,0.07523148148148148,6.9951923076923075,0.5262586805555555,12,2218,1745,198,2.71,20.8,276.48,2026-09-26,2026-09-20,2026-07-08
NA,CHOKWE STS,10,Stress,III,25,CML435,EN25,CML435xEN25,8.12,152.24999999999997,811.9999999999999,0.09719956498096792,5.323426573426572,0.5174347471451874,20,3798,3044,153,2.79,28.6,294.24,2026-09-24,2026-09-20,2026-07-08
NA,CHOKWE STS,10,Stress,III,34,CML530,EN31,CML530xEN31,8.6,161.25,860,0.12057797208406867,3.3523908523908523,0.4042244906144714,15,2972,2419,154,2.95,48.1,398.912,2026-09-22,2026-09-20,2026-07-08
NA,CHOKWE STS,10,Stress,III,40,CML439,EN32,CML439xEN32,6.91,129.5625,691,0.10716426858513192,4.5301573426573425,0.48547099820143885,21,3352,2721,155,2.77,28.6,266.88,2026-09-30,2026-09-20,2026-07-08
NA,CHOKWE STS,10,Stress,III,11,CML435,EN20,CML435xEN20,9.47,177.5625,947,0.0748158379373849,7.588141025641026,0.5677131292203806,18,3864,3197,170,2.8,23.4,312.768,2026-09-28,2026-09-22,2026-07-08
NA,CHOKWE STS,10,Stress,III,0,Check,Check,Check,4.75,89.0625,475,0.07434944237918216,4.453125,0.33108736059479554,13,1540,1157,121,3.1,20,269,2026-09-25,2026-09-24,2026-07-08
NA,CHOKWE STS,10,Stress,III,15,CML364,EN21,CML364xEN21,8.95,167.8125,895,0.07467023461995892,7.593325791855203,0.5669954184236133,12,2513,2013,48,2.8,22.1,295.968,2026-09-26,2026-09-22,2026-07-08
NA,CHOKWE STS,10,Stress,III,6,CML530,EN17,CML530xEN17,8.78,164.625,878,0.1060103244837758,5.5058528428093645,0.5836772464261403,15,3237,2468,169,3.05,29.9,282.048,2026-09-28,2026-09-23,2026-07-08
NA,CHOKWE STS,10,Stress,III,47,CML439,EN64,CML439xEN64,5.46,102.375,546,0.1136954261954262,2.25,0.2558147089397089,21,2728,2148,191,2.58,45.5,400.192,2026-09-26,2026-09-28,2026-07-08
NA,CHOKWE STS,10,Stress,III,9,CML366,EN20,CML366xEN20,5.24,98.25,524,0.11309307673686758,3.2859531772575252,0.37161855482933914,19,2206,1866,130,2.35,29.9,264.384,2026-09-27,2026-09-22,2026-07-08
NA,CHOKWE STS,10,Stress,III,21,CML532,EN21,CML532xEN21,8.95,167.8125,895,0.11187903823747485,4.964866863905326,0.5554645297108357,22,4515,3693,169,3,33.8,302.112,2026-09-27,2026-09-26,2026-07-08
NA,CHOKWE STS,10,Stress,III,39,CML435,EN32,CML435xEN32,3.93,73.6875,393,0.1570767195767196,2.9832995951417005,0.46860691391941395,11,1048,810,56,2.75,24.7,157.248,2026-09-25,2026-09-20,2026-07-08
NA,CHOKWE STS,10,Stress,III,22,CML364,EN25,CML364xEN25,6.6,123.75,660,0.2720983519873094,1.2525303643724697,0.34081144795981316,21,3215,2598,175,2.56,98.8,363.104,2026-09-25,2026-09-23,2026-07-08
NA,CHOKWE STS,10,Stress,III,13,CML530,EN20,CML530xEN20,6.36,119.25,636,0.23910780935974732,2.23733583489681,0.5349644702842377,16,2410,1909,138,3.2,53.3,222.912,2026-09-24,2026-09-22,2026-07-08
NA,CHOKWE STS,10,Stress,III,29,CML364,EN31,CML364xEN31,10.19,191.0625,1019,0.10416666666666666,5.24896978021978,0.5467676854395604,21,4738,4013,179,3.17,36.4,349.44,2026-09-21,2026-09-24,2026-07-08
201,CHOKWE STS,10,Stress,III,42,CML532,EN32,CML532xEN32,8.03,150.56249999999997,802.9999999999999,0.07289687565970024,6.812782805429863,0.4966305810639644,16,3236,2409,151,2.63,22.1,303.168,2026-09-22,2026-09-27,2026-07-08
202,CHOKWE STS,10,Stress,III,3,CML434,EN17,CML434xEN17,5.24,98.25,524,0.11398709315375982,5.038461538461538,0.5743195847362514,11,1652,1080,87,3,19.5,171.072,2026-09-23,2026-09-23,2026-07-08
203,CHOKWE STS,10,Stress,III,16,CML366,EN21,CML366xEN21,6.24,117,624,0.0910145623299728,6.428571428571429,0.5850936149783966,26,3797,3044,157,2.9,18.2,199.968,2026-09-26,2026-09-19,2026-07-08
204,CHOKWE STS,10,Stress,III,37,CML366,EN32,CML366xEN32,3.16,59.25,316,0.04021281860925513,11.394230769230768,0.4581941351150705,11,1493,652,78,3.04,5.2,129.312,2026-09-22,2026-09-22,2026-07-08
205,CHOKWE STS,10,Stress,III,45,CML434,EN64,CML434xEN64,9.48,177.75,948,0.1145864813135892,4.883241758241758,0.5595534904805077,11,2181,1956,98,3.23,36.4,317.664,2026-09-24,2026-09-29,2026-07-08
206,CHOKWE STS,10,Stress,III,24,CML434,EN25,CML434xEN25,6.09,114.1875,609,0.17910565265312547,3.137019230769231,0.5618578767123288,13,1763,1484,131,3.2,36.4,203.232,2026-09-22,2026-09-24,2026-07-08
207,CHOKWE STS,10,Stress,III,48,CML530,EN64,CML530xEN64,10.19,191.0625,1019,0.13682399923017707,4.199175824175824,0.5745480297344111,11,2373,2102,189,3.2,45.5,332.544,2026-09-23,2026-09-29,2026-07-08
208,CHOKWE STS,10,Stress,III,20,CML530,EN21,CML530xEN21,10.57,198.1875,1057,0.05375200831679425,10.889423076923077,0.5853283597958605,12,2734,2378,135,2.5,18.2,338.592,2026-09-27,2026-09-20,2026-07-08
209,CHOKWE STS,10,Stress,III,5,CML439,EN17,CML439xEN17,6.99,131.0625,699,0.1668259699801756,3.476458885941644,0.5799636257434154,13,2074,1703,92,2.59,37.7,225.984,2026-09-28,2026-09-20,2026-07-08
210,CHOKWE STS,10,Stress,III,30,CML366,EN31,CML366xEN31,7.1,133.125,710,0.16483302122347068,2.6257396449704142,0.4328085986267166,21,3466,2794,127,2.45,50.7,307.584,2026-09-22,2026-09-22,2026-07-08
211,CHOKWE STS,10,Stress,III,14,CML532,EN20,CML532xEN20,9.39,176.0625,939,0.06585079223568505,6.771634615384615,0.4459175041536654,9,2041,1585,142,2.95,26,394.832,2026-09-22,2026-09-28,2026-07-08
212,CHOKWE STS,10,Stress,III,44,CML366,EN64,CML366xEN64,5.88,110.25,588,0.09975445058317987,3.5336538461538463,0.3524976979742173,12,1664,1324,139,3.22,31.2,312.768,2026-09-26,2026-09-22,2026-07-08
213,CHOKWE STS,10,Stress,III,19,CML439,EN21,CML439xEN21,8.29,155.43749999999997,829,0.119615967022798,3.4162087912087906,0.40863311811222336,15,2781,2331,111,2.48,45.5,380.384,2026-09-23,2026-09-20,2026-07-08
214,CHOKWE STS,10,Stress,III,35,CML532,EN31,CML532xEN31,6.22,116.625,622,0.10013411628244163,5.277149321266968,0.5284226837755546,24,3615,2800,152,1.31,22.1,220.704,2026-09-29,2026-09-23,2026-07-08
215,CHOKWE STS,10,Stress,III,28,CML532,EN25,CML532xEN25,8.55,160.3125,855,0.07957175925925927,5.6053321678321675,0.44602614182692313,17,3416,2726,147,2.7,28.6,359.424,2026-09-20,2026-09-24,2026-07-08
216,CHOKWE STS,10,Stress,III,12,CML439,EN20,CML439xEN20,7.69,144.1875,769,0.17640485312899107,3.262160633484162,0.5754609674329502,14,2441,2018,154,2.79,44.2,250.56,2026-09-25,2026-09-20,2026-07-08
217,CHOKWE STS,10,Stress,III,7,CML532,EN17,CML532xEN17,7.12,133.5,712,0.13213960447567005,4.107692307692307,0.5427888368462139,19,3376,2538,159,2.73,32.5,245.952,2026-09-22,2026-09-25,2026-07-08
218,CHOKWE STS,10,Stress,III,32,CML435,EN31,CML435xEN31,8.71,163.3125,871,0.17807084607543322,2.921511627906977,0.5202360474006116,11,2176,1797,150,2.74,55.9,313.92,2026-09-23,2026-09-20,2026-07-08
219,CHOKWE STS,10,Stress,III,49,CML532,EN64,CML532xEN64,5.91,110.8125,591,0.15603566529492455,3.0442994505494507,0.4750192901234568,15.5,2436,1719,122,2.7,36.4,233.28,2026-09-25,2026-09-21,2026-07-08
220,CHOKWE STS,10,Stress,III,26,CML439,EN25,CML439xEN25,3.15,59.0625,315,0.21494708994708991,1.5144230769230769,0.3255208333333333,20,1603,1180,117,2.75,39,181.44,2026-09-27,2026-09-24,2026-07-08
221,CHOKWE STS,10,Stress,III,2,CML366,EN17,CML366xEN17,7.43,139.3125,743,0.11402365677626304,5.103021978021978,0.5818652265437049,18,3022,2509,171,2.65,27.3,239.424,2026-09-24,2026-09-22,2026-07-08
222,CHOKWE STS,10,Stress,III,27,CML530,EN25,CML530xEN25,7.12,133.5,712,0.11117952928297756,3.423076923076923,0.3805760810071155,19,3205,2535,180,2.83,39,350.784,2026-09-29,2026-09-22,2026-07-08
223,CHOKWE STS,10,Stress,III,18,CML435,EN21,CML435xEN21,6.39,119.8125,639,0.12753048657785648,2.3631656804733727,0.3013756690948605,23,3469,2757,163,2.86,50.7,397.552,2026-09-26,2026-09-20,2026-07-08
224,CHOKWE STS,10,Stress,III,36,CML364,EN32,CML364xEN32,7.09,132.9375,709,0.08276037687802394,6.391225961538462,0.528940269289534,20,3374,2658,168,2.81,20.8,251.328,2026-09-22,2026-09-20,2026-07-08
225,CHOKWE STS,10,Stress,III,38,CML434,EN32,CML434xEN32,6.61,123.9375,661,0.11922903262219212,3.666789940828403,0.4371878174737555,22,3369,2726,182,2.8,33.8,283.488,2026-09-22,2026-09-22,2026-07-08
226,CHOKWE STS,10,Stress,III,10,CML434,EN20,CML434xEN20,9.89,185.4375,989,0.13636636096625307,3.3962912087912085,0.4631398729245339,12,2535,2225,168,2.84,54.6,400.392,2026-09-22,2026-09-20,2026-07-08
227,CHOKWE STS,10,Stress,III,4,CML435,EN17,CML435xEN17,10.27,192.5625,1027,0.12071353999357531,4.003378378378378,0.48326197598779314,13,2977,2503,149,2.95,48.1,398.464,2026-09-24,2026-09-20,2026-07-08
228,CHOKWE STS,10,Stress,III,41,CML530,EN32,CML530xEN32,8.9,166.875,890,0.16414141414141412,3.5657051282051286,0.5852798821548821,7,1411,1168,148,2.47,46.8,285.12,2026-09-26,2026-09-22,2026-07-08
229,CHOKWE STS,10,Stress,III,33,CML439,EN31,CML439xEN31,8.54,160.125,854,0.11601116303219108,5.598776223776223,0.6495205412772586,15,2985,2403,182,2.21,28.6,246.528,2026-09-24,2026-09-20,2026-07-08
230,CHOKWE STS,10,Stress,III,43,CML364,EN64,CML364xEN64,7.74,145.125,774,0.16308922558922556,3.601116625310174,0.5873033216783217,19,3441,2756,174,3.08,40.3,247.104,2026-09-22,2026-09-22,2026-07-08
231,CHOKWE STS,10,Stress,III,1,CML364,EN17,CML364xEN17,4.7,88.125,470,0.06119307106149212,3.987556561085973,0.24401083200425305,16,1758,1411,152,2.91,22.1,361.152,2026-09-24,2026-09-22,2026-07-08
232,CHOKWE STS,10,Stress,III,17,CML434,EN21,CML434xEN21,8.55,160.3125,855,0.09472851432378414,5.872252747252747,0.5562697784810127,11,2410,1764,147,2.95,27.3,288.192,2026-09-24,2026-09-22,2026-07-08
233,CHOKWE STS,10,Stress,III,46,CML435,EN64,CML435xEN64,10.3,193.125,1030,0.06654381654381654,8.25320512820513,0.5491997679497679,10,2336,1932,141,2.78,23.4,351.648,2026-09-22,2026-09-20,2026-07-08
234,CHOKWE STS,10,Stress,III,8,CML364,EN20,CML364xEN20,8.52,159.75,852,0.20477207977207976,2.6714046822742477,0.5470290927021697,15,3027,2396,116,2.79,59.8,292.032,2026-09-29,2026-09-22,2026-07-08
235,CHOKWE STS,10,Stress,III,31,CML434,EN31,CML434xEN31,6.19,116.0625,619,0.13083735909822866,4.4639423076923075,0.584050422705314,23,3370,2669,173,3.05,26,198.72,2026-09-24,2026-09-22,2026-07-08
236,CHOKWE STS,10,Stress,III,23,CML366,EN25,CML366xEN25,6.4,120,640,0.13327271430609042,4.013377926421405,0.5348737697903295,12,1888,1441,91,2.9,29.9,224.352,2026-09-25,2026-09-26,2026-07-08
301,NHACOONGO,50,Optimal,I,45,CML434,EN64,CML434xEN64,4.93,92.4375,98.6,0.10942760942760944,2.9627403846153846,0.32420559764309764,19,2220,1755,123,3.22,31.2,285.12,2026-10-11,2026-10-08,2026-07-30
302,NHACOONGO,50,Optimal,I,2,CML366,EN17,CML366xEN17,7.52,141,150.4,0.18076214085939488,3.098901098901099,0.560163996948894,18,2964,2537,181,3.28,45.5,251.712,2026-10-12,2026-10-09,2026-07-30
303,NHACOONGO,50,Optimal,I,37,CML366,EN32,CML366xEN32,5.25,98.4375,105,0.11673850574712644,2.8044871794871793,0.32739164272030646,20,2643,1967,122,3.25,35.1,300.672,2026-10-11,2026-10-07,2026-07-30
304,NHACOONGO,50,Optimal,I,16,CML366,EN21,CML366xEN21,5.83,109.3125,116.6,0.16338150018705574,1.9555008944543828,0.31949266975308643,19,2454,2077,136,3.33,55.9,342.144,2026-10-12,2026-10-07,2026-07-30
305,NHACOONGO,50,Optimal,I,26,CML439,EN25,CML439xEN25,6.41,120.1875,128.2,0.19434799382716048,2.9823200992555834,0.5796079282407407,21,3187,2522,145,2.95,40.3,207.36,2026-10-10,2026-10-07,2026-07-30
306,NHACOONGO,50,Optimal,I,40,CML439,EN32,CML439xEN32,8.22,154.12500000000003,164.4,0.08312870881931655,5.927884615384617,0.49277739410681415,10,1872,1542,125,2.81,26,312.768,2026-10-05,2026-10-01,2026-07-30
307,NHACOONGO,50,Optimal,I,7,CML532,EN17,CML532xEN17,8.46,158.625,169.2,0.1656038900535756,3.4862637362637363,0.5773388364779874,3,626,476,133,2.57,45.5,274.752,2026-10-08,2026-10-05,2026-07-30
308,NHACOONGO,50,Optimal,I,28,CML532,EN25,CML532xEN25,5.79,108.5625,115.8,0.08728514426028239,3.976648351648352,0.34710232504604055,10,1450,1086,188,2.8,27.3,312.768,2026-10-13,2026-10-12,2026-07-30
309,NHACOONGO,50,Optimal,I,10,CML434,EN20,CML434xEN20,6.58,123.375,131.6,0.09735838779956428,4.313811188811188,0.4199857026143791,25,3531,3082,129,2.66,28.6,293.76,2026-10-08,2026-10-05,2026-07-30
310,NHACOONGO,50,Optimal,I,19,CML439,EN21,CML439xEN21,6.78,127.125,135.6,0.07465719536330223,7.522189349112427,0.56158555979643765,23,3612,2922,141,2.31,16.9,226.368,2026-10-06,2026-10-05,2026-07-30
311,NHACOONGO,50,Optimal,I,35,CML532,EN31,CML532xEN31,5.34,100.125,106.8,0.06563820531941338,5.924556213017752,0.3888772371364654,13,1595,1301,126,2.34,16.9,257.472,2026-10-08,2026-10-07,2026-07-30
312,NHACOONGO,50,Optimal,I,0,Check,Check,Check,4.102564102564102,76.92307692307692,82.05128205128204,0.07259105098855359,4.410726887791108,0.3201793004082286,13,1454,1232,128,2.25,17.44,240.25,2026-10-09,2026-10-07,2026-07-30
313,NHACOONGO,50,Optimal,I,29,CML364,EN31,CML364xEN31,8.59,161.0625,171.8,0.09350805607867756,5.631555944055944,0.5265958490269931,17,2880,2738,134,2.92,28.6,305.856,2026-10-10,2026-10-09,2026-07-30
314,NHACOONGO,50,Optimal,I,14,CML532,EN20,CML532xEN20,9.89,185.4375,197.8,0.21569865319865317,3.479127579737336,0.7504431332556332,16,3090,2967,145,2.68,53.3,247.104,2026-10-09,2026-10-04,2026-07-30
315,NHACOONGO,50,Optimal,I,48,CML530,EN64,CML530xEN64,9.35,175.3125,187,0.1750726598516737,3.136180679785331,0.549059493385448,18,3815,3157,163,2.64,55.9,319.296,2026-10-07,2026-10-04,2026-07-30
316,NHACOONGO,50,Optimal,I,30,CML366,EN31,CML366xEN31,9.33,174.9375,186.6,0.14005860914105597,3.84478021978022,0.5384945700354611,13,2854,2273,135,2.18,45.5,324.864,2026-10-06,2026-10-04,2026-07-30
317,NHACOONGO,50,Optimal,I,4,CML435,EN17,CML435xEN17,6.22,116.625,124.4,0.08457977207977209,4.72165991902834,0.3993569197896122,20,2772,2332,151,2.96,24.7,292.032,2026-10-07,2026-10-05,2026-07-30
318,NHACOONGO,50,Optimal,I,17,CML434,EN21,CML434xEN21,5.23,98.0625,104.6,0.16915954415954418,1.9850708502024292,0.3357936801446417,17,2025,1667,141,3.04,49.4,292.032,2026-10-07,2026-10-06,2026-07-30
319,NHACOONGO,50,Optimal,I,9,CML366,EN20,CML366xEN20,7.77,145.6875,155.4,0.1623416179337232,2.733348968105066,0.44373629385964913,18,2912,2623,146,3.27,53.3,328.32,2026-10-09,2026-10-08,2026-07-30
320,NHACOONGO,50,Optimal,I,43,CML364,EN64,CML364xEN64,5.7,106.875,114,0.22018970189701895,2.2836538461538463,0.5028370596205962,25,3203,2671,134,2.94,46.8,212.544,2026-10-06,2026-10-04,2026-07-30
321,NHACOONGO,50,Optimal,I,13,CML530,EN20,CML530xEN20,6.79,127.3125,135.8,0.08405752120835919,4.896634615384615,0.4115989680322781,14,2152,1782,128,2.87,26,309.312,2026-10-06,2026-10-04,2026-07-30
322,NHACOONGO,50,Optimal,I,32,CML435,EN31,CML435xEN31,6.52,122.25,130.4,0.16862228607918262,2.4112426035502956,0.4065892401021711,10,1644,1222,157,2.41,50.7,300.672,2026-10-12,2026-10-09,2026-07-30
323,NHACOONGO,50,Optimal,I,22,CML364,EN25,CML364xEN25,7.91,148.3125,158.2,0.13250999579124578,3.680210918114144,0.4876647332702021,19,3213,2817,129,2.69,40.3,304.128,2026-10-06,2026-10-04,2026-07-30
324,NHACOONGO,50,Optimal,I,39,CML435,EN32,CML435xEN32,9.69,181.6875,193.8,0.11063453159041396,4.658653846153846,0.5154079861111112,15,2923,2725,139,1.76,39,352.512,2026-10-05,2026-10-04,2026-07-30
325,NHACOONGO,50,Optimal,I,47,CML439,EN64,CML439xEN64,7.78,145.875,155.6,0.08087594873709095,7.013221153846153,0.5672009145203434,17,2832,2481,144,1.73,20.8,257.184,2026-10-11,2026-10-08,2026-07-30
326,NHACOONGO,50,Optimal,I,25,CML435,EN25,CML435xEN25,5.46,102.375,109.2,0.15815709175084175,2.1283783783783785,0.33661813446969696,13,1702,1330,135,2.79,48.1,304.128,2026-10-13,2026-10-10,2026-07-30
327,NHACOONGO,50,Optimal,I,49,CML532,EN64,CML532xEN64,7.44,139.5,148.8,0.09066393899944206,5.961538461538462,0.5404965594197508,17,2553,2373,151,2.19,23.4,258.096,2026-10-06,2026-10-04,2026-07-30
328,NHACOONGO,50,Optimal,I,36,CML364,EN32,CML364xEN32,7.78,145.875,155.6,0.083963707010582,4.4884615384615385,0.3768678695436508,19,3393,2771,146,2.91,32.5,387.072,2026-10-06,2026-10-05,2026-07-30
329,NHACOONGO,50,Optimal,I,5,CML439,EN17,CML439xEN17,6.16,115.5,123.2,0.05120467325964707,6.83431952662722,0.34994909831297266,12,1699,1385,136,2.22,16.9,330.048,2026-10-08,2026-10-06,2026-07-30
330,NHACOONGO,50,Optimal,I,41,CML530,EN32,CML530xEN32,5.25,98.4375,105,0.13556729699666295,4.206730769230769,0.570295119577308,18,2185,1772,122,2.72,23.4,172.608,2026-10-10,2026-10-08,2026-07-30
331,NHACOONGO,50,Optimal,I,15,CML364,EN21,CML364xEN21,4.41,82.6875,88.2,0.08933738425925924,3.347672064777328,0.299072265625,21,1897,1735,147,2.77,24.7,276.48,2026-10-11,2026-10-07,2026-07-30
332,NHACOONGO,50,Optimal,I,31,CML434,EN31,CML434xEN31,5.37,100.6875,107.4,0.10030864197530864,5.53228021978022,0.5549355158730159,25,2934,2519,122,3.06,18.2,181.44,2026-10-09,2026-10-06,2026-07-30
333,NHACOONGO,50,Optimal,I,21,CML532,EN21,CML532xEN21,4.34,81.375,86.8,0.10630535426731078,2.407544378698225,0.25593485809178745,22,1953,1790,134,2.69,33.8,317.952,2026-10-12,2026-10-11,2026-07-30
334,NHACOONGO,50,Optimal,I,33,CML439,EN31,CML439xEN31,9.34,175.125,186.8,0.12180335097001764,3.9621040723981897,0.4825975529100529,16,3195,2802,139,2.76,44.2,362.88,2026-10-05,2026-10-04,2026-07-30
335,NHACOONGO,50,Optimal,I,44,CML366,EN64,CML366xEN64,6.35,119.0625,127,0.17829426247056304,2.2338180112570356,0.39827693481053306,25,3175,2978,126,2.4,53.3,298.944,2026-10-10,2026-10-07,2026-07-30
336,NHACOONGO,50,Optimal,I,11,CML435,EN20,CML435xEN20,7.12,133.5,142.4,0.15476190476190477,2.852564102564102,0.441468253968254,11,1800,1469,114,2.54,46.8,302.4,2026-10-10,2026-10-07,2026-07-30
337,NHACOONGO,50,Optimal,I,8,CML364,EN20,CML364xEN20,5.48,102.75,109.6,0.18285429526748972,2.258241758241758,0.4129292052469136,12,1514,1232,133,2.61,45.5,248.832,2026-10-12,2026-10-10,2026-07-30
338,NHACOONGO,50,Optimal,I,38,CML434,EN32,CML434xEN32,5.11,95.8125,102.2,0.21219135802469136,2.2333916083916083,0.4739063983855651,22,2512,2106,130,3.18,42.9,202.176,2026-10-12,2026-10-10,2026-07-30
339,NHACOONGO,50,Optimal,I,24,CML434,EN25,CML434xEN25,5,93.75,100,0.12284017278617712,3.434065934065934,0.421841252699784,21,2476,1968,164,3.24,27.3,222.24,2026-10-12,2026-10-10,2026-07-30
340,NHACOONGO,50,Optimal,I,3,CML434,EN17,CML434xEN17,4.54,85.125,90.8,0.18929211469534052,1.6789940828402363,0.31782034050179214,22,2309,1873,128,3.27,50.7,267.84,2026-10-12,2026-10-08,2026-07-30
341,NHACOONGO,50,Optimal,I,6,CML530,EN17,CML530xEN17,3.56,66.75,71.2,0.18477907732293697,1.833791208791209,0.33884624756335285,26,2054,1736,134,3.3,36.4,196.992,2026-10-12,2026-10-10,2026-07-30
342,NHACOONGO,50,Optimal,I,27,CML530,EN25,CML530xEN25,4.58,85.875,91.6,0.12387712213614636,1.7853430353430353,0.22116315724410743,25,2243,2145,196,3.29,48.1,388.288,2026-10-12,2026-10-12,2026-07-30
343,NHACOONGO,50,Optimal,I,42,CML532,EN32,CML532xEN32,3.03,56.8125,60.6,0.11043153244988108,2.731370192307692,0.3016293960244648,25,1730,1420,134,3.31,20.8,188.352,2026-10-16,2026-10-13,2026-07-30
344,NHACOONGO,50,Optimal,I,34,CML530,EN31,CML530xEN31,4.53,84.9375,90.6,0.11790008291873964,3.1112637362637363,0.3668182524875622,24,2444,2037,134,3.04,27.3,231.552,2026-10-07,2026-10-06,2026-07-30
345,NHACOONGO,50,Optimal,I,18,CML435,EN21,CML435xEN21,5.66,106.125,113.2,0.11993424584004296,3.7106643356643354,0.4450357286634461,22,2992,2335,129,3.25,28.6,238.464,2026-10-08,2026-10-06,2026-07-30
346,NHACOONGO,50,Optimal,I,1,CML364,EN17,CML364xEN17,5.54,103.875,110.8,0.1166379557852426,3.995192307692307,0.46599106373815674,24,3096,2494,138,3.05,26,222.912,2026-10-10,2026-10-09,2026-07-30
347,NHACOONGO,50,Optimal,I,46,CML435,EN64,CML435xEN64,5.86,109.875,117.2,0.09964820552543248,4.448380566801619,0.4432731409759876,22,2867,2418,163,3.09,24.7,247.872,2026-10-06,2026-10-05,2026-07-30
348,NHACOONGO,50,Optimal,I,23,CML366,EN25,CML366xEN25,7.31,137.0625,146.2,0.16738104731525782,3.4010545905707197,0.5692720793460925,19,2993,2603,154,3.17,40.3,240.768,2026-10-12,2026-10-09,2026-07-30
349,NHACOONGO,50,Optimal,I,12,CML439,EN20,CML439xEN20,3.62,67.875,72.4,0.15046296296296297,1.5356334841628958,0.2310559640522876,25,2096,1699,108,3.3,44.2,293.76,2026-10-08,2026-10-06,2026-07-30
350,NHACOONGO,50,Optimal,I,20,CML530,EN21,CML530xEN21,3.51,65.8125,70.2,0.13678451178451176,3.616071428571429,0.4946225649350649,14,1162,921,125,3.24,18.2,133.056,2026-10-13,2026-10-10,2026-07-30
351,NHACOONGO,50,Optimal,II,19,CML439,EN21,CML439xEN21,3.03,56.8125,60.6,0.0925925925925926,5.462740384615384,0.5058092948717949,23,1594,1307,213,3.23,10.4,112.32,2026-10-11,2026-10-07,2026-07-30
352,NHACOONGO,50,Optimal,II,1,CML364,EN17,CML364xEN17,2.79,52.3125,55.8,0.12794469639707737,1.609615384615385,0.20594175170068027,24,1525,1256,132,3.22,32.5,254.016,2026-10-11,2026-10-10,2026-07-30
353,NHACOONGO,50,Optimal,II,23,CML366,EN25,CML366xEN25,2.66,49.875,53.2,0.09158615136876004,2.7403846153846154,0.25098128019323673,20,1279,996,148,3.31,18.2,198.72,2026-10-11,2026-10-07,2026-07-30
354,NHACOONGO,50,Optimal,II,3,CML434,EN17,CML434xEN17,5.65,105.9375,113,0.13403309919114514,2.628722084367246,0.35233576787994886,17,2364,1801,136,3.3,40.3,300.672,2026-10-10,2026-10-06,2026-07-30
355,NHACOONGO,50,Optimal,II,39,CML435,EN32,CML435xEN32,6.35,119.0625,127,0.07220741044572053,7.045118343195267,0.5087097518457753,16,2193,1906,124,3.1,16.9,234.048,2026-10-06,2026-10-04,2026-07-30
356,NHACOONGO,50,Optimal,II,37,CML366,EN32,CML366xEN32,4.77,89.4375,95.4,0.05499153976311337,8.599759615384615,0.4729140228426395,14,1488,1252,130,2.99,10.4,189.12,2026-10-08,2026-10-04,2026-07-30
357,NHACOONGO,50,Optimal,II,15,CML364,EN21,CML364xEN21,4.51,84.5625,90.2,0.07108486439195101,8.131009615384615,0.5779917158792651,8,822,676,125,2.84,10.4,146.304,2026-10-13,2026-10-09,2026-07-30
358,NHACOONGO,50,Optimal,II,20,CML530,EN21,CML530xEN21,5.29,99.1875,105.8,0.03488621726062688,12.716346153846152,0.4436252146844139,11,1328,1091,136,3.12,7.8,223.584,2026-10-12,2026-10-07,2026-07-30
359,NHACOONGO,50,Optimal,II,8,CML364,EN20,CML364xEN20,4.97,93.1875,99.4,0.03876431297709924,11.947115384615383,0.4631217199427481,29,2946,2705,133,3.56,7.8,201.216,2026-10-12,2026-10-07,2026-07-30
360,NHACOONGO,50,Optimal,II,33,CML439,EN31,CML439xEN31,6.29,117.9375,125.8,0.04296993049259595,12.960164835164836,0.5568973821396191,21,2786,2477,126,3.09,9.1,211.776,2026-10-05,2026-10-04,2026-07-30
361,NHACOONGO,50,Optimal,II,35,CML532,EN31,CML532xEN31,4.64,87,92.8,0.1086229946524064,2.4786324786324787,0.26923648247177656,24,2737,2088,119,2.81,35.1,323.136,2026-10-07,2026-10-06,2026-07-30
362,NHACOONGO,50,Optimal,II,11,CML435,EN20,CML435xEN20,5.25,98.4375,105,0.04572312886888013,12.620192307692308,0.5770346792346651,23,2872,2263,123,2.59,7.8,170.592,2026-10-07,2026-10-04,2026-07-30
363,NHACOONGO,50,Optimal,II,28,CML532,EN25,CML532xEN25,4,75,80,0.1453335437710438,3.3936651583710407,0.49321338383838387,23,2245,1725,135,3.24,22.1,152.064,2026-10-12,2026-10-09,2026-07-30
364,NHACOONGO,50,Optimal,II,43,CML364,EN64,CML364xEN64,3.24,60.75,64.8,0.10920698924731184,5.1923076923076925,0.5670362903225806,19,1439,1155,123,2.82,11.7,107.136,2026-10-11,2026-10-09,2026-07-30
365,NHACOONGO,50,Optimal,II,38,CML434,EN32,CML434xEN32,3.27,61.3125,65.4,0.08898347272003186,4.2875874125874125,0.381524417562724,21,1559,1288,134,2.7,14.3,160.704,2026-10-12,2026-10-08,2026-07-30
366,NHACOONGO,50,Optimal,II,7,CML532,EN17,CML532xEN17,3,56.25,60,0.10903113258185722,4.326923076923077,0.4717693236714976,23,1709,1292,123,2.93,13,119.232,2026-10-11,2026-10-09,2026-07-30
367,NHACOONGO,50,Optimal,II,16,CML366,EN21,CML366xEN21,4.26,79.875,85.2,0.07046278776411227,5.585664335664335,0.39358148060548725,25,2395,1995,133,2.69,14.3,202.944,2026-10-09,2026-10-06,2026-07-30
368,NHACOONGO,50,Optimal,II,40,CML439,EN32,CML439xEN32,4.54,85.125,90.8,0.05527210884353741,7.275641025641026,0.40214002267573695,26,2683,2215,118,2.63,11.7,211.68,2026-10-06,2026-10-04,2026-07-30
369,NHACOONGO,50,Optimal,II,25,CML435,EN25,CML435xEN25,8.69,162.9375,173.8,0.09484114900527812,5.449414715719064,0.5168287530450669,10,2036,1629,133,2.6,29.9,315.264,2026-10-10,2026-10-07,2026-07-30
370,NHACOONGO,50,Optimal,II,18,CML435,EN21,CML435xEN21,4.1,76.87499999999999,82,0.09027777777777778,6.570512820512819,0.5931712962962962,25,2364,1924,125,2.92,11.7,129.6,2026-10-10,2026-10-07,2026-07-30
371,NHACOONGO,50,Optimal,II,6,CML530,EN17,CML530xEN17,5.07,95.0625,101.4,0.0808457711442786,6.09375,0.4926539179104477,15,1799,1426,128,2.61,15.6,192.96,2026-10-12,2026-10-06,2026-07-30
372,NHACOONGO,50,Optimal,II,21,CML532,EN21,CML532xEN21,6.84,128.25,136.8,0.09760685381891754,5.1923076923076925,0.506804817905918,11,1771,1411,132,2.84,24.7,253.056,2026-10-12,2026-10-10,2026-07-30
373,NHACOONGO,50,Optimal,II,31,CML434,EN31,CML434xEN31,4.92,92.25,98.4,0.04998974569319114,7.884615384615385,0.3941499179655455,25,2755,2308,129,2.82,11.7,234.048,2026-10-08,2026-10-06,2026-07-30
374,NHACOONGO,50,Optimal,II,2,CML366,EN17,CML366xEN17,5.38,100.875,107.6,0.07164902998236332,7.759615384615385,0.5559689153439153,22,2474,2219,143,2.82,13,181.44,2026-10-10,2026-10-06,2026-07-30
375,NHACOONGO,50,Optimal,II,49,CML532,EN64,CML532xEN64,6.37,119.4375,127.4,0.07134703196347032,9.1875,0.6555008561643836,14,2115,1672,153,2.75,13,182.208,2026-10-12,2026-10-10,2026-07-30
376,NHACOONGO,50,Optimal,II,26,CML439,EN25,CML439xEN25,6.22,116.625,124.4,0.1880787037037037,2.893920595533499,0.5442848342293907,19,2810,2216,139,2.82,40.3,214.272,2026-10-13,2026-10-09,2026-07-30
377,NHACOONGO,50,Optimal,II,9,CML366,EN20,CML366xEN20,6.29,117.9375,125.8,0.06520866773675763,7.560096153846154,0.4929837981540931,24,3332,2830,139,3.06,15.6,239.232,2026-10-09,2026-10-05,2026-07-30
378,NHACOONGO,50,Optimal,II,42,CML532,EN32,CML532xEN32,5.61,105.1875,112.2,0.09425754060324826,5.394230769230769,0.5084469257540604,23,2851,2418,132,2.86,19.5,206.88,2026-10-08,2026-10-06,2026-07-30
379,NHACOONGO,50,Optimal,II,22,CML364,EN25,CML364xEN25,3.21,60.1875,64.2,0.10630535426731078,3.561390532544379,0.3785948822463768,26,2013,1567,132,2.44,16.9,158.976,2026-10-12,2026-10-11,2026-07-30
380,NHACOONGO,50,Optimal,II,47,CML439,EN64,CML439xEN64,5.7,106.875,114,0.05301217920835145,9.134615384615383,0.484245867768595,20,2668,2136,147,2.86,11.7,220.704,2026-10-13,2026-10-10,2026-07-30
381,NHACOONGO,50,Optimal,II,30,CML366,EN31,CML366xEN31,3.24,60.75,64.8,0.1693953887662497,1.3744343891402715,0.2328228476821192,23,1895,1398,183,2.22,44.2,260.928,2026-10-08,2026-10-07,2026-07-30
382,NHACOONGO,50,Optimal,II,12,CML439,EN20,CML439xEN20,5.38,100.875,107.6,0.04758617804551539,11.085164835164836,0.5275006275100401,25,2661,2524,128,2.49,9.1,191.232,2026-10-06,2026-10-04,2026-07-30
383,NHACOONGO,50,Optimal,II,10,CML434,EN20,CML434xEN20,5.22,97.875,104.4,0.1315434430652995,4.182692307692308,0.5502057474365893,28,3034,2742,127,2.48,23.4,177.888,2026-10-06,2026-10-05,2026-07-30
384,NHACOONGO,50,Optimal,II,27,CML530,EN25,CML530xEN25,3.65,68.4375,73,0.1755401234567901,3.760302197802198,0.660083912037037,28,2393,1915,140,2.57,18.2,103.68,2026-10-06,2026-10-04,2026-07-30
385,NHACOONGO,50,Optimal,II,34,CML530,EN31,CML530xEN31,7.36,138,147.2,0.06568310428455942,8.846153846153847,0.5810428455941795,11,2369,1518,140,2.56,15.6,237.504,2026-10-11,2026-10-10,2026-07-30
386,NHACOONGO,50,Optimal,II,14,CML532,EN20,CML532xEN20,2.33,43.6875,46.6,0.1907276995305164,1.8669871794871795,0.3560861697965571,12,1086,524,125,2.09,23.4,122.688,2026-10-05,2026-10-04,2026-07-30
NA,NHACOONGO,50,Optimal,II,36,CML364,EN32,CML364xEN32,5.19,97.3125,103.8,0.08694489031567684,4.678485576923077,0.40677041532905295,19,2487,1848,124,2.74,20.8,239.232,2026-10-11,2026-10-08,2026-07-30
387,NHACOONGO,50,Optimal,II,46,CML435,EN64,CML435xEN64,5.18,97.125,103.6,0.2063872500819403,2.4100496277915635,0.4974035152409046,9,1274,874,191,2.23,40.3,195.264,2026-10-13,2026-10-11,2026-07-30
388,NHACOONGO,50,Optimal,II,17,CML434,EN21,CML434xEN21,6.71,125.8125,134.2,0.0559573002754821,9.677884615384617,0.5415482954545455,11,1681,1383,127,2.6,13,232.32,2026-10-12,2026-10-10,2026-07-30
390,NHACOONGO,50,Optimal,II,4,CML435,EN17,CML435xEN17,5.89,110.4375,117.8,0.100968567251462,4.997171945701357,0.5045572916666666,14,2161,1547,123,2.63,22.1,218.88,2026-10-09,2026-10-08,2026-07-30
391,NHACOONGO,50,Optimal,II,32,CML435,EN31,CML435xEN31,3.08,57.75,61.6,0.06075523429710867,4.935897435897436,0.2998816051844467,19,1953,1099,116,2.34,11.7,192.576,2026-10-09,2026-10-06,2026-07-30
392,NHACOONGO,50,Optimal,II,41,CML530,EN32,CML530xEN32,2.07,38.81249999999999,41.4,0.13818027210884354,3.317307692307692,0.45838647959183665,16,1357,622,122,1.69,11.7,84.672,2026-10-06,2026-10-04,2026-07-30
393,NHACOONGO,50,Optimal,II,5,CML439,EN17,CML439xEN17,2.75,51.5625,55,0.06122833458929917,6.610576923076923,0.4047546156744536,17,1436,875,121,2.56,7.8,127.392,2026-10-12,2026-10-09,2026-07-30
394,NHACOONGO,50,Optimal,II,44,CML366,EN64,CML366xEN64,5.25,98.4375,105,0.03345273386034255,15.14423076923077,0.5066159214426877,17,1998,1672,117,2.77,6.5,194.304,2026-10-11,2026-10-09,2026-07-30
395,NHACOONGO,50,Optimal,II,0,Check,Check,Check,7.79,146.0625,155.8,0.2677595628415301,5.961734693877551,1.596311475409836,17,3058,2540,171.5,2.715,24.5,91.5,2026-10-16,2026-10-11,2026-07-30
396,NHACOONGO,50,Optimal,II,45,CML434,EN64,CML434xEN64,3.48,65.25,69.6,0.11863788068418855,3.5851648351648353,0.4253363579474343,25,2028,1631,128,2.84,18.2,153.408,2026-10-09,2026-10-06,2026-07-30
397,NHACOONGO,50,Optimal,II,29,CML364,EN31,CML364xEN31,5.26,98.625,105.2,0.0691444095312909,5.8357988165680474,0.4035128633150039,19,2275,1873,188,2.84,16.9,244.416,2026-10-08,2026-10-06,2026-07-30
398,NHACOONGO,50,Optimal,II,48,CML530,EN64,CML530xEN64,5.54,103.875,110.8,0.16253715134887975,2.282967032967033,0.3710669581618656,18,2060,1869,195,3.06,45.5,279.936,2026-10-10,2026-10-08,2026-07-30
399,NHACOONGO,50,Optimal,II,24,CML434,EN25,CML434xEN25,4.12,77.25,82.4,0.08531405116456663,5.402097902097902,0.4608748568155784,26,2538,2009,123,3.08,14.3,167.616,2026-10-15,2026-10-10,2026-07-30
400,NHACOONGO,50,Optimal,II,13,CML530,EN20,CML530xEN20,1.96,36.75,39.2,0.1968674281758394,1.0096153846153846,0.1987603842159917,13,691,478,123,3.07,36.4,184.896,2026-10-11,2026-10-09,2026-07-30
401,NHACOONGO,50,Optimal,III,25,CML435,EN25,CML435xEN25,4.38,82.125,87.6,0.15673225308641975,2.105769230769231,0.33004195601851855,18,1869,1479.5,128,3.1,39,248.832,2026-10-12,2026-10-10,2026-07-30
402,NHACOONGO,50,Optimal,III,34,CML530,EN31,CML530xEN31,4.51,84.5625,90.2,0.18621653832049873,2.601923076923077,0.4845211083608361,21,2206.5,1777.5,123,3.07,32.5,174.528,2026-10-07,2026-10-05,2026-07-30
403,NHACOONGO,50,Optimal,III,40,CML439,EN32,CML439xEN32,5.27,98.8125,105.4,0.08777006172839505,5.429258241758242,0.4765263310185185,19,2077.5,1878.5,123,2.37,18.2,207.36,2026-10-06,2026-10-04,2026-07-30
404,NHACOONGO,50,Optimal,III,11,CML435,EN20,CML435xEN20,4.33,81.1875,86.6,0.16300154320987653,2.4019970414201186,0.39152922453703703,23,1936,1866,209,2.8,33.8,207.36,2026-10-08,2026-10-06,2026-07-30
405,NHACOONGO,50,Optimal,III,0,Check,Check,Check,4.09,76.6875,81.8,0.1782178217821782,2.8402777777777777,0.5061881188118812,13,1285.5,964,118,3.15,27,151.5,2026-10-10,2026-10-07,2026-07-30
406,NHACOONGO,50,Optimal,III,15,CML364,EN21,CML364xEN21,4.95,92.8125,99,0.103258896151053,5.099587912087912,0.526577818627451,13,1359.5,1205.5,121,2.89,18.2,176.256,2026-10-18,2026-10-16,2026-07-30
407,NHACOONGO,50,Optimal,III,6,CML530,EN17,CML530xEN17,4.96,93,99.2,0.16354669887278583,3.576923076923077,0.584993961352657,17,1926.5,1581,102,2.64,26,158.976,2026-10-18,2026-10-16,2026-07-30
408,NHACOONGO,50,Optimal,III,47,CML439,EN64,CML439xEN64,4.74,88.875,94.8,0.08890993265993265,5.258875739644971,0.46756628787878785,26,2830,2308.5,113,2.93,16.9,190.08,2026-10-12,2026-10-08,2026-07-30
409,NHACOONGO,50,Optimal,III,9,CML366,EN20,CML366xEN20,6.61,123.9375,132.2,0.10927477757086694,3.666789940828403,0.40068765518311605,22,2772,2726.5,112,2.69,33.8,309.312,2026-10-15,2026-10-13,2026-07-30
410,NHACOONGO,50,Optimal,III,21,CML532,EN21,CML532xEN21,5.69,106.6875,113.8,0.13310185185185186,3.5681438127090304,0.4749265491452992,15,1862,1600.5,112,2.39,29.9,224.64,2026-10-12,2026-10-09,2026-07-30
411,NHACOONGO,50,Optimal,III,39,CML435,EN32,CML435xEN32,5.37,100.6875,107.4,0.122599451303155,3.520541958041958,0.431616512345679,23,2558,2315.5,127,2.68,28.6,233.28,2026-10-18,2026-10-15,2026-07-30
412,NHACOONGO,50,Optimal,III,22,CML364,EN25,CML364xEN25,4.68,87.75,93.6,0.12351437258153676,3.068181818181818,0.378964552238806,25,2613,2192,111,2.1,28.6,231.552,2026-10-09,2026-10-06,2026-07-30
413,NHACOONGO,50,Optimal,III,13,CML530,EN20,CML530xEN20,3.17,59.4375,63.4,0.12626262626262624,1.9050480769230769,0.24053637334887337,19,1421.5,1130,129,1.2,31.2,247.104,2026-10-12,2026-10-09,2026-07-30
414,NHACOONGO,50,Optimal,III,29,CML364,EN31,CML364xEN31,5.86,109.875,117.2,0.10231481481481482,4.971719457013575,0.5086805555555556,21,2577.5,2305.5,124,2.69,22.1,216,2026-10-12,2026-10-09,2026-07-30
415,NHACOONGO,50,Optimal,III,42,CML532,EN32,CML532xEN32,4.87,91.3125,97.4,0.12409316533027873,4.390024038461538,0.5447719788087055,21,2090.5,1919,130,2.59,20.8,167.616,2026-10-12,2026-10-06,2026-07-30
416,NHACOONGO,50,Optimal,III,3,CML434,EN17,CML434xEN17,5.44,102,108.8,0.16055499096657633,2.241758241758242,0.35992547425474253,18,2336.5,1837,130,2.97,45.5,283.392,2026-10-12,2026-10-10,2026-07-30
417,NHACOONGO,50,Optimal,III,16,CML366,EN21,CML366xEN21,4.52,84.75,90.4,0.11741329479768786,2.4145299145299144,0.28349791265253693,24,2424.5,2036,116,2.69,35.1,298.944,2026-10-11,2026-10-09,2026-07-30
418,NHACOONGO,50,Optimal,III,37,CML366,EN32,CML366xEN32,4.09,76.6875,81.8,0.11952665282104535,3.470022624434389,0.4147601895119419,21,1915.5,1609.5,121,2.62,22.1,184.896,2026-10-15,2026-10-14,2026-07-30
419,NHACOONGO,50,Optimal,III,45,CML434,EN64,CML434xEN64,4.1,76.87499999999999,82,0.10153942285844128,2.6879370629370625,0.27293157805044305,22,2124,1693,191,3.01,28.6,281.664,2026-10-21,2026-10-19,2026-07-30
420,NHACOONGO,50,Optimal,III,24,CML434,EN25,CML434xEN25,5.3,99.375,106,0.10959366042825831,4.777644230769231,0.5235995194739504,20,2507,1988.5,121,2.66,20.8,189.792,2026-10-15,2026-10-13,2026-07-30
421,NHACOONGO,50,Optimal,III,48,CML530,EN64,CML530xEN64,5.36,100.5,107.2,0.13721465175867692,2.6657824933687,0.3657844164919637,25,3037.5,2513,113,2.68,37.7,274.752,2026-10-13,2026-10-10,2026-07-30
422,NHACOONGO,50,Optimal,III,20,CML530,EN21,CML530xEN21,2.98,55.875,59.6,0.11574074074074074,4.298076923076923,0.4974626068376069,18,1245,1006,115,2.75,13,112.32,2026-10-14,2026-10-12,2026-07-30
423,NHACOONGO,50,Optimal,III,5,CML439,EN17,CML439xEN17,2.41,45.1875,48.2,0.08504428341384862,2.6738165680473376,0.22739281400966185,25,1267.5,1130,111,2.94,16.9,198.72,2026-10-15,2026-10-13,2026-07-30
424,NHACOONGO,50,Optimal,III,30,CML366,EN31,CML366xEN31,4.26,79.875,85.2,0.12023296127177403,1.7554945054945057,0.211068302891933,23,1974.5,1835.5,192,2.89,45.5,378.432,2026-10-17,2026-10-15,2026-07-30
425,NHACOONGO,50,Optimal,III,14,CML532,EN20,CML532xEN20,3.32,62.25,66.4,0.15812986553432412,1.451048951048951,0.22945417551309272,28,2438,1745.5,112,2.94,42.9,271.296,2026-10-18,2026-10-15,2026-07-30
426,NHACOONGO,50,Optimal,III,44,CML366,EN64,CML366xEN64,5.17,96.9375,103.4,0.21594221536351169,2.4053970223325063,0.5194267618312758,24,2836.5,2325,107,2.54,40.3,186.624,2026-10-11,2026-10-07,2026-07-30
427,NHACOONGO,50,Optimal,III,19,CML439,EN21,CML439xEN21,5.13,96.1875,102.6,0.05591529029029029,6.726398601398601,0.37610853040540543,22,2603,2114.5,118,2.59,14.3,255.744,2026-10-11,2026-10-09,2026-07-30
428,NHACOONGO,50,Optimal,III,35,CML532,EN31,CML532xEN31,3.61,67.6875,72.2,0.08956128747795415,2.6033653846153846,0.2331607556216931,25,2066,1694.5,112,2.64,26,290.304,2026-10-16,2026-10-15,2026-07-30
429,NHACOONGO,50,Optimal,III,28,CML532,EN25,CML532xEN25,2.78,52.125,55.6,0.10588134430727024,2.110323886639676,0.22344393004115223,27,1847.5,1405.5,112,2.24,24.7,233.28,2026-10-10,2026-10-07,2026-07-30
430,NHACOONGO,50,Optimal,III,12,CML439,EN20,CML439xEN20,5.36,100.5,107.2,0.19434799382716048,2.4937965260545907,0.4846643518518518,21,2378.5,2111.5,131,2.52,40.3,207.36,2026-10-15,2026-10-13,2026-07-30
431,NHACOONGO,50,Optimal,III,7,CML532,EN17,CML532xEN17,2.77,51.9375,55.4,0.1451835607537362,1.815996503496503,0.2636528386939571,17,1167.5,884,104,2.45,28.6,196.992,2026-10-08,2026-10-06,2026-07-30
432,NHACOONGO,50,Optimal,III,32,CML435,EN31,CML435xEN31,3.87,72.5625,77.4,0.1773750376392653,1.9247347480106096,0.3413998983739837,16,1798.5,1160.5,124,2.47,37.7,212.544,2026-10-18,2026-10-16,2026-07-30
433,NHACOONGO,50,Optimal,III,49,CML532,EN64,CML532xEN64,4.69,87.9375,93.8,0.11469046178665054,4.831730769230769,0.5541534331518452,23,2334,2022.5,127,2.79,18.2,158.688,2026-10-18,2026-10-16,2026-07-30
434,NHACOONGO,50,Optimal,III,26,CML439,EN25,CML439xEN25,5.49,102.9375,109.8,0.13559162360034452,2.5542803970223327,0.34633902616279066,23,2998.5,2369,108,2.34,40.3,297.216,2026-10-17,2026-10-15,2026-07-30
435,NHACOONGO,50,Optimal,III,2,CML366,EN17,CML366xEN17,5.51,103.3125,110.2,0.11235870610870607,3.455267558528428,0.3882293921356421,23,2519,2378,133,2.68,29.9,266.112,2026-10-16,2026-10-13,2026-07-30
436,NHACOONGO,50,Optimal,III,27,CML530,EN25,CML530xEN25,10.66,199.875,213.2,0.2126107085346216,2.3653846153846154,0.5029060990338164,20,4636,3998,188,2.73,84.5,397.44,2026-10-18,2026-10-15,2026-07-30
437,NHACOONGO,50,Optimal,III,18,CML435,EN21,CML435xEN21,5.98,112.125,119.6,0.0882768361581921,5.75,0.5075918079096046,19,2328,2129.5,105,2.72,19.5,220.896,2026-10-12,2026-10-11,2026-07-30
438,NHACOONGO,50,Optimal,III,36,CML364,EN32,CML364xEN32,6.16,115.5,123.2,0.10820966514459664,4.230769230769231,0.4578101217656012,20,2840,2309.5,127,2.84,27.3,252.288,2026-10-13,2026-10-11,2026-07-30
439,NHACOONGO,50,Optimal,III,38,CML434,EN32,CML434xEN32,3.62,67.875,72.4,0.1576278659611993,2.3732517482517483,0.3740906084656085,25,2035.5,1697,129,2.84,28.6,181.44,2026-10-15,2026-10-13,2026-07-30
440,NHACOONGO,50,Optimal,III,10,CML434,EN20,CML434xEN20,7.06,132.375,141.2,0.14315779169929524,3.7713675213675217,0.539900646045419,22,3422.5,2912,124,2.7,35.1,245.184,2026-10-10,2026-10-08,2026-07-30
441,NHACOONGO,50,Optimal,III,4,CML435,EN17,CML435xEN17,6.47,121.3125,129.4,0.12439851268591429,4.443681318681318,0.5527873468941382,16,2166.5,1939.5,127,2.84,27.3,219.456,2026-10-11,2026-10-06,2026-07-30
442,NHACOONGO,50,Optimal,III,41,CML530,EN32,CML530xEN32,2.66,49.875,53.2,0.14655483405483405,2.5576923076923075,0.37484217171717166,24,1771,1197,114,2.67,19.5,133.056,2026-10-12,2026-10-08,2026-07-30
443,NHACOONGO,50,Optimal,III,33,CML439,EN31,CML439xEN31,5.87,110.0625,117.4,0.11365907274180656,4.031593406593407,0.4582271682653877,24,2990.5,2639.5,123,2.84,27.3,240.192,2026-10-06,2026-10-04,2026-07-30
444,NHACOONGO,50,Optimal,III,43,CML364,EN64,CML364xEN64,4.86,91.125,97.2,0.1218538080333855,3.047658862876254,0.371368838028169,21,2321,1913,138,2.63,29.9,245.376,2026-10-12,2026-10-11,2026-07-30
445,NHACOONGO,50,Optimal,III,1,CML364,EN17,CML364xEN17,5,93.75,100,0.11993424584004296,3.277972027972028,0.3931411030595814,20,2010.5,1875,140,2.36,28.6,238.464,2026-10-16,2026-10-14,2026-07-30
446,NHACOONGO,50,Optimal,III,17,CML434,EN21,CML434xEN21,3.01,56.4375,60.2,0.16718106995884774,1.2059294871794872,0.20160858196159123,27,1853,1525,113,2.48,46.8,279.936,2026-10-14,2026-10-11,2026-07-30
447,NHACOONGO,50,Optimal,III,46,CML435,EN64,CML435xEN64,3.03,56.8125,60.6,0.1213410991636798,2.9134615384615383,0.35352262544802865,29,2070.5,1646,117,3.11,19.5,160.704,2026-10-09,2026-10-06,2026-07-30
448,NHACOONGO,50,Optimal,III,8,CML364,EN20,CML364xEN20,4.77,89.4375,95.4,0.15673225308641975,3.4399038461538463,0.5391438802083334,22,2630,1968.5,126,3.09,26,165.888,2026-10-15,2026-10-12,2026-07-30
449,NHACOONGO,50,Optimal,III,31,CML434,EN31,CML434xEN31,4.77,89.4375,95.4,0.09818731117824774,5.733173076923077,0.5629248489425982,27,2594.5,2413.5,122,3.12,15.6,158.88,2026-10-09,2026-10-06,2026-07-30
450,NHACOONGO,50,Optimal,III,23,CML366,EN25,CML366xEN25,3.69,69.1875,73.8,0.2035675381263617,2.313963210702341,0.4710477941176471,26,2186,1799.5,122,3.06,29.9,146.88,2026-10-15,2026-10-12,2026-07-30
451,SUSSUNDENGA,50,Optimal,I,45,CML434,EN64,CML434xEN64,6.32,118.5,126.4,0.06430041152263374,9.115384615384617,0.5861229819563153,22,3295,2605,179,3.31,13,202.176,2026-10-16,2026-10-21,2026-08-05
452,SUSSUNDENGA,50,Optimal,I,2,CML366,EN17,CML366xEN17,8.36,156.74999999999997,167.2,0.04708507185906351,12.057692307692305,0.5677373087621695,24,4665,3760,197,3.37,13,276.096,2026-10-16,2026-10-21,2026-08-05
453,SUSSUNDENGA,50,Optimal,I,37,CML366,EN32,CML366xEN32,6.75,126.5625,135,0.06020951226084613,8.850524475524475,0.5328857619240097,26,3895,3290,174,3.34,14.3,237.504,2026-10-14,2026-10-16,2026-08-05
454,SUSSUNDENGA,50,Optimal,I,16,CML366,EN21,CML366xEN21,8.52,159.75,170.4,0.10409993593850096,5.1201923076923075,0.5330116912235746,21,4020,3355,172,3.42,31.2,299.712,2026-10-15,2026-10-16,2026-08-05
455,SUSSUNDENGA,50,Optimal,I,26,CML439,EN25,CML439xEN25,7.35,137.8125,147,0.0632295719844358,8.834134615384615,0.5585785505836576,23,3975,3171,161,3.04,15.6,246.72,2026-10-16,2026-10-18,2026-08-05
456,SUSSUNDENGA,50,Optimal,I,40,CML439,EN32,CML439xEN32,6.71,125.8125,134.2,0.05897938443670151,9.677884615384617,0.5707956772648084,22,3565,2767,146,2.9,13,220.416,2026-10-17,2026-10-22,2026-08-05
457,SUSSUNDENGA,50,Optimal,I,7,CML532,EN17,CML532xEN17,6.75,126.5625,135,0.06963673523206751,7.488905325443787,0.5215029173259494,23,3690,2911,151,2.66,16.9,242.688,2026-10-28,2026-10-28,2026-08-05
458,SUSSUNDENGA,50,Optimal,I,28,CML532,EN25,CML532xEN25,8.52,159.75,170.4,0.11943125282677522,4.726331360946746,0.5644716757123474,22,4455,3515,166,2.89,33.8,283.008,2026-10-31,2026-10-31,2026-08-05
459,SUSSUNDENGA,50,Optimal,I,10,CML434,EN20,CML434xEN20,6.65,124.6875,133,0.1185465768799102,3.688979289940829,0.437315867003367,21,3185,2620,150,2.97,33.8,285.12,2026-10-26,2026-10-31,2026-08-05
460,SUSSUNDENGA,50,Optimal,I,19,CML439,EN21,CML439xEN21,5.68,106.5,113.6,0.1848909290646579,2.824933687002652,0.5223046139359698,23,3010,2448,133,2.3,37.7,203.904,2026-10-26,2026-10-31,2026-08-05
461,SUSSUNDENGA,50,Optimal,I,35,CML532,EN31,CML532xEN31,5.69,106.6875,113.8,0.06405707978555661,8.20673076923077,0.5256992076631978,17,2325,1814,156,2.33,13,202.944,2026-10-24,2026-10-29,2026-08-05
462,SUSSUNDENGA,50,Optimal,I,0,Check,Check,Check,6.03,113.0625,120.6,0.12598425196850394,7.06640625,0.890255905511811,18,2560,2035,150,2.28,16,127,2026-10-29,2026-10-31,2026-08-05
463,SUSSUNDENGA,50,Optimal,I,29,CML364,EN31,CML364xEN31,4.62,86.625,92.4,0.05923090942227082,8.329326923076923,0.493353608529251,19,2115,1647,145,3.01,10.4,175.584,2026-11-01,2026-11-03,2026-08-05
464,SUSSUNDENGA,50,Optimal,I,14,CML532,EN20,CML532xEN20,4.19,78.56250000000001,83.8,0.0559573002754821,10.072115384615389,0.563608384986226,20,1875,1570,126,2.77,7.8,139.392,2026-10-31,2026-11-04,2026-08-05
465,SUSSUNDENGA,50,Optimal,I,48,CML530,EN64,CML530xEN64,7.96,149.25,159.2,0.04003449125400345,14.350961538461538,0.5745334441980783,13,2430,1941,128,2.73,10.4,259.776,2026-11-03,2026-11-05,2026-08-05
466,SUSSUNDENGA,50,Optimal,I,30,CML366,EN31,CML366xEN31,6.27,117.5625,125.4,0.06183409436834094,9.04326923076923,0.5591823630136986,21,2975,2467,151,2.27,13,210.24,2026-11-01,2026-11-04,2026-08-05
467,SUSSUNDENGA,50,Optimal,I,4,CML435,EN17,CML435xEN17,3.53,66.1875,70.6,0.06563004846526656,8.485576923076923,0.556908824717286,13,1295,860,114,2.65,7.8,118.848,2026-11-01,2026-11-06,2026-08-05
468,SUSSUNDENGA,50,Optimal,I,17,CML434,EN21,CML434xEN21,5.4,101.25,108,0.0377906976744186,12.980769230769232,0.4905523255813954,18,2215,1821,135,3.13,7.8,206.4,2026-10-29,2026-11-01,2026-08-05
469,SUSSUNDENGA,50,Optimal,I,9,CML366,EN20,CML366xEN20,6.44,120.75,128.8,0.06616449511400652,7.740384615384616,0.5121386400651465,21,2995,2535,178,2.96,15.6,235.776,2026-10-25,2026-10-29,2026-08-05
470,SUSSUNDENGA,50,Optimal,I,43,CML364,EN64,CML364xEN64,8.05,150.93750000000003,161.00000000000003,0.05001958809044102,10.555069930069932,0.527960250167898,16,2995,2415,139,3.03,14.3,285.888,2026-10-20,2026-10-25,2026-08-05
471,SUSSUNDENGA,50,Optimal,I,13,CML530,EN20,CML530xEN20,4.08,76.5,81.6,0.06939995729233397,7.355769230769231,0.5104900704676489,24,2320,1835,135,2.86,10.4,149.856,2026-10-26,2026-10-29,2026-08-05
472,SUSSUNDENGA,50,Optimal,I,32,CML435,EN31,CML435xEN31,5.19,97.3125,103.8,0.06621841890790546,7.485576923076923,0.4956830684596577,18,2075,1753,136,2.4,13,196.32,2026-10-25,2026-10-28,2026-08-05
473,SUSSUNDENGA,50,Optimal,I,22,CML364,EN25,CML364xEN25,7.91,148.3125,158.2,0.15353363567649284,3.8028846153846154,0.583870701058201,18,3230,2670,141,2.9,39,254.016,2026-10-19,2026-10-22,2026-08-05
474,SUSSUNDENGA,50,Optimal,I,39,CML435,EN32,CML435xEN32,5.55,104.0625,111,0.04836309523809524,10.006009615384617,0.4839215959821429,23,2825,2395,137,1.97,10.4,215.04,2026-10-25,2026-10-25,2026-08-05
475,SUSSUNDENGA,50,Optimal,I,47,CML439,EN64,CML439xEN64,6.33,118.6875,126.6,0.05699354657687991,9.129807692307692,0.5203401199494949,16,2405,1900,142,1.94,13,228.096,2026-10-22,2026-10-25,2026-08-05
476,SUSSUNDENGA,50,Optimal,I,25,CML435,EN25,CML435xEN25,7.82,146.625,156.4,0.04057428214731586,14.098557692307692,0.5720388576779026,18,3030,2639,158,3,10.4,256.32,2026-10-25,2026-10-25,2026-08-05
477,SUSSUNDENGA,50,Optimal,I,49,CML532,EN64,CML532xEN64,7.56,141.75,151.2,0.1139203852718849,4.740802675585284,0.5400740673006584,19,3535,2692,148,2.9,29.9,262.464,2026-10-26,2026-10-28,2026-08-05
478,SUSSUNDENGA,50,Optimal,I,36,CML364,EN32,CML364xEN32,4.49,84.1875,89.8,0.08559839865149599,6.475961538461538,0.5543319374209861,24,2685,2020,148,2.43,13,151.872,2026-10-25,2026-10-25,2026-08-05
479,SUSSUNDENGA,50,Optimal,I,5,CML439,EN17,CML439xEN17,5.83,109.3125,116.6,0.05618948824343015,9.34294871794872,0.5249755071461504,21,2809,2295,157,2.93,11.7,208.224,2026-10-19,2026-10-28,2026-08-05
480,SUSSUNDENGA,50,Optimal,I,41,CML530,EN32,CML530xEN32,9.56,179.25,191.2,0.0932230869001297,5.994983277591974,0.5588708470517809,17,3685,3046,152,2.86,29.9,320.736,2026-10-14,2026-10-16,2026-08-05
481,SUSSUNDENGA,50,Optimal,I,15,CML364,EN21,CML364xEN21,7.98,149.625,159.6,0.0918318553295079,4.4267751479289945,0.4065189749608763,20,3519,2991,175,3.37,33.8,368.064,2026-10-17,2026-10-24,2026-08-05
482,SUSSUNDENGA,50,Optimal,I,31,CML434,EN31,CML434xEN31,7.4,138.75,148,0.12242859014675052,4.6404682274247495,0.5681259827044025,20,3380,2775,165,3,29.9,244.224,2026-10-14,2026-10-16,2026-08-05
483,SUSSUNDENGA,50,Optimal,I,21,CML532,EN21,CML532xEN21,6.02,112.875,120.4,0.07181186868686869,4.134615384615384,0.29691445707070707,23,3170,2595,157,3.07,27.3,380.16,2026-10-20,2026-10-24,2026-08-05
484,SUSSUNDENGA,50,Optimal,I,33,CML439,EN31,CML439xEN31,6.25,117.1875,125,0.1454053843759726,3.9193143812709033,0.5698894140989729,21,3005,2460,158,2.71,29.9,205.632,2026-10-15,2026-10-17,2026-08-05
485,SUSSUNDENGA,50,Optimal,I,44,CML366,EN64,CML366xEN64,5.84,109.5,116.8,0.08199971164936562,6.016483516483516,0.49334991349480967,22,2840,2411,150,2.85,18.2,221.952,2026-11-02,2026-11-06,2026-08-05
486,SUSSUNDENGA,50,Optimal,I,11,CML435,EN20,CML435xEN20,7.35,137.8125,147,0.08263832384052075,7.0673076923076925,0.5840304617575265,20,3480,2758,143,2.92,19.5,235.968,2026-10-31,2026-11-02,2026-08-05
487,SUSSUNDENGA,50,Optimal,I,8,CML364,EN20,CML364xEN20,8.08,151.5,161.6,0.08479128299570289,6.855203619909502,0.5812615101289135,19,3405,2878,150,3.27,22.1,260.64,2026-10-26,2026-10-29,2026-08-05
488,SUSSUNDENGA,50,Optimal,I,38,CML434,EN32,CML434xEN32,5.62,105.375,112.4,0.11977540756156782,4.768099547511312,0.5711010665972945,22,3025,2317,163,3.33,22.1,184.512,2026-10-27,2026-10-30,2026-08-05
489,SUSSUNDENGA,50,Optimal,I,24,CML434,EN25,CML434xEN25,7.48,140.25,149.6,0.07471264367816091,7.706043956043956,0.5757389162561577,18,3025,2523,155,3.36,18.2,243.6,2026-10-28,2026-11-01,2026-08-05
490,SUSSUNDENGA,50,Optimal,I,3,CML434,EN17,CML434xEN17,5.96,111.75,119.2,0.04759812536613942,10.745192307692308,0.5114510105448155,20,2730,2236,140,3.39,10.4,218.496,2026-10-27,2026-10-31,2026-08-05
491,SUSSUNDENGA,50,Optimal,I,6,CML530,EN17,CML530xEN17,7.95,149.0625,159,0.08918770581778265,6.370192307692308,0.5681428375411636,21,3870,3130,153,3.38,23.4,262.368,2026-10-25,2026-05-22,2026-08-05
492,SUSSUNDENGA,50,Optimal,I,27,CML530,EN25,CML530xEN25,8.07,151.3125,161.4,0.07537105751391465,7.759615384615385,0.5848504174397031,23,4150,3480,155,3.4,19.5,258.72,2026-10-28,2026-10-30,2026-08-05
493,SUSSUNDENGA,50,Optimal,I,42,CML532,EN32,CML532xEN32,7.51,140.8125,150.2,0.0735427226647357,7.221153846153846,0.5310633146270819,18,3170,2535,142,3.35,19.5,265.152,2026-10-26,2026-10-28,2026-08-05
494,SUSSUNDENGA,50,Optimal,I,34,CML530,EN31,CML530xEN31,6.76,126.75,135.2,0.06550498387569628,8.863636363636363,0.5806123570800352,22,3335,2788,146,3.34,14.3,218.304,2026-10-25,2026-10-25,2026-08-05
495,SUSSUNDENGA,50,Optimal,I,18,CML435,EN21,CML435xEN21,5.34,100.125,106.8,0.04483995584988962,11.002747252747254,0.4933627010406812,21,2590,2102,140,3.36,9.1,202.944,2026-10-25,2026-10-25,2026-08-05
496,SUSSUNDENGA,50,Optimal,I,1,CML364,EN17,CML364xEN17,6.91,129.5625,138.2,0.05577292696320703,9.966346153846152,0.5558522961285008,19,3005,2460,130,3.4,13,233.088,2026-10-30,2026-11-02,2026-08-05
497,SUSSUNDENGA,50,Optimal,I,46,CML435,EN64,CML435xEN64,4.17,78.1875,83.4,0.03810975609756097,10.024038461538462,0.3820136608818011,16,1850,1250,148,3.26,7.8,204.672,2026-10-30,2026-11-02,2026-08-05
498,SUSSUNDENGA,50,Optimal,I,23,CML366,EN25,CML366xEN25,4.77,89.4375,95.4,0.05258899676375405,8.599759615384615,0.4522527305825243,16,1837,1432,138,3.39,10.4,197.76,2026-11-08,2026-11-17,2026-08-05
499,SUSSUNDENGA,50,Optimal,I,12,CML439,EN20,CML439xEN20,5.93,111.1875,118.6,0.05305256284688214,10.691105769230768,0.5671905607247796,17,2235,1890,126,3.33,10.4,196.032,2026-10-26,2026-10-30,2026-08-05
500,SUSSUNDENGA,50,Optimal,I,20,CML530,EN21,CML530xEN21,9,168.75,180,0.07464602248162559,7.635746606334841,0.5699781128404668,19,4085,3205,173,3.32,22.1,296.064,2026-10-27,2026-10-30,2026-08-05
501,SUSSUNDENGA,50,Optimal,II,19,CML439,EN21,CML439xEN21,7.43,139.3125,148.6,0.1253858024691358,4.465144230769231,0.5598656925154322,15,2505,2089,160,3.31,31.2,248.832,2026-10-26,2026-10-28,2026-08-05
502,SUSSUNDENGA,50,Optimal,II,1,CML364,EN17,CML364xEN17,7.87,147.5625,157.4,0.09414257836321505,5.97419028340081,0.5624256769118186,16,2990,2361,160,3.4,24.7,262.368,2026-10-29,2026-10-31,2026-08-05
503,SUSSUNDENGA,50,Optimal,II,23,CML366,EN25,CML366xEN25,7.71,144.5625,154.2,0.06770833333333333,7.9429945054945055,0.5378069196428571,21,3705,3035,173,3.39,18.2,268.8,2026-10-26,2026-10-29,2026-08-05
504,SUSSUNDENGA,50,Optimal,II,3,CML434,EN17,CML434xEN17,8.03,150.56249999999997,160.6,0.06252748460861918,8.272664835164834,0.5172689231530342,20,3605,3010,171,3.41,18.2,291.072,2026-10-22,2026-10-25,2026-08-05
505,SUSSUNDENGA,50,Optimal,II,39,CML435,EN32,CML435xEN32,7.39,138.5625,147.8,0.03953771289537713,13.323317307692308,0.5267734945255474,19,3240,2632,154,3.3,10.4,263.04,2026-10-23,2026-10-25,2026-08-05
506,SUSSUNDENGA,50,Optimal,II,37,CML366,EN32,CML366xEN32,5.47,102.5625,109.4,0.06758545069570478,7.172202797202797,0.4847365585299456,21,2610,2153,160,3.15,14.3,211.584,2026-10-27,2026-10-30,2026-08-05
507,SUSSUNDENGA,50,Optimal,II,15,CML364,EN21,CML364xEN21,8.15,152.8125,163,0.07432308818148554,7.836538461538462,0.5824357391145262,19,3585,2905,175,3.43,19.5,262.368,2026-10-29,2026-10-30,2026-08-05
508,SUSSUNDENGA,50,Optimal,II,20,CML530,EN21,CML530xEN21,7.85,147.1875,157,0.10117046445025524,5.6610576923076925,0.5727318360104594,21,3860,3091,156,3.65,26,256.992,2026-10-29,2026-10-30,2026-08-05
509,SUSSUNDENGA,50,Optimal,II,8,CML364,EN20,CML364xEN20,7.21,135.1875,144.2,0.0580771979985704,8.665865384615385,0.5032891797712652,21,3490,2837,144,3.4,15.6,268.608,2026-10-27,2026-10-31,2026-08-05
510,SUSSUNDENGA,50,Optimal,II,33,CML439,EN31,CML439xEN31,6.71,125.8125,134.2,0.04578754578754579,12.097355769230768,0.553908231191885,20,2985,2515,139,3.12,10.4,227.136,2026-10-24,2026-10-25,2026-08-05
511,SUSSUNDENGA,50,Optimal,II,35,CML532,EN31,CML532xEN31,8,150,160,0.07555436337625178,8.875739644970414,0.6706008583690987,15,2835,2249,162,2.9,16.9,223.68,2026-10-30,2026-10-30,2026-08-05
512,SUSSUNDENGA,50,Optimal,II,11,CML435,EN20,CML435xEN20,6.92,129.75,138.4,0.07607677902621722,7.12912087912088,0.5423605537720706,18,2862,2336,128,2.93,18.2,239.232,2026-11-03,2026-11-04,2026-08-05
513,SUSSUNDENGA,50,Optimal,II,28,CML532,EN25,CML532xEN25,7.67,143.8125,153.4,0.05795292439372324,9.21875,0.5342535217546361,15,2755,2158,144,5.91,15.6,269.184,2026-11-11,2026-11-12,2026-08-05
514,SUSSUNDENGA,50,Optimal,II,43,CML364,EN64,CML364xEN64,5.55,104.0625,111,0.04875487548754875,10.006009615384617,0.4878417529252925,18,2239,1873,142,2.91,10.4,213.312,2026-11-06,2026-11-09,2026-08-05
515,SUSSUNDENGA,50,Optimal,II,38,CML434,EN32,CML434xEN32,6.89,129.1875,137.8,0.0816377794523989,6.2109375,0.5070471458176338,18,2830,2325,152,3.14,20.8,254.784,2026-11-06,2026-11-08,2026-08-05
516,SUSSUNDENGA,50,Optimal,II,7,CML532,EN17,CML532xEN17,5.98,112.125,119.6,0.06428006329113924,7.1875,0.46201295490506333,18,2660,2018,142,2.9,15.6,242.688,2026-11-02,2026-11-04,2026-08-05
517,SUSSUNDENGA,50,Optimal,II,16,CML366,EN21,CML366xEN21,6.9,129.375,138,0.05002462750892747,9.951923076923077,0.49784124492057624,17,2705,2199,145,2.94,13,259.872,2026-10-27,2026-11-01,2026-08-05
518,SUSSUNDENGA,50,Optimal,II,40,CML439,EN32,CML439xEN32,6.41,120.1875,128.2,0.09924674267100976,5.136217948717949,0.5097529010586319,23,3425,2763,146,2.91,23.4,235.776,2026-10-21,2026-10-22,2026-08-05
519,SUSSUNDENGA,50,Optimal,II,25,CML435,EN25,CML435xEN25,7.28,136.5,145.6,0.09957107843137254,5.833333333333334,0.5808312908496732,21,3500,2867,156,3.23,23.4,235.008,2026-10-26,2026-10-28,2026-08-05
520,SUSSUNDENGA,50,Optimal,II,18,CML435,EN21,CML435xEN21,6.75,126.5625,135,0.13818027210884354,3.605769230769231,0.49824617346938777,20,3095,2531,153,2.92,35.1,254.016,2026-10-17,2026-10-19,2026-08-05
521,SUSSUNDENGA,50,Optimal,II,6,CML530,EN17,CML530xEN17,8,150,160,0.05204996796925048,9.615384615384617,0.5004804612427931,19,3510,2850,165,3.15,15.6,299.712,2026-10-26,2026-10-30,2026-08-05
522,SUSSUNDENGA,50,Optimal,II,21,CML532,EN21,CML532xEN21,6.3,118.125,126,0.09962159648232707,3.1332891246684347,0.3121432648401826,22,3350,2600,163,2.91,37.7,378.432,2026-10-29,2026-10-30,2026-08-05
523,SUSSUNDENGA,50,Optimal,II,31,CML434,EN31,CML434xEN31,7.4,138.75,148,0.1163373424971363,3.5576923076923075,0.4138924684994272,15,2535,2081,169,2.91,39,335.232,2026-10-26,2026-10-26,2026-08-05
524,SUSSUNDENGA,50,Optimal,II,2,CML366,EN17,CML366xEN17,7.81,146.4375,156.2,0.05094334245326037,10.240384615384617,0.5216794203146374,19,3320,2781,167,2.91,14.3,280.704,2026-10-24,2026-10-28,2026-08-05
525,SUSSUNDENGA,50,Optimal,II,49,CML532,EN64,CML532xEN64,6.46,121.125,129.2,0.06195533769063181,6.65521978021978,0.4123263888888889,22,3285,2663,162,3.15,18.2,293.76,2026-10-25,2026-10-30,2026-08-05
526,SUSSUNDENGA,50,Optimal,II,26,CML439,EN25,CML439xEN25,7.15,134.0625,143,0.12083813087699095,3.3266129032258065,0.4019816853770869,20,3200,2680,169,2.95,40.3,333.504,2026-10-19,2026-10-23,2026-08-05
527,SUSSUNDENGA,50,Optimal,II,9,CML366,EN20,CML366xEN20,8.49,159.1875,169.8,0.105071901510449,4.898076923076923,0.5146502560521415,19,3675,3024,186,2.65,32.5,309.312,2026-10-19,2026-10-22,2026-08-05
528,SUSSUNDENGA,50,Optimal,II,42,CML532,EN32,CML532xEN32,9.42,176.625,188.4,0.09488655321988657,4.852335164835165,0.4604213588588589,19,4210,3357,177,2.85,36.4,383.616,2026-10-18,2026-10-21,2026-08-05
529,SUSSUNDENGA,50,Optimal,II,22,CML364,EN25,CML364xEN25,7.98,149.625,159.6,0.05240003685277317,8.221153846153847,0.43078876451077946,21,3795,3142,178,2.43,18.2,347.328,2026-10-24,2026-10-24,2026-08-05
530,SUSSUNDENGA,50,Optimal,II,47,CML439,EN64,CML439xEN64,6.7,125.625,134,0.09009758261255268,4.831730769230769,0.4353272621423819,18,2990,2262,176,2.7,26,288.576,2026-10-24,2026-10-24,2026-08-05
531,SUSSUNDENGA,50,Optimal,II,30,CML366,EN31,CML366xEN31,9.05,169.6875,181,0.09027777777777778,5.438701923076923,0.4909939236111111,20,4100,3393,176,2.69,31.2,345.6,2026-11-20,2026-10-22,2026-08-05
532,SUSSUNDENGA,50,Optimal,II,12,CML439,EN20,CML439xEN20,7.03,131.8125,140.6,0.06589618815896188,8.449519230769232,0.5567911090835361,14,2270,1846,165,2.88,15.6,236.736,2026-10-20,2026-10-21,2026-08-05
533,SUSSUNDENGA,50,Optimal,II,10,CML434,EN20,CML434xEN20,8.35,156.5625,167,0.06564519852262235,8.602335164835166,0.5647019996537397,18,3470,2817,178,2.87,18.2,277.248,2026-10-16,2026-10-19,2026-08-05
534,SUSSUNDENGA,50,Optimal,II,27,CML530,EN25,CML530xEN25,8.78,164.625,175.6,0.08338464696223317,4.221153846153846,0.3519794232348112,20,4100,3294,161,2.3,39,467.712,2026-10-26,2026-10-30,2026-08-05
535,SUSSUNDENGA,50,Optimal,II,34,CML530,EN31,CML530xEN31,7.43,139.3125,148.6,0.13155231734466707,3.348858173076923,0.4405500531268974,23,3920,3203,163,2.44,41.6,316.224,2026-10-16,2026-10-21,2026-08-05
536,SUSSUNDENGA,50,Optimal,II,14,CML532,EN20,CML532xEN20,9.17,171.9375,183.4,0.05475635044064281,10.173816568047338,0.5570810653188181,21,4450,3610,178,2.81,16.9,308.64,2026-10-18,2026-10-20,2026-08-05
537,SUSSUNDENGA,50,Optimal,II,36,CML364,EN32,CML364xEN32,6.75,126.5625,135,0.1084200693888444,4.867788461538462,0.5277659627702161,21,3325,2656,162,2.95,26,239.808,2026-10-16,2026-10-18,2026-08-05
538,SUSSUNDENGA,50,Optimal,II,17,CML434,EN21,CML434xEN21,8.33,156.1875,166.6,0.1611281092413168,3.4326923076923075,0.5531032211456739,21,3975,3280,171,2.94,45.5,282.384,2026-10-15,2026-10-18,2026-08-05
539,SUSSUNDENGA,50,Optimal,II,46,CML435,EN64,CML435xEN64,6.92,129.75,138.4,0.06638071895424837,5.544871794871796,0.3680725762527233,22,3610,2853,155,2.65,23.4,352.512,2026-10-16,2026-10-18,2026-08-05
540,SUSSUNDENGA,50,Optimal,II,4,CML435,EN17,CML435xEN17,8.33,156.1875,166.6,0.1009202800361337,10.922202797202797,1.102271764905149,19,3685,2968,159,1.9,14.3,141.696,2026-10-16,2026-10-18,2026-08-05
541,SUSSUNDENGA,50,Optimal,II,32,CML435,EN31,CML435xEN31,6.02,112.875,120.4,0.0715457893051553,7.893356643356643,0.5647364313160422,15,2350,1694,155,2.77,14.3,199.872,2026-10-14,2026-10-17,2026-08-05
542,SUSSUNDENGA,50,Optimal,II,41,CML530,EN32,CML530xEN32,10.19,191.0625,203.8,0.16000240153698367,3.584662288930582,0.5735545749279539,21,4880,4013,161,3.08,53.3,333.12,2026-10-17,2026-10-19,2026-08-05
543,SUSSUNDENGA,50,Optimal,II,5,CML439,EN17,CML439xEN17,8.14,152.62500000000003,162.8,0.06795101553166069,8.385989010989013,0.5698364695340503,20,3855,3053,168,3.06,18.2,267.84,2026-10-21,2026-10-23,2026-08-05
544,SUSSUNDENGA,50,Optimal,II,44,CML366,EN64,CML366xEN64,8,150,160,0.04510547742413027,12.82051282051282,0.5782753515914137,20,3725,3001,172,3.15,11.7,259.392,2026-10-27,2026-10-29,2026-08-05
545,SUSSUNDENGA,50,Optimal,II,0,Check,Check,Check,9.55,179.0625,191,0.4107142857142857,7.7853260869565215,3.197544642857143,17,3656,3045,193,3.15,23,56,2026-10-24,2026-10-25,2026-08-05
546,SUSSUNDENGA,50,Optimal,II,45,CML434,EN64,CML434xEN64,7.65,143.4375,153,0.07154088050314465,7.881181318681319,0.5638266509433962,21,3725,3012,169,3.37,18.2,254.4,2026-10-24,2026-10-25,2026-08-05
547,SUSSUNDENGA,50,Optimal,II,29,CML364,EN31,CML364xEN31,6.73,126.1875,134.6,0.129416449464234,4.412150349650349,0.5710048327541268,17,2735,2145,167,3.39,28.6,220.992,2026-10-25,2026-10-28,2026-08-05
548,SUSSUNDENGA,50,Optimal,II,48,CML530,EN64,CML530xEN64,8.7,163.125,174,0.10797110768175584,4.047766749379653,0.43704185956790126,21,4225,3424,169,3.38,40.3,373.248,2026-10-23,2026-10-25,2026-08-05
549,SUSSUNDENGA,50,Optimal,II,24,CML434,EN25,CML434xEN25,8.06,151.12500000000003,161.20000000000002,0.06508009858287121,8.942307692307695,0.5819662661737524,20,3745,3022,163,3.41,16.9,259.68,2026-10-24,2026-10-30,2026-08-05
550,SUSSUNDENGA,50,Optimal,II,13,CML530,EN20,CML530xEN20,8.04,150.74999999999997,160.79999999999998,0.14777612433862436,3.5139860139860133,0.5192832341269841,20,3790,3016,134,3.38,42.9,290.304,2026-10-19,2026-10-21,2026-08-05
551,SUSSUNDENGA,50,Optimal,III,25,CML435,EN25,CML435xEN25,8.07,151.3125,161.4,0.08810894227560893,4.4767011834319534,0.3944374061561562,21,3920,3176,160,2.68,33.8,383.616,2026-10-25,2026-10-29,2026-08-05
552,SUSSUNDENGA,50,Optimal,III,34,CML530,EN31,CML530xEN31,6.99,131.0625,139.8,0.05856342869815922,7.7551775147929,0.45416978542914166,22,3465,2885,152,3.11,16.9,288.576,2026-10-21,2026-10-26,2026-08-05
553,SUSSUNDENGA,50,Optimal,III,40,CML439,EN32,CML439xEN32,5.9,110.625,118,0.10416666666666669,5.005656108597285,0.5214225113122172,17,2280,1880,150,3.1,22.1,212.16,2026-10-25,2026-10-29,2026-08-05
554,SUSSUNDENGA,50,Optimal,III,11,CML435,EN20,CML435xEN20,6.72,126,134.4,0.0648490785081991,8.81118881118881,0.5713974749673487,23,3660,2900,156,3.2,14.3,220.512,2026-10-28,2026-10-30,2026-08-05
555,SUSSUNDENGA,50,Optimal,III,0,Check,Check,Check,10.11,189.5625,202.2,0.3013698630136986,8.616477272727273,2.5967465753424657,18,4155,3413,180,2.95,22,73,2026-11-02,2026-11-03,2026-08-05
556,SUSSUNDENGA,50,Optimal,III,15,CML364,EN21,CML364xEN21,8.47,158.8125,169.4,0.11009485094850947,6.7868589743589745,0.7471982271906052,21,4140,3335,179,3.24,23.4,212.544,2026-10-30,2026-10-31,2026-08-05
557,SUSSUNDENGA,50,Optimal,III,6,CML530,EN17,CML530xEN17,8.7,163.125,174,0.16022932161370293,3.5851648351648353,0.5744485294117647,21,4395,3425,182,3,45.5,283.968,2026-10-26,2026-10-30,2026-08-05
558,SUSSUNDENGA,50,Optimal,III,47,CML439,EN64,CML439xEN64,6.69,125.4375,133.8,0.05075587206396802,9.649038461538462,0.48974536169415295,21,3310,2634,169,2.7,13,256.128,2026-10-26,2026-10-26,2026-08-05
559,SUSSUNDENGA,50,Optimal,III,9,CML366,EN20,CML366xEN20,8.99,168.5625,179.8,0.15070921985815605,3.813631221719457,0.5747493862520459,23,4600,3878,182,2.99,44.2,293.28,2026-10-25,2026-10-26,2026-08-05
560,SUSSUNDENGA,50,Optimal,III,21,CML532,EN21,CML532xEN21,8.51,159.5625,170.2,0.0648508430609598,7.671274038461538,0.4974885887458845,20,3820,3192,177,2.41,20.8,320.736,2026-10-30,2026-10-30,2026-08-05
561,SUSSUNDENGA,50,Optimal,III,39,CML435,EN32,CML435xEN32,7.41,138.9375,148.2,0.0681803511489801,8.221153846153847,0.5605211560805576,20,3420,2780,167,1.41,16.9,247.872,2026-10-19,2026-10-21,2026-08-05
562,SUSSUNDENGA,50,Optimal,III,22,CML364,EN25,CML364xEN25,7.49,140.4375,149.8,0.06744891443167304,8.309911242603551,0.5604944923371648,21,3695,2951,168,2.9,16.9,250.56,2026-10-26,2026-10-26,2026-08-05
563,SUSSUNDENGA,50,Optimal,III,13,CML530,EN20,CML530xEN20,7.56,141.75,151.2,0.07251227130745203,6.814903846153846,0.494164156626506,20,3335,2836,169,2.9,20.8,286.848,2026-10-26,2026-10-26,2026-08-05
564,SUSSUNDENGA,50,Optimal,III,29,CML364,EN31,CML364xEN31,7.17,134.4375,143.4,0.09432414698162728,4.49623745819398,0.4241037628709873,19,3225,2556,179,3.28,29.9,316.992,2026-10-23,2026-10-26,2026-08-05
565,SUSSUNDENGA,50,Optimal,III,42,CML532,EN32,CML532xEN32,8.74,163.875,174.8,0.1297016861219196,3.9393028846153846,0.510934226279557,22,4410,3605,173,2.9,41.6,320.736,2026-10-30,2026-10-31,2026-08-05
566,SUSSUNDENGA,50,Optimal,III,3,CML434,EN17,CML434xEN17,9.51,178.3125,190.2,0.1573168246204015,3.609564777327935,0.5678452690308774,21,4555,3746,180,2.93,49.4,314.016,2026-10-25,2026-10-27,2026-08-05
567,SUSSUNDENGA,50,Optimal,III,16,CML366,EN21,CML366xEN21,6.3,118.125,126,0.0559573002754821,9.086538461538462,0.5084581611570248,23,3285,2718,197,3,13,232.32,2026-10-26,2026-10-31,2026-08-05
568,SUSSUNDENGA,50,Optimal,III,37,CML366,EN32,CML366xEN32,7.15,134.0625,143,0.08757747237941256,6.4453125,0.5644641774454325,22,3655,2950,170,2.87,20.8,237.504,2026-10-27,2026-10-30,2026-08-05
569,SUSSUNDENGA,50,Optimal,III,45,CML434,EN64,CML434xEN64,7.41,138.9375,148.2,0.07802184611691275,6.6796875,0.5211615502340655,22,3810,3055,161,2.89,20.8,266.592,2026-10-24,2026-10-26,2026-08-05
570,SUSSUNDENGA,50,Optimal,III,24,CML434,EN25,CML434xEN25,7.86,147.375,157.2,0.10539676149579533,3.909151193633952,0.4120118760064412,22,3877,3244,178,2.96,37.7,357.696,2026-10-25,2026-10-30,2026-08-05
571,SUSSUNDENGA,50,Optimal,III,48,CML530,EN64,CML530xEN64,6.48,121.5,129.6,0.10445024198427104,5.497737556561086,0.5742400181488203,24,3600,2914,181,3.25,22.1,211.584,2026-10-20,2026-10-21,2026-08-05
572,SUSSUNDENGA,50,Optimal,III,20,CML530,EN21,CML530xEN21,9.15,171.5625,183,0.08329286716305169,6.94585020242915,0.5785397782453869,21,4460,3601,183,3.1,24.7,296.544,2026-10-20,2026-10-21,2026-08-05
573,SUSSUNDENGA,50,Optimal,III,5,CML439,EN17,CML439xEN17,7.63,143.0625,152.6,0.07137926706827309,7.860576923076923,0.5610822195030121,18,3315,2574,174,3.15,18.2,254.976,2026-10-16,2026-10-18,2026-08-05
574,SUSSUNDENGA,50,Optimal,III,30,CML366,EN31,CML366xEN31,8.16,153,163.2,0.17098063973063973,7.846153846153846,1.341540404040404,22,4125,3368,167,2.75,19.5,114.048,2026-10-16,2026-10-19,2026-08-05
575,SUSSUNDENGA,50,Optimal,III,14,CML532,EN20,CML532xEN20,9.32,174.75,186.4,0.08903412648716343,6.401098901098901,0.5699162492172823,17,3473,2970,177,2.9,27.3,306.624,2026-10-20,2026-10-20,2026-08-05
576,SUSSUNDENGA,50,Optimal,III,44,CML366,EN64,CML366xEN64,9.09,170.4375,181.8,0.09928541068961852,5.700250836120402,0.5659517452980555,19,4000,3240,181,2.95,29.9,301.152,2026-10-17,2026-10-19,2026-08-05
577,SUSSUNDENGA,50,Optimal,III,19,CML439,EN21,CML439xEN21,7.8,146.25,156,0.08538884767556876,6.617647058823529,0.56507325667655794,22,3910,3218,191,2.45,22.1,258.816,2026-10-16,2026-11-19,2026-08-05
578,SUSSUNDENGA,50,Optimal,III,35,CML532,EN31,CML532xEN31,7.91,148.3125,158.2,0.05845323741007194,9.507211538461538,0.5557272931654677,20,3535,2966,200,2.73,15.6,266.88,2026-10-19,2026-10-20,2026-08-05
579,SUSSUNDENGA,50,Optimal,III,28,CML532,EN25,CML532xEN25,10.49,196.6875,209.8,0.1968674281758394,2.7017513736263736,0.5318868444963656,22,5020,4328,224,2.76,72.8,369.792,2026-10-25,2026-10-25,2026-08-05
580,SUSSUNDENGA,50,Optimal,III,12,CML439,EN20,CML439xEN20,8.97,168.1875,179.4,0.09270229945585395,4.975961538461539,0.4612830766192733,16,3290,2691,190,2.78,33.8,364.608,2026-10-15,2026-10-17,2026-08-05
581,SUSSUNDENGA,50,Optimal,III,7,CML532,EN17,CML532xEN17,10.38,194.625,207.6,0.11043541432320962,5.162466843501326,0.5701191647919011,19,4695,3698,194,2.65,37.7,341.376,2026-10-24,2026-10-24,2026-08-05
582,SUSSUNDENGA,50,Optimal,III,32,CML435,EN31,CML435xEN31,7.48,140.25,149.6,0.13208804786058004,4.315384615384615,0.5700107296137339,20,3385,2805,184,2.89,32.5,246.048,2026-10-14,2026-10-17,2026-08-05
583,SUSSUNDENGA,50,Optimal,III,49,CML532,EN64,CML532xEN64,8.97,168.1875,179.4,0.10095999679333012,4.173387096774194,0.4213451479076479,23,4695,3868,181,2.94,40.3,399.168,2026-10-20,2026-10-21,2026-08-05
584,SUSSUNDENGA,50,Optimal,III,26,CML439,EN25,CML439xEN25,8.03,150.56249999999997,160.6,0.10216620941929586,5.264423076923076,0.5378461505486968,21,3970,3161,158,2.93,28.6,279.936,2026-10-17,2026-10-19,2026-08-05
585,SUSSUNDENGA,50,Optimal,III,2,CML366,EN17,CML366xEN17,10.5,196.875,210,0.09304246826331632,4.326923076923077,0.4025876030624264,24,5630,4725,191,3.15,45.5,489.024,2026-10-17,2026-10-19,2026-08-05
586,SUSSUNDENGA,50,Optimal,III,27,CML530,EN25,CML530xEN25,9.46,177.375,189.2,0.04898794142980189,9.74587912087912,0.4774305555555556,20,4335,3547,194,3.15,18.2,371.52,2026-10-18,2026-10-20,2026-08-05
587,SUSSUNDENGA,50,Optimal,III,18,CML435,EN21,CML435xEN21,6.76,126.75,135.2,0.06920783645655877,8.125,0.56231367120954,22,3410,2788,187,2.91,15.6,225.408,2026-10-17,2026-10-19,2026-08-05
588,SUSSUNDENGA,50,Optimal,III,36,CML364,EN32,CML364xEN32,6.16,115.5,123.2,0.0813150520416333,5.923076923076923,0.4816353082465973,26,3740,3002,171,3.15,19.5,239.808,2026-10-17,2026-10-19,2026-08-05
589,SUSSUNDENGA,50,Optimal,III,38,CML434,EN32,CML434xEN32,8.35,156.5625,167,0.06434187454041518,8.602335164835166,0.553490369930426,21,4085,3286,182,2.98,18.2,282.864,2026-10-19,2026-10-23,2026-08-05
590,SUSSUNDENGA,50,Optimal,III,10,CML434,EN20,CML434xEN20,9.92,186,198.4,0.10030864197530864,5.10989010989011,0.5125661375661376,21,4645,3904,192,3.15,36.4,362.88,2026-10-17,2026-10-19,2026-08-05
591,SUSSUNDENGA,50,Optimal,III,4,CML435,EN17,CML435xEN17,7.04,132,140.8,0.18315018315018317,3.173076923076923,0.5811496196111581,19,3120,2507,189,2.84,41.6,227.136,2026-10-20,2026-12-22,2026-08-05
592,SUSSUNDENGA,50,Optimal,III,41,CML530,EN32,CML530xEN32,9.15,171.5625,183,0.08925004993009787,5.998688811188811,0.5353832759137208,22,4585,3773,172,2.67,28.6,320.448,2026-10-17,2026-10-19,2026-08-05
593,SUSSUNDENGA,50,Optimal,III,33,CML439,EN31,CML439xEN31,7.72,144.75,154.4,0.09908536585365854,5.302197802197802,0.5253702090592335,22,3830,3184,173,2.79,27.3,275.52,2026-10-16,2026-10-18,2026-08-05
594,SUSSUNDENGA,50,Optimal,III,43,CML364,EN64,CML364xEN64,8.72,163.5,174.4,0.08165829145728642,6.987179487179487,0.5705611390284757,19,3710,3105,182,3.42,23.4,286.56,2026-10-25,2026-10-26,2026-08-05
595,SUSSUNDENGA,50,Optimal,III,1,CML364,EN17,CML364xEN17,7.66,143.625,153.2,0.1327614379084967,3.347902097902098,0.44447229649435527,23,3820,3302,181,3.4,42.9,323.136,2026-10-22,2026-10-23,2026-08-05
596,SUSSUNDENGA,50,Optimal,III,17,CML434,EN21,CML434xEN21,8.91,167.0625,178.2,0.05868055555555555,9.8853550295858,0.580078125,15,2990,2507,184,3.43,16.9,288,2026-10-21,2026-10-26,2026-08-05
597,SUSSUNDENGA,50,Optimal,III,46,CML435,EN64,CML435xEN64,6.46,121.125,129.2,0.13450396121556105,3.32760989010989,0.44757671159985807,20,3090,2422,165,3.37,36.4,270.624,2026-10-16,2026-10-18,2026-08-05
598,SUSSUNDENGA,50,Optimal,III,8,CML364,EN20,CML364xEN20,9.93,186.1875,198.6,0.099966874881696,5.508505917159764,0.5506681218057922,25,5635,4655,199.4,3.38,33.8,338.112,2026-10-19,2026-10-21,2026-08-05
599,SUSSUNDENGA,50,Optimal,III,31,CML434,EN31,CML434xEN31,6.67,125.0625,133.4,0.126953125,4.581043956043956,0.5815778459821429,19,2765,2377,158,3.27,27.3,215.04,2026-10-17,2026-10-23,2026-08-05
600,SUSSUNDENGA,50,Optimal,III,23,CML366,EN25,CML366xEN25,8.77,164.4375,175.4,0.2191208198489752,4.216346153846154,0.9238892259978424,21,4300,3453,168,3.41,39,177.984,2026-10-25,2026-10-28,2026-08-05
601,MANIQUENIQ,50,Optimal,I,45,CML434,EN64,CML434xEN64,11,206.25,220,0.04741396538630641,10.866701791359326,0.5152334225988249,21,5232,4322,212,3.12,18.98,400.304,2026-09-09,2026-09-07,2026-07-04
602,MANIQUENIQ,50,Optimal,I,2,CML366,EN17,CML366xEN17,10.2,191.25,204,0.05771014296055013,9.370406663400294,0.5407675081433225,14,3292,2666,188,2.82,20.41,353.664,2026-09-11,2026-09-09,2026-07-04
603,MANIQUENIQ,50,Optimal,I,37,CML366,EN32,CML366xEN32,8.6,161.25,172,0.06473939301664637,7.900538951494365,0.5114760962241169,18,3672,2914,198,2.85,20.41,315.264,2026-09-12,2026-09-10,2026-07-04
604,MANIQUENIQ,50,Optimal,I,16,CML366,EN21,CML366xEN21,4.1,76.87499999999999,82,0.1508978270177692,1.704167590334737,0.25715518625561973,16,1492,1216,217,2.97,45.11,298.944,2026-09-13,2026-09-11,2026-07-04
605,MANIQUENIQ,50,Optimal,I,26,CML439,EN25,CML439xEN25,9.4,176.25,188,0.07784066581031898,7.574129780833691,0.5895753050738599,17,3728,2982,213,2.89,23.27,298.944,2026-09-12,2026-09-10,2026-07-04
606,MANIQUENIQ,50,Optimal,I,40,CML439,EN32,CML439xEN32,8,150,160,0.05818395365809159,7.349338559529643,0.4276135741652983,20,3505,3000,193,2.75,20.41,350.784,2026-09-11,2026-09-08,2026-07-04
607,MANIQUENIQ,50,Optimal,I,7,CML532,EN17,CML532xEN17,6.3,118.125,126,0.0616920095110596,4.782388663967612,0.2950351669430735,20,3269,2376,218,2.51,24.7,400.376,2026-09-15,2026-09-12,2026-07-04
608,MANIQUENIQ,50,Optimal,I,28,CML532,EN25,CML532xEN25,5.7,106.875,114,0.126470768476529,2.1577831617201695,0.2728964946684643,21,3124,2246,216,2.74,49.53,391.632,2026-09-16,2026-09-14,2026-07-04
609,MANIQUENIQ,50,Optimal,I,10,CML434,EN20,CML434xEN20,6.8,127.5,136,0.12107329842931938,2.6507276507276507,0.3209323399113975,22,3318,2814,198,2.82,48.1,397.28,2026-09-15,2026-09-12,2026-07-04
610,MANIQUENIQ,50,Optimal,I,19,CML439,EN21,CML439xEN21,5.2,97.5,104,0.1381267833270148,1.76056338028169,0.24318095656164576,21,2649,2030,185,2.15,55.38,400.936,2026-09-15,2026-09-12,2026-07-04
611,MANIQUENIQ,50,Optimal,I,35,CML532,EN31,CML532xEN31,6.5,121.875,130,0.04816085420811173,6.421232876712328,0.30925206041167635,16,2608,1942,189,2.18,18.98,394.096,2026-09-16,2026-09-14,2026-07-04
612,MANIQUENIQ,50,Optimal,I,0,Check,Check,Check,6,112.5,120,0.09026657447952678,4.787234042553192,0.4321272182530537,17,2538,1904,133,2.13,23.5,260.34,2026-09-16,2026-09-13,2026-07-04
613,MANIQUENIQ,50,Optimal,I,29,CML364,EN31,CML364xEN31,6.9,129.375,138,0.03821442069457859,8.885645604395604,0.3395597992693067,15,2500,1930,186,2.86,14.56,381.008,2026-09-16,2026-09-13,2026-07-04
614,MANIQUENIQ,50,Optimal,I,14,CML532,EN20,CML532xEN20,7.2,135,144,0.03601507092198582,11.538461538461538,0.4155585106382979,19,3389,2574,162,2.62,11.7,324.864,2026-09-16,2026-09-13,2026-07-04
615,MANIQUENIQ,50,Optimal,I,48,CML530,EN64,CML530xEN64,10.3,193.125,206,0.05348827874116891,12.077861163227016,0.6460240044958253,15,3138,2898,162,2.58,15.99,298.944,2026-09-12,2026-09-10,2026-07-04
616,MANIQUENIQ,50,Optimal,I,30,CML366,EN31,CML366xEN31,7,131.25,140,0.05108742463393626,6.915173867228662,0.3532784237726098,19,3200,2504,151,2.12,18.98,371.52,2026-09-13,2026-09-13,2026-07-04
617,MANIQUENIQ,50,Optimal,I,4,CML435,EN17,CML435xEN17,8.3,155.62500000000003,166,0.20030381944444445,2.8101300108342366,0.5628797743055556,16,2822,2504,128,2.05,55.38,276.48,2026-09-12,2026-09-10,2026-07-04
618,MANIQUENIQ,50,Optimal,I,17,CML434,EN21,CML434xEN21,7.8,146.25,156,0.02982745961820851,12.5,0.3728432452276065,17,3166,2474,177,2.98,11.7,392.256,2026-09-13,2026-09-13,2026-07-04
619,MANIQUENIQ,50,Optimal,I,9,CML366,EN20,CML366xEN20,6.3,118.125,126,0.05492515692901979,5.408653846153846,0.2970711612747465,21,3044,2496,199,2.81,21.84,397.632,2026-09-12,2026-09-10,2026-07-04
620,MANIQUENIQ,50,Optimal,I,43,CML364,EN64,CML364xEN64,9,168.75,180,0.05402214881632999,8.268005879470847,0.44665544403506546,18,3110,3024,188,2.88,20.41,377.808,2026-09-15,2026-09-09,2026-07-04
621,MANIQUENIQ,50,Optimal,I,13,CML530,EN20,CML530xEN20,4.8,90,96,0.05731922398589065,6.181318681318681,0.3543083900226757,23,2830,2070,192,2.71,14.56,254.016,2026-09-11,2026-09-08,2026-07-04
622,MANIQUENIQ,50,Optimal,I,32,CML435,EN31,CML435xEN31,6.6,123.75,132,0.05545231264127977,6.063204311611955,0.33621870109546165,17,2618,2108,179,2.25,20.41,368.064,2026-09-15,2026-09-13,2026-07-04
623,MANIQUENIQ,50,Optimal,I,22,CML364,EN25,CML364xEN25,6.1,114.375,122,0.14303194489203996,2.0132899137475797,0.28796477199484366,23,3240,2632,176,2.75,56.81,397.184,2026-09-16,2026-09-14,2026-07-04
624,MANIQUENIQ,50,Optimal,I,39,CML435,EN32,CML435xEN32,4.2,78.75,84,0.0436484538784067,4.924953095684803,0.2149665880503145,20,2002,1568,168,1.82,15.99,366.336,2026-09-15,2026-09-13,2026-07-04
625,MANIQUENIQ,50,Optimal,I,47,CML439,EN64,CML439xEN64,3.9,73.125,78,0.04744430668319802,3.852739726027397,0.18279056513218417,18,2068,1308,222,1.79,18.98,400.048,2026-09-13,2026-09-10,2026-07-04
626,MANIQUENIQ,50,Optimal,I,25,CML435,EN25,CML435xEN25,1.7,31.875,34,0.08648104880581517,1.99343339587242,0.17239421079958464,14,584,454,98,1.51,15.99,184.896,2026-09-20,2026-09-18,2026-07-04
627,MANIQUENIQ,50,Optimal,I,49,CML532,EN64,CML532xEN64,1.9,35.625,38,0.14818322109988777,0.8431952662721893,0.12494739057239056,14,1438,510,151,2.75,42.25,285.12,2026-09-18,2026-09-16,2026-07-04
628,MANIQUENIQ,50,Optimal,I,36,CML364,EN32,CML364xEN32,3.6,67.5,72,0.08787037037037038,3.5563751317175973,0.3125,15,1416,1002,145,2.28,18.98,216,2026-09-19,2026-09-15,2026-07-04
629,MANIQUENIQ,50,Optimal,I,5,CML439,EN17,CML439xEN17,3.1,58.125,62,0.05608164983164983,3.6350844277673544,0.203861531986532,16,1138,922,140,2.18,15.99,285.12,2026-09-13,2026-09-10,2026-07-04
630,MANIQUENIQ,50,Optimal,I,41,CML530,EN32,CML530xEN32,4.5,84.375,90,0.1974826388888889,1.931662087912088,0.3814697265625,11,1402,936,160,2.71,43.68,221.184,2026-09-15,2026-09-13,2026-07-04
631,MANIQUENIQ,50,Optimal,I,15,CML364,EN21,CML364xEN21,5.2,97.5,104,0.2226851851851852,2.0270270270270268,0.4513888888888889,12,1988,1170,168,2.62,48.1,216,2026-09-18,2026-09-16,2026-07-04
632,MANIQUENIQ,50,Optimal,I,31,CML434,EN31,CML434xEN31,9.5,178.125,190,0.05406982518871673,10.225315729047072,0.5528810339690108,14,2980,2500,172,2.85,17.42,322.176,2026-09-16,2026-09-14,2026-07-04
633,MANIQUENIQ,50,Optimal,I,21,CML532,EN21,CML532xEN21,2.8,52.5,56,0.25676831723027377,1.2861342479176874,0.3302385265700483,21,1612,1100,170,2.92,40.82,158.976,2026-09-15,2026-09-13,2026-07-04
634,MANIQUENIQ,50,Optimal,I,33,CML439,EN31,CML439xEN31,7.4,138.75,148,0.14245460237946148,3.176510989010989,0.4525086098935503,14,2061,1936,158,2.56,43.68,306.624,2026-09-13,2026-09-12,2026-07-04
635,MANIQUENIQ,50,Optimal,I,44,CML366,EN64,CML366xEN64,8.6,161.25,172,0.0750663190633004,6.14051789794364,0.460946075740944,13,2698,2088,184,2.7,26.26,349.824,2026-09-11,2026-09-08,2026-07-04
636,MANIQUENIQ,50,Optimal,I,11,CML435,EN20,CML435xEN20,10.3,193.125,206,0.0729298356510746,6.97453954496208,0.5086520227560051,16,3820,3099,210,2.77,27.69,379.68,2026-09-17,2026-09-15,2026-07-04
637,MANIQUENIQ,50,Optimal,I,8,CML364,EN20,CML364xEN20,5.7,106.875,114,0.0958909038572251,3.3419324577861165,0.32046092400690845,23,2968,2444,200,2.72,31.98,333.504,2026-09-10,2026-09-07,2026-07-04
638,MANIQUENIQ,50,Optimal,I,38,CML434,EN32,CML434xEN32,10.2,191.25,204,0.08192941465814067,5.980300187617261,0.489962493851451,16,3624,3046,187,2.88,31.98,390.336,2026-09-12,2026-09-09,2026-07-04
639,MANIQUENIQ,50,Optimal,I,24,CML434,EN25,CML434xEN25,9.7,181.875,194,0.08880464901477833,6.5682556879739975,0.5832916410098522,19,4304,3458,192,2.91,27.69,311.808,2026-09-11,2026-09-08,2026-07-04
640,MANIQUENIQ,50,Optimal,I,3,CML434,EN17,CML434xEN17,8,150,160,0.0336489898989899,9.380863039399625,0.3156565656565657,21,3920,3142,183,2.94,15.99,475.2,2026-09-17,2026-09-14,2026-07-04
641,MANIQUENIQ,50,Optimal,I,6,CML530,EN17,CML530xEN17,4,75,80,0.1156415343915344,2.1446954532456393,0.24801587301587305,22,2505,1652,180,2.93,34.97,302.4,2026-09-16,2026-09-14,2026-07-04
642,MANIQUENIQ,50,Optimal,I,27,CML530,EN25,CML530xEN25,6.4,120,128,0.1033826164874552,4.333694474539545,0.4480286738351255,14,2245,1690,196,2.85,27.69,267.84,2026-09-15,2026-09-13,2026-07-04
643,MANIQUENIQ,50,Optimal,I,42,CML532,EN32,CML532xEN32,7.5,140.625,150,0.08756735950731333,4.82915521978022,0.4228763712471132,15,2525,2122,208,3.11,29.12,332.544,2026-09-15,2026-09-13,2026-07-04
644,MANIQUENIQ,50,Optimal,I,34,CML530,EN31,CML530xEN31,6.3,118.125,126,0.10275519421860883,5.408653846153846,0.5557672764227642,17,2642,2016,167,2.89,21.84,212.544,2026-09-11,2026-09-08,2026-07-04
645,MANIQUENIQ,50,Optimal,I,18,CML435,EN21,CML435xEN21,8.6,161.25,172,0.03584141334730957,12.28103579588728,0.440169680293501,17,3366,2728,193,3.01,13.13,366.336,2026-09-15,2026-09-13,2026-07-04
646,MANIQUENIQ,50,Optimal,I,1,CML364,EN17,CML364xEN17,9.4,176.25,188,0.05452518845375988,9.28609062170706,0.5063258411472698,15,3340,2648,183,2.75,18.98,348.096,2026-09-16,2026-09-13,2026-07-04
647,MANIQUENIQ,50,Optimal,I,46,CML435,EN64,CML435xEN64,9.2,172.5,184,0.0339193962748876,17.011834319526628,0.5770311496467565,17,3152,2918,159,2.41,10.14,298.944,2026-09-15,2026-09-13,2026-07-04
648,MANIQUENIQ,50,Optimal,I,23,CML366,EN25,CML366xEN25,11.2,210,224,0.0364211242520662,14.423076923076923,0.5253046767124933,15,4008,3164,179,2.84,14.56,399.768,2026-09-13,2026-09-10,2026-07-04
649,MANIQUENIQ,50,Optimal,I,12,CML439,EN20,CML439xEN20,4.1,76.87499999999999,82,0.03679443635775514,5.279876373626372,0.19427007520621056,20,1888,1540,207,3.18,14.56,395.712,2026-09-13,2026-09-10,2026-07-04
650,MANIQUENIQ,50,Optimal,I,20,CML530,EN21,CML530xEN21,4.6,86.25,92,0.08024208117547875,2.696998123827392,0.21641274238227148,17,2119,1452,203,3.17,31.98,398.544,2026-09-14,2026-09-12,2026-07-04
651,MANIQUENIQ,50,Optimal,II,19,CML439,EN21,CML439xEN21,6.7,125.625,134,0.1311825330355481,2.784859232986034,0.3653248883305416,15,2354,1882,163,2.76,45.11,343.872,2026-09-15,2026-09-14,2026-07-04
652,MANIQUENIQ,50,Optimal,II,1,CML364,EN17,CML364xEN17,7.5,140.625,150,0.10945919938414164,3.863324175824176,0.4228763712471132,18,3118,2524,178,2.85,36.4,332.544,2026-09-20,2026-09-18,2026-07-04
653,MANIQUENIQ,50,Optimal,II,23,CML366,EN25,CML366xEN25,6.3,118.125,126,0.12819444444444444,4.265980498374865,0.546875,18,2290,2126,184,2.94,27.69,216,2026-09-22,2026-09-19,2026-07-04
654,MANIQUENIQ,50,Optimal,II,3,CML434,EN17,CML434xEN17,6.9,129.375,138,0.09266316621499548,4.926694592536176,0.4565231199186992,18,2916,2342,189,2.86,26.26,283.392,2026-09-21,2026-09-17,2026-07-04
655,MANIQUENIQ,50,Optimal,II,39,CML435,EN32,CML435xEN32,8.9,166.875,178,0.04101316026681089,11.461195054945057,0.470059829637642,18,3544,3018,163,2.12,14.56,355.008,2026-09-11,2026-09-08,2026-07-04
656,MANIQUENIQ,50,Optimal,II,37,CML366,EN32,CML366xEN32,6.7,125.625,134,0.06906496660595021,5.75206043956044,0.39726586217364906,18,2638,2264,191,2.93,21.84,316.224,2026-09-13,2026-09-10,2026-07-04
657,MANIQUENIQ,50,Optimal,II,15,CML364,EN21,CML364xEN21,8.1,151.875,162,0.1073366359990564,5.215487637362637,0.559812898089172,17,3119,2566,192,2.98,29.12,271.296,2026-09-14,2026-09-12,2026-07-04
658,MANIQUENIQ,50,Optimal,II,20,CML530,EN21,CML530xEN21,7.7,144.375,154,0.11343192285549795,3.816415543219667,0.4329033534830167,20,3638,2874,197,2.95,37.83,333.504,2026-09-15,2026-09-14,2026-07-04
659,MANIQUENIQ,50,Optimal,II,8,CML364,EN20,CML364xEN20,7.7,144.375,154,0.06835753901109232,6.204340352385045,0.4241134376762549,17,2982,2460,192,2.97,23.27,340.416,2026-09-12,2026-09-09,2026-07-04
660,MANIQUENIQ,50,Optimal,II,33,CML439,EN31,CML439xEN31,4.9,91.875,98,0.04922059692671395,5.74577861163227,0.28281065307328607,25,3064,2286,191,2.97,15.99,324.864,2026-09-16,2026-09-13,2026-07-04
661,MANIQUENIQ,50,Optimal,II,35,CML532,EN31,CML532xEN31,4.2,78.75,84,0.08121580387205388,3.188259109311741,0.25893702651515155,26,2970,2060,188,2.75,24.7,304.128,2026-09-15,2026-09-14,2026-07-04
662,MANIQUENIQ,50,Optimal,II,11,CML435,EN20,CML435xEN20,6.1,114.375,122,0.08564235024003339,4.355483625285605,0.37301385410144017,20,2902,2272,189,2.78,26.26,306.624,2026-09-18,2026-09-16,2026-07-04
663,MANIQUENIQ,50,Optimal,II,28,CML532,EN25,CML532xEN25,13.4,251.25,268,0.0594563986409966,11.50412087912088,0.6839935970032234,13,3819,3255,174,2.76,21.84,367.328,2026-09-19,2026-09-16,2026-07-04
664,MANIQUENIQ,50,Optimal,II,43,CML364,EN64,CML364xEN64,10.9,204.375,218,0.07523148148148148,12.78142589118199,0.9615656052393856,18,4548,3674,173,2.76,15.99,212.544,2026-09-15,2026-09-14,2026-07-04
665,MANIQUENIQ,50,Optimal,II,38,CML434,EN32,CML434xEN32,7.6,142.5,152,0.10124610591900313,4.893543956043956,0.49545226969292394,23,3982,3260,177,2.99,29.12,287.616,2026-09-16,2026-09-14,2026-07-04
666,MANIQUENIQ,50,Optimal,II,7,CML532,EN17,CML532xEN17,3.4,63.75,68,0.1388888888888889,2.918956043956044,0.40541056166056166,18,1674,1136,179,2.75,21.84,157.248,2026-09-13,2026-09-10,2026-07-04
667,MANIQUENIQ,50,Optimal,II,16,CML366,EN21,CML366xEN21,9.8,183.75,196,0.04725342574888464,9.681243414120129,0.45747191682600385,15,3508,2750,174,2.79,18.98,401.664,2026-09-14,2026-09-10,2026-07-04
668,MANIQUENIQ,50,Optimal,II,40,CML439,EN32,CML439xEN32,3.4,63.75,68,0.15780261969286358,1.9007155635062611,0.2999378952122854,16,1432,1012,145,2.76,33.54,212.544,2026-09-19,2026-09-17,2026-07-04
669,MANIQUENIQ,50,Optimal,II,25,CML435,EN25,CML435xEN25,7.3,136.875,146,0.12415502158600318,3.914069202173291,0.4859513462849353,15,2474,2040,138,2.18,34.97,281.664,2026-09-18,2026-09-17,2026-07-04
670,MANIQUENIQ,50,Optimal,II,18,CML435,EN21,CML435xEN21,2.6,48.75,52,0.25365658800393315,0.984251968503937,0.24966199606686332,16,990,792,149,2.77,49.53,195.264,2026-09-19,2026-09-17,2026-07-04
671,MANIQUENIQ,50,Optimal,II,6,CML530,EN17,CML530xEN17,2.6,48.75,52,0.10520652488425926,2.094972067039106,0.2204047309027778,14,1126,684,122,2.3,23.27,221.184,2026-09-20,2026-09-18,2026-07-04
672,MANIQUENIQ,50,Optimal,II,21,CML532,EN21,CML532xEN21,3.1,58.125,62,0.2805930930930931,1.079988851727982,0.30303741241241244,15,962,874,86,1.76,53.82,191.808,2026-09-15,2026-09-14,2026-07-04
673,MANIQUENIQ,50,Optimal,II,31,CML434,EN31,CML434xEN31,8.1,151.875,162,0.2148768458000484,2.6733849674353105,0.5744485294117647,16,2900,2438,159,2.76,56.81,264.384,2026-09-18,2026-09-15,2026-07-04
674,MANIQUENIQ,50,Optimal,II,2,CML366,EN17,CML366xEN17,0.7,13.125,14,0.14200998751560548,0.6009615384615384,0.08534254057428214,12,301,158,75,1.56,21.84,153.792,2026-09-22,2026-09-18,2026-07-04
675,MANIQUENIQ,50,Optimal,II,49,CML532,EN64,CML532xEN64,9.8,183.75,196,0.08812553694158076,6.997334348819497,0.6166438466494846,5,1350,920,63,1.53,26.26,297.984,2026-09-22,2026-09-19,2026-07-04
676,MANIQUENIQ,50,Optimal,II,26,CML439,EN25,CML439xEN25,10,187.5,200,0.12730833799664243,4.292582417582418,0.5464815332960269,5,1162,940,162,2.8,43.68,343.104,2026-09-21,2026-09-20,2026-07-04
677,MANIQUENIQ,50,Optimal,II,9,CML366,EN20,CML366xEN20,1.9,35.625,38,0.20772871752349364,0.7406444906444907,0.15385313018242122,22,959,778,154,2.5,48.1,231.552,2026-09-21,2026-09-20,2026-07-04
678,MANIQUENIQ,50,Optimal,II,42,CML532,EN32,CML532xEN32,3.7,69.375,74,0.17226299452861954,1.324203092193167,0.22811119002525257,16,1744,1112,159,2.7,52.39,304.128,2026-09-22,2026-09-20,2026-07-04
679,MANIQUENIQ,50,Optimal,II,22,CML364,EN25,CML364xEN25,3.4,63.75,68,0.1026808058058058,2.4276466108149277,0.24927271021021025,16,1374,1016,155,2.28,26.26,255.744,2026-09-23,2026-09-20,2026-07-04
680,MANIQUENIQ,50,Optimal,II,47,CML439,EN64,CML439xEN64,6.6,123.75,132,0.1196303885853066,3.271213322759715,0.3913365209471767,13,1722,1598,192,2.55,37.83,316.224,2026-09-21,2026-09-20,2026-07-04
681,MANIQUENIQ,50,Optimal,II,30,CML366,EN31,CML366xEN31,9.3,174.375,186,0.14422830980151424,3.865550875637331,0.5575218692449356,14,2962,2450,161,2.54,45.11,312.768,2026-09-15,2026-09-14,2026-07-04
682,MANIQUENIQ,50,Optimal,II,12,CML439,EN20,CML439xEN20,6.1,114.375,122,0.09037875963211534,4.915126772668672,0.4442230611483968,14,1958,1602,181,2.73,23.27,257.472,2026-09-13,2026-09-13,2026-07-04
683,MANIQUENIQ,50,Optimal,II,10,CML434,EN20,CML434xEN20,8.8,165,176,0.08516241178912413,6.283320639756283,0.5351027397260274,16,3358,2638,173,2.72,26.26,308.352,2026-09-13,2026-09-10,2026-07-04
684,MANIQUENIQ,50,Optimal,II,27,CML530,EN25,CML530xEN25,3.5,65.625,70,0.20046437443541104,1.1551663439535294,0.2315696985094851,18,1620,1192,184,2.15,56.81,283.392,2026-09-12,2026-09-09,2026-07-04
685,MANIQUENIQ,50,Optimal,II,34,CML530,EN31,CML530xEN31,5.9,110.625,118,0.17617984693877553,1.8539467068878832,0.3266280470521542,13,1882,1426,174,2.29,59.67,338.688,2026-09-11,2026-09-09,2026-07-04
686,MANIQUENIQ,50,Optimal,II,14,CML532,EN20,CML532xEN20,9.3,174.375,186,0.07921541461412152,7.059716599190284,0.5592383774630542,14,2962,2444,167,2.66,24.7,311.808,2026-09-13,2026-09-09,2026-07-04
687,MANIQUENIQ,50,Optimal,II,36,CML364,EN32,CML364xEN32,8.9,166.875,178,0.16097324346405228,4.411181601903252,0.7100822099673202,14,2880,2342,192,2.8,37.83,235.008,2026-09-16,2026-09-14,2026-07-04
688,MANIQUENIQ,50,Optimal,II,17,CML434,EN21,CML434xEN21,10,187.5,200,0.17437404190086866,2.861721611721612,0.4990099642309657,16,3645,2990,166,2.79,65.52,375.744,2026-09-15,2026-09-14,2026-07-04
689,MANIQUENIQ,50,Optimal,II,46,CML435,EN64,CML435xEN64,6,112.5,120,0.17176745329400195,3.3542039355992843,0.5761430678466076,19,2430,2137,200,2.5,33.54,195.264,2026-09-11,2026-09-09,2026-07-04
690,MANIQUENIQ,50,Optimal,II,4,CML435,EN17,CML435xEN17,7.9,148.125,158,0.06252346096096097,9.263602251407129,0.5791924737237237,17,3206,2510,192,1.75,15.99,255.744,2026-09-16,2026-09-14,2026-07-04
691,MANIQUENIQ,50,Optimal,II,32,CML435,EN31,CML435xEN31,9.5,178.125,190,0.05642361111111111,8.155906593406593,0.46018570188492064,17,3142,3028,190,2.62,21.84,387.072,2026-09-13,2026-09-10,2026-07-04
692,MANIQUENIQ,50,Optimal,II,41,CML530,EN32,CML530xEN32,10,187.5,200,0.18180941358024696,2.925573412388828,0.5318967864923747,16,3216,3000,202,2.93,64.09,352.512,2026-09-11,2026-09-09,2026-07-04
693,MANIQUENIQ,50,Optimal,II,5,CML439,EN17,CML439xEN17,4.7,88.125,94,0.08083382584712373,3.3558644325971057,0.2712673611111111,24,2788,2132,186,2.91,26.26,324.864,2026-09-12,2026-09-09,2026-07-04
694,MANIQUENIQ,50,Optimal,II,44,CML366,EN64,CML366xEN64,10.4,195,208,0.07295173961840629,6.696428571428571,0.4885161135161135,17,4082,3318,164,2.83,29.12,399.168,2026-09-13,2026-09-11,2026-07-04
695,MANIQUENIQ,50,Optimal,II,0,Check,Check,Check,1.1,20.625,22,0.14285714285714285,1.0855263157894737,0.1550751879699248,17,524,348,183,3,19,133,2026-09-11,2026-09-10,2026-07-04
696,MANIQUENIQ,50,Optimal,II,45,CML434,EN64,CML434xEN64,10.7,200.625,214,0.16471162082421245,3.6226977248104006,0.5967004140097079,15,3720,3000,186,2.62,55.38,336.224,2026-09-12,2026-09-09,2026-07-04
697,MANIQUENIQ,50,Optimal,II,29,CML364,EN31,CML364xEN31,7.4,138.75,148,0.12498775230256712,3.3990690837824595,0.42484200470311584,17,2904,2364,175,2.64,40.82,326.592,2026-09-19,2026-09-17,2026-07-04
698,MANIQUENIQ,50,Optimal,II,48,CML530,EN64,CML530xEN64,9.8,183.75,196,0.2118055555555556,2.574611181168558,0.5453169515669516,16,3630,2926,197,2.93,71.37,336.96,2026-09-20,2026-09-18,2026-07-04
699,MANIQUENIQ,50,Optimal,II,24,CML434,EN25,CML434xEN25,3,56.25,60,0.10588134430727024,2.2773279352226723,0.24112654320987653,20,1752,1120,190,2.96,24.7,233.28,2026-09-22,2026-09-21,2026-07-04
700,MANIQUENIQ,50,Optimal,II,13,CML530,EN20,CML530xEN20,4.6,86.25,92,0.35715955854844744,1.411620294599018,0.5041736812570146,16,2140,1384,174,2.83,61.1,171.072,2026-09-21,2026-09-19,2026-07-04
701,MANIQUENIQ,50,Optimal,III,25,CML435,EN25,CML435xEN25,5.8,108.75,116,0.22930555555555557,2.195639006662629,0.5034722222222222,14,2020,1526,185,2.53,49.53,216,2026-09-16,2026-09-14,2026-07-04
702,MANIQUENIQ,50,Optimal,III,34,CML530,EN31,CML530xEN31,8.9,166.875,178,0.0824124492846466,6.756072874493928,0.5567845131326074,18,3542,3008,185,2.96,24.7,299.712,2026-09-15,2026-09-14,2026-07-04
703,MANIQUENIQ,50,Optimal,III,40,CML439,EN32,CML439xEN32,2.9,54.375,58,0.12420768083519762,1.700281425891182,0.21118801267710663,22,1960,1190,180,2.95,31.98,257.472,2026-09-15,2026-09-14,2026-07-04
704,MANIQUENIQ,50,Optimal,III,11,CML435,EN20,CML435xEN20,6.3,118.125,126,0.10532407407407408,5.408653846153846,0.5696614583333333,23,3420,2706,177,2.65,21.84,207.36,2026-09-13,2026-09-10,2026-07-04
705,MANIQUENIQ,50,Optimal,III,0,Check,Check,Check,4.1,76.87499999999999,82,0.1903030303030303,2.448248407643312,0.4659090909090908,22,2224,1698,171,2.8,31.4,165,2026-09-22,2026-09-20,2026-07-04
706,MANIQUENIQ,50,Optimal,III,15,CML364,EN21,CML364xEN21,8.2,153.74999999999997,164,0.09852650874224478,4.584078711985688,0.4516532712915961,17,3268,2616,204,3.09,33.54,340.416,2026-09-14,2026-09-12,2026-07-04
707,MANIQUENIQ,50,Optimal,III,6,CML530,EN17,CML530xEN17,1.3,24.375,26,0.326867816091954,0.37202380952380953,0.1216026101532567,20,868,478,186,2.85,65.52,200.448,2026-09-19,2026-09-15,2026-07-04
708,MANIQUENIQ,50,Optimal,III,47,CML439,EN64,CML439xEN64,6.4,120,128,0.06673074911069261,5.879470847623714,0.3923414940364093,19,2938,2276,178,2.55,20.41,305.856,2026-09-13,2026-09-10,2026-07-04
709,MANIQUENIQ,50,Optimal,III,9,CML366,EN20,CML366xEN20,7.9,148.125,158,0.09075008304268392,4.235773520160137,0.38439679870453414,18,3184,2680,206,2.84,34.97,385.344,2026-09-10,2026-09-17,2026-07-04
710,MANIQUENIQ,50,Optimal,III,21,CML532,EN21,CML532xEN21,9,168.75,180,0.10338829326402428,5.523731587561374,0.5710891812865497,15,3466,2520,192,2.26,30.55,295.488,2026-09-18,2026-09-17,2026-07-04
711,MANIQUENIQ,50,Optimal,III,39,CML435,EN32,CML435xEN32,5.7,106.875,114,0.12429549114331724,4.326923076923077,0.5378170289855072,24,3046,2552,190,1.26,24.7,198.72,2026-09-12,2026-09-10,2026-07-04
712,MANIQUENIQ,50,Optimal,III,22,CML364,EN25,CML364xEN25,4.1,76.87499999999999,82,0.11813207835935108,3.112348178137651,0.36766815886134063,18,1914,1386,197,2.75,24.7,209.088,2026-09-18,2026-09-15,2026-07-04
713,MANIQUENIQ,50,Optimal,III,13,CML530,EN20,CML530xEN20,7.2,135,144,0.09533528060715,4.4189852700491,0.42128520071899345,20,3088,2702,188,2.75,30.55,320.448,2026-09-11,2026-09-10,2026-07-04
714,MANIQUENIQ,50,Optimal,III,29,CML364,EN31,CML364xEN31,8.2,153.74999999999997,164,0.12867647058823528,3.5199175824175817,0.45293057126696823,20,3708,3090,188,3.13,43.68,339.456,2026-09-17,2026-09-15,2026-07-04
715,MANIQUENIQ,50,Optimal,III,42,CML532,EN32,CML532xEN32,8,150,160,0.0986899184452542,4.120879120879121,0.4066892243623113,20,3532,3000,165,2.75,36.4,368.832,2026-09-14,2026-09-11,2026-07-04
716,MANIQUENIQ,50,Optimal,III,3,CML434,EN17,CML434xEN17,6.1,114.375,122,0.11765853789836347,3.2706605661995996,0.38482114018087854,18,2618,2074,188,2.78,34.97,297.216,2026-09-15,2026-09-14,2026-07-04
717,MANIQUENIQ,50,Optimal,III,16,CML366,EN21,CML366xEN21,4.2,78.75,84,0.12979497354497355,3.858402743753062,0.500801282051282,21,1962,1656,184,2.85,20.41,157.248,2026-09-19,2026-09-15,2026-07-04
718,MANIQUENIQ,50,Optimal,III,37,CML366,EN32,CML366xEN32,3.5,65.625,70,0.19864492301290057,2.148117839607201,0.4267127028714107,20,1710,1306,152,2.72,30.55,153.792,2026-09-15,2026-09-14,2026-07-04
719,MANIQUENIQ,50,Optimal,III,45,CML434,EN64,CML434xEN64,5.5,103.125,110,0.1049568491644679,3.3756137479541732,0.35429378298153036,20,2514,2072,161,2.74,30.55,291.072,2026-09-15,2026-09-14,2026-07-04
720,MANIQUENIQ,50,Optimal,III,24,CML434,EN25,CML434xEN25,5.4,101.25,108,0.22819422468354433,1.8282773564463703,0.4172023338607595,20,2482,2020,140,2.81,55.38,242.688,2026-09-18,2026-09-15,2026-07-04
721,MANIQUENIQ,50,Optimal,III,48,CML530,EN64,CML530xEN64,10.1,189.375,202,0.08817496029645315,5.921669793621013,0.5221429989412387,13,2874,2462,141,3.1,31.98,362.688,2026-09-19,2026-09-15,2026-07-04
722,MANIQUENIQ,50,Optimal,III,20,CML530,EN21,CML530xEN21,4.3,80.625,86,0.21277590722035164,2.2149725274725274,0.4712927890011223,15,1474,1196,178,2.95,36.4,171.072,2026-09-22,2026-09-20,2026-07-04
723,MANIQUENIQ,50,Optimal,III,5,CML439,EN17,CML439xEN17,7.7,144.375,154,0.09864483584131328,5.21397616468039,0.5143318228454172,10,1808,1448,167,3,27.69,280.704,2026-09-20,2026-09-16,2026-07-04
724,MANIQUENIQ,50,Optimal,III,30,CML366,EN31,CML366xEN31,5.6,105,112,0.09310415387763456,3.605769230769231,0.33571209330877844,17,2198,1800,144,2.6,29.12,312.768,2026-09-17,2026-09-15,2026-07-04
725,MANIQUENIQ,50,Optimal,III,14,CML532,EN20,CML532xEN20,4.9,91.875,98,0.21846064814814817,2.34016811003566,0.5112346420940171,14,1396,1288,105,2.75,39.26,179.712,2026-09-19,2026-09-16,2026-07-04
726,MANIQUENIQ,50,Optimal,III,44,CML366,EN64,CML366xEN64,2.7,50.625,54,0.22431405028882093,1.198224852071006,0.26877866972477066,15,922,752,105,2.8,42.25,188.352,2026-09-19,2026-09-18,2026-07-04
727,MANIQUENIQ,50,Optimal,III,19,CML439,EN21,CML439xEN21,5.7,106.875,114,0.1033907510862818,3.3419324577861165,0.3455249068901303,24,3418,2562,134,2.3,31.98,309.312,2026-09-17,2026-09-16,2026-07-04
728,MANIQUENIQ,50,Optimal,III,35,CML532,EN31,CML532xEN31,1.8,33.75,36,0.10948321288768442,1.4503652771809197,0.15879065040650406,18,938,616,162,2.58,23.27,212.544,2026-09-16,2026-09-14,2026-07-04
729,MANIQUENIQ,50,Optimal,III,28,CML532,EN25,CML532xEN25,4,75,80,0.5974694354548723,0.705284935113786,0.42138619201726,16,1562,1198,156,2.61,106.34,177.984,2026-09-15,2026-09-14,2026-07-04
730,MANIQUENIQ,50,Optimal,III,12,CML439,EN20,CML439xEN20,5.2,97.5,104,0.21714541245791247,1.968503937007874,0.4274515993265993,20,2332,1940,172,2.63,49.53,228.096,2026-09-13,2026-09-10,2026-07-04
731,MANIQUENIQ,50,Optimal,III,7,CML532,EN17,CML532xEN17,3.8,71.25,76,0.33383969907407407,1.2865655471289277,0.42950665509259256,18,1950,1266,159,2.5,55.38,165.888,2026-09-15,2026-09-14,2026-07-04
732,MANIQUENIQ,50,Optimal,III,32,CML435,EN31,CML435xEN31,7.8,146.25,156,0.14885373341255695,3.0405405405405403,0.4525958110516934,16,2792,2330,170,2.74,48.1,323.136,2026-09-16,2026-09-14,2026-07-04
733,MANIQUENIQ,50,Optimal,III,49,CML532,EN64,CML532xEN64,4,75,80,0.19078038674033151,1.256913021618904,0.23979435236341315,14,1253,1040,155,2.79,59.67,312.768,2026-09-20,2026-09-19,2026-07-04
734,MANIQUENIQ,50,Optimal,III,26,CML439,EN25,CML439xEN25,6.9,129.375,138,0.10676956978812874,3.062130177514793,0.32694232168850074,15,2428,1942,172,2.78,42.25,395.712,2026-09-13,2026-09-11,2026-07-04
735,MANIQUENIQ,50,Optimal,III,2,CML366,EN17,CML366xEN17,5.8,108.75,116,0.1715686274509804,1.659798534798535,0.284769356460533,20,2978,2172,187,2.83,65.52,381.888,2026-09-15,2026-09-14,2026-07-04
736,MANIQUENIQ,50,Optimal,III,27,CML530,EN25,CML530xEN25,6.1,114.375,122,0.07523148148148148,4.130552546045504,0.31074758737610847,15,2338,1710,181,2.81,27.69,368.064,2026-09-16,2026-09-15,2026-07-04
737,MANIQUENIQ,50,Optimal,III,18,CML435,EN21,CML435xEN21,5.4,101.25,108,0.05438572026216706,4.635989010989011,0.25213160149012886,16,2032,1620,183,2.76,21.84,401.576,2026-09-16,2026-09-15,2026-07-04
738,MANIQUENIQ,50,Optimal,III,36,CML364,EN32,CML364xEN32,3.9,73.125,78,0.08916323731138547,2.5111607142857144,0.22390321869488536,20,1828,1466,180,2.93,29.12,326.592,2026-09-12,2026-09-10,2026-07-04
739,MANIQUENIQ,50,Optimal,III,38,CML434,EN32,CML434xEN32,6.5,121.875,130,0.07134628760215615,4.641089108910891,0.33112447835159103,17,2414,2086,173,2.83,26.26,368.064,2026-09-11,2026-09-10,2026-07-04
740,MANIQUENIQ,50,Optimal,III,10,CML434,EN20,CML434xEN20,6.9,129.375,138,0.1493511676701332,2.469459820576446,0.3688167077175698,19,3024,2454,143,2.43,52.39,350.784,2026-09-16,2026-09-15,2026-07-04
741,MANIQUENIQ,50,Optimal,III,4,CML435,EN17,CML435xEN17,7.1,133.125,142,0.15330804127022363,2.1788052373158755,0.33402836324220164,18,2974,2384,163,2.69,61.1,398.544,2026-09-18,2026-09-15,2026-07-04
742,MANIQUENIQ,50,Optimal,III,41,CML530,EN32,CML530xEN32,6.8,127.5,136,0.1222511574074074,3.0177514792899407,0.3689236111111111,13,2170,1664,178,2.52,42.25,345.6,2026-09-18,2026-09-16,2026-07-04
743,MANIQUENIQ,50,Optimal,III,33,CML439,EN31,CML439xEN31,7.5,140.625,150,0.10703347877160596,3.44500244977952,0.3687305965766069,17,2860,2384,167,2.64,40.82,381.376,2026-09-15,2026-09-14,2026-07-04
744,MANIQUENIQ,50,Optimal,III,43,CML364,EN64,CML364xEN64,5.5,103.125,110,0.10428066859019004,3.0746869409660107,0.32063040990946173,18,2282,1848,154,2.67,33.54,321.632,2026-09-14,2026-09-11,2026-07-04
745,MANIQUENIQ,50,Optimal,III,1,CML364,EN17,CML364xEN17,5.6,105,112,0.15240860472541506,1.718494271685761,0.2619133141762452,23,2922,2408,177,2.75,61.1,400.896,2026-09-15,2026-09-14,2026-07-04
746,MANIQUENIQ,50,Optimal,III,17,CML434,EN21,CML434xEN21,7.2,135,144,0.06710789427925577,5.465587044534413,0.36678403755868544,13,2186,1750,168,2.58,24.7,368.064,2026-09-12,2026-09-10,2026-07-04
747,MANIQUENIQ,50,Optimal,III,46,CML435,EN64,CML435xEN64,3.7,69.375,74,0.2118764172335601,1.2890189520624302,0.2731127173091459,18,2244,1252,174,2.72,53.82,254.016,2026-09-12,2026-09-10,2026-07-04
748,MANIQUENIQ,50,Optimal,III,8,CML364,EN20,CML364xEN20,7.4,138.75,148,0.12258899808343188,2.8846153846153846,0.3536221098560535,26,4338,3606,168,2.65,48.1,392.368,2026-09-21,2026-09-19,2026-07-04
749,MANIQUENIQ,50,Optimal,III,31,CML434,EN31,CML434xEN31,6.8,127.5,136,0.09980476297004331,3.2475802343352016,0.3241239755140225,19,3164,2422,207,2.85,39.26,393.368,2026-09-10,2026-09-07,2026-07-04
750,MANIQUENIQ,50,Optimal,III,23,CML366,EN25,CML366xEN25,6.3,118.125,126,0.17580832838185778,2.0792994191163525,0.3655581550802139,16,2190,1884,186,2.55,56.81,323.136,2026-09-19,2026-09-17,2026-07-04
